value,dset_name,band,model,loss,lr,epoch,exp_id,pretrained,batch_size,metric,thres,date,ID
0.0,plants_ny_2017,9,rf,nan,nan,nan,rf,nan,nan,precision_score,0.5,2026-05-26,4424113412
0.0,plants_ny_2017,9,rf,nan,nan,nan,rf,nan,nan,precision_score,0.5,2026-05-26,3955128906
0.0,plants_ny_2017,9,rf,nan,nan,nan,rf,nan,nan,precision_score,0.5,2026-05-26,3959913523
0.0,plants_ny_2017,9,rf,nan,nan,nan,rf,nan,nan,precision_score,0.5,2026-05-26,5109426762
0.0,plants_ny_2017,9,rf,nan,nan,nan,rf,nan,nan,precision_score,0.5,2026-05-26,2429283484
0.0,plants_ny_2017,9,rf,nan,nan,nan,rf,nan,nan,precision_score,0.5,2026-05-26,3416206149
0.0,plants_ny_2017,9,rf,nan,nan,nan,rf,nan,nan,precision_score,0.5,2026-05-26,3953364878
0.0,plants_ny_2017,9,rf,nan,nan,nan,rf,nan,nan,precision_score,0.5,2026-05-26,2429284126
0.0,plants_ny_2017,9,rf,nan,nan,nan,rf,nan,nan,precision_score,0.5,2026-05-26,4424374460
0.0,plants_ny_2017,9,rf,nan,nan,nan,rf,nan,nan,precision_score,0.5,2026-05-26,4424120502
0.0,plants_ny_2017,9,rf,nan,nan,nan,rf,nan,nan,precision_score,0.5,2026-05-26,4424391448
0.0,plants_ny_2017,9,rf,nan,nan,nan,rf,nan,nan,precision_score,0.5,2026-05-26,3456564241
0.0,plants_ny_2017,9,rf,nan,nan,nan,rf,nan,nan,precision_score,0.5,2026-05-26,3959322440
0.0,plants_ny_2017,9,rf,nan,nan,nan,rf,nan,nan,precision_score,0.5,2026-05-26,4424135402
0.0,plants_ny_2017,9,rf,nan,nan,nan,rf,nan,nan,precision_score,0.5,2026-05-26,2013733486
0.0,plants_ny_2017,9,rf,nan,nan,nan,rf,nan,nan,precision_score,0.5,2026-05-26,4424605507
0.0,plants_ny_2017,9,rf,nan,nan,nan,rf,nan,nan,precision_score,0.5,2026-05-26,4018530386
0.0,plants_ny_2017,9,rf,nan,nan,nan,rf,nan,nan,precision_score,0.5,2026-05-26,4424113413
0.0,plants_ny_2017,9,rf,nan,nan,nan,rf,nan,nan,precision_score,0.5,2026-05-26,3997987418
0.0,plants_ny_2017,9,rf,nan,nan,nan,rf,nan,nan,precision_score,0.5,2026-05-26,3998672137
0.0,plants_ny_2017,9,rf,nan,nan,nan,rf,nan,nan,precision_score,0.5,2026-05-26,3955504393
0.0,plants_ny_2017,9,rf,nan,nan,nan,rf,nan,nan,precision_score,0.5,2026-05-26,3957789933
0.0,plants_ny_2017,9,rf,nan,nan,nan,rf,nan,nan,precision_score,0.5,2026-05-26,4987612835
0.0,plants_ny_2017,9,rf,nan,nan,nan,rf,nan,nan,precision_score,0.5,2026-05-26,3958387602
0.0,plants_ny_2017,9,rf,nan,nan,nan,rf,nan,nan,precision_score,0.5,2026-05-26,3314500624
0.0,plants_ny_2017,9,rf,nan,nan,nan,rf,nan,nan,precision_score,0.5,2026-05-26,3455785580
0.0,plants_ny_2017,9,rf,nan,nan,nan,rf,nan,nan,precision_score,0.5,2026-05-26,4145625387
0.0,plants_ny_2017,9,rf,nan,nan,nan,rf,nan,nan,precision_score,0.5,2026-05-26,2999200920
0.0,plants_ny_2017,9,rf,nan,nan,nan,rf,nan,nan,precision_score,0.5,2026-05-26,2573966183
0.0,plants_ny_2017,9,rf,nan,nan,nan,rf,nan,nan,precision_score,0.5,2026-05-26,4921691790
0.0,plants_ny_2017,9,rf,nan,nan,nan,rf,nan,nan,precision_score,0.5,2026-05-26,3860179004
0.0,plants_ny_2017,9,rf,nan,nan,nan,rf,nan,nan,precision_score,0.5,2026-05-26,2999195348
0.0,plants_ny_2017,9,rf,nan,nan,nan,rf,nan,nan,precision_score,0.5,2026-05-26,2976236779
0.0,plants_ny_2017,9,rf,nan,nan,nan,rf,nan,nan,precision_score,0.5,2026-05-26,3954826030
0.0,plants_ny_2017,9,rf,nan,nan,nan,rf,nan,nan,precision_score,0.5,2026-05-26,3998433925
0.0,plants_ny_2017,9,rf,nan,nan,nan,rf,nan,nan,precision_score,0.5,2026-05-26,5830460027
0.0,plants_ny_2017,9,rf,nan,nan,nan,rf,nan,nan,precision_score,0.5,2026-05-26,3416175423
0.0,plants_ny_2017,9,rf,nan,nan,nan,rf,nan,nan,precision_score,0.5,2026-05-26,4028657383
0.0,plants_ny_2017,9,rf,nan,nan,nan,rf,nan,nan,precision_score,0.5,2026-05-26,3953927268
0.0,plants_ny_2017,9,rf,nan,nan,nan,rf,nan,nan,precision_score,0.5,2026-05-26,3958077159
0.0,plants_ny_2017,9,rf,nan,nan,nan,rf,nan,nan,precision_score,0.5,2026-05-26,3325693565
0.0,plants_ny_2017,9,rf,nan,nan,nan,rf,nan,nan,precision_score,0.5,2026-05-26,4525055377
0.0,plants_ny_2017,9,rf,nan,nan,nan,rf,nan,nan,precision_score,0.5,2026-05-26,2540740425
0.0,plants_ny_2017,9,rf,nan,nan,nan,rf,nan,nan,precision_score,0.5,2026-05-26,3456228231
0.0,plants_ny_2017,9,rf,nan,nan,nan,rf,nan,nan,precision_score,0.5,2026-05-26,2975051194
0.0,plants_ny_2017,9,rf,nan,nan,nan,rf,nan,nan,precision_score,0.5,2026-05-26,4516188797
0.0,plants_ny_2017,9,rf,nan,nan,nan,rf,nan,nan,precision_score,0.5,2026-05-26,5109326269
0.0,plants_ny_2017,9,rf,nan,nan,nan,rf,nan,nan,precision_score,0.5,2026-05-26,5086863449
0.0,plants_ny_2017,9,rf,nan,nan,nan,rf,nan,nan,precision_score,0.5,2026-05-26,3952686877
0.0,plants_ny_2017,9,rf,nan,nan,nan,rf,nan,nan,precision_score,0.5,2026-05-26,3759129757
0.0,plants_ny_2017,9,rf,nan,nan,nan,rf,nan,nan,precision_score,0.5,2026-05-26,1802618975
0.0,plants_ny_2017,9,rf,nan,nan,nan,rf,nan,nan,precision_score,0.5,2026-05-26,5892788878
0.0,plants_ny_2017,9,rf,nan,nan,nan,rf,nan,nan,precision_score,0.5,2026-05-26,3955278315
0.0,plants_ny_2017,9,rf,nan,nan,nan,rf,nan,nan,precision_score,0.5,2026-05-26,2013733637
0.0,plants_ny_2017,9,rf,nan,nan,nan,rf,nan,nan,precision_score,0.5,2026-05-26,4465367373
0.0,plants_ny_2017,9,rf,nan,nan,nan,rf,nan,nan,precision_score,0.5,2026-05-26,2429283793
0.0,plants_ny_2017,9,rf,nan,nan,nan,rf,nan,nan,precision_score,0.5,2026-05-26,4028774430
0.0,plants_ny_2017,9,rf,nan,nan,nan,rf,nan,nan,precision_score,0.5,2026-05-26,3998408350
0.0,plants_ny_2017,9,rf,nan,nan,nan,rf,nan,nan,precision_score,0.5,2026-05-26,3953902960
0.0,plants_ny_2017,9,rf,nan,nan,nan,rf,nan,nan,precision_score,0.5,2026-05-26,5109353857
0.0,plants_ny_2017,9,rf,nan,nan,nan,rf,nan,nan,precision_score,0.5,2026-05-26,3952644408
0.0,plants_ny_2017,9,rf,nan,nan,nan,rf,nan,nan,precision_score,0.5,2026-05-26,2901802355
0.0,plants_ny_2017,9,rf,nan,nan,nan,rf,nan,nan,precision_score,0.5,2026-05-26,5109431615
0.0,plants_ny_2017,9,rf,nan,nan,nan,rf,nan,nan,precision_score,0.5,2026-05-26,5109239558
0.0,plants_ny_2017,9,rf,nan,nan,nan,rf,nan,nan,precision_score,0.5,2026-05-26,3960052730
0.0,plants_ny_2017,9,rf,nan,nan,nan,rf,nan,nan,precision_score,0.5,2026-05-26,2422893441
0.0,plants_ny_2017,9,rf,nan,nan,nan,rf,nan,nan,precision_score,0.5,2026-05-26,3902235166
0.0,plants_ny_2017,9,rf,nan,nan,nan,rf,nan,nan,precision_score,0.5,2026-05-26,1671726164
0.0,plants_ny_2017,9,rf,nan,nan,nan,rf,nan,nan,precision_score,0.5,2026-05-26,3915600812
0.0,plants_ny_2017,9,rf,nan,nan,nan,rf,nan,nan,precision_score,0.5,2026-05-26,4413486515
0.0,plants_ny_2017,9,rf,nan,nan,nan,rf,nan,nan,precision_score,0.5,2026-05-26,3956373648
0.0,plants_ny_2017,9,rf,nan,nan,nan,rf,nan,nan,precision_score,0.5,2026-05-26,3773159046
0.0,plants_ny_2017,9,rf,nan,nan,nan,rf,nan,nan,precision_score,0.5,2026-05-26,2350319834
0.0,plants_ny_2017,9,rf,nan,nan,nan,rf,nan,nan,precision_score,0.5,2026-05-26,3957171399
0.0,plants_ny_2017,9,rf,nan,nan,nan,rf,nan,nan,precision_score,0.5,2026-05-26,2294434324
0.0,plants_ny_2017,9,rf,nan,nan,nan,rf,nan,nan,precision_score,0.5,2026-05-26,1847640020
0.0,plants_ny_2017,9,rf,nan,nan,nan,rf,nan,nan,precision_score,0.5,2026-05-26,4522460301
0.0,plants_ny_2017,9,rf,nan,nan,nan,rf,nan,nan,precision_score,0.5,2026-05-26,3998411801
0.0,plants_ny_2017,9,rf,nan,nan,nan,rf,nan,nan,precision_score,0.5,2026-05-26,2013733665
0.0,plants_ny_2017,9,rf,nan,nan,nan,rf,nan,nan,precision_score,0.5,2026-05-26,3954217989
0.0,plants_ny_2017,9,rf,nan,nan,nan,rf,nan,nan,precision_score,0.5,2026-05-26,3986084565
0.0,plants_ny_2017,9,rf,nan,nan,nan,rf,nan,nan,precision_score,0.5,2026-05-26,3327904333
0.0,plants_ny_2017,9,rf,nan,nan,nan,rf,nan,nan,precision_score,0.5,2026-05-26,4011660624
0.0,plants_ny_2017,9,rf,nan,nan,nan,rf,nan,nan,precision_score,0.5,2026-05-26,3772616467
0.0,plants_ny_2017,9,rf,nan,nan,nan,rf,nan,nan,precision_score,0.5,2026-05-26,3985874012
0.0,plants_ny_2017,9,rf,nan,nan,nan,rf,nan,nan,precision_score,0.5,2026-05-26,3325601387
0.0,plants_ny_2017,9,rf,nan,nan,nan,rf,nan,nan,precision_score,0.5,2026-05-26,3985764571
0.0,plants_ny_2017,9,rf,nan,nan,nan,rf,nan,nan,precision_score,0.5,2026-05-26,3958065080
0.0,plants_ny_2017,9,rf,nan,nan,nan,rf,nan,nan,precision_score,0.5,2026-05-26,3772525282
0.0,plants_ny_2017,9,rf,nan,nan,nan,rf,nan,nan,precision_score,0.5,2026-05-26,3337375634
0.0,plants_ny_2017,9,rf,nan,nan,nan,rf,nan,nan,precision_score,0.5,2026-05-26,3986138576
0.0,plants_ny_2017,9,rf,nan,nan,nan,rf,nan,nan,precision_score,0.5,2026-05-26,3456913421
0.0,plants_ny_2017,9,rf,nan,nan,nan,rf,nan,nan,precision_score,0.5,2026-05-26,3773396453
0.0,plants_ny_2017,9,rf,nan,nan,nan,rf,nan,nan,precision_score,0.5,2026-05-26,3456713780
0.0,plants_ny_2017,9,rf,nan,nan,nan,rf,nan,nan,precision_score,0.5,2026-05-26,3773441474
0.0,plants_ny_2017,9,rf,nan,nan,nan,rf,nan,nan,precision_score,0.5,2026-05-26,5076750412
0.0,plants_ny_2017,9,rf,nan,nan,nan,rf,nan,nan,precision_score,0.5,2026-05-26,3985945802
0.0,plants_ny_2017,9,rf,nan,nan,nan,rf,nan,nan,precision_score,0.5,2026-05-26,3325610427
0.0,plants_ny_2017,9,rf,nan,nan,nan,rf,nan,nan,precision_score,0.5,2026-05-26,3957894498
0.0,plants_ny_2017,9,rf,nan,nan,nan,rf,nan,nan,precision_score,0.5,2026-05-26,3985623602
0.0,plants_ny_2017,9,rf,nan,nan,nan,rf,nan,nan,precision_score,0.5,2026-05-26,3952051566
0.0,plants_ny_2017,9,rf,nan,nan,nan,rf,nan,nan,precision_score,0.5,2026-05-26,3985778586
0.0,plants_ny_2017,9,rf,nan,nan,nan,rf,nan,nan,precision_score,0.5,2026-05-26,4015204496
0.0,plants_ny_2017,9,rf,nan,nan,nan,rf,nan,nan,precision_score,0.5,2026-05-26,3985916840
0.0,plants_ny_2017,9,rf,nan,nan,nan,rf,nan,nan,precision_score,0.5,2026-05-26,3398669664
0.0,plants_ny_2017,9,rf,nan,nan,nan,rf,nan,nan,precision_score,0.5,2026-05-26,3455478192
0.0,plants_ny_2017,9,rf,nan,nan,nan,rf,nan,nan,precision_score,0.5,2026-05-26,3455574670
0.0,plants_ny_2017,9,rf,nan,nan,nan,rf,nan,nan,precision_score,0.5,2026-05-26,3985795743
0.0,plants_ny_2017,9,rf,nan,nan,nan,rf,nan,nan,precision_score,0.5,2026-05-26,3985800569
0.0,plants_ny_2017,9,rf,nan,nan,nan,rf,nan,nan,precision_score,0.5,2026-05-26,3773577328
0.0,plants_ny_2017,9,rf,nan,nan,nan,rf,nan,nan,precision_score,0.5,2026-05-26,3985681560
0.0,plants_ny_2017,9,rf,nan,nan,nan,rf,nan,nan,precision_score,0.5,2026-05-26,3456981405
0.0,plants_ny_2017,9,rf,nan,nan,nan,rf,nan,nan,precision_score,0.5,2026-05-26,3858868583
0.0,plants_ny_2017,9,rf,nan,nan,nan,rf,nan,nan,precision_score,0.5,2026-05-26,3743111581
0.0,plants_ny_2017,9,rf,nan,nan,nan,rf,nan,nan,precision_score,0.5,2026-05-26,3743278359
0.0,plants_ny_2017,9,rf,nan,nan,nan,rf,nan,nan,precision_score,0.5,2026-05-26,3772562883
0.0,plants_ny_2017,9,rf,nan,nan,nan,rf,nan,nan,precision_score,0.5,2026-05-26,3986177584
0.0,plants_ny_2017,9,rf,nan,nan,nan,rf,nan,nan,precision_score,0.5,2026-05-26,3772949928
0.0,plants_ny_2017,9,rf,nan,nan,nan,rf,nan,nan,precision_score,0.5,2026-05-26,3954503960
0.0,plants_ny_2017,9,rf,nan,nan,nan,rf,nan,nan,precision_score,0.5,2026-05-26,3039145589
0.0,plants_ny_2017,9,rf,nan,nan,nan,rf,nan,nan,precision_score,0.5,2026-05-26,3888851539
0.0,plants_ny_2017,9,rf,nan,nan,nan,rf,nan,nan,precision_score,0.5,2026-05-26,3314173155
0.0,plants_ny_2017,9,rf,nan,nan,nan,rf,nan,nan,precision_score,0.5,2026-05-26,3988564229
0.0,plants_ny_2017,9,rf,nan,nan,nan,rf,nan,nan,precision_score,0.5,2026-05-26,3325612363
0.0,plants_ny_2017,9,rf,nan,nan,nan,rf,nan,nan,precision_score,0.5,2026-05-26,1880615451
0.0,plants_ny_2017,9,rf,nan,nan,nan,rf,nan,nan,precision_score,0.5,2026-05-26,3859882755
0.0,plants_ny_2017,9,rf,nan,nan,nan,rf,nan,nan,precision_score,0.5,2026-05-26,3773526004
0.0,plants_ny_2017,9,rf,nan,nan,nan,rf,nan,nan,precision_score,0.5,2026-05-26,3355769601
0.0,plants_ny_2017,9,rf,nan,nan,nan,rf,nan,nan,precision_score,0.5,2026-05-26,3705811332
0.0,plants_ny_2017,9,rf,nan,nan,nan,rf,nan,nan,precision_score,0.5,2026-05-26,3772492729
0.0,plants_ny_2017,9,rf,nan,nan,nan,rf,nan,nan,precision_score,0.5,2026-05-26,5167559395
0.0,plants_ny_2017,9,rf,nan,nan,nan,rf,nan,nan,precision_score,0.5,2026-05-26,3455760533
0.0,plants_ny_2017,9,rf,nan,nan,nan,rf,nan,nan,precision_score,0.5,2026-05-26,4465600668
0.0,plants_ny_2017,9,rf,nan,nan,nan,rf,nan,nan,precision_score,0.5,2026-05-26,5076778543
0.0,plants_ny_2017,9,rf,nan,nan,nan,rf,nan,nan,precision_score,0.5,2026-05-26,5104246478
0.0,plants_ny_2017,9,rf,nan,nan,nan,rf,nan,nan,precision_score,0.5,2026-05-26,3499505516
0.0,plants_ny_2017,9,rf,nan,nan,nan,rf,nan,nan,precision_score,0.5,2026-05-26,3888893187
0.0,plants_ny_2017,9,rf,nan,nan,nan,rf,nan,nan,precision_score,0.5,2026-05-26,2984428559
0.0,plants_ny_2017,9,rf,nan,nan,nan,rf,nan,nan,precision_score,0.5,2026-05-26,5076776611
0.0,plants_ny_2017,9,rf,nan,nan,nan,rf,nan,nan,precision_score,0.5,2026-05-26,3321120230
0.0,plants_ny_2017,9,rf,nan,nan,nan,rf,nan,nan,precision_score,0.5,2026-05-26,3321041447
0.0,plants_ny_2017,9,rf,nan,nan,nan,rf,nan,nan,precision_score,0.5,2026-05-26,3889069305
0.0,plants_ny_2017,9,rf,nan,nan,nan,rf,nan,nan,precision_score,0.5,2026-05-26,4522483509
0.0,plants_ny_2017,9,rf,nan,nan,nan,rf,nan,nan,precision_score,0.5,2026-05-26,3468773467
0.0,plants_ny_2017,9,rf,nan,nan,nan,rf,nan,nan,precision_score,0.5,2026-05-26,3888840364
0.0,plants_ny_2017,9,rf,nan,nan,nan,rf,nan,nan,precision_score,0.5,2026-05-26,3321050414
0.0,plants_ny_2017,9,rf,nan,nan,nan,rf,nan,nan,precision_score,0.5,2026-05-26,4028656441
0.0,plants_ny_2017,9,rf,nan,nan,nan,rf,nan,nan,precision_score,0.5,2026-05-26,3963225383
0.0,plants_ny_2017,9,rf,nan,nan,nan,rf,nan,nan,precision_score,0.5,2026-05-26,3320983434
0.0,plants_ny_2017,9,rf,nan,nan,nan,rf,nan,nan,precision_score,0.5,2026-05-26,3888716270
0.0,plants_ny_2017,9,rf,nan,nan,nan,rf,nan,nan,precision_score,0.5,2026-05-26,3889195356
0.0,plants_ny_2017,9,rf,nan,nan,nan,rf,nan,nan,precision_score,0.5,2026-05-26,4510020681
0.0,plants_ny_2017,9,rf,nan,nan,nan,rf,nan,nan,precision_score,0.5,2026-05-26,3321245441
0.0,plants_ny_2017,9,rf,nan,nan,nan,rf,nan,nan,precision_score,0.5,2026-05-26,4982309479
0.0,plants_ny_2017,9,rf,nan,nan,nan,rf,nan,nan,precision_score,0.5,2026-05-26,3712438371
0.0,plants_ny_2017,9,rf,nan,nan,nan,rf,nan,nan,precision_score,0.5,2026-05-26,3961007705
0.0,plants_ny_2017,9,rf,nan,nan,nan,rf,nan,nan,precision_score,0.5,2026-05-26,3952264161
0.0,plants_ny_2017,9,rf,nan,nan,nan,rf,nan,nan,precision_score,0.5,2026-05-26,3873378084
0.0,plants_ny_2017,9,rf,nan,nan,nan,rf,nan,nan,precision_score,0.5,2026-05-26,4936806712
0.0,plants_ny_2017,9,rf,nan,nan,nan,rf,nan,nan,precision_score,0.5,2026-05-26,4518942513
0.0,plants_ny_2017,9,rf,nan,nan,nan,rf,nan,nan,precision_score,0.5,2026-05-26,3902077558
0.0,plants_ny_2017,9,rf,nan,nan,nan,rf,nan,nan,precision_score,0.5,2026-05-26,3947479767
0.0,plants_ny_2017,9,rf,nan,nan,nan,rf,nan,nan,precision_score,0.5,2026-05-26,3333246474
0.0,plants_ny_2017,9,rf,nan,nan,nan,rf,nan,nan,precision_score,0.5,2026-05-26,3321246415
0.0,plants_ny_2017,9,rf,nan,nan,nan,rf,nan,nan,precision_score,0.5,2026-05-26,3321163273
0.0,plants_ny_2017,9,rf,nan,nan,nan,rf,nan,nan,precision_score,0.5,2026-05-26,4165583349
0.0,plants_ny_2017,9,rf,nan,nan,nan,rf,nan,nan,precision_score,0.5,2026-05-26,4936488744
0.0,plants_ny_2017,9,rf,nan,nan,nan,rf,nan,nan,precision_score,0.5,2026-05-26,4028779075
0.0,plants_ny_2017,9,rf,nan,nan,nan,rf,nan,nan,precision_score,0.5,2026-05-26,4936704764
0.0,plants_ny_2017,9,rf,nan,nan,nan,rf,nan,nan,precision_score,0.5,2026-05-26,5076768524
0.0,plants_ny_2017,9,rf,nan,nan,nan,rf,nan,nan,precision_score,0.5,2026-05-26,3456780548
0.0,plants_ny_2017,9,rf,nan,nan,nan,rf,nan,nan,precision_score,0.5,2026-05-26,3321241433
0.0,plants_ny_2017,9,rf,nan,nan,nan,rf,nan,nan,precision_score,0.5,2026-05-26,2574146390
0.0,plants_ny_2017,9,rf,nan,nan,nan,rf,nan,nan,precision_score,0.5,2026-05-26,2873855550
0.0,plants_ny_2017,9,rf,nan,nan,nan,rf,nan,nan,precision_score,0.5,2026-05-26,2873774761
0.0,plants_ny_2017,9,rf,nan,nan,nan,rf,nan,nan,precision_score,0.5,2026-05-26,2981003834
0.0,plants_ny_2017,9,rf,nan,nan,nan,rf,nan,nan,precision_score,0.5,2026-05-26,2992837646
0.0,plants_ny_2017,9,rf,nan,nan,nan,rf,nan,nan,precision_score,0.5,2026-05-26,2873801811
0.0,plants_ny_2017,9,rf,nan,nan,nan,rf,nan,nan,precision_score,0.5,2026-05-26,2981093887
0.0,plants_ny_2017,9,rf,nan,nan,nan,rf,nan,nan,precision_score,0.5,2026-05-26,3468935518
0.0,plants_ny_2017,9,rf,nan,nan,nan,rf,nan,nan,precision_score,0.5,2026-05-26,4424438388
0.0,plants_ny_2017,9,rf,nan,nan,nan,rf,nan,nan,precision_score,0.5,2026-05-26,3954511732
0.0,plants_ny_2017,9,rf,nan,nan,nan,rf,nan,nan,precision_score,0.5,2026-05-26,3952117121
0.0,plants_ny_2017,9,rf,nan,nan,nan,rf,nan,nan,precision_score,0.5,2026-05-26,3994256709
0.0,plants_ny_2017,9,rf,nan,nan,nan,rf,nan,nan,precision_score,0.5,2026-05-26,2992675642
0.0,plants_ny_2017,9,rf,nan,nan,nan,rf,nan,nan,precision_score,0.5,2026-05-26,2873773538
0.0,plants_ny_2017,9,rf,nan,nan,nan,rf,nan,nan,precision_score,0.5,2026-05-26,2873893551
0.0,plants_ny_2017,9,rf,nan,nan,nan,rf,nan,nan,precision_score,0.5,2026-05-26,3955326298
0.0,plants_ny_2017,9,rf,nan,nan,nan,rf,nan,nan,precision_score,0.5,2026-05-26,2873934665
0.0,plants_ny_2017,9,rf,nan,nan,nan,rf,nan,nan,precision_score,0.5,2026-05-26,2862537868
0.0,plants_ny_2017,9,rf,nan,nan,nan,rf,nan,nan,precision_score,0.5,2026-05-26,2873873859
0.0,plants_ny_2017,9,rf,nan,nan,nan,rf,nan,nan,precision_score,0.5,2026-05-26,5086914881
0.0,plants_ny_2017,9,rf,nan,nan,nan,rf,nan,nan,precision_score,0.5,2026-05-26,2873860830
0.0,plants_ny_2017,9,rf,nan,nan,nan,rf,nan,nan,precision_score,0.5,2026-05-26,2873751604
0.0,plants_ny_2017,9,rf,nan,nan,nan,rf,nan,nan,precision_score,0.5,2026-05-26,3873100003
0.0,plants_ny_2017,9,rf,nan,nan,nan,rf,nan,nan,precision_score,0.5,2026-05-26,4034792638
0.0,plants_ny_2017,9,rf,nan,nan,nan,rf,nan,nan,precision_score,0.5,2026-05-26,3873057601
0.0,plants_ny_2017,9,rf,nan,nan,nan,rf,nan,nan,precision_score,0.5,2026-05-26,3383873775
0.0,plants_ny_2017,9,rf,nan,nan,nan,rf,nan,nan,precision_score,0.5,2026-05-26,2992704629
0.0,plants_ny_2017,9,rf,nan,nan,nan,rf,nan,nan,precision_score,0.5,2026-05-26,2873885838
0.0,plants_ny_2017,9,rf,nan,nan,nan,rf,nan,nan,precision_score,0.5,2026-05-26,3953359284
0.0,plants_ny_2017,9,rf,nan,nan,nan,rf,nan,nan,precision_score,0.5,2026-05-26,3881787338
0.0,plants_ny_2017,9,rf,nan,nan,nan,rf,nan,nan,precision_score,0.5,2026-05-26,3746998427
0.0,plants_ny_2017,9,rf,nan,nan,nan,rf,nan,nan,precision_score,0.5,2026-05-26,2873763612
0.0,plants_ny_2017,9,rf,nan,nan,nan,rf,nan,nan,precision_score,0.5,2026-05-26,3953020878
0.0,plants_ny_2017,9,rf,nan,nan,nan,rf,nan,nan,precision_score,0.5,2026-05-26,2883041959
0.0,plants_ny_2017,9,rf,nan,nan,nan,rf,nan,nan,precision_score,0.5,2026-05-26,2873963673
0.0,plants_ny_2017,9,rf,nan,nan,nan,rf,nan,nan,precision_score,0.5,2026-05-26,3759778365
0.0,plants_ny_2017,9,rf,nan,nan,nan,rf,nan,nan,precision_score,0.5,2026-05-26,2981086888
0.0,plants_ny_2017,9,rf,nan,nan,nan,rf,nan,nan,precision_score,0.5,2026-05-26,2873767540
0.0,plants_ny_2017,9,rf,nan,nan,nan,rf,nan,nan,precision_score,0.5,2026-05-26,2873845577
0.0,plants_ny_2017,9,rf,nan,nan,nan,rf,nan,nan,precision_score,0.5,2026-05-26,2988299664
0.0,plants_ny_2017,9,rf,nan,nan,nan,rf,nan,nan,precision_score,0.5,2026-05-26,3958233092
0.0,plants_ny_2017,9,rf,nan,nan,nan,rf,nan,nan,precision_score,0.5,2026-05-26,2366085777
0.0,plants_ny_2017,9,rf,nan,nan,nan,rf,nan,nan,precision_score,0.5,2026-05-26,4145608336
0.0,plants_ny_2017,9,rf,nan,nan,nan,rf,nan,nan,precision_score,0.5,2026-05-26,4006752367
0.0,plants_ny_2017,9,rf,nan,nan,nan,rf,nan,nan,precision_score,0.5,2026-05-26,3859183310
0.0,plants_ny_2017,9,rf,nan,nan,nan,rf,nan,nan,precision_score,0.5,2026-05-26,3902890481
0.0,plants_ny_2017,9,rf,nan,nan,nan,rf,nan,nan,precision_score,0.5,2026-05-26,2366085619
0.0,plants_ny_2017,9,rf,nan,nan,nan,rf,nan,nan,precision_score,0.5,2026-05-26,3468773489
0.0,plants_ny_2017,9,rf,nan,nan,nan,rf,nan,nan,precision_score,0.5,2026-05-26,3954518799
0.0,plants_ny_2017,9,rf,nan,nan,nan,rf,nan,nan,precision_score,0.5,2026-05-26,3953159899
0.0,plants_ny_2017,9,rf,nan,nan,nan,rf,nan,nan,precision_score,0.5,2026-05-26,1092892270
0.0,plants_ny_2017,9,rf,nan,nan,nan,rf,nan,nan,precision_score,0.5,2026-05-26,3959650413
0.0,plants_ny_2017,9,rf,nan,nan,nan,rf,nan,nan,precision_score,0.5,2026-05-26,2366111236
0.0,plants_ny_2017,9,rf,nan,nan,nan,rf,nan,nan,precision_score,0.5,2026-05-26,3952191075
0.0,plants_ny_2017,9,rf,nan,nan,nan,rf,nan,nan,precision_score,0.5,2026-05-26,2563458007
0.0,plants_ny_2017,9,rf,nan,nan,nan,rf,nan,nan,precision_score,0.5,2026-05-26,2859891557
0.0,plants_ny_2017,9,rf,nan,nan,nan,rf,nan,nan,precision_score,0.5,2026-05-26,3466030836
0.0,plants_ny_2017,9,rf,nan,nan,nan,rf,nan,nan,precision_score,0.5,2026-05-26,3999033872
0.0,plants_ny_2017,9,rf,nan,nan,nan,rf,nan,nan,precision_score,0.5,2026-05-26,3416068996
0.0,plants_ny_2017,9,rf,nan,nan,nan,rf,nan,nan,precision_score,0.5,2026-05-26,3872899678
0.0,plants_ny_2017,9,rf,nan,nan,nan,rf,nan,nan,precision_score,0.5,2026-05-26,3952506718
0.0,plants_ny_2017,9,rf,nan,nan,nan,rf,nan,nan,precision_score,0.5,2026-05-26,3953818964
0.0,plants_ny_2017,9,rf,nan,nan,nan,rf,nan,nan,precision_score,0.5,2026-05-26,2366112471
0.0,plants_ny_2017,9,rf,nan,nan,nan,rf,nan,nan,precision_score,0.5,2026-05-26,3881433791
0.0,plants_ny_2017,9,rf,nan,nan,nan,rf,nan,nan,precision_score,0.5,2026-05-26,2641345522
0.0,plants_ny_2017,9,rf,nan,nan,nan,rf,nan,nan,precision_score,0.5,2026-05-26,2873814788
0.0,plants_ny_2017,9,rf,nan,nan,nan,rf,nan,nan,precision_score,0.5,2026-05-26,3337681834
0.0,plants_ny_2017,9,rf,nan,nan,nan,rf,nan,nan,precision_score,0.5,2026-05-26,2826245445
0.0,plants_ny_2017,9,rf,nan,nan,nan,rf,nan,nan,precision_score,0.5,2026-05-26,4458609398
0.0,plants_ny_2017,9,rf,nan,nan,nan,rf,nan,nan,precision_score,0.5,2026-05-26,3956275626
0.0,plants_ny_2017,9,rf,nan,nan,nan,rf,nan,nan,precision_score,0.5,2026-05-26,3005175573
0.0,plants_ny_2017,9,rf,nan,nan,nan,rf,nan,nan,precision_score,0.5,2026-05-26,3415820432
0.0,plants_ny_2017,9,rf,nan,nan,nan,rf,nan,nan,precision_score,0.5,2026-05-26,3005123571
0.0,plants_ny_2017,9,rf,nan,nan,nan,rf,nan,nan,precision_score,0.5,2026-05-26,2422951101
0.0,plants_ny_2017,9,rf,nan,nan,nan,rf,nan,nan,precision_score,0.5,2026-05-26,3998162143
0.0,plants_ny_2017,9,rf,nan,nan,nan,rf,nan,nan,precision_score,0.5,2026-05-26,2873800681
0.0,plants_ny_2017,9,rf,nan,nan,nan,rf,nan,nan,precision_score,0.5,2026-05-26,3951671456
0.0,plants_ny_2017,9,rf,nan,nan,nan,rf,nan,nan,precision_score,0.5,2026-05-26,4153812383
0.0,plants_ny_2017,9,rf,nan,nan,nan,rf,nan,nan,precision_score,0.5,2026-05-26,3039326814
0.0,plants_ny_2017,9,rf,nan,nan,nan,rf,nan,nan,precision_score,0.5,2026-05-26,2868308403
0.0,plants_ny_2017,9,rf,nan,nan,nan,rf,nan,nan,precision_score,0.5,2026-05-26,2873743913
0.0,plants_ny_2017,9,rf,nan,nan,nan,rf,nan,nan,precision_score,0.5,2026-05-26,3998927252
0.0,plants_ny_2017,9,rf,nan,nan,nan,rf,nan,nan,precision_score,0.5,2026-05-26,4054766339
0.0,plants_ny_2017,9,rf,nan,nan,nan,rf,nan,nan,precision_score,0.5,2026-05-26,2429237387
0.0,plants_ny_2017,9,rf,nan,nan,nan,rf,nan,nan,precision_score,0.5,2026-05-26,2873716703
0.0,plants_ny_2017,9,rf,nan,nan,nan,rf,nan,nan,precision_score,0.5,2026-05-26,3960258916
0.0,plants_ny_2017,9,rf,nan,nan,nan,rf,nan,nan,precision_score,0.5,2026-05-26,4153932372
0.0,plants_ny_2017,9,rf,nan,nan,nan,rf,nan,nan,precision_score,0.5,2026-05-26,3881461771
0.0,plants_ny_2017,9,rf,nan,nan,nan,rf,nan,nan,precision_score,0.5,2026-05-26,3902680601
0.0,plants_ny_2017,9,rf,nan,nan,nan,rf,nan,nan,precision_score,0.5,2026-05-26,2366101218
0.0,plants_ny_2017,9,rf,nan,nan,nan,rf,nan,nan,precision_score,0.5,2026-05-26,3960273825
0.0,plants_ny_2017,9,rf,nan,nan,nan,rf,nan,nan,precision_score,0.5,2026-05-26,1584399301
0.0,plants_ny_2017,9,rf,nan,nan,nan,rf,nan,nan,precision_score,0.5,2026-05-26,2980784841
0.0,plants_ny_2017,9,rf,nan,nan,nan,rf,nan,nan,precision_score,0.5,2026-05-26,3860427680
0.0,plants_ny_2017,9,rf,nan,nan,nan,rf,nan,nan,precision_score,0.5,2026-05-26,3998839146
0.0,plants_ny_2017,9,rf,nan,nan,nan,rf,nan,nan,precision_score,0.5,2026-05-26,2366064988
0.0,plants_ny_2017,9,rf,nan,nan,nan,rf,nan,nan,precision_score,0.5,2026-05-26,3109272448
0.0,plants_ny_2017,9,rf,nan,nan,nan,rf,nan,nan,precision_score,0.5,2026-05-26,4852424341
0.0,plants_ny_2017,9,rf,nan,nan,nan,rf,nan,nan,precision_score,0.5,2026-05-26,2802743212
0.0,plants_ny_2017,9,rf,nan,nan,nan,rf,nan,nan,precision_score,0.5,2026-05-26,2626148518
0.0,plants_ny_2017,9,rf,nan,nan,nan,rf,nan,nan,precision_score,0.5,2026-05-26,2988331841
0.0,plants_ny_2017,9,rf,nan,nan,nan,rf,nan,nan,precision_score,0.5,2026-05-26,3416033613
0.0,plants_ny_2017,9,rf,nan,nan,nan,rf,nan,nan,precision_score,0.5,2026-05-26,4852022502
0.0,plants_ny_2017,9,rf,nan,nan,nan,rf,nan,nan,precision_score,0.5,2026-05-26,3953208758
0.0,plants_ny_2017,9,rf,nan,nan,nan,rf,nan,nan,precision_score,0.5,2026-05-26,2873806781
0.0,plants_ny_2017,9,rf,nan,nan,nan,rf,nan,nan,precision_score,0.5,2026-05-26,2273325216
0.0,plants_ny_2017,9,rf,nan,nan,nan,rf,nan,nan,precision_score,0.5,2026-05-26,6130451392
0.0,plants_ny_2017,9,rf,nan,nan,nan,rf,nan,nan,precision_score,0.5,2026-05-26,3860417600
0.0,plants_ny_2017,9,rf,nan,nan,nan,rf,nan,nan,precision_score,0.5,2026-05-26,3959886168
0.0,plants_ny_2017,9,rf,nan,nan,nan,rf,nan,nan,precision_score,0.5,2026-05-26,3951437097
0.0,plants_ny_2017,9,rf,nan,nan,nan,rf,nan,nan,precision_score,0.5,2026-05-26,3957996522
0.0,plants_ny_2017,9,rf,nan,nan,nan,rf,nan,nan,precision_score,0.5,2026-05-26,2873789902
0.0,plants_ny_2017,9,rf,nan,nan,nan,rf,nan,nan,precision_score,0.5,2026-05-26,2563472917
0.0,plants_ny_2017,9,rf,nan,nan,nan,rf,nan,nan,precision_score,0.5,2026-05-26,4018301340
0.0,plants_ny_2017,9,rf,nan,nan,nan,rf,nan,nan,precision_score,0.5,2026-05-26,3957131865
0.0,plants_ny_2017,9,rf,nan,nan,nan,rf,nan,nan,precision_score,0.5,2026-05-26,4171381418
0.0,plants_ny_2017,9,rf,nan,nan,nan,rf,nan,nan,precision_score,0.5,2026-05-26,3337455367
0.0,plants_ny_2017,9,rf,nan,nan,nan,rf,nan,nan,precision_score,0.5,2026-05-26,3044609709
0.0,plants_ny_2017,9,rf,nan,nan,nan,rf,nan,nan,precision_score,0.5,2026-05-26,2873953656
0.0,plants_ny_2017,9,rf,nan,nan,nan,rf,nan,nan,precision_score,0.5,2026-05-26,3455462593
0.0,plants_ny_2017,9,rf,nan,nan,nan,rf,nan,nan,precision_score,0.5,2026-05-26,2366087194
0.0,plants_ny_2017,9,rf,nan,nan,nan,rf,nan,nan,precision_score,0.5,2026-05-26,3705527388
0.0,plants_ny_2017,9,rf,nan,nan,nan,rf,nan,nan,precision_score,0.5,2026-05-26,2802703556
0.0,plants_ny_2017,9,rf,nan,nan,nan,rf,nan,nan,precision_score,0.5,2026-05-26,3947191131
0.0,plants_ny_2017,9,rf,nan,nan,nan,rf,nan,nan,precision_score,0.5,2026-05-26,3954160079
0.0,plants_ny_2017,9,rf,nan,nan,nan,rf,nan,nan,precision_score,0.5,2026-05-26,3335165269
0.0,plants_ny_2017,9,rf,nan,nan,nan,rf,nan,nan,precision_score,0.5,2026-05-26,4596756463
0.0,plants_ny_2017,9,rf,nan,nan,nan,rf,nan,nan,precision_score,0.5,2026-05-26,3998223035
0.0,plants_ny_2017,9,rf,nan,nan,nan,rf,nan,nan,precision_score,0.5,2026-05-26,2980796839
0.0,plants_ny_2017,9,rf,nan,nan,nan,rf,nan,nan,precision_score,0.5,2026-05-26,2975827144
0.0,plants_ny_2017,9,rf,nan,nan,nan,rf,nan,nan,precision_score,0.5,2026-05-26,3952306422
0.0,plants_ny_2017,9,rf,nan,nan,nan,rf,nan,nan,precision_score,0.5,2026-05-26,3956342840
0.0,plants_ny_2017,9,rf,nan,nan,nan,rf,nan,nan,precision_score,0.5,2026-05-26,5154213438
0.0,plants_ny_2017,9,rf,nan,nan,nan,rf,nan,nan,precision_score,0.5,2026-05-26,3902969359
0.0,plants_ny_2017,9,rf,nan,nan,nan,rf,nan,nan,precision_score,0.5,2026-05-26,3960214537
0.0,plants_ny_2017,9,rf,nan,nan,nan,rf,nan,nan,precision_score,0.5,2026-05-26,3953725266
0.0,plants_ny_2017,9,rf,nan,nan,nan,rf,nan,nan,precision_score,0.5,2026-05-26,4516606537
0.0,plants_ny_2017,9,rf,nan,nan,nan,rf,nan,nan,precision_score,0.5,2026-05-26,3952087393
0.0,plants_ny_2017,9,rf,nan,nan,nan,rf,nan,nan,precision_score,0.5,2026-05-26,2366112773
0.0,plants_ny_2017,9,rf,nan,nan,nan,rf,nan,nan,precision_score,0.5,2026-05-26,3956169265
0.0,plants_ny_2017,9,rf,nan,nan,nan,rf,nan,nan,precision_score,0.5,2026-05-26,3953433221
0.0,plants_ny_2017,9,rf,nan,nan,nan,rf,nan,nan,precision_score,0.5,2026-05-26,2366111261
0.0,plants_ny_2017,9,rf,nan,nan,nan,rf,nan,nan,precision_score,0.5,2026-05-26,3079821227
0.0,plants_ny_2017,9,rf,nan,nan,nan,rf,nan,nan,precision_score,0.5,2026-05-26,5216647329
0.0,plants_ny_2017,9,rf,nan,nan,nan,rf,nan,nan,precision_score,0.5,2026-05-26,5760689235
0.0,plants_ny_2017,9,rf,nan,nan,nan,rf,nan,nan,precision_score,0.5,2026-05-26,2873847852
0.0,plants_ny_2017,9,rf,nan,nan,nan,rf,nan,nan,precision_score,0.5,2026-05-26,2850743366
0.0,plants_ny_2017,9,rf,nan,nan,nan,rf,nan,nan,precision_score,0.5,2026-05-26,2851281356
0.0,plants_ny_2017,9,rf,nan,nan,nan,rf,nan,nan,precision_score,0.5,2026-05-26,6251859797
0.0,plants_ny_2017,9,rf,nan,nan,nan,rf,nan,nan,precision_score,0.5,2026-05-26,2868251979
0.0,plants_ny_2017,9,rf,nan,nan,nan,rf,nan,nan,precision_score,0.5,2026-05-26,2873802695
0.0,plants_ny_2017,9,rf,nan,nan,nan,rf,nan,nan,precision_score,0.5,2026-05-26,3957314948
0.0,plants_ny_2017,9,rf,nan,nan,nan,rf,nan,nan,precision_score,0.5,2026-05-26,2851293386
0.0,plants_ny_2017,9,rf,nan,nan,nan,rf,nan,nan,precision_score,0.5,2026-05-26,3079789164
0.0,plants_ny_2017,9,rf,nan,nan,nan,rf,nan,nan,precision_score,0.5,2026-05-26,2851197392
0.0,plants_ny_2017,9,rf,nan,nan,nan,rf,nan,nan,precision_score,0.5,2026-05-26,3061567799
0.0,plants_ny_2017,9,rf,nan,nan,nan,rf,nan,nan,precision_score,0.5,2026-05-26,3384342442
0.0,plants_ny_2017,9,rf,nan,nan,nan,rf,nan,nan,precision_score,0.5,2026-05-26,2851294394
0.0,plants_ny_2017,9,rf,nan,nan,nan,rf,nan,nan,precision_score,0.5,2026-05-26,4438870386
0.0,plants_ny_2017,9,rf,nan,nan,nan,rf,nan,nan,precision_score,0.5,2026-05-26,2366111608
0.0,plants_ny_2017,9,rf,nan,nan,nan,rf,nan,nan,precision_score,0.5,2026-05-26,4416636445
0.0,plants_ny_2017,9,rf,nan,nan,nan,rf,nan,nan,precision_score,0.5,2026-05-26,3858259550
0.0,plants_ny_2017,9,rf,nan,nan,nan,rf,nan,nan,precision_score,0.5,2026-05-26,2851292384
0.0,plants_ny_2017,9,rf,nan,nan,nan,rf,nan,nan,precision_score,0.5,2026-05-26,2517992038
0.0,plants_ny_2017,9,rf,nan,nan,nan,rf,nan,nan,precision_score,0.5,2026-05-26,5076712512
0.0,plants_ny_2017,9,rf,nan,nan,nan,rf,nan,nan,precision_score,0.5,2026-05-26,3058692658
0.0,plants_ny_2017,9,rf,nan,nan,nan,rf,nan,nan,precision_score,0.5,2026-05-26,3958883158
0.0,plants_ny_2017,9,rf,nan,nan,nan,rf,nan,nan,precision_score,0.5,2026-05-26,2851246387
0.0,plants_ny_2017,9,rf,nan,nan,nan,rf,nan,nan,precision_score,0.5,2026-05-26,3881701337
0.0,plants_ny_2017,9,rf,nan,nan,nan,rf,nan,nan,precision_score,0.5,2026-05-26,4046728383
0.0,plants_ny_2017,9,rf,nan,nan,nan,rf,nan,nan,precision_score,0.5,2026-05-26,3759085448
0.0,plants_ny_2017,9,rf,nan,nan,nan,rf,nan,nan,precision_score,0.5,2026-05-26,3061702662
0.0,plants_ny_2017,9,rf,nan,nan,nan,rf,nan,nan,precision_score,0.5,2026-05-26,3415567464
0.0,plants_ny_2017,9,rf,nan,nan,nan,rf,nan,nan,precision_score,0.5,2026-05-26,3957185341
0.0,plants_ny_2017,9,rf,nan,nan,nan,rf,nan,nan,precision_score,0.5,2026-05-26,3953127507
0.0,plants_ny_2017,9,rf,nan,nan,nan,rf,nan,nan,precision_score,0.5,2026-05-26,5076723599
0.0,plants_ny_2017,9,rf,nan,nan,nan,rf,nan,nan,precision_score,0.5,2026-05-26,3902061571
0.0,plants_ny_2017,9,rf,nan,nan,nan,rf,nan,nan,precision_score,0.5,2026-05-26,3061514442
0.0,plants_ny_2017,9,rf,nan,nan,nan,rf,nan,nan,precision_score,0.5,2026-05-26,4952480668
0.0,plants_ny_2017,9,rf,nan,nan,nan,rf,nan,nan,precision_score,0.5,2026-05-26,6195380536
0.0,plants_ny_2017,9,rf,nan,nan,nan,rf,nan,nan,precision_score,0.5,2026-05-26,1586949304
0.0,plants_ny_2017,9,rf,nan,nan,nan,rf,nan,nan,precision_score,0.5,2026-05-26,3008446484
0.0,plants_ny_2017,9,rf,nan,nan,nan,rf,nan,nan,precision_score,0.5,2026-05-26,3873476129
0.0,plants_ny_2017,9,rf,nan,nan,nan,rf,nan,nan,precision_score,0.5,2026-05-26,3998223440
0.0,plants_ny_2017,9,rf,nan,nan,nan,rf,nan,nan,precision_score,0.5,2026-05-26,2826543273
0.0,plants_ny_2017,9,rf,nan,nan,nan,rf,nan,nan,precision_score,0.5,2026-05-26,2851140260
0.0,plants_ny_2017,9,rf,nan,nan,nan,rf,nan,nan,precision_score,0.5,2026-05-26,3343931206
0.0,plants_ny_2017,9,rf,nan,nan,nan,rf,nan,nan,precision_score,0.5,2026-05-26,3017993505
0.0,plants_ny_2017,9,rf,nan,nan,nan,rf,nan,nan,precision_score,0.5,2026-05-26,2984569783
0.0,plants_ny_2017,9,rf,nan,nan,nan,rf,nan,nan,precision_score,0.5,2026-05-26,2862345937
0.0,plants_ny_2017,9,rf,nan,nan,nan,rf,nan,nan,precision_score,0.5,2026-05-26,2850913310
0.0,plants_ny_2017,9,rf,nan,nan,nan,rf,nan,nan,precision_score,0.5,2026-05-26,2603417031
0.0,plants_ny_2017,9,rf,nan,nan,nan,rf,nan,nan,precision_score,0.5,2026-05-26,3954435716
0.0,plants_ny_2017,9,rf,nan,nan,nan,rf,nan,nan,precision_score,0.5,2026-05-26,4926029317
0.0,plants_ny_2017,9,rf,nan,nan,nan,rf,nan,nan,precision_score,0.5,2026-05-26,2851129274
0.0,plants_ny_2017,9,rf,nan,nan,nan,rf,nan,nan,precision_score,0.5,2026-05-26,3320968431
0.0,plants_ny_2017,9,rf,nan,nan,nan,rf,nan,nan,precision_score,0.5,2026-05-26,4009846419
0.0,plants_ny_2017,9,rf,nan,nan,nan,rf,nan,nan,precision_score,0.5,2026-05-26,3113334925
0.0,plants_ny_2017,9,rf,nan,nan,nan,rf,nan,nan,precision_score,0.5,2026-05-26,3954294496
0.0,plants_ny_2017,9,rf,nan,nan,nan,rf,nan,nan,precision_score,0.5,2026-05-26,3044585607
0.0,plants_ny_2017,9,rf,nan,nan,nan,rf,nan,nan,precision_score,0.5,2026-05-26,3956834027
0.0,plants_ny_2017,9,rf,nan,nan,nan,rf,nan,nan,precision_score,0.5,2026-05-26,3760290653
0.0,plants_ny_2017,9,rf,nan,nan,nan,rf,nan,nan,precision_score,0.5,2026-05-26,4075755400
0.0,plants_ny_2017,9,rf,nan,nan,nan,rf,nan,nan,precision_score,0.5,2026-05-26,3953312293
0.0,plants_ny_2017,9,rf,nan,nan,nan,rf,nan,nan,precision_score,0.5,2026-05-26,1640046247
0.0,plants_ny_2017,9,rf,nan,nan,nan,rf,nan,nan,precision_score,0.5,2026-05-26,5006794444
0.0,plants_ny_2017,9,rf,nan,nan,nan,rf,nan,nan,precision_score,0.5,2026-05-26,3872962179
0.0,plants_ny_2017,9,rf,nan,nan,nan,rf,nan,nan,precision_score,0.5,2026-05-26,5932759594
0.0,plants_ny_2017,9,rf,nan,nan,nan,rf,nan,nan,precision_score,0.5,2026-05-26,4120898985
0.0,plants_ny_2017,9,rf,nan,nan,nan,rf,nan,nan,precision_score,0.5,2026-05-26,4528222487
0.0,plants_ny_2017,9,rf,nan,nan,nan,rf,nan,nan,precision_score,0.5,2026-05-26,3330531483
0.0,plants_ny_2017,9,rf,nan,nan,nan,rf,nan,nan,precision_score,0.5,2026-05-26,4120850445
0.0,plants_ny_2017,9,rf,nan,nan,nan,rf,nan,nan,precision_score,0.5,2026-05-26,3384859542
0.0,plants_ny_2017,9,rf,nan,nan,nan,rf,nan,nan,precision_score,0.5,2026-05-26,3957222005
0.0,plants_ny_2017,9,rf,nan,nan,nan,rf,nan,nan,precision_score,0.5,2026-05-26,4524920683
0.0,plants_ny_2017,9,rf,nan,nan,nan,rf,nan,nan,precision_score,0.5,2026-05-26,2850644162
0.0,plants_ny_2017,9,rf,nan,nan,nan,rf,nan,nan,precision_score,0.5,2026-05-26,3953571592
0.0,plants_ny_2017,9,rf,nan,nan,nan,rf,nan,nan,precision_score,0.5,2026-05-26,4145649611
0.0,plants_ny_2017,9,rf,nan,nan,nan,rf,nan,nan,precision_score,0.5,2026-05-26,3949008632
0.0,plants_ny_2017,9,rf,nan,nan,nan,rf,nan,nan,precision_score,0.5,2026-05-26,3998875473
0.0,plants_ny_2017,9,rf,nan,nan,nan,rf,nan,nan,precision_score,0.5,2026-05-26,3018122442
0.0,plants_ny_2017,9,rf,nan,nan,nan,rf,nan,nan,precision_score,0.5,2026-05-26,3986190569
0.0,plants_ny_2017,9,rf,nan,nan,nan,rf,nan,nan,precision_score,0.5,2026-05-26,4046413372
0.0,plants_ny_2017,9,rf,nan,nan,nan,rf,nan,nan,precision_score,0.5,2026-05-26,4507843383
0.0,plants_ny_2017,9,rf,nan,nan,nan,rf,nan,nan,precision_score,0.5,2026-05-26,3881596374
0.0,plants_ny_2017,9,rf,nan,nan,nan,rf,nan,nan,precision_score,0.5,2026-05-26,4527946494
0.0,plants_ny_2017,9,rf,nan,nan,nan,rf,nan,nan,precision_score,0.5,2026-05-26,3455578607
0.0,plants_ny_2017,9,rf,nan,nan,nan,rf,nan,nan,precision_score,0.5,2026-05-26,4046753575
0.0,plants_ny_2017,9,rf,nan,nan,nan,rf,nan,nan,precision_score,0.5,2026-05-26,2873957772
0.0,plants_ny_2017,9,rf,nan,nan,nan,rf,nan,nan,precision_score,0.5,2026-05-26,3956366859
0.0,plants_ny_2017,9,rf,nan,nan,nan,rf,nan,nan,precision_score,0.5,2026-05-26,5109136090
0.0,plants_ny_2017,9,rf,nan,nan,nan,rf,nan,nan,precision_score,0.5,2026-05-26,3873633212
0.0,plants_ny_2017,9,rf,nan,nan,nan,rf,nan,nan,precision_score,0.5,2026-05-26,3948999565
0.0,plants_ny_2017,9,rf,nan,nan,nan,rf,nan,nan,precision_score,0.5,2026-05-26,2851191235
0.0,plants_ny_2017,9,rf,nan,nan,nan,rf,nan,nan,precision_score,0.5,2026-05-26,2802724611
0.0,plants_ny_2017,9,rf,nan,nan,nan,rf,nan,nan,precision_score,0.5,2026-05-26,3985692390
0.0,plants_ny_2017,9,rf,nan,nan,nan,rf,nan,nan,precision_score,0.5,2026-05-26,2851057234
0.0,plants_ny_2017,9,rf,nan,nan,nan,rf,nan,nan,precision_score,0.5,2026-05-26,3118466378
0.0,plants_ny_2017,9,rf,nan,nan,nan,rf,nan,nan,precision_score,0.5,2026-05-26,3949499564
0.0,plants_ny_2017,9,rf,nan,nan,nan,rf,nan,nan,precision_score,0.5,2026-05-26,3881743494
0.0,plants_ny_2017,9,rf,nan,nan,nan,rf,nan,nan,precision_score,0.5,2026-05-26,2873953948
0.0,plants_ny_2017,9,rf,nan,nan,nan,rf,nan,nan,precision_score,0.5,2026-05-26,2984561404
0.0,plants_ny_2017,9,rf,nan,nan,nan,rf,nan,nan,precision_score,0.5,2026-05-26,4980699019
0.0,plants_ny_2017,9,rf,nan,nan,nan,rf,nan,nan,precision_score,0.5,2026-05-26,3958674828
0.0,plants_ny_2017,9,rf,nan,nan,nan,rf,nan,nan,precision_score,0.5,2026-05-26,3952386225
0.0,plants_ny_2017,9,rf,nan,nan,nan,rf,nan,nan,precision_score,0.5,2026-05-26,5109129559
0.0,plants_ny_2017,9,rf,nan,nan,nan,rf,nan,nan,precision_score,0.5,2026-05-26,2850658233
0.0,plants_ny_2017,9,rf,nan,nan,nan,rf,nan,nan,precision_score,0.5,2026-05-26,3881359466
0.0,plants_ny_2017,9,rf,nan,nan,nan,rf,nan,nan,precision_score,0.5,2026-05-26,3956722689
0.0,plants_ny_2017,9,rf,nan,nan,nan,rf,nan,nan,precision_score,0.5,2026-05-26,3954746654
0.0,plants_ny_2017,9,rf,nan,nan,nan,rf,nan,nan,precision_score,0.5,2026-05-26,3988850381
0.0,plants_ny_2017,9,rf,nan,nan,nan,rf,nan,nan,precision_score,0.5,2026-05-26,3124869844
0.0,plants_ny_2017,9,rf,nan,nan,nan,rf,nan,nan,precision_score,0.5,2026-05-26,3415812386
0.0,plants_ny_2017,9,rf,nan,nan,nan,rf,nan,nan,precision_score,0.5,2026-05-26,3915312328
0.0,plants_ny_2017,9,rf,nan,nan,nan,rf,nan,nan,precision_score,0.5,2026-05-26,2802667507
0.0,plants_ny_2017,9,rf,nan,nan,nan,rf,nan,nan,precision_score,0.5,2026-05-26,2992697099
0.0,plants_ny_2017,9,rf,nan,nan,nan,rf,nan,nan,precision_score,0.5,2026-05-26,3953163643
0.0,plants_ny_2017,9,rf,nan,nan,nan,rf,nan,nan,precision_score,0.5,2026-05-26,2366111803
0.0,plants_ny_2017,9,rf,nan,nan,nan,rf,nan,nan,precision_score,0.5,2026-05-26,2850704240
0.0,plants_ny_2017,9,rf,nan,nan,nan,rf,nan,nan,precision_score,0.5,2026-05-26,2862566022
0.0,plants_ny_2017,9,rf,nan,nan,nan,rf,nan,nan,precision_score,0.5,2026-05-26,2802671703
0.0,plants_ny_2017,9,rf,nan,nan,nan,rf,nan,nan,precision_score,0.5,2026-05-26,3985741389
0.0,plants_ny_2017,9,rf,nan,nan,nan,rf,nan,nan,precision_score,0.5,2026-05-26,3302022672
0.0,plants_ny_2017,9,rf,nan,nan,nan,rf,nan,nan,precision_score,0.5,2026-05-26,3338030512
0.0,plants_ny_2017,9,rf,nan,nan,nan,rf,nan,nan,precision_score,0.5,2026-05-26,2862557509
0.0,plants_ny_2017,9,rf,nan,nan,nan,rf,nan,nan,precision_score,0.5,2026-05-26,4919660513
0.0,plants_ny_2017,9,rf,nan,nan,nan,rf,nan,nan,precision_score,0.5,2026-05-26,1586949329
0.0,plants_ny_2017,9,rf,nan,nan,nan,rf,nan,nan,precision_score,0.5,2026-05-26,2999188196
0.0,plants_ny_2017,9,rf,nan,nan,nan,rf,nan,nan,precision_score,0.5,2026-05-26,3384644194
0.0,plants_ny_2017,9,rf,nan,nan,nan,rf,nan,nan,precision_score,0.5,2026-05-26,2873748813
0.0,plants_ny_2017,9,rf,nan,nan,nan,rf,nan,nan,precision_score,0.5,2026-05-26,3321244434
0.0,plants_ny_2017,9,rf,nan,nan,nan,rf,nan,nan,precision_score,0.5,2026-05-26,3456731618
0.0,plants_ny_2017,9,rf,nan,nan,nan,rf,nan,nan,precision_score,0.5,2026-05-26,3872903272
0.0,plants_ny_2017,9,rf,nan,nan,nan,rf,nan,nan,precision_score,0.5,2026-05-26,3859369936
0.0,plants_ny_2017,9,rf,nan,nan,nan,rf,nan,nan,precision_score,0.5,2026-05-26,3039299672
0.0,plants_ny_2017,9,rf,nan,nan,nan,rf,nan,nan,precision_score,0.5,2026-05-26,3031582063
0.0,plants_ny_2017,9,rf,nan,nan,nan,rf,nan,nan,precision_score,0.5,2026-05-26,2366154218
0.0,plants_ny_2017,9,rf,nan,nan,nan,rf,nan,nan,precision_score,0.5,2026-05-26,4011709489
0.0,plants_ny_2017,9,rf,nan,nan,nan,rf,nan,nan,precision_score,0.5,2026-05-26,4982089288
0.0,plants_ny_2017,9,rf,nan,nan,nan,rf,nan,nan,precision_score,0.5,2026-05-26,3952895824
0.0,plants_ny_2017,9,rf,nan,nan,nan,rf,nan,nan,precision_score,0.5,2026-05-26,2850851235
0.0,plants_ny_2017,9,rf,nan,nan,nan,rf,nan,nan,precision_score,0.5,2026-05-26,3958420669
0.0,plants_ny_2017,9,rf,nan,nan,nan,rf,nan,nan,precision_score,0.5,2026-05-26,4512037436
0.0,plants_ny_2017,9,rf,nan,nan,nan,rf,nan,nan,precision_score,0.5,2026-05-26,3947730461
0.0,plants_ny_2017,9,rf,nan,nan,nan,rf,nan,nan,precision_score,0.5,2026-05-26,3383965657
0.0,plants_ny_2017,9,rf,nan,nan,nan,rf,nan,nan,precision_score,0.5,2026-05-26,3307455953
0.0,plants_ny_2017,9,rf,nan,nan,nan,rf,nan,nan,precision_score,0.5,2026-05-26,2802806481
0.0,plants_ny_2017,9,rf,nan,nan,nan,rf,nan,nan,precision_score,0.5,2026-05-26,2873791902
0.0,plants_ny_2017,9,rf,nan,nan,nan,rf,nan,nan,precision_score,0.5,2026-05-26,2999132599
0.0,plants_ny_2017,9,rf,nan,nan,nan,rf,nan,nan,precision_score,0.5,2026-05-26,3330532529
0.0,plants_ny_2017,9,rf,nan,nan,nan,rf,nan,nan,precision_score,0.5,2026-05-26,3117861904
0.0,plants_ny_2017,9,rf,nan,nan,nan,rf,nan,nan,precision_score,0.5,2026-05-26,3044756340
0.0,plants_ny_2017,9,rf,nan,nan,nan,rf,nan,nan,precision_score,0.5,2026-05-26,3335573435
0.0,plants_ny_2017,9,rf,nan,nan,nan,rf,nan,nan,precision_score,0.5,2026-05-26,3456276132
0.0,plants_ny_2017,9,rf,nan,nan,nan,rf,nan,nan,precision_score,0.5,2026-05-26,3079727158
0.0,plants_ny_2017,9,rf,nan,nan,nan,rf,nan,nan,precision_score,0.5,2026-05-26,3923510357
0.0,plants_ny_2017,9,rf,nan,nan,nan,rf,nan,nan,precision_score,0.5,2026-05-26,3307420299
0.0,plants_ny_2017,9,rf,nan,nan,nan,rf,nan,nan,precision_score,0.5,2026-05-26,3954116155
0.0,plants_ny_2017,9,rf,nan,nan,nan,rf,nan,nan,precision_score,0.5,2026-05-26,4062585229
0.0,plants_ny_2017,9,rf,nan,nan,nan,rf,nan,nan,precision_score,0.5,2026-05-26,2814352941
0.0,plants_ny_2017,9,rf,nan,nan,nan,rf,nan,nan,precision_score,0.5,2026-05-26,2850850850
0.0,plants_ny_2017,9,rf,nan,nan,nan,rf,nan,nan,precision_score,0.5,2026-05-26,3957117251
0.0,plants_ny_2017,9,rf,nan,nan,nan,rf,nan,nan,precision_score,0.5,2026-05-26,4994393529
0.0,plants_ny_2017,9,rf,nan,nan,nan,rf,nan,nan,precision_score,0.5,2026-05-26,3959484505
0.0,plants_ny_2017,9,rf,nan,nan,nan,rf,nan,nan,precision_score,0.5,2026-05-26,2901586898
0.0,plants_ny_2017,9,rf,nan,nan,nan,rf,nan,nan,precision_score,0.5,2026-05-26,3958431964
0.0,plants_ny_2017,9,rf,nan,nan,nan,rf,nan,nan,precision_score,0.5,2026-05-26,3468986372
0.0,plants_ny_2017,9,rf,nan,nan,nan,rf,nan,nan,precision_score,0.5,2026-05-26,3999030971
0.0,plants_ny_2017,9,rf,nan,nan,nan,rf,nan,nan,precision_score,0.5,2026-05-26,4982007896
0.0,plants_ny_2017,9,rf,nan,nan,nan,rf,nan,nan,precision_score,0.5,2026-05-26,3953844692
0.0,plants_ny_2017,9,rf,nan,nan,nan,rf,nan,nan,precision_score,0.5,2026-05-26,4075705485
0.0,plants_ny_2017,9,rf,nan,nan,nan,rf,nan,nan,precision_score,0.5,2026-05-26,3915403362
0.0,plants_ny_2017,9,rf,nan,nan,nan,rf,nan,nan,precision_score,0.5,2026-05-26,5062505851
0.0,plants_ny_2017,9,rf,nan,nan,nan,rf,nan,nan,precision_score,0.5,2026-05-26,3398664644
0.0,plants_ny_2017,9,rf,nan,nan,nan,rf,nan,nan,precision_score,0.5,2026-05-26,3355185526
0.0,plants_ny_2017,9,rf,nan,nan,nan,rf,nan,nan,precision_score,0.5,2026-05-26,3902013743
0.0,plants_ny_2017,9,rf,nan,nan,nan,rf,nan,nan,precision_score,0.5,2026-05-26,4875002056
0.0,plants_ny_2017,9,rf,nan,nan,nan,rf,nan,nan,precision_score,0.5,2026-05-26,4987664848
0.0,plants_ny_2017,9,rf,nan,nan,nan,rf,nan,nan,precision_score,0.5,2026-05-26,3951409931
0.0,plants_ny_2017,9,rf,nan,nan,nan,rf,nan,nan,precision_score,0.5,2026-05-26,3860529538
0.0,plants_ny_2017,9,rf,nan,nan,nan,rf,nan,nan,precision_score,0.5,2026-05-26,4028692377
0.0,plants_ny_2017,9,rf,nan,nan,nan,rf,nan,nan,precision_score,0.5,2026-05-26,3956207744
0.0,plants_ny_2017,9,rf,nan,nan,nan,rf,nan,nan,precision_score,0.5,2026-05-26,4528157494
0.0,plants_ny_2017,9,rf,nan,nan,nan,rf,nan,nan,precision_score,0.5,2026-05-26,3998738616
0.0,plants_ny_2017,9,rf,nan,nan,nan,rf,nan,nan,precision_score,0.5,2026-05-26,3759728247
0.0,plants_ny_2017,9,rf,nan,nan,nan,rf,nan,nan,precision_score,0.5,2026-05-26,3314479342
0.0,plants_ny_2017,9,rf,nan,nan,nan,rf,nan,nan,precision_score,0.5,2026-05-26,3956363181
0.0,plants_ny_2017,9,rf,nan,nan,nan,rf,nan,nan,precision_score,0.5,2026-05-26,2980803565
0.0,plants_ny_2017,9,rf,nan,nan,nan,rf,nan,nan,precision_score,0.5,2026-05-26,2818696519
0.0,plants_ny_2017,9,rf,nan,nan,nan,rf,nan,nan,precision_score,0.5,2026-05-26,3957136191
0.0,plants_ny_2017,9,rf,nan,nan,nan,rf,nan,nan,precision_score,0.5,2026-05-26,3947603432
0.0,plants_ny_2017,9,rf,nan,nan,nan,rf,nan,nan,precision_score,0.5,2026-05-26,3079799200
0.0,plants_ny_2017,9,rf,nan,nan,nan,rf,nan,nan,precision_score,0.5,2026-05-26,3759800583
0.0,plants_ny_2017,9,rf,nan,nan,nan,rf,nan,nan,precision_score,0.5,2026-05-26,3952338431
0.0,plants_ny_2017,9,rf,nan,nan,nan,rf,nan,nan,precision_score,0.5,2026-05-26,3070660719
0.0,plants_ny_2017,9,rf,nan,nan,nan,rf,nan,nan,precision_score,0.5,2026-05-26,2883045025
0.0,plants_ny_2017,9,rf,nan,nan,nan,rf,nan,nan,precision_score,0.5,2026-05-26,3956455107
0.0,plants_ny_2017,9,rf,nan,nan,nan,rf,nan,nan,precision_score,0.5,2026-05-26,3953440550
0.0,plants_ny_2017,9,rf,nan,nan,nan,rf,nan,nan,precision_score,0.5,2026-05-26,3330479504
0.0,plants_ny_2017,9,rf,nan,nan,nan,rf,nan,nan,precision_score,0.5,2026-05-26,5069738682
0.0,plants_ny_2017,9,rf,nan,nan,nan,rf,nan,nan,precision_score,0.5,2026-05-26,4528182478
0.0,plants_ny_2017,9,rf,nan,nan,nan,rf,nan,nan,precision_score,0.5,2026-05-26,3957592700
0.0,plants_ny_2017,9,rf,nan,nan,nan,rf,nan,nan,precision_score,0.5,2026-05-26,2542926129
0.0,plants_ny_2017,9,rf,nan,nan,nan,rf,nan,nan,precision_score,0.5,2026-05-26,2543077716
0.0,plants_ny_2017,9,rf,nan,nan,nan,rf,nan,nan,precision_score,0.5,2026-05-26,5133179845
0.0,plants_ny_2017,9,rf,nan,nan,nan,rf,nan,nan,precision_score,0.5,2026-05-26,3466316611
0.0,plants_ny_2017,9,rf,nan,nan,nan,rf,nan,nan,precision_score,0.5,2026-05-26,3873859752
0.0,plants_ny_2017,9,rf,nan,nan,nan,rf,nan,nan,precision_score,0.5,2026-05-26,3953841663
0.0,plants_ny_2017,9,rf,nan,nan,nan,rf,nan,nan,precision_score,0.5,2026-05-26,3954414244
0.0,plants_ny_2017,9,rf,nan,nan,nan,rf,nan,nan,precision_score,0.5,2026-05-26,3902900588
0.0,plants_ny_2017,9,rf,nan,nan,nan,rf,nan,nan,precision_score,0.5,2026-05-26,4137641456
0.0,plants_ny_2017,9,rf,nan,nan,nan,rf,nan,nan,precision_score,0.5,2026-05-26,4018290776
0.0,plants_ny_2017,9,rf,nan,nan,nan,rf,nan,nan,precision_score,0.5,2026-05-26,4506415319
0.0,plants_ny_2017,9,rf,nan,nan,nan,rf,nan,nan,precision_score,0.5,2026-05-26,3124798122
0.0,plants_ny_2017,9,rf,nan,nan,nan,rf,nan,nan,precision_score,0.5,2026-05-26,3112471476
0.0,plants_ny_2017,9,rf,nan,nan,nan,rf,nan,nan,precision_score,0.5,2026-05-26,4528172478
0.0,plants_ny_2017,9,rf,nan,nan,nan,rf,nan,nan,precision_score,0.5,2026-05-26,3999140442
0.0,plants_ny_2017,9,rf,nan,nan,nan,rf,nan,nan,precision_score,0.5,2026-05-26,4145638317
0.0,plants_ny_2017,9,rf,nan,nan,nan,rf,nan,nan,precision_score,0.5,2026-05-26,3952277328
0.0,plants_ny_2017,9,rf,nan,nan,nan,rf,nan,nan,precision_score,0.5,2026-05-26,3957061558
0.0,plants_ny_2017,9,rf,nan,nan,nan,rf,nan,nan,precision_score,0.5,2026-05-26,3957618893
0.0,plants_ny_2017,9,rf,nan,nan,nan,rf,nan,nan,precision_score,0.5,2026-05-26,3325477868
0.0,plants_ny_2017,9,rf,nan,nan,nan,rf,nan,nan,precision_score,0.5,2026-05-26,3335172436
0.0,plants_ny_2017,9,rf,nan,nan,nan,rf,nan,nan,precision_score,0.5,2026-05-26,3399116016
0.0,plants_ny_2017,9,rf,nan,nan,nan,rf,nan,nan,precision_score,0.5,2026-05-26,3330421527
0.0,plants_ny_2017,9,rf,nan,nan,nan,rf,nan,nan,precision_score,0.5,2026-05-26,2641296488
0.0,plants_ny_2017,9,rf,nan,nan,nan,rf,nan,nan,precision_score,0.5,2026-05-26,4980364433
0.0,plants_ny_2017,9,rf,nan,nan,nan,rf,nan,nan,precision_score,0.5,2026-05-26,2988351581
0.0,plants_ny_2017,9,rf,nan,nan,nan,rf,nan,nan,precision_score,0.5,2026-05-26,3321055438
0.0,plants_ny_2017,9,rf,nan,nan,nan,rf,nan,nan,precision_score,0.5,2026-05-26,3070715397
0.0,plants_ny_2017,9,rf,nan,nan,nan,rf,nan,nan,precision_score,0.5,2026-05-26,3455385966
0.0,plants_ny_2017,9,rf,nan,nan,nan,rf,nan,nan,precision_score,0.5,2026-05-26,3951713138
0.0,plants_ny_2017,9,rf,nan,nan,nan,rf,nan,nan,precision_score,0.5,2026-05-26,3018096535
0.0,plants_ny_2017,9,rf,nan,nan,nan,rf,nan,nan,precision_score,0.5,2026-05-26,3743340390
0.0,plants_ny_2017,9,rf,nan,nan,nan,rf,nan,nan,precision_score,0.5,2026-05-26,3705681683
0.0,plants_ny_2017,9,rf,nan,nan,nan,rf,nan,nan,precision_score,0.5,2026-05-26,3925387521
0.0,plants_ny_2017,9,rf,nan,nan,nan,rf,nan,nan,precision_score,0.5,2026-05-26,3325896304
0.0,plants_ny_2017,9,rf,nan,nan,nan,rf,nan,nan,precision_score,0.5,2026-05-26,2992834716
0.0,plants_ny_2017,9,rf,nan,nan,nan,rf,nan,nan,precision_score,0.5,2026-05-26,2814445368
0.0,plants_ny_2017,9,rf,nan,nan,nan,rf,nan,nan,precision_score,0.5,2026-05-26,4129951330
0.0,plants_ny_2017,9,rf,nan,nan,nan,rf,nan,nan,precision_score,0.5,2026-05-26,4075637512
0.0,plants_ny_2017,9,rf,nan,nan,nan,rf,nan,nan,precision_score,0.5,2026-05-26,3337758571
0.0,plants_ny_2017,9,rf,nan,nan,nan,rf,nan,nan,precision_score,0.5,2026-05-26,4062604386
0.0,plants_ny_2017,9,rf,nan,nan,nan,rf,nan,nan,precision_score,0.5,2026-05-26,4528224440
0.0,plants_ny_2017,9,rf,nan,nan,nan,rf,nan,nan,precision_score,0.5,2026-05-26,3325558952
0.0,plants_ny_2017,9,rf,nan,nan,nan,rf,nan,nan,precision_score,0.5,2026-05-26,3947498473
0.0,plants_ny_2017,9,rf,nan,nan,nan,rf,nan,nan,precision_score,0.5,2026-05-26,3957207151
0.0,plants_ny_2017,9,rf,nan,nan,nan,rf,nan,nan,precision_score,0.5,2026-05-26,3998815145
0.0,plants_ny_2017,9,rf,nan,nan,nan,rf,nan,nan,precision_score,0.5,2026-05-26,2818557529
0.0,plants_ny_2017,9,rf,nan,nan,nan,rf,nan,nan,precision_score,0.5,2026-05-26,2619914071
0.0,plants_ny_2017,9,rf,nan,nan,nan,rf,nan,nan,precision_score,0.5,2026-05-26,3398716812
0.0,plants_ny_2017,9,rf,nan,nan,nan,rf,nan,nan,precision_score,0.5,2026-05-26,3902912460
0.0,plants_ny_2017,9,rf,nan,nan,nan,rf,nan,nan,precision_score,0.5,2026-05-26,3998412148
0.0,plants_ny_2017,9,rf,nan,nan,nan,rf,nan,nan,precision_score,0.5,2026-05-26,3302349402
0.0,plants_ny_2017,9,rf,nan,nan,nan,rf,nan,nan,precision_score,0.5,2026-05-26,3859742566
0.0,plants_ny_2017,9,rf,nan,nan,nan,rf,nan,nan,precision_score,0.5,2026-05-26,3124738126
0.0,plants_ny_2017,9,rf,nan,nan,nan,rf,nan,nan,precision_score,0.5,2026-05-26,2626240489
0.0,plants_ny_2017,9,rf,nan,nan,nan,rf,nan,nan,precision_score,0.5,2026-05-26,4111700345
0.0,plants_ny_2017,9,rf,nan,nan,nan,rf,nan,nan,precision_score,0.5,2026-05-26,3330520540
0.0,plants_ny_2017,9,rf,nan,nan,nan,rf,nan,nan,precision_score,0.5,2026-05-26,3455550160
0.0,plants_ny_2017,9,rf,nan,nan,nan,rf,nan,nan,precision_score,0.5,2026-05-26,3858205711
0.0,plants_ny_2017,9,rf,nan,nan,nan,rf,nan,nan,precision_score,0.5,2026-05-26,3998874721
0.0,plants_ny_2017,9,rf,nan,nan,nan,rf,nan,nan,precision_score,0.5,2026-05-26,3952150423
0.0,plants_ny_2017,9,rf,nan,nan,nan,rf,nan,nan,precision_score,0.5,2026-05-26,3416172329
0.0,plants_ny_2017,9,rf,nan,nan,nan,rf,nan,nan,precision_score,0.5,2026-05-26,2826209623
0.0,plants_ny_2017,9,rf,nan,nan,nan,rf,nan,nan,precision_score,0.5,2026-05-26,3302020955
0.0,plants_ny_2017,9,rf,nan,nan,nan,rf,nan,nan,precision_score,0.5,2026-05-26,3956244620
0.0,plants_ny_2017,9,rf,nan,nan,nan,rf,nan,nan,precision_score,0.5,2026-05-26,3014101840
0.0,plants_ny_2017,9,rf,nan,nan,nan,rf,nan,nan,precision_score,0.5,2026-05-26,4009663380
0.0,plants_ny_2017,9,rf,nan,nan,nan,rf,nan,nan,precision_score,0.5,2026-05-26,4516611590
0.0,plants_ny_2017,9,rf,nan,nan,nan,rf,nan,nan,precision_score,0.5,2026-05-26,4509997546
0.0,plants_ny_2017,9,rf,nan,nan,nan,rf,nan,nan,precision_score,0.5,2026-05-26,3759847625
0.0,plants_ny_2017,9,rf,nan,nan,nan,rf,nan,nan,precision_score,0.5,2026-05-26,3455962642
0.0,plants_ny_2017,9,rf,nan,nan,nan,rf,nan,nan,precision_score,0.5,2026-05-26,3335118718
0.0,plants_ny_2017,9,rf,nan,nan,nan,rf,nan,nan,precision_score,0.5,2026-05-26,3953747116
0.0,plants_ny_2017,9,rf,nan,nan,nan,rf,nan,nan,precision_score,0.5,2026-05-26,3956369289
0.0,plants_ny_2017,9,rf,nan,nan,nan,rf,nan,nan,precision_score,0.5,2026-05-26,3090859048
0.0,plants_ny_2017,9,rf,nan,nan,nan,rf,nan,nan,precision_score,0.5,2026-05-26,5063747331
0.0,plants_ny_2017,9,rf,nan,nan,nan,rf,nan,nan,precision_score,0.5,2026-05-26,4165612415
0.0,plants_ny_2017,9,rf,nan,nan,nan,rf,nan,nan,precision_score,0.5,2026-05-26,3952049197
0.0,plants_ny_2017,9,rf,nan,nan,nan,rf,nan,nan,precision_score,0.5,2026-05-26,5908806321
0.0,plants_ny_2017,9,rf,nan,nan,nan,rf,nan,nan,precision_score,0.5,2026-05-26,3499481397
0.0,plants_ny_2017,9,rf,nan,nan,nan,rf,nan,nan,precision_score,0.5,2026-05-26,3959455648
0.0,plants_ny_2017,9,rf,nan,nan,nan,rf,nan,nan,precision_score,0.5,2026-05-26,2980877551
0.0,plants_ny_2017,9,rf,nan,nan,nan,rf,nan,nan,precision_score,0.5,2026-05-26,3330746561
0.0,plants_ny_2017,9,rf,nan,nan,nan,rf,nan,nan,precision_score,0.5,2026-05-26,5062506887
0.0,plants_ny_2017,9,rf,nan,nan,nan,rf,nan,nan,precision_score,0.5,2026-05-26,5076719517
0.0,plants_ny_2017,9,rf,nan,nan,nan,rf,nan,nan,precision_score,0.5,2026-05-26,3998510978
0.0,plants_ny_2017,9,rf,nan,nan,nan,rf,nan,nan,precision_score,0.5,2026-05-26,3468698545
0.0,plants_ny_2017,9,rf,nan,nan,nan,rf,nan,nan,precision_score,0.5,2026-05-26,4046374453
0.0,plants_ny_2017,9,rf,nan,nan,nan,rf,nan,nan,precision_score,0.5,2026-05-26,3952279586
0.0,plants_ny_2017,9,rf,nan,nan,nan,rf,nan,nan,precision_score,0.5,2026-05-26,4009884828
0.0,plants_ny_2017,9,rf,nan,nan,nan,rf,nan,nan,precision_score,0.5,2026-05-26,3044835715
0.0,plants_ny_2017,9,rf,nan,nan,nan,rf,nan,nan,precision_score,0.5,2026-05-26,3330801571
0.0,plants_ny_2017,9,rf,nan,nan,nan,rf,nan,nan,precision_score,0.5,2026-05-26,3337648389
0.0,plants_ny_2017,9,rf,nan,nan,nan,rf,nan,nan,precision_score,0.5,2026-05-26,2641516940
0.0,plants_ny_2017,9,rf,nan,nan,nan,rf,nan,nan,precision_score,0.5,2026-05-26,4528179395
0.0,plants_ny_2017,9,rf,nan,nan,nan,rf,nan,nan,precision_score,0.5,2026-05-26,2294610837
0.0,plants_ny_2017,9,rf,nan,nan,nan,rf,nan,nan,precision_score,0.5,2026-05-26,3960019510
0.0,plants_ny_2017,9,rf,nan,nan,nan,rf,nan,nan,precision_score,0.5,2026-05-26,4015276693
0.0,plants_ny_2017,9,rf,nan,nan,nan,rf,nan,nan,precision_score,0.5,2026-05-26,3959560670
0.0,plants_ny_2017,9,rf,nan,nan,nan,rf,nan,nan,precision_score,0.5,2026-05-26,3070542173
0.0,plants_ny_2017,9,rf,nan,nan,nan,rf,nan,nan,precision_score,0.5,2026-05-26,4527943496
0.0,plants_ny_2017,9,rf,nan,nan,nan,rf,nan,nan,precision_score,0.5,2026-05-26,3925497437
0.0,plants_ny_2017,9,rf,nan,nan,nan,rf,nan,nan,precision_score,0.5,2026-05-26,3031600123
0.0,plants_ny_2017,9,rf,nan,nan,nan,rf,nan,nan,precision_score,0.5,2026-05-26,3124725655
0.0,plants_ny_2017,9,rf,nan,nan,nan,rf,nan,nan,precision_score,0.5,2026-05-26,4522460314
0.0,plants_ny_2017,9,rf,nan,nan,nan,rf,nan,nan,precision_score,0.5,2026-05-26,3759594478
0.0,plants_ny_2017,9,rf,nan,nan,nan,rf,nan,nan,precision_score,0.5,2026-05-26,3952431385
0.0,plants_ny_2017,9,rf,nan,nan,nan,rf,nan,nan,precision_score,0.5,2026-05-26,2429562776
0.0,plants_ny_2017,9,rf,nan,nan,nan,rf,nan,nan,precision_score,0.5,2026-05-26,2563466968
0.0,plants_ny_2017,9,rf,nan,nan,nan,rf,nan,nan,precision_score,0.5,2026-05-26,3951486539
0.0,plants_ny_2017,9,rf,nan,nan,nan,rf,nan,nan,precision_score,0.5,2026-05-26,3961018720
0.0,plants_ny_2017,9,rf,nan,nan,nan,rf,nan,nan,precision_score,0.5,2026-05-26,3337406464
0.0,plants_ny_2017,9,rf,nan,nan,nan,rf,nan,nan,precision_score,0.5,2026-05-26,2862375454
0.0,plants_ny_2017,9,rf,nan,nan,nan,rf,nan,nan,precision_score,0.5,2026-05-26,2898265377
0.0,plants_ny_2017,9,rf,nan,nan,nan,rf,nan,nan,precision_score,0.5,2026-05-26,3952964616
0.0,plants_ny_2017,9,rf,nan,nan,nan,rf,nan,nan,precision_score,0.5,2026-05-26,3892524171
0.0,plants_ny_2017,9,rf,nan,nan,nan,rf,nan,nan,precision_score,0.5,2026-05-26,3952818094
0.0,plants_ny_2017,9,rf,nan,nan,nan,rf,nan,nan,precision_score,0.5,2026-05-26,3302150387
0.0,plants_ny_2017,9,rf,nan,nan,nan,rf,nan,nan,precision_score,0.5,2026-05-26,5908850553
0.0,plants_ny_2017,9,rf,nan,nan,nan,rf,nan,nan,precision_score,0.5,2026-05-26,3998684628
0.0,plants_ny_2017,9,rf,nan,nan,nan,rf,nan,nan,precision_score,0.5,2026-05-26,2802681756
0.0,plants_ny_2017,9,rf,nan,nan,nan,rf,nan,nan,precision_score,0.5,2026-05-26,2429562986
0.0,plants_ny_2017,9,rf,nan,nan,nan,rf,nan,nan,precision_score,0.5,2026-05-26,4987566288
0.0,plants_ny_2017,9,rf,nan,nan,nan,rf,nan,nan,precision_score,0.5,2026-05-26,3953374349
0.0,plants_ny_2017,9,rf,nan,nan,nan,rf,nan,nan,precision_score,0.5,2026-05-26,3354994546
0.0,plants_ny_2017,9,rf,nan,nan,nan,rf,nan,nan,precision_score,0.5,2026-05-26,4075601397
0.0,plants_ny_2017,9,rf,nan,nan,nan,rf,nan,nan,precision_score,0.5,2026-05-26,2860105065
0.0,plants_ny_2017,9,rf,nan,nan,nan,rf,nan,nan,precision_score,0.5,2026-05-26,3955407845
0.0,plants_ny_2017,9,rf,nan,nan,nan,rf,nan,nan,precision_score,0.5,2026-05-26,3952662148
0.0,plants_ny_2017,9,rf,nan,nan,nan,rf,nan,nan,precision_score,0.5,2026-05-26,3955991445
0.0,plants_ny_2017,9,rf,nan,nan,nan,rf,nan,nan,precision_score,0.5,2026-05-26,5932813344
0.0,plants_ny_2017,9,rf,nan,nan,nan,rf,nan,nan,precision_score,0.5,2026-05-26,3951438890
0.0,plants_ny_2017,9,rf,nan,nan,nan,rf,nan,nan,precision_score,0.5,2026-05-26,2988314561
0.0,plants_ny_2017,9,rf,nan,nan,nan,rf,nan,nan,precision_score,0.5,2026-05-26,3773798423
0.0,plants_ny_2017,9,rf,nan,nan,nan,rf,nan,nan,precision_score,0.5,2026-05-26,2366083555
0.0,plants_ny_2017,9,rf,nan,nan,nan,rf,nan,nan,precision_score,0.5,2026-05-26,2429561048
0.0,plants_ny_2017,9,rf,nan,nan,nan,rf,nan,nan,precision_score,0.5,2026-05-26,3960117837
0.0,plants_ny_2017,9,rf,nan,nan,nan,rf,nan,nan,precision_score,0.5,2026-05-26,3956647690
0.0,plants_ny_2017,9,rf,nan,nan,nan,rf,nan,nan,precision_score,0.5,2026-05-26,2641493471
0.0,plants_ny_2017,9,rf,nan,nan,nan,rf,nan,nan,precision_score,0.5,2026-05-26,2517959106
0.0,plants_ny_2017,9,rf,nan,nan,nan,rf,nan,nan,precision_score,0.5,2026-05-26,3952456890
0.0,plants_ny_2017,9,rf,nan,nan,nan,rf,nan,nan,precision_score,0.5,2026-05-26,4171361396
0.0,plants_ny_2017,9,rf,nan,nan,nan,rf,nan,nan,precision_score,0.5,2026-05-26,3759186508
0.0,plants_ny_2017,9,rf,nan,nan,nan,rf,nan,nan,precision_score,0.5,2026-05-26,3112445387
0.0,plants_ny_2017,9,rf,nan,nan,nan,rf,nan,nan,precision_score,0.5,2026-05-26,2429560759
0.0,plants_ny_2017,9,rf,nan,nan,nan,rf,nan,nan,precision_score,0.5,2026-05-26,2429561793
0.0,plants_ny_2017,9,rf,nan,nan,nan,rf,nan,nan,precision_score,0.5,2026-05-26,4535631433
0.0,plants_ny_2017,9,rf,nan,nan,nan,rf,nan,nan,precision_score,0.5,2026-05-26,4528150401
0.0,plants_ny_2017,9,rf,nan,nan,nan,rf,nan,nan,precision_score,0.5,2026-05-26,3952774684
0.0,plants_ny_2017,9,rf,nan,nan,nan,rf,nan,nan,precision_score,0.5,2026-05-26,4987812738
0.0,plants_ny_2017,9,rf,nan,nan,nan,rf,nan,nan,precision_score,0.5,2026-05-26,3892431489
0.0,plants_ny_2017,9,rf,nan,nan,nan,rf,nan,nan,precision_score,0.5,2026-05-26,3951776560
0.0,plants_ny_2017,9,rf,nan,nan,nan,rf,nan,nan,precision_score,0.5,2026-05-26,3959877042
0.0,plants_ny_2017,9,rf,nan,nan,nan,rf,nan,nan,precision_score,0.5,2026-05-26,3039421157
0.0,plants_ny_2017,9,rf,nan,nan,nan,rf,nan,nan,precision_score,0.5,2026-05-26,5076772428
0.0,plants_ny_2017,9,rf,nan,nan,nan,rf,nan,nan,precision_score,0.5,2026-05-26,3953800499
0.0,plants_ny_2017,9,rf,nan,nan,nan,rf,nan,nan,precision_score,0.5,2026-05-26,3903029632
0.0,plants_ny_2017,9,rf,nan,nan,nan,rf,nan,nan,precision_score,0.5,2026-05-26,3959024204
0.0,plants_ny_2017,9,rf,nan,nan,nan,rf,nan,nan,precision_score,0.5,2026-05-26,3383939110
0.0,plants_ny_2017,9,rf,nan,nan,nan,rf,nan,nan,precision_score,0.5,2026-05-26,2366113689
0.0,plants_ny_2017,9,rf,nan,nan,nan,rf,nan,nan,precision_score,0.5,2026-05-26,4527925398
0.0,plants_ny_2017,9,rf,nan,nan,nan,rf,nan,nan,precision_score,0.5,2026-05-26,2803097675
0.0,plants_ny_2017,9,rf,nan,nan,nan,rf,nan,nan,precision_score,0.5,2026-05-26,3902331376
0.0,plants_ny_2017,9,rf,nan,nan,nan,rf,nan,nan,precision_score,0.5,2026-05-26,4516350732
0.0,plants_ny_2017,9,rf,nan,nan,nan,rf,nan,nan,precision_score,0.5,2026-05-26,2397506624
0.0,plants_ny_2017,9,rf,nan,nan,nan,rf,nan,nan,precision_score,0.5,2026-05-26,3860726682
0.0,plants_ny_2017,9,rf,nan,nan,nan,rf,nan,nan,precision_score,0.5,2026-05-26,3333248983
0.0,plants_ny_2017,9,rf,nan,nan,nan,rf,nan,nan,precision_score,0.5,2026-05-26,3959501621
0.0,plants_ny_2017,9,rf,nan,nan,nan,rf,nan,nan,precision_score,0.5,2026-05-26,3953234085
0.0,plants_ny_2017,9,rf,nan,nan,nan,rf,nan,nan,precision_score,0.5,2026-05-26,3998227394
0.0,plants_ny_2017,9,rf,nan,nan,nan,rf,nan,nan,precision_score,0.5,2026-05-26,3957515047
0.0,plants_ny_2017,9,rf,nan,nan,nan,rf,nan,nan,precision_score,0.5,2026-05-26,4980661338
0.0,plants_ny_2017,9,rf,nan,nan,nan,rf,nan,nan,precision_score,0.5,2026-05-26,1850955245
0.0,plants_ny_2017,9,rf,nan,nan,nan,rf,nan,nan,precision_score,0.5,2026-05-26,3959346635
0.0,plants_ny_2017,9,rf,nan,nan,nan,rf,nan,nan,precision_score,0.5,2026-05-26,3391314851
0.0,plants_ny_2017,9,rf,nan,nan,nan,rf,nan,nan,precision_score,0.5,2026-05-26,3873084334
0.0,plants_ny_2017,9,rf,nan,nan,nan,rf,nan,nan,precision_score,0.5,2026-05-26,2963864694
0.0,plants_ny_2017,9,rf,nan,nan,nan,rf,nan,nan,precision_score,0.5,2026-05-26,2868084347
0.0,plants_ny_2017,9,rf,nan,nan,nan,rf,nan,nan,precision_score,0.5,2026-05-26,3986148350
0.0,plants_ny_2017,9,rf,nan,nan,nan,rf,nan,nan,precision_score,0.5,2026-05-26,3759834685
0.0,plants_ny_2017,9,rf,nan,nan,nan,rf,nan,nan,precision_score,0.5,2026-05-26,3958713192
0.0,plants_ny_2017,9,rf,nan,nan,nan,rf,nan,nan,precision_score,0.5,2026-05-26,3859563714
0.0,plants_ny_2017,9,rf,nan,nan,nan,rf,nan,nan,precision_score,0.5,2026-05-26,3925405358
0.0,plants_ny_2017,9,rf,nan,nan,nan,rf,nan,nan,precision_score,0.5,2026-05-26,4982066628
0.0,plants_ny_2017,9,rf,nan,nan,nan,rf,nan,nan,precision_score,0.5,2026-05-26,3959579594
0.0,plants_ny_2017,9,rf,nan,nan,nan,rf,nan,nan,precision_score,0.5,2026-05-26,3957036135
0.0,plants_ny_2017,9,rf,nan,nan,nan,rf,nan,nan,precision_score,0.5,2026-05-26,3956461341
0.0,plants_ny_2017,9,rf,nan,nan,nan,rf,nan,nan,precision_score,0.5,2026-05-26,2633952578
0.0,plants_ny_2017,9,rf,nan,nan,nan,rf,nan,nan,precision_score,0.5,2026-05-26,3955341596
0.0,plants_ny_2017,9,rf,nan,nan,nan,rf,nan,nan,precision_score,0.5,2026-05-26,3952487218
0.0,plants_ny_2017,9,rf,nan,nan,nan,rf,nan,nan,precision_score,0.5,2026-05-26,3998865693
0.0,plants_ny_2017,9,rf,nan,nan,nan,rf,nan,nan,precision_score,0.5,2026-05-26,2802852598
0.0,plants_ny_2017,9,rf,nan,nan,nan,rf,nan,nan,precision_score,0.5,2026-05-26,3956610453
0.0,plants_ny_2017,9,rf,nan,nan,nan,rf,nan,nan,precision_score,0.5,2026-05-26,3343895973
0.0,plants_ny_2017,9,rf,nan,nan,nan,rf,nan,nan,precision_score,0.5,2026-05-26,3915283683
0.0,plants_ny_2017,9,rf,nan,nan,nan,rf,nan,nan,precision_score,0.5,2026-05-26,2988278168
0.0,plants_ny_2017,9,rf,nan,nan,nan,rf,nan,nan,precision_score,0.5,2026-05-26,3391487853
0.0,plants_ny_2017,9,rf,nan,nan,nan,rf,nan,nan,precision_score,0.5,2026-05-26,3956278822
0.0,plants_ny_2017,9,rf,nan,nan,nan,rf,nan,nan,precision_score,0.5,2026-05-26,3998039655
0.0,plants_ny_2017,9,rf,nan,nan,nan,rf,nan,nan,precision_score,0.5,2026-05-26,3044761708
0.0,plants_ny_2017,9,rf,nan,nan,nan,rf,nan,nan,precision_score,0.5,2026-05-26,2397551084
0.0,plants_ny_2017,9,rf,nan,nan,nan,rf,nan,nan,precision_score,0.5,2026-05-26,2901803531
0.0,plants_ny_2017,9,rf,nan,nan,nan,rf,nan,nan,precision_score,0.5,2026-05-26,3743024343
0.0,plants_ny_2017,9,rf,nan,nan,nan,rf,nan,nan,precision_score,0.5,2026-05-26,3952624392
0.0,plants_ny_2017,9,rf,nan,nan,nan,rf,nan,nan,precision_score,0.5,2026-05-26,3949785518
0.0,plants_ny_2017,9,rf,nan,nan,nan,rf,nan,nan,precision_score,0.5,2026-05-26,3997990858
0.0,plants_ny_2017,9,rf,nan,nan,nan,rf,nan,nan,precision_score,0.5,2026-05-26,3952798424
0.0,plants_ny_2017,9,rf,nan,nan,nan,rf,nan,nan,precision_score,0.5,2026-05-26,3044915649
0.0,plants_ny_2017,9,rf,nan,nan,nan,rf,nan,nan,precision_score,0.5,2026-05-26,4034977398
0.0,plants_ny_2017,9,rf,nan,nan,nan,rf,nan,nan,precision_score,0.5,2026-05-26,2465120501
0.0,plants_ny_2017,9,rf,nan,nan,nan,rf,nan,nan,precision_score,0.5,2026-05-26,3343916359
0.0,plants_ny_2017,9,rf,nan,nan,nan,rf,nan,nan,precision_score,0.5,2026-05-26,3031589718
0.0,plants_ny_2017,9,rf,nan,nan,nan,rf,nan,nan,precision_score,0.5,2026-05-26,3952003865
0.0,plants_ny_2017,9,rf,nan,nan,nan,rf,nan,nan,precision_score,0.5,2026-05-26,3986019349
0.0,plants_ny_2017,9,rf,nan,nan,nan,rf,nan,nan,precision_score,0.5,2026-05-26,3925434428
0.0,plants_ny_2017,9,rf,nan,nan,nan,rf,nan,nan,precision_score,0.5,2026-05-26,3960173889
0.0,plants_ny_2017,9,rf,nan,nan,nan,rf,nan,nan,precision_score,0.5,2026-05-26,4925815840
0.0,plants_ny_2017,9,rf,nan,nan,nan,rf,nan,nan,precision_score,0.5,2026-05-26,6163037819
0.0,plants_ny_2017,9,rf,nan,nan,nan,rf,nan,nan,precision_score,0.5,2026-05-26,2397550159
0.0,plants_ny_2017,9,rf,nan,nan,nan,rf,nan,nan,precision_score,0.5,2026-05-26,4035016456
0.0,plants_ny_2017,9,rf,nan,nan,nan,rf,nan,nan,precision_score,0.5,2026-05-26,3391418435
0.0,plants_ny_2017,9,rf,nan,nan,nan,rf,nan,nan,precision_score,0.5,2026-05-26,2429234157
0.0,plants_ny_2017,9,rf,nan,nan,nan,rf,nan,nan,precision_score,0.5,2026-05-26,2397555624
0.0,plants_ny_2017,9,rf,nan,nan,nan,rf,nan,nan,precision_score,0.5,2026-05-26,3314230379
0.0,plants_ny_2017,9,rf,nan,nan,nan,rf,nan,nan,precision_score,0.5,2026-05-26,3952439229
0.0,plants_ny_2017,9,rf,nan,nan,nan,rf,nan,nan,precision_score,0.5,2026-05-26,3743329322
0.0,plants_ny_2017,9,rf,nan,nan,nan,rf,nan,nan,precision_score,0.5,2026-05-26,3949669176
0.0,plants_ny_2017,9,rf,nan,nan,nan,rf,nan,nan,precision_score,0.5,2026-05-26,3958940307
0.0,plants_ny_2017,9,rf,nan,nan,nan,rf,nan,nan,precision_score,0.5,2026-05-26,4987615129
0.0,plants_ny_2017,9,rf,nan,nan,nan,rf,nan,nan,precision_score,0.5,2026-05-26,3998422617
0.0,plants_ny_2017,9,rf,nan,nan,nan,rf,nan,nan,precision_score,0.5,2026-05-26,4129809435
0.0,plants_ny_2017,9,rf,nan,nan,nan,rf,nan,nan,precision_score,0.5,2026-05-26,2294633433
0.0,plants_ny_2017,9,rf,nan,nan,nan,rf,nan,nan,precision_score,0.5,2026-05-26,3915458433
0.0,plants_ny_2017,9,rf,nan,nan,nan,rf,nan,nan,precision_score,0.5,2026-05-26,2862522238
0.0,plants_ny_2017,9,rf,nan,nan,nan,rf,nan,nan,precision_score,0.5,2026-05-26,3712523344
0.0,plants_ny_2017,9,rf,nan,nan,nan,rf,nan,nan,precision_score,0.5,2026-05-26,5837834791
0.0,plants_ny_2017,9,rf,nan,nan,nan,rf,nan,nan,precision_score,0.5,2026-05-26,3955996920
0.0,plants_ny_2017,9,rf,nan,nan,nan,rf,nan,nan,precision_score,0.5,2026-05-26,2883093221
0.0,plants_ny_2017,9,rf,nan,nan,nan,rf,nan,nan,precision_score,0.5,2026-05-26,3712500321
0.0,plants_ny_2017,9,rf,nan,nan,nan,rf,nan,nan,precision_score,0.5,2026-05-26,3956999546
0.0,plants_ny_2017,9,rf,nan,nan,nan,rf,nan,nan,precision_score,0.5,2026-05-26,2422883124
0.0,plants_ny_2017,9,rf,nan,nan,nan,rf,nan,nan,precision_score,0.5,2026-05-26,2862498202
0.0,plants_ny_2017,9,rf,nan,nan,nan,rf,nan,nan,precision_score,0.5,2026-05-26,3337922801
0.0,plants_ny_2017,9,rf,nan,nan,nan,rf,nan,nan,precision_score,0.5,2026-05-26,2397598900
0.0,plants_ny_2017,9,rf,nan,nan,nan,rf,nan,nan,precision_score,0.5,2026-05-26,2397550367
0.0,plants_ny_2017,9,rf,nan,nan,nan,rf,nan,nan,precision_score,0.5,2026-05-26,3998290495
0.0,plants_ny_2017,9,rf,nan,nan,nan,rf,nan,nan,precision_score,0.5,2026-05-26,3902076105
0.0,plants_ny_2017,9,rf,nan,nan,nan,rf,nan,nan,precision_score,0.5,2026-05-26,5109356657
0.0,plants_ny_2017,9,rf,nan,nan,nan,rf,nan,nan,precision_score,0.5,2026-05-26,3955990191
0.0,plants_ny_2017,9,rf,nan,nan,nan,rf,nan,nan,precision_score,0.5,2026-05-26,1640075626
0.0,plants_ny_2017,9,rf,nan,nan,nan,rf,nan,nan,precision_score,0.5,2026-05-26,2366112482
0.0,plants_ny_2017,9,rf,nan,nan,nan,rf,nan,nan,precision_score,0.5,2026-05-26,3455257043
0.0,plants_ny_2017,9,rf,nan,nan,nan,rf,nan,nan,precision_score,0.5,2026-05-26,3384677691
0.0,plants_ny_2017,9,rf,nan,nan,nan,rf,nan,nan,precision_score,0.5,2026-05-26,3384861376
0.0,plants_ny_2017,9,rf,nan,nan,nan,rf,nan,nan,precision_score,0.5,2026-05-26,3407902532
0.0,plants_ny_2017,9,rf,nan,nan,nan,rf,nan,nan,precision_score,0.5,2026-05-26,5109293765
0.0,plants_ny_2017,9,rf,nan,nan,nan,rf,nan,nan,precision_score,0.5,2026-05-26,2862328226
0.0,plants_ny_2017,9,rf,nan,nan,nan,rf,nan,nan,precision_score,0.5,2026-05-26,3321040352
0.0,plants_ny_2017,9,rf,nan,nan,nan,rf,nan,nan,precision_score,0.5,2026-05-26,3384709694
0.0,plants_ny_2017,9,rf,nan,nan,nan,rf,nan,nan,precision_score,0.5,2026-05-26,2882964244
0.0,plants_ny_2017,9,rf,nan,nan,nan,rf,nan,nan,precision_score,0.5,2026-05-26,4507770348
0.0,plants_ny_2017,9,rf,nan,nan,nan,rf,nan,nan,precision_score,0.5,2026-05-26,2447836848
0.0,plants_ny_2017,9,rf,nan,nan,nan,rf,nan,nan,precision_score,0.5,2026-05-26,2626171419
0.0,plants_ny_2017,9,rf,nan,nan,nan,rf,nan,nan,precision_score,0.5,2026-05-26,3952984337
0.0,plants_ny_2017,9,rf,nan,nan,nan,rf,nan,nan,precision_score,0.5,2026-05-26,3333142128
0.0,plants_ny_2017,9,rf,nan,nan,nan,rf,nan,nan,precision_score,0.5,2026-05-26,3954594705
0.0,plants_ny_2017,9,rf,nan,nan,nan,rf,nan,nan,precision_score,0.5,2026-05-26,5109382909
0.0,plants_ny_2017,9,rf,nan,nan,nan,rf,nan,nan,precision_score,0.5,2026-05-26,4987489652
0.0,plants_ny_2017,9,rf,nan,nan,nan,rf,nan,nan,precision_score,0.5,2026-05-26,2882958896
0.0,plants_ny_2017,9,rf,nan,nan,nan,rf,nan,nan,precision_score,0.5,2026-05-26,3953837751
0.0,plants_ny_2017,9,rf,nan,nan,nan,rf,nan,nan,precision_score,0.5,2026-05-26,3384735517
0.0,plants_ny_2017,9,rf,nan,nan,nan,rf,nan,nan,precision_score,0.5,2026-05-26,3113396431
0.0,plants_ny_2017,9,rf,nan,nan,nan,rf,nan,nan,precision_score,0.5,2026-05-26,4518990396
0.0,plants_ny_2017,9,rf,nan,nan,nan,rf,nan,nan,precision_score,0.5,2026-05-26,5908978084
0.0,plants_ny_2017,9,rf,nan,nan,nan,rf,nan,nan,precision_score,0.5,2026-05-26,6130601400
0.0,plants_ny_2017,9,rf,nan,nan,nan,rf,nan,nan,precision_score,0.5,2026-05-26,4987691682
0.0,plants_ny_2017,9,rf,nan,nan,nan,rf,nan,nan,precision_score,0.5,2026-05-26,2882931121
0.0,plants_ny_2017,9,rf,nan,nan,nan,rf,nan,nan,precision_score,0.5,2026-05-26,3959636860
0.0,plants_ny_2017,9,rf,nan,nan,nan,rf,nan,nan,precision_score,0.5,2026-05-26,4034742110
0.0,plants_ny_2017,9,rf,nan,nan,nan,rf,nan,nan,precision_score,0.5,2026-05-26,3998999807
0.0,plants_ny_2017,9,rf,nan,nan,nan,rf,nan,nan,precision_score,0.5,2026-05-26,3998311297
0.0,plants_ny_2017,9,rf,nan,nan,nan,rf,nan,nan,precision_score,0.5,2026-05-26,2882953083
0.0,plants_ny_2017,9,rf,nan,nan,nan,rf,nan,nan,precision_score,0.5,2026-05-26,3859611510
0.0,plants_ny_2017,9,rf,nan,nan,nan,rf,nan,nan,precision_score,0.5,2026-05-26,5759677834
0.0,plants_ny_2017,9,rf,nan,nan,nan,rf,nan,nan,precision_score,0.5,2026-05-26,2397553143
0.0,plants_ny_2017,9,rf,nan,nan,nan,rf,nan,nan,precision_score,0.5,2026-05-26,3384866692
0.0,plants_ny_2017,9,rf,nan,nan,nan,rf,nan,nan,precision_score,0.5,2026-05-26,2803038905
0.0,plants_ny_2017,9,rf,nan,nan,nan,rf,nan,nan,precision_score,0.5,2026-05-26,3764369635
0.0,plants_ny_2017,9,rf,nan,nan,nan,rf,nan,nan,precision_score,0.5,2026-05-26,2868109530
0.0,plants_ny_2017,9,rf,nan,nan,nan,rf,nan,nan,precision_score,0.5,2026-05-26,3923641732
0.0,plants_ny_2017,9,rf,nan,nan,nan,rf,nan,nan,precision_score,0.5,2026-05-26,3398716493
0.0,plants_ny_2017,9,rf,nan,nan,nan,rf,nan,nan,precision_score,0.5,2026-05-26,4527973408
0.0,plants_ny_2017,9,rf,nan,nan,nan,rf,nan,nan,precision_score,0.5,2026-05-26,2813932410
0.0,plants_ny_2017,9,rf,nan,nan,nan,rf,nan,nan,precision_score,0.5,2026-05-26,3355054417
0.0,plants_ny_2017,9,rf,nan,nan,nan,rf,nan,nan,precision_score,0.5,2026-05-26,5086892855
0.0,plants_ny_2017,9,rf,nan,nan,nan,rf,nan,nan,precision_score,0.5,2026-05-26,3994089345
0.0,plants_ny_2017,9,rf,nan,nan,nan,rf,nan,nan,precision_score,0.5,2026-05-26,2862369198
0.0,plants_ny_2017,9,rf,nan,nan,nan,rf,nan,nan,precision_score,0.5,2026-05-26,3954949992
0.0,plants_ny_2017,9,rf,nan,nan,nan,rf,nan,nan,precision_score,0.5,2026-05-26,2868107513
0.0,plants_ny_2017,9,rf,nan,nan,nan,rf,nan,nan,precision_score,0.5,2026-05-26,2984410328
0.0,plants_ny_2017,9,rf,nan,nan,nan,rf,nan,nan,precision_score,0.5,2026-05-26,3384316717
0.0,plants_ny_2017,9,rf,nan,nan,nan,rf,nan,nan,precision_score,0.5,2026-05-26,2331882872
0.0,plants_ny_2017,9,rf,nan,nan,nan,rf,nan,nan,precision_score,0.5,2026-05-26,2397555327
0.0,plants_ny_2017,9,rf,nan,nan,nan,rf,nan,nan,precision_score,0.5,2026-05-26,1880499173
0.0,plants_ny_2017,9,rf,nan,nan,nan,rf,nan,nan,precision_score,0.5,2026-05-26,4987550787
0.0,plants_ny_2017,9,rf,nan,nan,nan,rf,nan,nan,precision_score,0.5,2026-05-26,2397554763
0.0,plants_ny_2017,9,rf,nan,nan,nan,rf,nan,nan,precision_score,0.5,2026-05-26,3383981658
0.0,plants_ny_2017,9,rf,nan,nan,nan,rf,nan,nan,precision_score,0.5,2026-05-26,3079745651
0.0,plants_ny_2017,9,rf,nan,nan,nan,rf,nan,nan,precision_score,0.5,2026-05-26,3912335383
0.0,plants_ny_2017,9,rf,nan,nan,nan,rf,nan,nan,precision_score,0.5,2026-05-26,3959873147
0.0,plants_ny_2017,9,rf,nan,nan,nan,rf,nan,nan,precision_score,0.5,2026-05-26,3952277400
0.0,plants_ny_2017,9,rf,nan,nan,nan,rf,nan,nan,precision_score,0.5,2026-05-26,3954350636
0.0,plants_ny_2017,9,rf,nan,nan,nan,rf,nan,nan,precision_score,0.5,2026-05-26,4519084648
0.0,plants_ny_2017,9,rf,nan,nan,nan,rf,nan,nan,precision_score,0.5,2026-05-26,3985740502
0.0,plants_ny_2017,9,rf,nan,nan,nan,rf,nan,nan,precision_score,0.5,2026-05-26,3384821467
0.0,plants_ny_2017,9,rf,nan,nan,nan,rf,nan,nan,precision_score,0.5,2026-05-26,3959613643
0.0,plants_ny_2017,9,rf,nan,nan,nan,rf,nan,nan,precision_score,0.5,2026-05-26,2814100437
0.0,plants_ny_2017,9,rf,nan,nan,nan,rf,nan,nan,precision_score,0.5,2026-05-26,3307413420
0.0,plants_ny_2017,9,rf,nan,nan,nan,rf,nan,nan,precision_score,0.5,2026-05-26,3109315172
0.0,plants_ny_2017,9,rf,nan,nan,nan,rf,nan,nan,precision_score,0.5,2026-05-26,3955195890
0.0,plants_ny_2017,9,rf,nan,nan,nan,rf,nan,nan,precision_score,0.5,2026-05-26,5935623996
0.0,plants_ny_2017,9,rf,nan,nan,nan,rf,nan,nan,precision_score,0.5,2026-05-26,2294544792
0.0,plants_ny_2017,9,rf,nan,nan,nan,rf,nan,nan,precision_score,0.5,2026-05-26,2868105093
0.0,plants_ny_2017,9,rf,nan,nan,nan,rf,nan,nan,precision_score,0.5,2026-05-26,3958290894
0.0,plants_ny_2017,9,rf,nan,nan,nan,rf,nan,nan,precision_score,0.5,2026-05-26,3998646519
0.0,plants_ny_2017,9,rf,nan,nan,nan,rf,nan,nan,precision_score,0.5,2026-05-26,3985631488
0.0,plants_ny_2017,9,rf,nan,nan,nan,rf,nan,nan,precision_score,0.5,2026-05-26,3743034381
0.0,plants_ny_2017,9,rf,nan,nan,nan,rf,nan,nan,precision_score,0.5,2026-05-26,3954589316
0.0,plants_ny_2017,9,rf,nan,nan,nan,rf,nan,nan,precision_score,0.5,2026-05-26,3925427006
0.0,plants_ny_2017,9,rf,nan,nan,nan,rf,nan,nan,precision_score,0.5,2026-05-26,3955677508
0.0,plants_ny_2017,9,rf,nan,nan,nan,rf,nan,nan,precision_score,0.5,2026-05-26,4424394395
0.0,plants_ny_2017,9,rf,nan,nan,nan,rf,nan,nan,precision_score,0.5,2026-05-26,3955479272
0.0,plants_ny_2017,9,rf,nan,nan,nan,rf,nan,nan,precision_score,0.5,2026-05-26,3956266446
0.0,plants_ny_2017,9,rf,nan,nan,nan,rf,nan,nan,precision_score,0.5,2026-05-26,3999091068
0.0,plants_ny_2017,9,rf,nan,nan,nan,rf,nan,nan,precision_score,0.5,2026-05-26,3415409386
0.0,plants_ny_2017,9,rf,nan,nan,nan,rf,nan,nan,precision_score,0.5,2026-05-26,3957325928
0.0,plants_ny_2017,9,rf,nan,nan,nan,rf,nan,nan,precision_score,0.5,2026-05-26,2397534513
0.0,plants_ny_2017,9,rf,nan,nan,nan,rf,nan,nan,precision_score,0.5,2026-05-26,5837877006
0.0,plants_ny_2017,9,rf,nan,nan,nan,rf,nan,nan,precision_score,0.5,2026-05-26,3961382909
0.0,plants_ny_2017,9,rf,nan,nan,nan,rf,nan,nan,precision_score,0.5,2026-05-26,3858229262
0.0,plants_ny_2017,9,rf,nan,nan,nan,rf,nan,nan,precision_score,0.5,2026-05-26,3109274096
0.0,plants_ny_2017,9,rf,nan,nan,nan,rf,nan,nan,precision_score,0.5,2026-05-26,3955249773
0.0,plants_ny_2017,9,rf,nan,nan,nan,rf,nan,nan,precision_score,0.5,2026-05-26,3952795398
0.0,plants_ny_2017,9,rf,nan,nan,nan,rf,nan,nan,precision_score,0.5,2026-05-26,3998327224
0.0,plants_ny_2017,9,rf,nan,nan,nan,rf,nan,nan,precision_score,0.5,2026-05-26,3956911143
0.0,plants_ny_2017,9,rf,nan,nan,nan,rf,nan,nan,precision_score,0.5,2026-05-26,2988335849
0.0,plants_ny_2017,9,rf,nan,nan,nan,rf,nan,nan,precision_score,0.5,2026-05-26,3955926495
0.0,plants_ny_2017,9,rf,nan,nan,nan,rf,nan,nan,precision_score,0.5,2026-05-26,3112586560
0.0,plants_ny_2017,9,rf,nan,nan,nan,rf,nan,nan,precision_score,0.5,2026-05-26,3902092882
0.0,plants_ny_2017,9,rf,nan,nan,nan,rf,nan,nan,precision_score,0.5,2026-05-26,2273246643
0.0,plants_ny_2017,9,rf,nan,nan,nan,rf,nan,nan,precision_score,0.5,2026-05-26,3802501010
0.0,plants_ny_2017,9,rf,nan,nan,nan,rf,nan,nan,precision_score,0.5,2026-05-26,3112399550
0.0,plants_ny_2017,9,rf,nan,nan,nan,rf,nan,nan,precision_score,0.5,2026-05-26,3301890614
0.0,plants_ny_2017,9,rf,nan,nan,nan,rf,nan,nan,precision_score,0.5,2026-05-26,3954224542
0.0,plants_ny_2017,9,rf,nan,nan,nan,rf,nan,nan,precision_score,0.5,2026-05-26,3952678043
0.0,plants_ny_2017,9,rf,nan,nan,nan,rf,nan,nan,precision_score,0.5,2026-05-26,2977247065
0.0,plants_ny_2017,9,rf,nan,nan,nan,rf,nan,nan,precision_score,0.5,2026-05-26,3325876495
0.0,plants_ny_2017,9,rf,nan,nan,nan,rf,nan,nan,precision_score,0.5,2026-05-26,3985830560
0.0,plants_ny_2017,9,rf,nan,nan,nan,rf,nan,nan,precision_score,0.5,2026-05-26,2397571846
0.0,plants_ny_2017,9,rf,nan,nan,nan,rf,nan,nan,precision_score,0.5,2026-05-26,2397574089
0.0,plants_ny_2017,9,rf,nan,nan,nan,rf,nan,nan,precision_score,0.5,2026-05-26,3956562427
0.0,plants_ny_2017,9,rf,nan,nan,nan,rf,nan,nan,precision_score,0.5,2026-05-26,3355101428
0.0,plants_ny_2017,9,rf,nan,nan,nan,rf,nan,nan,precision_score,0.5,2026-05-26,3337584494
0.0,plants_ny_2017,9,rf,nan,nan,nan,rf,nan,nan,precision_score,0.5,2026-05-26,4507601382
0.0,plants_ny_2017,9,rf,nan,nan,nan,rf,nan,nan,precision_score,0.5,2026-05-26,3953962240
0.0,plants_ny_2017,9,rf,nan,nan,nan,rf,nan,nan,precision_score,0.5,2026-05-26,3998118469
0.0,plants_ny_2017,9,rf,nan,nan,nan,rf,nan,nan,precision_score,0.5,2026-05-26,3892498668
0.0,plants_ny_2017,9,rf,nan,nan,nan,rf,nan,nan,precision_score,0.5,2026-05-26,3955414014
0.0,plants_ny_2017,9,rf,nan,nan,nan,rf,nan,nan,precision_score,0.5,2026-05-26,4028653375
0.0,plants_ny_2017,9,rf,nan,nan,nan,rf,nan,nan,precision_score,0.5,2026-05-26,5292902462
0.0,plants_ny_2017,9,rf,nan,nan,nan,rf,nan,nan,precision_score,0.5,2026-05-26,2977332767
0.0,plants_ny_2017,9,rf,nan,nan,nan,rf,nan,nan,precision_score,0.5,2026-05-26,2823238480
0.0,plants_ny_2017,9,rf,nan,nan,nan,rf,nan,nan,precision_score,0.5,2026-05-26,3959230264
0.0,plants_ny_2017,9,rf,nan,nan,nan,rf,nan,nan,precision_score,0.5,2026-05-26,3953842006
0.0,plants_ny_2017,9,rf,nan,nan,nan,rf,nan,nan,precision_score,0.5,2026-05-26,5076775353
0.0,plants_ny_2017,9,rf,nan,nan,nan,rf,nan,nan,precision_score,0.5,2026-05-26,2397471117
0.0,plants_ny_2017,9,rf,nan,nan,nan,rf,nan,nan,precision_score,0.5,2026-05-26,3956157395
0.0,plants_ny_2017,9,rf,nan,nan,nan,rf,nan,nan,precision_score,0.5,2026-05-26,3957399700
0.0,plants_ny_2017,9,rf,nan,nan,nan,rf,nan,nan,precision_score,0.5,2026-05-26,3952315647
0.0,plants_ny_2017,9,rf,nan,nan,nan,rf,nan,nan,precision_score,0.5,2026-05-26,2626376457
0.0,plants_ny_2017,9,rf,nan,nan,nan,rf,nan,nan,precision_score,0.5,2026-05-26,3999199737
0.0,plants_ny_2017,9,rf,nan,nan,nan,rf,nan,nan,precision_score,0.5,2026-05-26,2984516470
0.0,plants_ny_2017,9,rf,nan,nan,nan,rf,nan,nan,precision_score,0.5,2026-05-26,5282585160
0.0,plants_ny_2017,9,rf,nan,nan,nan,rf,nan,nan,precision_score,0.5,2026-05-26,2814033109
0.0,plants_ny_2017,9,rf,nan,nan,nan,rf,nan,nan,precision_score,0.5,2026-05-26,3953653781
0.0,plants_ny_2017,9,rf,nan,nan,nan,rf,nan,nan,precision_score,0.5,2026-05-26,1931500099
0.0,plants_ny_2017,9,rf,nan,nan,nan,rf,nan,nan,precision_score,0.5,2026-05-26,3468670331
0.0,plants_ny_2017,9,rf,nan,nan,nan,rf,nan,nan,precision_score,0.5,2026-05-26,3044705567
0.0,plants_ny_2017,9,rf,nan,nan,nan,rf,nan,nan,precision_score,0.5,2026-05-26,2634574091
0.0,plants_ny_2017,9,rf,nan,nan,nan,rf,nan,nan,precision_score,0.5,2026-05-26,2963855377
0.0,plants_ny_2017,9,rf,nan,nan,nan,rf,nan,nan,precision_score,0.5,2026-05-26,3999178352
0.0,plants_ny_2017,9,rf,nan,nan,nan,rf,nan,nan,precision_score,0.5,2026-05-26,4424137316
0.0,plants_ny_2017,9,rf,nan,nan,nan,rf,nan,nan,precision_score,0.5,2026-05-26,4162216329
0.0,plants_ny_2017,9,rf,nan,nan,nan,rf,nan,nan,precision_score,0.5,2026-05-26,3958044086
0.0,plants_ny_2017,9,rf,nan,nan,nan,rf,nan,nan,precision_score,0.5,2026-05-26,2366123774
0.0,plants_ny_2017,9,rf,nan,nan,nan,rf,nan,nan,precision_score,0.5,2026-05-26,2451589275
0.0,plants_ny_2017,9,rf,nan,nan,nan,rf,nan,nan,precision_score,0.5,2026-05-26,3873481843
0.0,plants_ny_2017,9,rf,nan,nan,nan,rf,nan,nan,precision_score,0.5,2026-05-26,3873757809
0.0,plants_ny_2017,9,rf,nan,nan,nan,rf,nan,nan,precision_score,0.5,2026-05-26,2826410565
0.0,plants_ny_2017,9,rf,nan,nan,nan,rf,nan,nan,precision_score,0.5,2026-05-26,5076752359
0.0,plants_ny_2017,9,rf,nan,nan,nan,rf,nan,nan,precision_score,0.5,2026-05-26,3873466586
0.0,plants_ny_2017,9,rf,nan,nan,nan,rf,nan,nan,precision_score,0.5,2026-05-26,4507861373
0.0,plants_ny_2017,9,rf,nan,nan,nan,rf,nan,nan,precision_score,0.5,2026-05-26,2818514518
0.0,plants_ny_2017,9,rf,nan,nan,nan,rf,nan,nan,precision_score,0.5,2026-05-26,4987681816
0.0,plants_ny_2017,9,rf,nan,nan,nan,rf,nan,nan,precision_score,0.5,2026-05-26,3466329727
0.0,plants_ny_2017,9,rf,nan,nan,nan,rf,nan,nan,precision_score,0.5,2026-05-26,4438871505
0.0,plants_ny_2017,9,rf,nan,nan,nan,rf,nan,nan,precision_score,0.5,2026-05-26,3953974437
0.0,plants_ny_2017,9,rf,nan,nan,nan,rf,nan,nan,precision_score,0.5,2026-05-26,4527971405
0.0,plants_ny_2017,9,rf,nan,nan,nan,rf,nan,nan,precision_score,0.5,2026-05-26,3302178683
0.0,plants_ny_2017,9,rf,nan,nan,nan,rf,nan,nan,precision_score,0.5,2026-05-26,4096410312
0.0,plants_ny_2017,9,rf,nan,nan,nan,rf,nan,nan,precision_score,0.5,2026-05-26,2823158419
0.0,plants_ny_2017,9,rf,nan,nan,nan,rf,nan,nan,precision_score,0.5,2026-05-26,3858288485
0.0,plants_ny_2017,9,rf,nan,nan,nan,rf,nan,nan,precision_score,0.5,2026-05-26,5837834794
0.0,plants_ny_2017,9,rf,nan,nan,nan,rf,nan,nan,precision_score,0.5,2026-05-26,3712461328
0.0,plants_ny_2017,9,rf,nan,nan,nan,rf,nan,nan,precision_score,0.5,2026-05-26,3873216721
0.0,plants_ny_2017,9,rf,nan,nan,nan,rf,nan,nan,precision_score,0.5,2026-05-26,3333123739
0.0,plants_ny_2017,9,rf,nan,nan,nan,rf,nan,nan,precision_score,0.5,2026-05-26,2818561503
0.0,plants_ny_2017,9,rf,nan,nan,nan,rf,nan,nan,precision_score,0.5,2026-05-26,2641594444
0.0,plants_ny_2017,9,rf,nan,nan,nan,rf,nan,nan,precision_score,0.5,2026-05-26,4516489039
0.0,plants_ny_2017,9,rf,nan,nan,nan,rf,nan,nan,precision_score,0.5,2026-05-26,1847617765
0.0,plants_ny_2017,9,rf,nan,nan,nan,rf,nan,nan,precision_score,0.5,2026-05-26,2814078131
0.0,plants_ny_2017,9,rf,nan,nan,nan,rf,nan,nan,precision_score,0.5,2026-05-26,3355032388
0.0,plants_ny_2017,9,rf,nan,nan,nan,rf,nan,nan,precision_score,0.5,2026-05-26,3355516640
0.0,plants_ny_2017,9,rf,nan,nan,nan,rf,nan,nan,precision_score,0.5,2026-05-26,2814033110
0.0,plants_ny_2017,9,rf,nan,nan,nan,rf,nan,nan,precision_score,0.5,2026-05-26,3874206302
0.0,plants_ny_2017,9,rf,nan,nan,nan,rf,nan,nan,precision_score,0.5,2026-05-26,2242926971
0.0,plants_ny_2017,9,rf,nan,nan,nan,rf,nan,nan,precision_score,0.5,2026-05-26,2873874180
0.0,plants_ny_2017,9,rf,nan,nan,nan,rf,nan,nan,precision_score,0.5,2026-05-26,3873403754
0.0,plants_ny_2017,9,rf,nan,nan,nan,rf,nan,nan,precision_score,0.5,2026-05-26,5837965318
0.0,plants_ny_2017,9,rf,nan,nan,nan,rf,nan,nan,precision_score,0.5,2026-05-26,3058719518
0.0,plants_ny_2017,9,rf,nan,nan,nan,rf,nan,nan,precision_score,0.5,2026-05-26,2826391600
0.0,plants_ny_2017,9,rf,nan,nan,nan,rf,nan,nan,precision_score,0.5,2026-05-26,2813988335
0.0,plants_ny_2017,9,rf,nan,nan,nan,rf,nan,nan,precision_score,0.5,2026-05-26,3384297917
0.0,plants_ny_2017,9,rf,nan,nan,nan,rf,nan,nan,precision_score,0.5,2026-05-26,2823307483
0.0,plants_ny_2017,9,rf,nan,nan,nan,rf,nan,nan,precision_score,0.5,2026-05-26,2641595512
0.0,plants_ny_2017,9,rf,nan,nan,nan,rf,nan,nan,precision_score,0.5,2026-05-26,3873463510
0.0,plants_ny_2017,9,rf,nan,nan,nan,rf,nan,nan,precision_score,0.5,2026-05-26,3355478396
0.0,plants_ny_2017,9,rf,nan,nan,nan,rf,nan,nan,precision_score,0.5,2026-05-26,4596773836
0.0,plants_ny_2017,9,rf,nan,nan,nan,rf,nan,nan,precision_score,0.5,2026-05-26,3956209138
0.0,plants_ny_2017,9,rf,nan,nan,nan,rf,nan,nan,precision_score,0.5,2026-05-26,3881874679
0.0,plants_ny_2017,9,rf,nan,nan,nan,rf,nan,nan,precision_score,0.5,2026-05-26,4516533448
0.0,plants_ny_2017,9,rf,nan,nan,nan,rf,nan,nan,precision_score,0.5,2026-05-26,3333250710
0.0,plants_ny_2017,9,rf,nan,nan,nan,rf,nan,nan,precision_score,0.5,2026-05-26,2252021007
0.0,plants_ny_2017,9,rf,nan,nan,nan,rf,nan,nan,precision_score,0.5,2026-05-26,3044597588
0.0,plants_ny_2017,9,rf,nan,nan,nan,rf,nan,nan,precision_score,0.5,2026-05-26,2814239399
0.0,plants_ny_2017,9,rf,nan,nan,nan,rf,nan,nan,precision_score,0.5,2026-05-26,3456961901
0.0,plants_ny_2017,9,rf,nan,nan,nan,rf,nan,nan,precision_score,0.5,2026-05-26,2366102341
0.0,plants_ny_2017,9,rf,nan,nan,nan,rf,nan,nan,precision_score,0.5,2026-05-26,2826264435
0.0,plants_ny_2017,9,rf,nan,nan,nan,rf,nan,nan,precision_score,0.5,2026-05-26,2252019125
0.0,plants_ny_2017,9,rf,nan,nan,nan,rf,nan,nan,precision_score,0.5,2026-05-26,2826309449
0.0,plants_ny_2017,9,rf,nan,nan,nan,rf,nan,nan,precision_score,0.5,2026-05-26,3044557547
0.0,plants_ny_2017,9,rf,nan,nan,nan,rf,nan,nan,precision_score,0.5,2026-05-26,3044896562
0.0,plants_ny_2017,9,rf,nan,nan,nan,rf,nan,nan,precision_score,0.5,2026-05-26,3881786514
0.0,plants_ny_2017,9,rf,nan,nan,nan,rf,nan,nan,precision_score,0.5,2026-05-26,2818531496
0.0,plants_ny_2017,9,rf,nan,nan,nan,rf,nan,nan,precision_score,0.5,2026-05-26,2252018236
0.0,plants_ny_2017,9,rf,nan,nan,nan,rf,nan,nan,precision_score,0.5,2026-05-26,2818546505
0.0,plants_ny_2017,9,rf,nan,nan,nan,rf,nan,nan,precision_score,0.5,2026-05-26,5760632288
0.0,plants_ny_2017,9,rf,nan,nan,nan,rf,nan,nan,precision_score,0.5,2026-05-26,1847617736
0.0,plants_ny_2017,9,rf,nan,nan,nan,rf,nan,nan,precision_score,0.5,2026-05-26,4936563945
0.0,plants_ny_2017,9,rf,nan,nan,nan,rf,nan,nan,precision_score,0.5,2026-05-26,2242955395
0.0,plants_ny_2017,9,rf,nan,nan,nan,rf,nan,nan,precision_score,0.5,2026-05-26,3955751216
0.0,plants_ny_2017,9,rf,nan,nan,nan,rf,nan,nan,precision_score,0.5,2026-05-26,5076719415
0.0,plants_ny_2017,9,rf,nan,nan,nan,rf,nan,nan,precision_score,0.5,2026-05-26,4921972389
0.0,plants_ny_2017,9,rf,nan,nan,nan,rf,nan,nan,precision_score,0.5,2026-05-26,3881878550
0.0,plants_ny_2017,9,rf,nan,nan,nan,rf,nan,nan,precision_score,0.5,2026-05-26,3860193247
0.0,plants_ny_2017,9,rf,nan,nan,nan,rf,nan,nan,precision_score,0.5,2026-05-26,2422841558
0.0,plants_ny_2017,9,rf,nan,nan,nan,rf,nan,nan,precision_score,0.5,2026-05-26,3058785510
0.0,plants_ny_2017,9,rf,nan,nan,nan,rf,nan,nan,precision_score,0.5,2026-05-26,3873016834
0.0,plants_ny_2017,9,rf,nan,nan,nan,rf,nan,nan,precision_score,0.5,2026-05-26,4982288930
0.0,plants_ny_2017,9,rf,nan,nan,nan,rf,nan,nan,precision_score,0.5,2026-05-26,3873351173
0.0,plants_ny_2017,9,rf,nan,nan,nan,rf,nan,nan,precision_score,0.5,2026-05-26,2984555327
0.0,plants_ny_2017,9,rf,nan,nan,nan,rf,nan,nan,precision_score,0.5,2026-05-26,2269220136
0.0,plants_ny_2017,9,rf,nan,nan,nan,rf,nan,nan,precision_score,0.5,2026-05-26,3881469877
0.0,plants_ny_2017,9,rf,nan,nan,nan,rf,nan,nan,precision_score,0.5,2026-05-26,3958078105
0.0,plants_ny_2017,9,rf,nan,nan,nan,rf,nan,nan,precision_score,0.5,2026-05-26,3959923790
0.0,plants_ny_2017,9,rf,nan,nan,nan,rf,nan,nan,precision_score,0.5,2026-05-26,3954270841
0.0,plants_ny_2017,9,rf,nan,nan,nan,rf,nan,nan,precision_score,0.5,2026-05-26,3949244745
0.0,plants_ny_2017,9,rf,nan,nan,nan,rf,nan,nan,precision_score,0.5,2026-05-26,3953404417
0.0,plants_ny_2017,9,rf,nan,nan,nan,rf,nan,nan,precision_score,0.5,2026-05-26,3008543385
0.0,plants_ny_2017,9,rf,nan,nan,nan,rf,nan,nan,precision_score,0.5,2026-05-26,3958637443
0.0,plants_ny_2017,9,rf,nan,nan,nan,rf,nan,nan,precision_score,0.5,2026-05-26,4527970623
0.0,plants_ny_2017,9,rf,nan,nan,nan,rf,nan,nan,precision_score,0.5,2026-05-26,3747287475
0.0,plants_ny_2017,9,rf,nan,nan,nan,rf,nan,nan,precision_score,0.5,2026-05-26,3955115329
0.0,plants_ny_2017,9,rf,nan,nan,nan,rf,nan,nan,precision_score,0.5,2026-05-26,3955085000
0.0,plants_ny_2017,9,rf,nan,nan,nan,rf,nan,nan,precision_score,0.5,2026-05-26,3998317809
0.0,plants_ny_2017,9,rf,nan,nan,nan,rf,nan,nan,precision_score,0.5,2026-05-26,2988311499
0.0,plants_ny_2017,9,rf,nan,nan,nan,rf,nan,nan,precision_score,0.5,2026-05-26,3954835629
0.0,plants_ny_2017,9,rf,nan,nan,nan,rf,nan,nan,precision_score,0.5,2026-05-26,3985724242
0.0,plants_ny_2017,9,rf,nan,nan,nan,rf,nan,nan,precision_score,0.5,2026-05-26,3958151770
0.0,plants_ny_2017,9,rf,nan,nan,nan,rf,nan,nan,precision_score,0.5,2026-05-26,2850678996
0.0,plants_ny_2017,9,rf,nan,nan,nan,rf,nan,nan,precision_score,0.5,2026-05-26,3307274653
0.0,plants_ny_2017,9,rf,nan,nan,nan,rf,nan,nan,precision_score,0.5,2026-05-26,3343840351
0.0,plants_ny_2017,9,rf,nan,nan,nan,rf,nan,nan,precision_score,0.5,2026-05-26,4516419370
0.0,plants_ny_2017,9,rf,nan,nan,nan,rf,nan,nan,precision_score,0.5,2026-05-26,3957130842
0.0,plants_ny_2017,9,rf,nan,nan,nan,rf,nan,nan,precision_score,0.5,2026-05-26,3959112274
0.0,plants_ny_2017,9,rf,nan,nan,nan,rf,nan,nan,precision_score,0.5,2026-05-26,3952675673
0.0,plants_ny_2017,9,rf,nan,nan,nan,rf,nan,nan,precision_score,0.5,2026-05-26,3456553009
0.0,plants_ny_2017,9,rf,nan,nan,nan,rf,nan,nan,precision_score,0.5,2026-05-26,3956459843
0.0,plants_ny_2017,9,rf,nan,nan,nan,rf,nan,nan,precision_score,0.5,2026-05-26,4018281472
0.0,plants_ny_2017,9,rf,nan,nan,nan,rf,nan,nan,precision_score,0.5,2026-05-26,2851222173
0.0,plants_ny_2017,9,rf,nan,nan,nan,rf,nan,nan,precision_score,0.5,2026-05-26,3955061583
0.0,plants_ny_2017,9,rf,nan,nan,nan,rf,nan,nan,precision_score,0.5,2026-05-26,3952055622
0.0,plants_ny_2017,9,rf,nan,nan,nan,rf,nan,nan,precision_score,0.5,2026-05-26,2999203337
0.0,plants_ny_2017,9,rf,nan,nan,nan,rf,nan,nan,precision_score,0.5,2026-05-26,4516390969
0.0,plants_ny_2017,9,rf,nan,nan,nan,rf,nan,nan,precision_score,0.5,2026-05-26,3958742480
0.0,plants_ny_2017,9,rf,nan,nan,nan,rf,nan,nan,precision_score,0.5,2026-05-26,2901559340
0.0,plants_ny_2017,9,rf,nan,nan,nan,rf,nan,nan,precision_score,0.5,2026-05-26,2826383607
0.0,plants_ny_2017,9,rf,nan,nan,nan,rf,nan,nan,precision_score,0.5,2026-05-26,3330452956
0.0,plants_ny_2017,9,rf,nan,nan,nan,rf,nan,nan,precision_score,0.5,2026-05-26,2447832216
0.0,plants_ny_2017,9,rf,nan,nan,nan,rf,nan,nan,precision_score,0.5,2026-05-26,3998280026
0.0,plants_ny_2017,9,rf,nan,nan,nan,rf,nan,nan,precision_score,0.5,2026-05-26,3951765114
0.0,plants_ny_2017,9,rf,nan,nan,nan,rf,nan,nan,precision_score,0.5,2026-05-26,4936462453
0.0,plants_ny_2017,9,rf,nan,nan,nan,rf,nan,nan,precision_score,0.5,2026-05-26,2963810335
0.0,plants_ny_2017,9,rf,nan,nan,nan,rf,nan,nan,precision_score,0.5,2026-05-26,5932438984
0.0,plants_ny_2017,9,rf,nan,nan,nan,rf,nan,nan,precision_score,0.5,2026-05-26,3889195436
0.0,plants_ny_2017,9,rf,nan,nan,nan,rf,nan,nan,precision_score,0.5,2026-05-26,3957034482
0.0,plants_ny_2017,9,rf,nan,nan,nan,rf,nan,nan,precision_score,0.5,2026-05-26,3330721985
0.0,plants_ny_2017,9,rf,nan,nan,nan,rf,nan,nan,precision_score,0.5,2026-05-26,4465359647
0.0,plants_ny_2017,9,rf,nan,nan,nan,rf,nan,nan,precision_score,0.5,2026-05-26,2283170862
0.0,plants_ny_2017,9,rf,nan,nan,nan,rf,nan,nan,precision_score,0.5,2026-05-26,3355317083
0.0,plants_ny_2017,9,rf,nan,nan,nan,rf,nan,nan,precision_score,0.5,2026-05-26,3330505965
0.0,plants_ny_2017,9,rf,nan,nan,nan,rf,nan,nan,precision_score,0.5,2026-05-26,4076286520
0.0,plants_ny_2017,9,rf,nan,nan,nan,rf,nan,nan,precision_score,0.5,2026-05-26,4516357456
0.0,plants_ny_2017,9,rf,nan,nan,nan,rf,nan,nan,precision_score,0.5,2026-05-26,3956976062
0.0,plants_ny_2017,9,rf,nan,nan,nan,rf,nan,nan,precision_score,0.5,2026-05-26,1850963789
0.0,plants_ny_2017,9,rf,nan,nan,nan,rf,nan,nan,precision_score,0.5,2026-05-26,3859803575
0.0,plants_ny_2017,9,rf,nan,nan,nan,rf,nan,nan,precision_score,0.5,2026-05-26,2397651159
0.0,plants_ny_2017,9,rf,nan,nan,nan,rf,nan,nan,precision_score,0.5,2026-05-26,4519327330
0.0,plants_ny_2017,9,rf,nan,nan,nan,rf,nan,nan,precision_score,0.5,2026-05-26,4413488528
0.0,plants_ny_2017,9,rf,nan,nan,nan,rf,nan,nan,precision_score,0.5,2026-05-26,3031591009
0.0,plants_ny_2017,9,rf,nan,nan,nan,rf,nan,nan,precision_score,0.5,2026-05-26,3384209016
0.0,plants_ny_2017,9,rf,nan,nan,nan,rf,nan,nan,precision_score,0.5,2026-05-26,3455737547
0.0,plants_ny_2017,9,rf,nan,nan,nan,rf,nan,nan,precision_score,0.5,2026-05-26,5838325439
0.0,plants_ny_2017,9,rf,nan,nan,nan,rf,nan,nan,precision_score,0.5,2026-05-26,3469008560
0.0,plants_ny_2017,9,rf,nan,nan,nan,rf,nan,nan,precision_score,0.5,2026-05-26,3468870472
0.0,plants_ny_2017,9,rf,nan,nan,nan,rf,nan,nan,precision_score,0.5,2026-05-26,2444983973
0.0,plants_ny_2017,9,rf,nan,nan,nan,rf,nan,nan,precision_score,0.5,2026-05-26,4908505116
0.0,plants_ny_2017,9,rf,nan,nan,nan,rf,nan,nan,precision_score,0.5,2026-05-26,3959779432
0.0,plants_ny_2017,9,rf,nan,nan,nan,rf,nan,nan,precision_score,0.5,2026-05-26,4516636705
0.0,plants_ny_2017,9,rf,nan,nan,nan,rf,nan,nan,precision_score,0.5,2026-05-26,3355426478
0.0,plants_ny_2017,9,rf,nan,nan,nan,rf,nan,nan,precision_score,0.5,2026-05-26,2517952060
0.0,plants_ny_2017,9,rf,nan,nan,nan,rf,nan,nan,precision_score,0.5,2026-05-26,3384879974
0.0,plants_ny_2017,9,rf,nan,nan,nan,rf,nan,nan,precision_score,0.5,2026-05-26,3712455447
0.0,plants_ny_2017,9,rf,nan,nan,nan,rf,nan,nan,precision_score,0.5,2026-05-26,3802638799
0.0,plants_ny_2017,9,rf,nan,nan,nan,rf,nan,nan,precision_score,0.5,2026-05-26,2988292224
0.0,plants_ny_2017,9,rf,nan,nan,nan,rf,nan,nan,precision_score,0.5,2026-05-26,3953472981
0.0,plants_ny_2017,9,rf,nan,nan,nan,rf,nan,nan,precision_score,0.5,2026-05-26,3398772790
0.0,plants_ny_2017,9,rf,nan,nan,nan,rf,nan,nan,precision_score,0.5,2026-05-26,5217066350
0.0,plants_ny_2017,9,rf,nan,nan,nan,rf,nan,nan,precision_score,0.5,2026-05-26,3902078610
0.0,plants_ny_2017,9,rf,nan,nan,nan,rf,nan,nan,precision_score,0.5,2026-05-26,3456328631
0.0,plants_ny_2017,9,rf,nan,nan,nan,rf,nan,nan,precision_score,0.5,2026-05-26,3456062518
0.0,plants_ny_2017,9,rf,nan,nan,nan,rf,nan,nan,precision_score,0.5,2026-05-26,4018555450
0.0,plants_ny_2017,9,rf,nan,nan,nan,rf,nan,nan,precision_score,0.5,2026-05-26,3399180831
0.0,plants_ny_2017,9,rf,nan,nan,nan,rf,nan,nan,precision_score,0.5,2026-05-26,2963843407
0.0,plants_ny_2017,9,rf,nan,nan,nan,rf,nan,nan,precision_score,0.5,2026-05-26,3951628414
0.0,plants_ny_2017,9,rf,nan,nan,nan,rf,nan,nan,precision_score,0.5,2026-05-26,3333384472
0.0,plants_ny_2017,9,rf,nan,nan,nan,rf,nan,nan,precision_score,0.5,2026-05-26,2851220205
0.0,plants_ny_2017,9,rf,nan,nan,nan,rf,nan,nan,precision_score,0.5,2026-05-26,4522547531
0.0,plants_ny_2017,9,rf,nan,nan,nan,rf,nan,nan,precision_score,0.5,2026-05-26,3320956071
0.0,plants_ny_2017,9,rf,nan,nan,nan,rf,nan,nan,precision_score,0.5,2026-05-26,2456593022
0.0,plants_ny_2017,9,rf,nan,nan,nan,rf,nan,nan,precision_score,0.5,2026-05-26,2311334183
0.0,plants_ny_2017,9,rf,nan,nan,nan,rf,nan,nan,precision_score,0.5,2026-05-26,3325670023
0.0,plants_ny_2017,9,rf,nan,nan,nan,rf,nan,nan,precision_score,0.5,2026-05-26,3325579989
0.0,plants_ny_2017,9,rf,nan,nan,nan,rf,nan,nan,precision_score,0.5,2026-05-26,3325839078
0.0,plants_ny_2017,9,rf,nan,nan,nan,rf,nan,nan,precision_score,0.5,2026-05-26,2814184613
0.0,plants_ny_2017,9,rf,nan,nan,nan,rf,nan,nan,precision_score,0.5,2026-05-26,5140376141
0.0,plants_ny_2017,9,rf,nan,nan,nan,rf,nan,nan,precision_score,0.5,2026-05-26,3321134196
0.0,plants_ny_2017,9,rf,nan,nan,nan,rf,nan,nan,precision_score,0.5,2026-05-26,3330723714
0.0,plants_ny_2017,9,rf,nan,nan,nan,rf,nan,nan,precision_score,0.5,2026-05-26,2422912178
0.0,plants_ny_2017,9,rf,nan,nan,nan,rf,nan,nan,precision_score,0.5,2026-05-26,3325792475
0.0,plants_ny_2017,9,rf,nan,nan,nan,rf,nan,nan,precision_score,0.5,2026-05-26,2422911567
0.0,plants_ny_2017,9,rf,nan,nan,nan,rf,nan,nan,precision_score,0.5,2026-05-26,2445052509
0.0,plants_ny_2017,9,rf,nan,nan,nan,rf,nan,nan,precision_score,0.5,2026-05-26,2859955486
0.0,plants_ny_2017,9,rf,nan,nan,nan,rf,nan,nan,precision_score,0.5,2026-05-26,3858697657
0.0,plants_ny_2017,9,rf,nan,nan,nan,rf,nan,nan,precision_score,0.5,2026-05-26,4527933661
0.0,plants_ny_2017,9,rf,nan,nan,nan,rf,nan,nan,precision_score,0.5,2026-05-26,2265878321
0.0,plants_ny_2017,9,rf,nan,nan,nan,rf,nan,nan,precision_score,0.5,2026-05-26,3321282329
0.0,plants_ny_2017,9,rf,nan,nan,nan,rf,nan,nan,precision_score,0.5,2026-05-26,3860281676
0.0,plants_ny_2017,9,rf,nan,nan,nan,rf,nan,nan,precision_score,0.5,2026-05-26,3355238571
0.0,plants_ny_2017,9,rf,nan,nan,nan,rf,nan,nan,precision_score,0.5,2026-05-26,2265832912
0.0,plants_ny_2017,9,rf,nan,nan,nan,rf,nan,nan,precision_score,0.5,2026-05-26,2447842371
0.0,plants_ny_2017,9,rf,nan,nan,nan,rf,nan,nan,precision_score,0.5,2026-05-26,3383917789
0.0,plants_ny_2017,9,rf,nan,nan,nan,rf,nan,nan,precision_score,0.5,2026-05-26,3320891220
0.0,plants_ny_2017,9,rf,nan,nan,nan,rf,nan,nan,precision_score,0.5,2026-05-26,5086885467
0.0,plants_ny_2017,9,rf,nan,nan,nan,rf,nan,nan,precision_score,0.5,2026-05-26,3320940157
0.0,plants_ny_2017,9,rf,nan,nan,nan,rf,nan,nan,precision_score,0.5,2026-05-26,3321020352
0.0,plants_ny_2017,9,rf,nan,nan,nan,rf,nan,nan,precision_score,0.5,2026-05-26,3858506628
0.0,plants_ny_2017,9,rf,nan,nan,nan,rf,nan,nan,precision_score,0.5,2026-05-26,2423060972
0.0,plants_ny_2017,9,rf,nan,nan,nan,rf,nan,nan,precision_score,0.5,2026-05-26,3759163640
0.0,plants_ny_2017,9,rf,nan,nan,nan,rf,nan,nan,precision_score,0.5,2026-05-26,2422848189
0.0,plants_ny_2017,9,rf,nan,nan,nan,rf,nan,nan,precision_score,0.5,2026-05-26,3321127226
0.0,plants_ny_2017,9,rf,nan,nan,nan,rf,nan,nan,precision_score,0.5,2026-05-26,2265834075
0.0,plants_ny_2017,9,rf,nan,nan,nan,rf,nan,nan,precision_score,0.5,2026-05-26,3335441283
0.0,plants_ny_2017,9,rf,nan,nan,nan,rf,nan,nan,precision_score,0.5,2026-05-26,2422908117
0.0,plants_ny_2017,9,rf,nan,nan,nan,rf,nan,nan,precision_score,0.5,2026-05-26,3325568037
0.0,plants_ny_2017,9,rf,nan,nan,nan,rf,nan,nan,precision_score,0.5,2026-05-26,3955467336
0.0,plants_ny_2017,9,rf,nan,nan,nan,rf,nan,nan,precision_score,0.5,2026-05-26,3325547536
0.0,plants_ny_2017,9,rf,nan,nan,nan,rf,nan,nan,precision_score,0.5,2026-05-26,5215974361
0.0,plants_ny_2017,9,rf,nan,nan,nan,rf,nan,nan,precision_score,0.5,2026-05-26,3320957204
0.0,plants_ny_2017,9,rf,nan,nan,nan,rf,nan,nan,precision_score,0.5,2026-05-26,3355093339
0.0,plants_ny_2017,9,rf,nan,nan,nan,rf,nan,nan,precision_score,0.5,2026-05-26,3860238663
0.0,plants_ny_2017,9,rf,nan,nan,nan,rf,nan,nan,precision_score,0.5,2026-05-26,2447840644
0.0,plants_ny_2017,9,rf,nan,nan,nan,rf,nan,nan,precision_score,0.5,2026-05-26,3858698018
0.0,plants_ny_2017,9,rf,nan,nan,nan,rf,nan,nan,precision_score,0.5,2026-05-26,3325529976
0.0,plants_ny_2017,9,rf,nan,nan,nan,rf,nan,nan,precision_score,0.5,2026-05-26,3321014318
0.0,plants_ny_2017,9,rf,nan,nan,nan,rf,nan,nan,precision_score,0.5,2026-05-26,3327768592
0.0,plants_ny_2017,9,rf,nan,nan,nan,rf,nan,nan,precision_score,0.5,2026-05-26,3330518946
0.0,plants_ny_2017,9,rf,nan,nan,nan,rf,nan,nan,precision_score,0.5,2026-05-26,3325470992
0.0,plants_ny_2017,9,rf,nan,nan,nan,rf,nan,nan,precision_score,0.5,2026-05-26,4442509490
0.0,plants_ny_2017,9,rf,nan,nan,nan,rf,nan,nan,precision_score,0.5,2026-05-26,3858613733
0.0,plants_ny_2017,9,rf,nan,nan,nan,rf,nan,nan,precision_score,0.5,2026-05-26,3014068533
0.0,plants_ny_2017,9,rf,nan,nan,nan,rf,nan,nan,precision_score,0.5,2026-05-26,3327675600
0.0,plants_ny_2017,9,rf,nan,nan,nan,rf,nan,nan,precision_score,0.5,2026-05-26,3321255374
0.0,plants_ny_2017,9,rf,nan,nan,nan,rf,nan,nan,precision_score,0.5,2026-05-26,3320979314
0.0,plants_ny_2017,9,rf,nan,nan,nan,rf,nan,nan,precision_score,0.5,2026-05-26,3859484992
0.0,plants_ny_2017,9,rf,nan,nan,nan,rf,nan,nan,precision_score,0.5,2026-05-26,3335420262
0.0,plants_ny_2017,9,rf,nan,nan,nan,rf,nan,nan,precision_score,0.5,2026-05-26,3873531941
0.0,plants_ny_2017,9,rf,nan,nan,nan,rf,nan,nan,precision_score,0.5,2026-05-26,3044832689
0.0,plants_ny_2017,9,rf,nan,nan,nan,rf,nan,nan,precision_score,0.5,2026-05-26,3320905175
0.0,plants_ny_2017,9,rf,nan,nan,nan,rf,nan,nan,precision_score,0.5,2026-05-26,4424249443
0.0,plants_ny_2017,9,rf,nan,nan,nan,rf,nan,nan,precision_score,0.5,2026-05-26,3712752411
0.0,plants_ny_2017,9,rf,nan,nan,nan,rf,nan,nan,precision_score,0.5,2026-05-26,2269225795
0.0,plants_ny_2017,9,rf,nan,nan,nan,rf,nan,nan,precision_score,0.5,2026-05-26,3321246338
0.0,plants_ny_2017,9,rf,nan,nan,nan,rf,nan,nan,precision_score,0.5,2026-05-26,3335164256
0.0,plants_ny_2017,9,rf,nan,nan,nan,rf,nan,nan,precision_score,0.5,2026-05-26,2265878225
0.0,plants_ny_2017,9,rf,nan,nan,nan,rf,nan,nan,precision_score,0.5,2026-05-26,3321221354
0.0,plants_ny_2017,9,rf,nan,nan,nan,rf,nan,nan,precision_score,0.5,2026-05-26,2397621080
0.0,plants_ny_2017,9,rf,nan,nan,nan,rf,nan,nan,precision_score,0.5,2026-05-26,5140229152
0.0,plants_ny_2017,9,rf,nan,nan,nan,rf,nan,nan,precision_score,0.5,2026-05-26,3956110299
0.0,plants_ny_2017,9,rf,nan,nan,nan,rf,nan,nan,precision_score,0.5,2026-05-26,3321321461
0.0,plants_ny_2017,9,rf,nan,nan,nan,rf,nan,nan,precision_score,0.5,2026-05-26,2422909098
0.0,plants_ny_2017,9,rf,nan,nan,nan,rf,nan,nan,precision_score,0.5,2026-05-26,3330621846
0.0,plants_ny_2017,9,rf,nan,nan,nan,rf,nan,nan,precision_score,0.5,2026-05-26,5838283189
0.0,plants_ny_2017,9,rf,nan,nan,nan,rf,nan,nan,precision_score,0.5,2026-05-26,2445025486
0.0,plants_ny_2017,9,rf,nan,nan,nan,rf,nan,nan,precision_score,0.5,2026-05-26,2422908332
0.0,plants_ny_2017,9,rf,nan,nan,nan,rf,nan,nan,precision_score,0.5,2026-05-26,3335109274
0.0,plants_ny_2017,9,rf,nan,nan,nan,rf,nan,nan,precision_score,0.5,2026-05-26,2883110527
0.0,plants_ny_2017,9,rf,nan,nan,nan,rf,nan,nan,precision_score,0.5,2026-05-26,3031955480
0.0,plants_ny_2017,9,rf,nan,nan,nan,rf,nan,nan,precision_score,0.5,2026-05-26,3858950706
0.0,plants_ny_2017,9,rf,nan,nan,nan,rf,nan,nan,precision_score,0.5,2026-05-26,3384266822
0.0,plants_ny_2017,9,rf,nan,nan,nan,rf,nan,nan,precision_score,0.5,2026-05-26,3998087634
0.0,plants_ny_2017,9,rf,nan,nan,nan,rf,nan,nan,precision_score,0.5,2026-05-26,3383882820
0.0,plants_ny_2017,9,rf,nan,nan,nan,rf,nan,nan,precision_score,0.5,2026-05-26,4014938432
0.0,plants_ny_2017,9,rf,nan,nan,nan,rf,nan,nan,precision_score,0.5,2026-05-26,2294423868
0.0,plants_ny_2017,9,rf,nan,nan,nan,rf,nan,nan,precision_score,0.5,2026-05-26,2422908104
0.0,plants_ny_2017,9,rf,nan,nan,nan,rf,nan,nan,precision_score,0.5,2026-05-26,4535867564
0.0,plants_ny_2017,9,rf,nan,nan,nan,rf,nan,nan,precision_score,0.5,2026-05-26,3325713988
0.0,plants_ny_2017,9,rf,nan,nan,nan,rf,nan,nan,precision_score,0.5,2026-05-26,2422910187
0.0,plants_ny_2017,9,rf,nan,nan,nan,rf,nan,nan,precision_score,0.5,2026-05-26,3343720014
0.0,plants_ny_2017,9,rf,nan,nan,nan,rf,nan,nan,precision_score,0.5,2026-05-26,3325765540
0.0,plants_ny_2017,9,rf,nan,nan,nan,rf,nan,nan,precision_score,0.5,2026-05-26,3858963643
0.0,plants_ny_2017,9,rf,nan,nan,nan,rf,nan,nan,precision_score,0.5,2026-05-26,4901799426
0.0,plants_ny_2017,9,rf,nan,nan,nan,rf,nan,nan,precision_score,0.5,2026-05-26,4076272444
0.0,plants_ny_2017,9,rf,nan,nan,nan,rf,nan,nan,precision_score,0.5,2026-05-26,3321229350
0.0,plants_ny_2017,9,rf,nan,nan,nan,rf,nan,nan,precision_score,0.5,2026-05-26,3320953196
0.0,plants_ny_2017,9,rf,nan,nan,nan,rf,nan,nan,precision_score,0.5,2026-05-26,3321168318
0.0,plants_ny_2017,9,rf,nan,nan,nan,rf,nan,nan,precision_score,0.5,2026-05-26,3321124478
0.0,plants_ny_2017,9,rf,nan,nan,nan,rf,nan,nan,precision_score,0.5,2026-05-26,2802539423
0.0,plants_ny_2017,9,rf,nan,nan,nan,rf,nan,nan,precision_score,0.5,2026-05-26,2626495385
0.0,plants_ny_2017,9,rf,nan,nan,nan,rf,nan,nan,precision_score,0.5,2026-05-26,3335137496
0.0,plants_ny_2017,9,rf,nan,nan,nan,rf,nan,nan,precision_score,0.5,2026-05-26,3330485510
0.0,plants_ny_2017,9,rf,nan,nan,nan,rf,nan,nan,precision_score,0.5,2026-05-26,3335425504
0.0,plants_ny_2017,9,rf,nan,nan,nan,rf,nan,nan,precision_score,0.5,2026-05-26,3335377453
0.0,plants_ny_2017,9,rf,nan,nan,nan,rf,nan,nan,precision_score,0.5,2026-05-26,3320892254
0.0,plants_ny_2017,9,rf,nan,nan,nan,rf,nan,nan,precision_score,0.5,2026-05-26,2456590301
0.0,plants_ny_2017,9,rf,nan,nan,nan,rf,nan,nan,precision_score,0.5,2026-05-26,3330798373
0.0,plants_ny_2017,9,rf,nan,nan,nan,rf,nan,nan,precision_score,0.5,2026-05-26,2331882958
0.0,plants_ny_2017,9,rf,nan,nan,nan,rf,nan,nan,precision_score,0.5,2026-05-26,3031913702
0.0,plants_ny_2017,9,rf,nan,nan,nan,rf,nan,nan,precision_score,0.5,2026-05-26,2350330180
0.0,plants_ny_2017,9,rf,nan,nan,nan,rf,nan,nan,precision_score,0.5,2026-05-26,3873598308
0.0,plants_ny_2017,9,rf,nan,nan,nan,rf,nan,nan,precision_score,0.5,2026-05-26,3031783632
0.0,plants_ny_2017,9,rf,nan,nan,nan,rf,nan,nan,precision_score,0.5,2026-05-26,4852784181
0.0,plants_ny_2017,9,rf,nan,nan,nan,rf,nan,nan,precision_score,0.5,2026-05-26,2456592218
0.0,plants_ny_2017,9,rf,nan,nan,nan,rf,nan,nan,precision_score,0.5,2026-05-26,3743048488
0.0,plants_ny_2017,9,rf,nan,nan,nan,rf,nan,nan,precision_score,0.5,2026-05-26,3005181826
0.0,plants_ny_2017,9,rf,nan,nan,nan,rf,nan,nan,precision_score,0.5,2026-05-26,3881376498
0.0,plants_ny_2017,9,rf,nan,nan,nan,rf,nan,nan,precision_score,0.5,2026-05-26,4528172341
0.0,plants_ny_2017,9,rf,nan,nan,nan,rf,nan,nan,precision_score,0.5,2026-05-26,2456591958
0.0,plants_ny_2017,9,rf,nan,nan,nan,rf,nan,nan,precision_score,0.5,2026-05-26,3957874003
0.0,plants_ny_2017,9,rf,nan,nan,nan,rf,nan,nan,precision_score,0.5,2026-05-26,3343732472
0.0,plants_ny_2017,9,rf,nan,nan,nan,rf,nan,nan,precision_score,0.5,2026-05-26,5837725320
0.0,plants_ny_2017,9,rf,nan,nan,nan,rf,nan,nan,precision_score,0.5,2026-05-26,3330586325
0.0,plants_ny_2017,9,rf,nan,nan,nan,rf,nan,nan,precision_score,0.5,2026-05-26,3743173459
0.0,plants_ny_2017,9,rf,nan,nan,nan,rf,nan,nan,precision_score,0.5,2026-05-26,2988513697
0.0,plants_ny_2017,9,rf,nan,nan,nan,rf,nan,nan,precision_score,0.5,2026-05-26,3773256410
0.0,plants_ny_2017,9,rf,nan,nan,nan,rf,nan,nan,precision_score,0.5,2026-05-26,4424380487
0.0,plants_ny_2017,9,rf,nan,nan,nan,rf,nan,nan,precision_score,0.5,2026-05-26,2898505859
0.0,plants_ny_2017,9,rf,nan,nan,nan,rf,nan,nan,precision_score,0.5,2026-05-26,2576250963
0.0,plants_ny_2017,9,rf,nan,nan,nan,rf,nan,nan,precision_score,0.5,2026-05-26,2611308439
0.0,plants_ny_2017,9,rf,nan,nan,nan,rf,nan,nan,precision_score,0.5,2026-05-26,2331884973
0.0,plants_ny_2017,9,rf,nan,nan,nan,rf,nan,nan,precision_score,0.5,2026-05-26,3952073213
0.0,plants_ny_2017,9,rf,nan,nan,nan,rf,nan,nan,precision_score,0.5,2026-05-26,3953863331
0.0,plants_ny_2017,9,rf,nan,nan,nan,rf,nan,nan,precision_score,0.5,2026-05-26,3954143829
0.0,plants_ny_2017,9,rf,nan,nan,nan,rf,nan,nan,precision_score,0.5,2026-05-26,3947273854
0.0,plants_ny_2017,9,rf,nan,nan,nan,rf,nan,nan,precision_score,0.5,2026-05-26,3960384706
0.0,plants_ny_2017,9,rf,nan,nan,nan,rf,nan,nan,precision_score,0.5,2026-05-26,2963829665
0.0,plants_ny_2017,9,rf,nan,nan,nan,rf,nan,nan,precision_score,0.5,2026-05-26,5932684154
0.0,plants_ny_2017,9,rf,nan,nan,nan,rf,nan,nan,precision_score,0.5,2026-05-26,3398684778
0.0,plants_ny_2017,9,rf,nan,nan,nan,rf,nan,nan,precision_score,0.5,2026-05-26,3873592057
0.0,plants_ny_2017,9,rf,nan,nan,nan,rf,nan,nan,precision_score,0.5,2026-05-26,3456074080
0.0,plants_ny_2017,9,rf,nan,nan,nan,rf,nan,nan,precision_score,0.5,2026-05-26,4987388888
0.0,plants_ny_2017,9,rf,nan,nan,nan,rf,nan,nan,precision_score,0.5,2026-05-26,3959114613
0.0,plants_ny_2017,9,rf,nan,nan,nan,rf,nan,nan,precision_score,0.5,2026-05-26,2643506885
0.0,plants_ny_2017,9,rf,nan,nan,nan,rf,nan,nan,precision_score,0.5,2026-05-26,3952195284
0.0,plants_ny_2017,9,rf,nan,nan,nan,rf,nan,nan,precision_score,0.5,2026-05-26,3956445208
0.0,plants_ny_2017,9,rf,nan,nan,nan,rf,nan,nan,precision_score,0.5,2026-05-26,2975578278
0.0,plants_ny_2017,9,rf,nan,nan,nan,rf,nan,nan,precision_score,0.5,2026-05-26,3957744235
0.0,plants_ny_2017,9,rf,nan,nan,nan,rf,nan,nan,precision_score,0.5,2026-05-26,3384267153
0.0,plants_ny_2017,9,rf,nan,nan,nan,rf,nan,nan,precision_score,0.5,2026-05-26,3872989884
0.0,plants_ny_2017,9,rf,nan,nan,nan,rf,nan,nan,precision_score,0.5,2026-05-26,3859167304
0.0,plants_ny_2017,9,rf,nan,nan,nan,rf,nan,nan,precision_score,0.5,2026-05-26,4022229553
0.0,plants_ny_2017,9,rf,nan,nan,nan,rf,nan,nan,precision_score,0.5,2026-05-26,3773638754
0.0,plants_ny_2017,9,rf,nan,nan,nan,rf,nan,nan,precision_score,0.5,2026-05-26,3985687642
0.0,plants_ny_2017,9,rf,nan,nan,nan,rf,nan,nan,precision_score,0.5,2026-05-26,3343996654
0.0,plants_ny_2017,9,rf,nan,nan,nan,rf,nan,nan,precision_score,0.5,2026-05-26,3872964171
0.0,plants_ny_2017,9,rf,nan,nan,nan,rf,nan,nan,precision_score,0.5,2026-05-26,3951507084
0.0,plants_ny_2017,9,rf,nan,nan,nan,rf,nan,nan,precision_score,0.5,2026-05-26,3889105420
0.0,plants_ny_2017,9,rf,nan,nan,nan,rf,nan,nan,precision_score,0.5,2026-05-26,3947243633
0.0,plants_ny_2017,9,rf,nan,nan,nan,rf,nan,nan,precision_score,0.5,2026-05-26,3960230597
0.0,plants_ny_2017,9,rf,nan,nan,nan,rf,nan,nan,precision_score,0.5,2026-05-26,3998744824
0.0,plants_ny_2017,9,rf,nan,nan,nan,rf,nan,nan,precision_score,0.5,2026-05-26,3860422407
0.0,plants_ny_2017,9,rf,nan,nan,nan,rf,nan,nan,precision_score,0.5,2026-05-26,3455641678
0.0,plants_ny_2017,9,rf,nan,nan,nan,rf,nan,nan,precision_score,0.5,2026-05-26,3888875492
0.0,plants_ny_2017,9,rf,nan,nan,nan,rf,nan,nan,precision_score,0.5,2026-05-26,3873610040
0.0,plants_ny_2017,9,rf,nan,nan,nan,rf,nan,nan,precision_score,0.5,2026-05-26,5062506400
0.0,plants_ny_2017,9,rf,nan,nan,nan,rf,nan,nan,precision_score,0.5,2026-05-26,3999061722
0.0,plants_ny_2017,9,rf,nan,nan,nan,rf,nan,nan,precision_score,0.5,2026-05-26,3112578786
0.0,plants_ny_2017,9,rf,nan,nan,nan,rf,nan,nan,precision_score,0.5,2026-05-26,3998198641
0.0,plants_ny_2017,9,rf,nan,nan,nan,rf,nan,nan,precision_score,0.5,2026-05-26,3952543492
0.0,plants_ny_2017,9,rf,nan,nan,nan,rf,nan,nan,precision_score,0.5,2026-05-26,2826328152
0.0,plants_ny_2017,9,rf,nan,nan,nan,rf,nan,nan,precision_score,0.5,2026-05-26,3873501409
0.0,plants_ny_2017,9,rf,nan,nan,nan,rf,nan,nan,precision_score,0.5,2026-05-26,3892283323
0.0,plants_ny_2017,9,rf,nan,nan,nan,rf,nan,nan,precision_score,0.5,2026-05-26,2999213467
0.0,plants_ny_2017,9,rf,nan,nan,nan,rf,nan,nan,precision_score,0.5,2026-05-26,1978468034
0.0,plants_ny_2017,9,rf,nan,nan,nan,rf,nan,nan,precision_score,0.5,2026-05-26,2826312141
0.0,plants_ny_2017,9,rf,nan,nan,nan,rf,nan,nan,precision_score,0.5,2026-05-26,3335093361
0.0,plants_ny_2017,9,rf,nan,nan,nan,rf,nan,nan,precision_score,0.5,2026-05-26,2826315180
0.0,plants_ny_2017,9,rf,nan,nan,nan,rf,nan,nan,precision_score,0.5,2026-05-26,3067586057
0.0,plants_ny_2017,9,rf,nan,nan,nan,rf,nan,nan,precision_score,0.5,2026-05-26,3957014967
0.0,plants_ny_2017,9,rf,nan,nan,nan,rf,nan,nan,precision_score,0.5,2026-05-26,3391502462
0.0,plants_ny_2017,9,rf,nan,nan,nan,rf,nan,nan,precision_score,0.5,2026-05-26,2860096461
0.0,plants_ny_2017,9,rf,nan,nan,nan,rf,nan,nan,precision_score,0.5,2026-05-26,3998348237
0.0,plants_ny_2017,9,rf,nan,nan,nan,rf,nan,nan,precision_score,0.5,2026-05-26,2814088693
0.0,plants_ny_2017,9,rf,nan,nan,nan,rf,nan,nan,precision_score,0.5,2026-05-26,4527938484
0.0,plants_ny_2017,9,rf,nan,nan,nan,rf,nan,nan,precision_score,0.5,2026-05-26,3956386897
0.0,plants_ny_2017,9,rf,nan,nan,nan,rf,nan,nan,precision_score,0.5,2026-05-26,3892305327
0.0,plants_ny_2017,9,rf,nan,nan,nan,rf,nan,nan,precision_score,0.5,2026-05-26,2850971903
0.0,plants_ny_2017,9,rf,nan,nan,nan,rf,nan,nan,precision_score,0.5,2026-05-26,3957561505
0.0,plants_ny_2017,9,rf,nan,nan,nan,rf,nan,nan,precision_score,0.5,2026-05-26,2826523180
0.0,plants_ny_2017,9,rf,nan,nan,nan,rf,nan,nan,precision_score,0.5,2026-05-26,2826544083
0.0,plants_ny_2017,9,rf,nan,nan,nan,rf,nan,nan,precision_score,0.5,2026-05-26,3384326500
0.0,plants_ny_2017,9,rf,nan,nan,nan,rf,nan,nan,precision_score,0.5,2026-05-26,2814408706
0.0,plants_ny_2017,9,rf,nan,nan,nan,rf,nan,nan,precision_score,0.5,2026-05-26,3952674603
0.0,plants_ny_2017,9,rf,nan,nan,nan,rf,nan,nan,precision_score,0.5,2026-05-26,4852867183
0.0,plants_ny_2017,9,rf,nan,nan,nan,rf,nan,nan,precision_score,0.5,2026-05-26,3031951180
0.0,plants_ny_2017,9,rf,nan,nan,nan,rf,nan,nan,precision_score,0.5,2026-05-26,3948977575
0.0,plants_ny_2017,9,rf,nan,nan,nan,rf,nan,nan,precision_score,0.5,2026-05-26,3952254661
0.0,plants_ny_2017,9,rf,nan,nan,nan,rf,nan,nan,precision_score,0.5,2026-05-26,3415359747
0.0,plants_ny_2017,9,rf,nan,nan,nan,rf,nan,nan,precision_score,0.5,2026-05-26,3952672488
0.0,plants_ny_2017,9,rf,nan,nan,nan,rf,nan,nan,precision_score,0.5,2026-05-26,4846776474
0.0,plants_ny_2017,9,rf,nan,nan,nan,rf,nan,nan,precision_score,0.5,2026-05-26,3952991738
0.0,plants_ny_2017,9,rf,nan,nan,nan,rf,nan,nan,precision_score,0.5,2026-05-26,4527922644
0.0,plants_ny_2017,9,rf,nan,nan,nan,rf,nan,nan,precision_score,0.5,2026-05-26,3067762136
0.0,plants_ny_2017,9,rf,nan,nan,nan,rf,nan,nan,precision_score,0.5,2026-05-26,3952313874
0.0,plants_ny_2017,9,rf,nan,nan,nan,rf,nan,nan,precision_score,0.5,2026-05-26,2826505197
0.0,plants_ny_2017,9,rf,nan,nan,nan,rf,nan,nan,precision_score,0.5,2026-05-26,3415394424
0.0,plants_ny_2017,9,rf,nan,nan,nan,rf,nan,nan,precision_score,0.5,2026-05-26,3952137958
0.0,plants_ny_2017,9,rf,nan,nan,nan,rf,nan,nan,precision_score,0.5,2026-05-26,3112793930
0.0,plants_ny_2017,9,rf,nan,nan,nan,rf,nan,nan,precision_score,0.5,2026-05-26,3952638601
0.0,plants_ny_2017,9,rf,nan,nan,nan,rf,nan,nan,precision_score,0.5,2026-05-26,2826542168
0.0,plants_ny_2017,9,rf,nan,nan,nan,rf,nan,nan,precision_score,0.5,2026-05-26,2826469134
0.0,plants_ny_2017,9,rf,nan,nan,nan,rf,nan,nan,precision_score,0.5,2026-05-26,2826503176
0.0,plants_ny_2017,9,rf,nan,nan,nan,rf,nan,nan,precision_score,0.5,2026-05-26,4852717223
0.0,plants_ny_2017,9,rf,nan,nan,nan,rf,nan,nan,precision_score,0.5,2026-05-26,3957610224
0.0,plants_ny_2017,9,rf,nan,nan,nan,rf,nan,nan,precision_score,0.5,2026-05-26,3954314671
0.0,plants_ny_2017,9,rf,nan,nan,nan,rf,nan,nan,precision_score,0.5,2026-05-26,1850946027
0.0,plants_ny_2017,9,rf,nan,nan,nan,rf,nan,nan,precision_score,0.5,2026-05-26,2826307126
0.0,plants_ny_2017,9,rf,nan,nan,nan,rf,nan,nan,precision_score,0.5,2026-05-26,3860164631
0.0,plants_ny_2017,9,rf,nan,nan,nan,rf,nan,nan,precision_score,0.5,2026-05-26,3956067742
0.0,plants_ny_2017,9,rf,nan,nan,nan,rf,nan,nan,precision_score,0.5,2026-05-26,3915404707
0.0,plants_ny_2017,9,rf,nan,nan,nan,rf,nan,nan,precision_score,0.5,2026-05-26,2465092849
0.0,plants_ny_2017,9,rf,nan,nan,nan,rf,nan,nan,precision_score,0.5,2026-05-26,3961396559
0.0,plants_ny_2017,9,rf,nan,nan,nan,rf,nan,nan,precision_score,0.5,2026-05-26,2999121436
0.0,plants_ny_2017,9,rf,nan,nan,nan,rf,nan,nan,precision_score,0.5,2026-05-26,2273208062
0.0,plants_ny_2017,9,rf,nan,nan,nan,rf,nan,nan,precision_score,0.5,2026-05-26,3759519018
0.0,plants_ny_2017,9,rf,nan,nan,nan,rf,nan,nan,precision_score,0.5,2026-05-26,3859229684
0.0,plants_ny_2017,9,rf,nan,nan,nan,rf,nan,nan,precision_score,0.5,2026-05-26,2397575473
0.0,plants_ny_2017,9,rf,nan,nan,nan,rf,nan,nan,precision_score,0.5,2026-05-26,3959091269
0.0,plants_ny_2017,9,rf,nan,nan,nan,rf,nan,nan,precision_score,0.5,2026-05-26,2397575891
0.0,plants_ny_2017,9,rf,nan,nan,nan,rf,nan,nan,precision_score,0.5,2026-05-26,2802773472
0.0,plants_ny_2017,9,rf,nan,nan,nan,rf,nan,nan,precision_score,0.5,2026-05-26,4430424478
0.0,plants_ny_2017,9,rf,nan,nan,nan,rf,nan,nan,precision_score,0.5,2026-05-26,2251920801
0.0,plants_ny_2017,9,rf,nan,nan,nan,rf,nan,nan,precision_score,0.5,2026-05-26,4430879486
0.0,plants_ny_2017,9,rf,nan,nan,nan,rf,nan,nan,precision_score,0.5,2026-05-26,1850946682
0.0,plants_ny_2017,9,rf,nan,nan,nan,rf,nan,nan,precision_score,0.5,2026-05-26,3330621393
0.0,plants_ny_2017,9,rf,nan,nan,nan,rf,nan,nan,precision_score,0.5,2026-05-26,2465112708
0.0,plants_ny_2017,9,rf,nan,nan,nan,rf,nan,nan,precision_score,0.5,2026-05-26,4102659325
0.0,plants_ny_2017,9,rf,nan,nan,nan,rf,nan,nan,precision_score,0.5,2026-05-26,2540754713
0.0,plants_ny_2017,9,rf,nan,nan,nan,rf,nan,nan,precision_score,0.5,2026-05-26,2397574556
0.0,plants_ny_2017,9,rf,nan,nan,nan,rf,nan,nan,precision_score,0.5,2026-05-26,3330446426
0.0,plants_ny_2017,9,rf,nan,nan,nan,rf,nan,nan,precision_score,0.5,2026-05-26,4417231675
0.0,plants_ny_2017,9,rf,nan,nan,nan,rf,nan,nan,precision_score,0.5,2026-05-26,2802926429
0.0,plants_ny_2017,9,rf,nan,nan,nan,rf,nan,nan,precision_score,0.5,2026-05-26,2251921566
0.0,plants_ny_2017,9,rf,nan,nan,nan,rf,nan,nan,precision_score,0.5,2026-05-26,1850946828
0.0,plants_ny_2017,9,rf,nan,nan,nan,rf,nan,nan,precision_score,0.5,2026-05-26,2397577288
0.0,plants_ny_2017,9,rf,nan,nan,nan,rf,nan,nan,precision_score,0.5,2026-05-26,4145583369
0.0,plants_ny_2017,9,rf,nan,nan,nan,rf,nan,nan,precision_score,0.5,2026-05-26,2963896323
0.0,plants_ny_2017,9,rf,nan,nan,nan,rf,nan,nan,precision_score,0.5,2026-05-26,2251922768
0.0,plants_ny_2017,9,rf,nan,nan,nan,rf,nan,nan,precision_score,0.5,2026-05-26,2397575813
0.0,plants_ny_2017,9,rf,nan,nan,nan,rf,nan,nan,precision_score,0.5,2026-05-26,4512079391
0.0,plants_ny_2017,9,rf,nan,nan,nan,rf,nan,nan,precision_score,0.5,2026-05-26,3044788730
0.0,plants_ny_2017,9,rf,nan,nan,nan,rf,nan,nan,precision_score,0.5,2026-05-26,2802570421
0.0,plants_ny_2017,9,rf,nan,nan,nan,rf,nan,nan,precision_score,0.5,2026-05-26,1850946653
0.0,plants_ny_2017,9,rf,nan,nan,nan,rf,nan,nan,precision_score,0.5,2026-05-26,3302431583
0.0,plants_ny_2017,9,rf,nan,nan,nan,rf,nan,nan,precision_score,0.5,2026-05-26,2397574500
0.0,plants_ny_2017,9,rf,nan,nan,nan,rf,nan,nan,precision_score,0.5,2026-05-26,4440615544
0.0,plants_ny_2017,9,rf,nan,nan,nan,rf,nan,nan,precision_score,0.5,2026-05-26,1880472572
0.0,plants_ny_2017,9,rf,nan,nan,nan,rf,nan,nan,precision_score,0.5,2026-05-26,4506237329
0.0,plants_ny_2017,9,rf,nan,nan,nan,rf,nan,nan,precision_score,0.5,2026-05-26,2251921361
0.0,plants_ny_2017,9,rf,nan,nan,nan,rf,nan,nan,precision_score,0.5,2026-05-26,3881579124
0.0,plants_ny_2017,9,rf,nan,nan,nan,rf,nan,nan,precision_score,0.5,2026-05-26,4413368524
0.0,plants_ny_2017,9,rf,nan,nan,nan,rf,nan,nan,precision_score,0.5,2026-05-26,2574170533
0.0,plants_ny_2017,9,rf,nan,nan,nan,rf,nan,nan,precision_score,0.5,2026-05-26,4162210448
0.0,plants_ny_2017,9,rf,nan,nan,nan,rf,nan,nan,precision_score,0.5,2026-05-26,2574275557
0.0,plants_ny_2017,9,rf,nan,nan,nan,rf,nan,nan,precision_score,0.5,2026-05-26,3952381690
0.0,plants_ny_2017,9,rf,nan,nan,nan,rf,nan,nan,precision_score,0.5,2026-05-26,3959323498
0.0,plants_ny_2017,9,rf,nan,nan,nan,rf,nan,nan,precision_score,0.5,2026-05-26,3044603546
0.0,plants_ny_2017,9,rf,nan,nan,nan,rf,nan,nan,precision_score,0.5,2026-05-26,4512022562
0.0,plants_ny_2017,9,rf,nan,nan,nan,rf,nan,nan,precision_score,0.5,2026-05-26,3321145338
0.0,plants_ny_2017,9,rf,nan,nan,nan,rf,nan,nan,precision_score,0.5,2026-05-26,3058905520
0.0,plants_ny_2017,9,rf,nan,nan,nan,rf,nan,nan,precision_score,0.5,2026-05-26,3335154346
0.0,plants_ny_2017,9,rf,nan,nan,nan,rf,nan,nan,precision_score,0.5,2026-05-26,2814236235
0.0,plants_ny_2017,9,rf,nan,nan,nan,rf,nan,nan,precision_score,0.5,2026-05-26,3321286334
0.0,plants_ny_2017,9,rf,nan,nan,nan,rf,nan,nan,precision_score,0.5,2026-05-26,2814411771
0.0,plants_ny_2017,9,rf,nan,nan,nan,rf,nan,nan,precision_score,0.5,2026-05-26,2814123219
0.0,plants_ny_2017,9,rf,nan,nan,nan,rf,nan,nan,precision_score,0.5,2026-05-26,2826350583
0.0,plants_ny_2017,9,rf,nan,nan,nan,rf,nan,nan,precision_score,0.5,2026-05-26,2814277991
0.0,plants_ny_2017,9,rf,nan,nan,nan,rf,nan,nan,precision_score,0.5,2026-05-26,3499476507
0.0,plants_ny_2017,9,rf,nan,nan,nan,rf,nan,nan,precision_score,0.5,2026-05-26,3320926194
0.0,plants_ny_2017,9,rf,nan,nan,nan,rf,nan,nan,precision_score,0.5,2026-05-26,2814206998
0.0,plants_ny_2017,9,rf,nan,nan,nan,rf,nan,nan,precision_score,0.5,2026-05-26,3321119247
0.0,plants_ny_2017,9,rf,nan,nan,nan,rf,nan,nan,precision_score,0.5,2026-05-26,2826179574
0.0,plants_ny_2017,9,rf,nan,nan,nan,rf,nan,nan,precision_score,0.5,2026-05-26,2813930172
0.0,plants_ny_2017,9,rf,nan,nan,nan,rf,nan,nan,precision_score,0.5,2026-05-26,2818669474
0.0,plants_ny_2017,9,rf,nan,nan,nan,rf,nan,nan,precision_score,0.5,2026-05-26,5837648935
0.0,plants_ny_2017,9,rf,nan,nan,nan,rf,nan,nan,precision_score,0.5,2026-05-26,3742987335
0.0,plants_ny_2017,9,rf,nan,nan,nan,rf,nan,nan,precision_score,0.5,2026-05-26,3321074231
0.0,plants_ny_2017,9,rf,nan,nan,nan,rf,nan,nan,precision_score,0.5,2026-05-26,3109014406
0.0,plants_ny_2017,9,rf,nan,nan,nan,rf,nan,nan,precision_score,0.5,2026-05-26,3320838219
0.0,plants_ny_2017,9,rf,nan,nan,nan,rf,nan,nan,precision_score,0.5,2026-05-26,5238077323
0.0,plants_ny_2017,9,rf,nan,nan,nan,rf,nan,nan,precision_score,0.5,2026-05-26,3860658246
0.0,plants_ny_2017,9,rf,nan,nan,nan,rf,nan,nan,precision_score,0.5,2026-05-26,3321076194
0.0,plants_ny_2017,9,rf,nan,nan,nan,rf,nan,nan,precision_score,0.5,2026-05-26,2826208585
0.0,plants_ny_2017,9,rf,nan,nan,nan,rf,nan,nan,precision_score,0.5,2026-05-26,2814208490
0.0,plants_ny_2017,9,rf,nan,nan,nan,rf,nan,nan,precision_score,0.5,2026-05-26,4525038426
0.0,plants_ny_2017,9,rf,nan,nan,nan,rf,nan,nan,precision_score,0.5,2026-05-26,2422935047
0.0,plants_ny_2017,9,rf,nan,nan,nan,rf,nan,nan,precision_score,0.5,2026-05-26,3355400576
0.0,plants_ny_2017,9,rf,nan,nan,nan,rf,nan,nan,precision_score,0.5,2026-05-26,3456724014
0.0,plants_ny_2017,9,rf,nan,nan,nan,rf,nan,nan,precision_score,0.5,2026-05-26,2818611429
0.0,plants_ny_2017,9,rf,nan,nan,nan,rf,nan,nan,precision_score,0.5,2026-05-26,3335087345
0.0,plants_ny_2017,9,rf,nan,nan,nan,rf,nan,nan,precision_score,0.5,2026-05-26,3889219608
0.0,plants_ny_2017,9,rf,nan,nan,nan,rf,nan,nan,precision_score,0.5,2026-05-26,2814052200
0.0,plants_ny_2017,9,rf,nan,nan,nan,rf,nan,nan,precision_score,0.5,2026-05-26,3330455556
0.0,plants_ny_2017,9,rf,nan,nan,nan,rf,nan,nan,precision_score,0.5,2026-05-26,2860137424
0.0,plants_ny_2017,9,rf,nan,nan,nan,rf,nan,nan,precision_score,0.5,2026-05-26,3335198479
0.0,plants_ny_2017,9,rf,nan,nan,nan,rf,nan,nan,precision_score,0.5,2026-05-26,2864572405
0.0,plants_ny_2017,9,rf,nan,nan,nan,rf,nan,nan,precision_score,0.5,2026-05-26,3321321345
0.0,plants_ny_2017,9,rf,nan,nan,nan,rf,nan,nan,precision_score,0.5,2026-05-26,2813918893
0.0,plants_ny_2017,9,rf,nan,nan,nan,rf,nan,nan,precision_score,0.5,2026-05-26,2814145201
0.0,plants_ny_2017,9,rf,nan,nan,nan,rf,nan,nan,precision_score,0.5,2026-05-26,3955155334
0.0,plants_ny_2017,9,rf,nan,nan,nan,rf,nan,nan,precision_score,0.5,2026-05-26,3118432727
0.0,plants_ny_2017,9,rf,nan,nan,nan,rf,nan,nan,precision_score,0.5,2026-05-26,3325783344
0.0,plants_ny_2017,9,rf,nan,nan,nan,rf,nan,nan,precision_score,0.5,2026-05-26,3355675557
0.0,plants_ny_2017,9,rf,nan,nan,nan,rf,nan,nan,precision_score,0.5,2026-05-26,2397681592
0.0,plants_ny_2017,9,rf,nan,nan,nan,rf,nan,nan,precision_score,0.5,2026-05-26,3994193338
0.0,plants_ny_2017,9,rf,nan,nan,nan,rf,nan,nan,precision_score,0.5,2026-05-26,2868299398
0.0,plants_ny_2017,9,rf,nan,nan,nan,rf,nan,nan,precision_score,0.5,2026-05-26,2814202928
0.0,plants_ny_2017,9,rf,nan,nan,nan,rf,nan,nan,precision_score,0.5,2026-05-26,4527959399
0.0,plants_ny_2017,9,rf,nan,nan,nan,rf,nan,nan,precision_score,0.5,2026-05-26,3321156283
0.0,plants_ny_2017,9,rf,nan,nan,nan,rf,nan,nan,precision_score,0.5,2026-05-26,3321045339
0.0,plants_ny_2017,9,rf,nan,nan,nan,rf,nan,nan,precision_score,0.5,2026-05-26,2397674947
0.0,plants_ny_2017,9,rf,nan,nan,nan,rf,nan,nan,precision_score,0.5,2026-05-26,3320940162
0.0,plants_ny_2017,9,rf,nan,nan,nan,rf,nan,nan,precision_score,0.5,2026-05-26,3468901367
0.0,plants_ny_2017,9,rf,nan,nan,nan,rf,nan,nan,precision_score,0.5,2026-05-26,3321120173
0.0,plants_ny_2017,9,rf,nan,nan,nan,rf,nan,nan,precision_score,0.5,2026-05-26,4014976339
0.0,plants_ny_2017,9,rf,nan,nan,nan,rf,nan,nan,precision_score,0.5,2026-05-26,3335328284
0.0,plants_ny_2017,9,rf,nan,nan,nan,rf,nan,nan,precision_score,0.5,2026-05-26,3320893260
0.0,plants_ny_2017,9,rf,nan,nan,nan,rf,nan,nan,precision_score,0.5,2026-05-26,2423105855
0.0,plants_ny_2017,9,rf,nan,nan,nan,rf,nan,nan,precision_score,0.5,2026-05-26,3320984328
0.0,plants_ny_2017,9,rf,nan,nan,nan,rf,nan,nan,precision_score,0.5,2026-05-26,3337536224
0.0,plants_ny_2017,9,rf,nan,nan,nan,rf,nan,nan,precision_score,0.5,2026-05-26,4028821439
0.0,plants_ny_2017,9,rf,nan,nan,nan,rf,nan,nan,precision_score,0.5,2026-05-26,3320893229
0.0,plants_ny_2017,9,rf,nan,nan,nan,rf,nan,nan,precision_score,0.5,2026-05-26,3468888371
0.0,plants_ny_2017,9,rf,nan,nan,nan,rf,nan,nan,precision_score,0.5,2026-05-26,2813909192
0.0,plants_ny_2017,9,rf,nan,nan,nan,rf,nan,nan,precision_score,0.5,2026-05-26,2813986238
0.0,plants_ny_2017,9,rf,nan,nan,nan,rf,nan,nan,precision_score,0.5,2026-05-26,2862369394
0.0,plants_ny_2017,9,rf,nan,nan,nan,rf,nan,nan,precision_score,0.5,2026-05-26,2814264223
0.0,plants_ny_2017,9,rf,nan,nan,nan,rf,nan,nan,precision_score,0.5,2026-05-26,3384723863
0.0,plants_ny_2017,9,rf,nan,nan,nan,rf,nan,nan,precision_score,0.5,2026-05-26,3321106210
0.0,plants_ny_2017,9,rf,nan,nan,nan,rf,nan,nan,precision_score,0.5,2026-05-26,2818539501
0.0,plants_ny_2017,9,rf,nan,nan,nan,rf,nan,nan,precision_score,0.5,2026-05-26,3321084200
0.0,plants_ny_2017,9,rf,nan,nan,nan,rf,nan,nan,precision_score,0.5,2026-05-26,2813888932
0.0,plants_ny_2017,9,rf,nan,nan,nan,rf,nan,nan,precision_score,0.5,2026-05-26,3337744943
0.0,plants_ny_2017,9,rf,nan,nan,nan,rf,nan,nan,precision_score,0.5,2026-05-26,3320987342
0.0,plants_ny_2017,9,rf,nan,nan,nan,rf,nan,nan,precision_score,0.5,2026-05-26,2813942059
0.0,plants_ny_2017,9,rf,nan,nan,nan,rf,nan,nan,precision_score,0.5,2026-05-26,2818502534
0.0,plants_ny_2017,9,rf,nan,nan,nan,rf,nan,nan,precision_score,0.5,2026-05-26,4518963334
0.0,plants_ny_2017,9,rf,nan,nan,nan,rf,nan,nan,precision_score,0.5,2026-05-26,4510221396
0.0,plants_ny_2017,9,rf,nan,nan,nan,rf,nan,nan,precision_score,0.5,2026-05-26,3924994419
0.0,plants_ny_2017,9,rf,nan,nan,nan,rf,nan,nan,precision_score,0.5,2026-05-26,3344032457
0.0,plants_ny_2017,9,rf,nan,nan,nan,rf,nan,nan,precision_score,0.5,2026-05-26,3743041330
0.0,plants_ny_2017,9,rf,nan,nan,nan,rf,nan,nan,precision_score,0.5,2026-05-26,5086901466
0.0,plants_ny_2017,9,rf,nan,nan,nan,rf,nan,nan,precision_score,0.5,2026-05-26,5760011685
0.0,plants_ny_2017,9,rf,nan,nan,nan,rf,nan,nan,precision_score,0.5,2026-05-26,3321188213
0.0,plants_ny_2017,9,rf,nan,nan,nan,rf,nan,nan,precision_score,0.5,2026-05-26,3355413572
0.0,plants_ny_2017,9,rf,nan,nan,nan,rf,nan,nan,precision_score,0.5,2026-05-26,4512045480
0.0,plants_ny_2017,9,rf,nan,nan,nan,rf,nan,nan,precision_score,0.5,2026-05-26,2813940856
0.0,plants_ny_2017,9,rf,nan,nan,nan,rf,nan,nan,precision_score,0.5,2026-05-26,3321238326
0.0,plants_ny_2017,9,rf,nan,nan,nan,rf,nan,nan,precision_score,0.5,2026-05-26,3320890222
0.0,plants_ny_2017,9,rf,nan,nan,nan,rf,nan,nan,precision_score,0.5,2026-05-26,3321252327
0.0,plants_ny_2017,9,rf,nan,nan,nan,rf,nan,nan,precision_score,0.5,2026-05-26,3383853478
0.0,plants_ny_2017,9,rf,nan,nan,nan,rf,nan,nan,precision_score,0.5,2026-05-26,5188269314
0.0,plants_ny_2017,9,rf,nan,nan,nan,rf,nan,nan,precision_score,0.5,2026-05-26,3320934299
0.0,plants_ny_2017,9,rf,nan,nan,nan,rf,nan,nan,precision_score,0.5,2026-05-26,3455738069
0.0,plants_ny_2017,9,rf,nan,nan,nan,rf,nan,nan,precision_score,0.5,2026-05-26,2423196269
0.0,plants_ny_2017,9,rf,nan,nan,nan,rf,nan,nan,precision_score,0.5,2026-05-26,3391688445
0.0,plants_ny_2017,9,rf,nan,nan,nan,rf,nan,nan,precision_score,0.5,2026-05-26,2813943200
0.0,plants_ny_2017,9,rf,nan,nan,nan,rf,nan,nan,precision_score,0.5,2026-05-26,3337809208
0.0,plants_ny_2017,9,rf,nan,nan,nan,rf,nan,nan,precision_score,0.5,2026-05-26,5838342056
0.0,plants_ny_2017,9,rf,nan,nan,nan,rf,nan,nan,precision_score,0.5,2026-05-26,3321261374
0.0,plants_ny_2017,9,rf,nan,nan,nan,rf,nan,nan,precision_score,0.5,2026-05-26,3321015304
0.0,plants_ny_2017,9,rf,nan,nan,nan,rf,nan,nan,precision_score,0.5,2026-05-26,3858221483
0.0,plants_ny_2017,9,rf,nan,nan,nan,rf,nan,nan,precision_score,0.5,2026-05-26,3456647509
0.0,plants_ny_2017,9,rf,nan,nan,nan,rf,nan,nan,precision_score,0.5,2026-05-26,3321080227
0.0,plants_ny_2017,9,rf,nan,nan,nan,rf,nan,nan,precision_score,0.5,2026-05-26,2429404770
0.0,plants_ny_2017,9,rf,nan,nan,nan,rf,nan,nan,precision_score,0.5,2026-05-26,2856814345
0.0,plants_ny_2017,9,rf,nan,nan,nan,rf,nan,nan,precision_score,0.5,2026-05-26,3321295347
0.0,plants_ny_2017,9,rf,nan,nan,nan,rf,nan,nan,precision_score,0.5,2026-05-26,3321300339
0.0,plants_ny_2017,9,rf,nan,nan,nan,rf,nan,nan,precision_score,0.5,2026-05-26,3321011343
0.0,plants_ny_2017,9,rf,nan,nan,nan,rf,nan,nan,precision_score,0.5,2026-05-26,2423122968
0.0,plants_ny_2017,9,rf,nan,nan,nan,rf,nan,nan,precision_score,0.5,2026-05-26,2818769530
0.0,plants_ny_2017,9,rf,nan,nan,nan,rf,nan,nan,precision_score,0.5,2026-05-26,4075628393
0.0,plants_ny_2017,9,rf,nan,nan,nan,rf,nan,nan,precision_score,0.5,2026-05-26,2981096403
0.0,plants_ny_2017,9,rf,nan,nan,nan,rf,nan,nan,precision_score,0.5,2026-05-26,2814250265
0.0,plants_ny_2017,9,rf,nan,nan,nan,rf,nan,nan,precision_score,0.5,2026-05-26,3325660515
0.0,plants_ny_2017,9,rf,nan,nan,nan,rf,nan,nan,precision_score,0.5,2026-05-26,2397703393
0.0,plants_ny_2017,9,rf,nan,nan,nan,rf,nan,nan,precision_score,0.5,2026-05-26,3320980419
0.0,plants_ny_2017,9,rf,nan,nan,nan,rf,nan,nan,precision_score,0.5,2026-05-26,4527951495
0.0,plants_ny_2017,9,rf,nan,nan,nan,rf,nan,nan,precision_score,0.5,2026-05-26,2641347566
0.0,plants_ny_2017,9,rf,nan,nan,nan,rf,nan,nan,precision_score,0.5,2026-05-26,2251940858
0.0,plants_ny_2017,9,rf,nan,nan,nan,rf,nan,nan,precision_score,0.5,2026-05-26,3985792381
0.0,plants_ny_2017,9,rf,nan,nan,nan,rf,nan,nan,precision_score,0.5,2026-05-26,4507607510
0.0,plants_ny_2017,9,rf,nan,nan,nan,rf,nan,nan,precision_score,0.5,2026-05-26,3959243284
0.0,plants_ny_2017,9,rf,nan,nan,nan,rf,nan,nan,precision_score,0.5,2026-05-26,2429207162
0.0,plants_ny_2017,9,rf,nan,nan,nan,rf,nan,nan,precision_score,0.5,2026-05-26,2251940283
0.0,plants_ny_2017,9,rf,nan,nan,nan,rf,nan,nan,precision_score,0.5,2026-05-26,4921568712
0.0,plants_ny_2017,9,rf,nan,nan,nan,rf,nan,nan,precision_score,0.5,2026-05-26,4994478345
0.0,plants_ny_2017,9,rf,nan,nan,nan,rf,nan,nan,precision_score,0.5,2026-05-26,4458370514
0.0,plants_ny_2017,9,rf,nan,nan,nan,rf,nan,nan,precision_score,0.5,2026-05-26,4153809318
0.0,plants_ny_2017,9,rf,nan,nan,nan,rf,nan,nan,precision_score,0.5,2026-05-26,2603511594
0.0,plants_ny_2017,9,rf,nan,nan,nan,rf,nan,nan,precision_score,0.5,2026-05-26,3384538906
0.0,plants_ny_2017,9,rf,nan,nan,nan,rf,nan,nan,precision_score,0.5,2026-05-26,3986160472
0.0,plants_ny_2017,9,rf,nan,nan,nan,rf,nan,nan,precision_score,0.5,2026-05-26,4046558532
0.0,plants_ny_2017,9,rf,nan,nan,nan,rf,nan,nan,precision_score,0.5,2026-05-26,3307137516
0.0,plants_ny_2017,9,rf,nan,nan,nan,rf,nan,nan,precision_score,0.5,2026-05-26,3985758864
0.0,plants_ny_2017,9,rf,nan,nan,nan,rf,nan,nan,precision_score,0.5,2026-05-26,3998760426
0.0,plants_ny_2017,9,rf,nan,nan,nan,rf,nan,nan,precision_score,0.5,2026-05-26,3951931916
0.0,plants_ny_2017,9,rf,nan,nan,nan,rf,nan,nan,precision_score,0.5,2026-05-26,4528200637
0.0,plants_ny_2017,9,rf,nan,nan,nan,rf,nan,nan,precision_score,0.5,2026-05-26,2963804370
0.0,plants_ny_2017,9,rf,nan,nan,nan,rf,nan,nan,precision_score,0.5,2026-05-26,4921757660
0.0,plants_ny_2017,9,rf,nan,nan,nan,rf,nan,nan,precision_score,0.5,2026-05-26,2609325971
0.0,plants_ny_2017,9,rf,nan,nan,nan,rf,nan,nan,precision_score,0.5,2026-05-26,3953021282
0.0,plants_ny_2017,9,rf,nan,nan,nan,rf,nan,nan,precision_score,0.5,2026-05-26,4924001983
0.0,plants_ny_2017,9,rf,nan,nan,nan,rf,nan,nan,precision_score,0.5,2026-05-26,2563535563
0.0,plants_ny_2017,9,rf,nan,nan,nan,rf,nan,nan,precision_score,0.5,2026-05-26,2992679619
0.0,plants_ny_2017,9,rf,nan,nan,nan,rf,nan,nan,precision_score,0.5,2026-05-26,3892511437
0.0,plants_ny_2017,9,rf,nan,nan,nan,rf,nan,nan,precision_score,0.5,2026-05-26,2465105125
0.0,plants_ny_2017,9,rf,nan,nan,nan,rf,nan,nan,precision_score,0.5,2026-05-26,4923925874
0.0,plants_ny_2017,9,rf,nan,nan,nan,rf,nan,nan,precision_score,0.5,2026-05-26,2603356280
0.0,plants_ny_2017,9,rf,nan,nan,nan,rf,nan,nan,precision_score,0.5,2026-05-26,2429292667
0.0,plants_ny_2017,9,rf,nan,nan,nan,rf,nan,nan,precision_score,0.5,2026-05-26,3335160241
0.0,plants_ny_2017,9,rf,nan,nan,nan,rf,nan,nan,precision_score,0.5,2026-05-26,2251939959
0.0,plants_ny_2017,9,rf,nan,nan,nan,rf,nan,nan,precision_score,0.5,2026-05-26,3994349597
0.0,plants_ny_2017,9,rf,nan,nan,nan,rf,nan,nan,precision_score,0.5,2026-05-26,3859308670
0.0,plants_ny_2017,9,rf,nan,nan,nan,rf,nan,nan,precision_score,0.5,2026-05-26,3957849286
0.0,plants_ny_2017,9,rf,nan,nan,nan,rf,nan,nan,precision_score,0.5,2026-05-26,1899769251
0.0,plants_ny_2017,9,rf,nan,nan,nan,rf,nan,nan,precision_score,0.5,2026-05-26,2429292786
0.0,plants_ny_2017,9,rf,nan,nan,nan,rf,nan,nan,precision_score,0.5,2026-05-26,3335171220
0.0,plants_ny_2017,9,rf,nan,nan,nan,rf,nan,nan,precision_score,0.5,2026-05-26,3335423216
0.0,plants_ny_2017,9,rf,nan,nan,nan,rf,nan,nan,precision_score,0.5,2026-05-26,3307225479
0.0,plants_ny_2017,9,rf,nan,nan,nan,rf,nan,nan,precision_score,0.5,2026-05-26,2563534367
0.0,plants_ny_2017,9,rf,nan,nan,nan,rf,nan,nan,precision_score,0.5,2026-05-26,2251940927
0.0,plants_ny_2017,9,rf,nan,nan,nan,rf,nan,nan,precision_score,0.5,2026-05-26,2563535995
0.0,plants_ny_2017,9,rf,nan,nan,nan,rf,nan,nan,precision_score,0.5,2026-05-26,2563534332
0.0,plants_ny_2017,9,rf,nan,nan,nan,rf,nan,nan,precision_score,0.5,2026-05-26,2814446543
0.0,plants_ny_2017,9,rf,nan,nan,nan,rf,nan,nan,precision_score,0.5,2026-05-26,3383851808
0.0,plants_ny_2017,9,rf,nan,nan,nan,rf,nan,nan,precision_score,0.5,2026-05-26,3953680766
0.0,plants_ny_2017,9,rf,nan,nan,nan,rf,nan,nan,precision_score,0.5,2026-05-26,4076252348
0.0,plants_ny_2017,9,rf,nan,nan,nan,rf,nan,nan,precision_score,0.5,2026-05-26,3335380364
0.0,plants_ny_2017,9,rf,nan,nan,nan,rf,nan,nan,precision_score,0.5,2026-05-26,4512069525
0.0,plants_ny_2017,9,rf,nan,nan,nan,rf,nan,nan,precision_score,0.5,2026-05-26,5908729154
0.0,plants_ny_2017,9,rf,nan,nan,nan,rf,nan,nan,precision_score,0.5,2026-05-26,4952641785
0.0,plants_ny_2017,9,rf,nan,nan,nan,rf,nan,nan,precision_score,0.5,2026-05-26,2465236159
0.0,plants_ny_2017,9,rf,nan,nan,nan,rf,nan,nan,precision_score,0.5,2026-05-26,5086959399
0.0,plants_ny_2017,9,rf,nan,nan,nan,rf,nan,nan,precision_score,0.5,2026-05-26,5844085989
0.0,plants_ny_2017,9,rf,nan,nan,nan,rf,nan,nan,precision_score,0.5,2026-05-26,3998923890
0.0,plants_ny_2017,9,rf,nan,nan,nan,rf,nan,nan,precision_score,0.5,2026-05-26,3960192727
0.0,plants_ny_2017,9,rf,nan,nan,nan,rf,nan,nan,precision_score,0.5,2026-05-26,4908393081
0.0,plants_ny_2017,9,rf,nan,nan,nan,rf,nan,nan,precision_score,0.5,2026-05-26,5932718414
0.0,plants_ny_2017,9,rf,nan,nan,nan,rf,nan,nan,precision_score,0.5,2026-05-26,3957018870
0.0,plants_ny_2017,9,rf,nan,nan,nan,rf,nan,nan,precision_score,0.5,2026-05-26,3335153214
0.0,plants_ny_2017,9,rf,nan,nan,nan,rf,nan,nan,precision_score,0.5,2026-05-26,4981952222
0.0,plants_ny_2017,9,rf,nan,nan,nan,rf,nan,nan,precision_score,0.5,2026-05-26,2856753905
0.0,plants_ny_2017,9,rf,nan,nan,nan,rf,nan,nan,precision_score,0.5,2026-05-26,2429625127
0.0,plants_ny_2017,9,rf,nan,nan,nan,rf,nan,nan,precision_score,0.5,2026-05-26,2802707070
0.0,plants_ny_2017,9,rf,nan,nan,nan,rf,nan,nan,precision_score,0.5,2026-05-26,3949105122
0.0,plants_ny_2017,9,rf,nan,nan,nan,rf,nan,nan,precision_score,0.5,2026-05-26,2429622920
0.0,plants_ny_2017,9,rf,nan,nan,nan,rf,nan,nan,precision_score,0.5,2026-05-26,4458561688
0.0,plants_ny_2017,9,rf,nan,nan,nan,rf,nan,nan,precision_score,0.5,2026-05-26,2609069095
0.0,plants_ny_2017,9,rf,nan,nan,nan,rf,nan,nan,precision_score,0.5,2026-05-26,3335298168
0.0,plants_ny_2017,9,rf,nan,nan,nan,rf,nan,nan,precision_score,0.5,2026-05-26,3881405910
0.0,plants_ny_2017,9,rf,nan,nan,nan,rf,nan,nan,precision_score,0.5,2026-05-26,4510266515
0.0,plants_ny_2017,9,rf,nan,nan,nan,rf,nan,nan,precision_score,0.5,2026-05-26,4528229353
0.0,plants_ny_2017,9,rf,nan,nan,nan,rf,nan,nan,precision_score,0.5,2026-05-26,4528223351
0.0,plants_ny_2017,9,rf,nan,nan,nan,rf,nan,nan,precision_score,0.5,2026-05-26,3998356011
0.0,plants_ny_2017,9,rf,nan,nan,nan,rf,nan,nan,precision_score,0.5,2026-05-26,3958432673
0.0,plants_ny_2017,9,rf,nan,nan,nan,rf,nan,nan,precision_score,0.5,2026-05-26,4924177505
0.0,plants_ny_2017,9,rf,nan,nan,nan,rf,nan,nan,precision_score,0.5,2026-05-26,3998466451
0.0,plants_ny_2017,9,rf,nan,nan,nan,rf,nan,nan,precision_score,0.5,2026-05-26,3959690540
0.0,plants_ny_2017,9,rf,nan,nan,nan,rf,nan,nan,precision_score,0.5,2026-05-26,3998054164
0.0,plants_ny_2017,9,rf,nan,nan,nan,rf,nan,nan,precision_score,0.5,2026-05-26,2611113862
0.0,plants_ny_2017,9,rf,nan,nan,nan,rf,nan,nan,precision_score,0.5,2026-05-26,3959269212
0.0,plants_ny_2017,9,rf,nan,nan,nan,rf,nan,nan,precision_score,0.5,2026-05-26,3958820715
0.0,plants_ny_2017,9,rf,nan,nan,nan,rf,nan,nan,precision_score,0.5,2026-05-26,5230451314
0.0,plants_ny_2017,9,rf,nan,nan,nan,rf,nan,nan,precision_score,0.5,2026-05-26,4512023387
0.0,plants_ny_2017,9,rf,nan,nan,nan,rf,nan,nan,precision_score,0.5,2026-05-26,3785045182
0.0,plants_ny_2017,9,rf,nan,nan,nan,rf,nan,nan,precision_score,0.5,2026-05-26,2609322836
0.0,plants_ny_2017,9,rf,nan,nan,nan,rf,nan,nan,precision_score,0.5,2026-05-26,3951917878
0.0,plants_ny_2017,9,rf,nan,nan,nan,rf,nan,nan,precision_score,0.5,2026-05-26,3956500129
0.0,plants_ny_2017,9,rf,nan,nan,nan,rf,nan,nan,precision_score,0.5,2026-05-26,3785140434
0.0,plants_ny_2017,9,rf,nan,nan,nan,rf,nan,nan,precision_score,0.5,2026-05-26,3953692941
0.0,plants_ny_2017,9,rf,nan,nan,nan,rf,nan,nan,precision_score,0.5,2026-05-26,3999119049
0.0,plants_ny_2017,9,rf,nan,nan,nan,rf,nan,nan,precision_score,0.5,2026-05-26,3960971759
0.0,plants_ny_2017,9,rf,nan,nan,nan,rf,nan,nan,precision_score,0.5,2026-05-26,3953298413
0.0,plants_ny_2017,9,rf,nan,nan,nan,rf,nan,nan,precision_score,0.5,2026-05-26,3384626861
0.0,plants_ny_2017,9,rf,nan,nan,nan,rf,nan,nan,precision_score,0.5,2026-05-26,3958109954
0.0,plants_ny_2017,9,rf,nan,nan,nan,rf,nan,nan,precision_score,0.5,2026-05-26,2977118023
0.0,plants_ny_2017,9,rf,nan,nan,nan,rf,nan,nan,precision_score,0.5,2026-05-26,3958010534
0.0,plants_ny_2017,9,rf,nan,nan,nan,rf,nan,nan,precision_score,0.5,2026-05-26,3949771106
0.0,plants_ny_2017,9,rf,nan,nan,nan,rf,nan,nan,precision_score,0.5,2026-05-26,3949179460
0.0,plants_ny_2017,9,rf,nan,nan,nan,rf,nan,nan,precision_score,0.5,2026-05-26,3712435417
0.0,plants_ny_2017,9,rf,nan,nan,nan,rf,nan,nan,precision_score,0.5,2026-05-26,4075726545
0.0,plants_ny_2017,9,rf,nan,nan,nan,rf,nan,nan,precision_score,0.5,2026-05-26,5760909044
0.0,plants_ny_2017,9,rf,nan,nan,nan,rf,nan,nan,precision_score,0.5,2026-05-26,3468688373
0.0,plants_ny_2017,9,rf,nan,nan,nan,rf,nan,nan,precision_score,0.5,2026-05-26,4510011640
0.0,plants_ny_2017,9,rf,nan,nan,nan,rf,nan,nan,precision_score,0.5,2026-05-26,3998470038
0.0,plants_ny_2017,9,rf,nan,nan,nan,rf,nan,nan,precision_score,0.5,2026-05-26,4516532010
0.0,plants_ny_2017,9,rf,nan,nan,nan,rf,nan,nan,precision_score,0.5,2026-05-26,3044582663
0.0,plants_ny_2017,9,rf,nan,nan,nan,rf,nan,nan,precision_score,0.5,2026-05-26,2868309346
0.0,plants_ny_2017,9,rf,nan,nan,nan,rf,nan,nan,precision_score,0.5,2026-05-26,3966645342
0.0,plants_ny_2017,9,rf,nan,nan,nan,rf,nan,nan,precision_score,0.5,2026-05-26,2988450469
0.0,plants_ny_2017,9,rf,nan,nan,nan,rf,nan,nan,precision_score,0.5,2026-05-26,3456222690
0.0,plants_ny_2017,9,rf,nan,nan,nan,rf,nan,nan,precision_score,0.5,2026-05-26,4527964531
0.0,plants_ny_2017,9,rf,nan,nan,nan,rf,nan,nan,precision_score,0.5,2026-05-26,2294436051
0.0,plants_ny_2017,9,rf,nan,nan,nan,rf,nan,nan,precision_score,0.5,2026-05-26,3985957753
0.0,plants_ny_2017,9,rf,nan,nan,nan,rf,nan,nan,precision_score,0.5,2026-05-26,5133192575
0.0,plants_ny_2017,9,rf,nan,nan,nan,rf,nan,nan,precision_score,0.5,2026-05-26,3892372566
0.0,plants_ny_2017,9,rf,nan,nan,nan,rf,nan,nan,precision_score,0.5,2026-05-26,3061755489
0.0,plants_ny_2017,9,rf,nan,nan,nan,rf,nan,nan,precision_score,0.5,2026-05-26,3747319532
0.0,plants_ny_2017,9,rf,nan,nan,nan,rf,nan,nan,precision_score,0.5,2026-05-26,5760857036
0.0,plants_ny_2017,9,rf,nan,nan,nan,rf,nan,nan,precision_score,0.5,2026-05-26,4145316361
0.0,plants_ny_2017,9,rf,nan,nan,nan,rf,nan,nan,precision_score,0.5,2026-05-26,3873224308
0.0,plants_ny_2017,9,rf,nan,nan,nan,rf,nan,nan,precision_score,0.5,2026-05-26,3456466636
0.0,plants_ny_2017,9,rf,nan,nan,nan,rf,nan,nan,precision_score,0.5,2026-05-26,3743180157
0.0,plants_ny_2017,9,rf,nan,nan,nan,rf,nan,nan,precision_score,0.5,2026-05-26,3859768809
0.0,plants_ny_2017,9,rf,nan,nan,nan,rf,nan,nan,precision_score,0.5,2026-05-26,3330469824
0.0,plants_ny_2017,9,rf,nan,nan,nan,rf,nan,nan,precision_score,0.5,2026-05-26,3302054595
0.0,plants_ny_2017,9,rf,nan,nan,nan,rf,nan,nan,precision_score,0.5,2026-05-26,3743104021
0.0,plants_ny_2017,9,rf,nan,nan,nan,rf,nan,nan,precision_score,0.5,2026-05-26,3117808454
0.0,plants_ny_2017,9,rf,nan,nan,nan,rf,nan,nan,precision_score,0.5,2026-05-26,4103165373
0.0,plants_ny_2017,9,rf,nan,nan,nan,rf,nan,nan,precision_score,0.5,2026-05-26,3956170083
0.0,plants_ny_2017,9,rf,nan,nan,nan,rf,nan,nan,precision_score,0.5,2026-05-26,2975964589
0.0,plants_ny_2017,9,rf,nan,nan,nan,rf,nan,nan,precision_score,0.5,2026-05-26,3956974578
0.0,plants_ny_2017,9,rf,nan,nan,nan,rf,nan,nan,precision_score,0.5,2026-05-26,5936190669
0.0,plants_ny_2017,9,rf,nan,nan,nan,rf,nan,nan,precision_score,0.5,2026-05-26,3743339062
0.0,plants_ny_2017,9,rf,nan,nan,nan,rf,nan,nan,precision_score,0.5,2026-05-26,3743042871
0.0,plants_ny_2017,9,rf,nan,nan,nan,rf,nan,nan,precision_score,0.5,2026-05-26,3743275144
0.0,plants_ny_2017,9,rf,nan,nan,nan,rf,nan,nan,precision_score,0.5,2026-05-26,2901508897
0.0,plants_ny_2017,9,rf,nan,nan,nan,rf,nan,nan,precision_score,0.5,2026-05-26,4863460549
0.0,plants_ny_2017,9,rf,nan,nan,nan,rf,nan,nan,precision_score,0.5,2026-05-26,3743117712
0.0,plants_ny_2017,9,rf,nan,nan,nan,rf,nan,nan,precision_score,0.5,2026-05-26,3960314247
0.0,plants_ny_2017,9,rf,nan,nan,nan,rf,nan,nan,precision_score,0.5,2026-05-26,5109262857
0.0,plants_ny_2017,9,rf,nan,nan,nan,rf,nan,nan,precision_score,0.5,2026-05-26,3321082572
0.0,plants_ny_2017,9,rf,nan,nan,nan,rf,nan,nan,precision_score,0.5,2026-05-26,3959920851
0.0,plants_ny_2017,9,rf,nan,nan,nan,rf,nan,nan,precision_score,0.5,2026-05-26,3902098754
0.0,plants_ny_2017,9,rf,nan,nan,nan,rf,nan,nan,precision_score,0.5,2026-05-26,4145625389
0.0,plants_ny_2017,9,rf,nan,nan,nan,rf,nan,nan,precision_score,0.5,2026-05-26,2645358416
0.0,plants_ny_2017,9,rf,nan,nan,nan,rf,nan,nan,precision_score,0.5,2026-05-26,3469002368
0.0,plants_ny_2017,9,rf,nan,nan,nan,rf,nan,nan,precision_score,0.5,2026-05-26,3337708873
0.0,plants_ny_2017,9,rf,nan,nan,nan,rf,nan,nan,precision_score,0.5,2026-05-26,3873675843
0.0,plants_ny_2017,9,rf,nan,nan,nan,rf,nan,nan,precision_score,0.5,2026-05-26,3743027037
0.0,plants_ny_2017,9,rf,nan,nan,nan,rf,nan,nan,precision_score,0.5,2026-05-26,5086889242
0.0,plants_ny_2017,9,rf,nan,nan,nan,rf,nan,nan,precision_score,0.5,2026-05-26,5187581330
0.0,plants_ny_2017,9,rf,nan,nan,nan,rf,nan,nan,precision_score,0.5,2026-05-26,3903230619
0.0,plants_ny_2017,9,rf,nan,nan,nan,rf,nan,nan,precision_score,0.5,2026-05-26,4076235337
0.0,plants_ny_2017,9,rf,nan,nan,nan,rf,nan,nan,precision_score,0.5,2026-05-26,3456702201
0.0,plants_ny_2017,9,rf,nan,nan,nan,rf,nan,nan,precision_score,0.5,2026-05-26,3947653229
0.0,plants_ny_2017,9,rf,nan,nan,nan,rf,nan,nan,precision_score,0.5,2026-05-26,4528229559
0.0,plants_ny_2017,9,rf,nan,nan,nan,rf,nan,nan,precision_score,0.5,2026-05-26,3743223133
0.0,plants_ny_2017,9,rf,nan,nan,nan,rf,nan,nan,precision_score,0.5,2026-05-26,3343893845
0.0,plants_ny_2017,9,rf,nan,nan,nan,rf,nan,nan,precision_score,0.5,2026-05-26,3892285556
0.0,plants_ny_2017,9,rf,nan,nan,nan,rf,nan,nan,precision_score,0.5,2026-05-26,3499478380
0.0,plants_ny_2017,9,rf,nan,nan,nan,rf,nan,nan,precision_score,0.5,2026-05-26,3343975825
0.0,plants_ny_2017,9,rf,nan,nan,nan,rf,nan,nan,precision_score,0.5,2026-05-26,3321201083
0.0,plants_ny_2017,9,rf,nan,nan,nan,rf,nan,nan,precision_score,0.5,2026-05-26,3915424389
0.0,plants_ny_2017,9,rf,nan,nan,nan,rf,nan,nan,precision_score,0.5,2026-05-26,3383857821
0.0,plants_ny_2017,9,rf,nan,nan,nan,rf,nan,nan,precision_score,0.5,2026-05-26,3892567407
0.0,plants_ny_2017,9,rf,nan,nan,nan,rf,nan,nan,precision_score,0.5,2026-05-26,3743217608
0.0,plants_ny_2017,9,rf,nan,nan,nan,rf,nan,nan,precision_score,0.5,2026-05-26,6170919816
0.0,plants_ny_2017,9,rf,nan,nan,nan,rf,nan,nan,precision_score,0.5,2026-05-26,2988558923
0.0,plants_ny_2017,9,rf,nan,nan,nan,rf,nan,nan,precision_score,0.5,2026-05-26,3743217109
0.0,plants_ny_2017,9,rf,nan,nan,nan,rf,nan,nan,precision_score,0.5,2026-05-26,3743261031
0.0,plants_ny_2017,9,rf,nan,nan,nan,rf,nan,nan,precision_score,0.5,2026-05-26,3399177638
0.0,plants_ny_2017,9,rf,nan,nan,nan,rf,nan,nan,precision_score,0.5,2026-05-26,5838032927
0.0,plants_ny_2017,9,rf,nan,nan,nan,rf,nan,nan,precision_score,0.5,2026-05-26,3415905006
0.0,plants_ny_2017,9,rf,nan,nan,nan,rf,nan,nan,precision_score,0.5,2026-05-26,3456305524
0.0,plants_ny_2017,9,rf,nan,nan,nan,rf,nan,nan,precision_score,0.5,2026-05-26,5205823328
0.0,plants_ny_2017,9,rf,nan,nan,nan,rf,nan,nan,precision_score,0.5,2026-05-26,4901133269
0.0,plants_ny_2017,9,rf,nan,nan,nan,rf,nan,nan,precision_score,0.5,2026-05-26,4075616529
0.0,plants_ny_2017,9,rf,nan,nan,nan,rf,nan,nan,precision_score,0.5,2026-05-26,4600040582
0.0,plants_ny_2017,9,rf,nan,nan,nan,rf,nan,nan,precision_score,0.5,2026-05-26,3960995546
0.0,plants_ny_2017,9,rf,nan,nan,nan,rf,nan,nan,precision_score,0.5,2026-05-26,4009727377
0.0,plants_ny_2017,9,rf,nan,nan,nan,rf,nan,nan,precision_score,0.5,2026-05-26,4075630432
0.0,plants_ny_2017,9,rf,nan,nan,nan,rf,nan,nan,precision_score,0.5,2026-05-26,3902850547
0.0,plants_ny_2017,9,rf,nan,nan,nan,rf,nan,nan,precision_score,0.5,2026-05-26,3773711199
0.0,plants_ny_2017,9,rf,nan,nan,nan,rf,nan,nan,precision_score,0.5,2026-05-26,3314182918
0.0,plants_ny_2017,9,rf,nan,nan,nan,rf,nan,nan,precision_score,0.5,2026-05-26,3307528959
0.0,plants_ny_2017,9,rf,nan,nan,nan,rf,nan,nan,precision_score,0.5,2026-05-26,3314388967
0.0,plants_ny_2017,9,rf,nan,nan,nan,rf,nan,nan,precision_score,0.5,2026-05-26,3872978976
0.0,plants_ny_2017,9,rf,nan,nan,nan,rf,nan,nan,precision_score,0.5,2026-05-26,6130780438
0.0,plants_ny_2017,9,rf,nan,nan,nan,rf,nan,nan,precision_score,0.5,2026-05-26,2864776729
0.0,plants_ny_2017,9,rf,nan,nan,nan,rf,nan,nan,precision_score,0.5,2026-05-26,3320859089
0.0,plants_ny_2017,9,rf,nan,nan,nan,rf,nan,nan,precision_score,0.5,2026-05-26,3320902040
0.0,plants_ny_2017,9,rf,nan,nan,nan,rf,nan,nan,precision_score,0.5,2026-05-26,3743127091
0.0,plants_ny_2017,9,rf,nan,nan,nan,rf,nan,nan,precision_score,0.5,2026-05-26,3986283680
0.0,plants_ny_2017,9,rf,nan,nan,nan,rf,nan,nan,precision_score,0.5,2026-05-26,3031968969
0.0,plants_ny_2017,9,rf,nan,nan,nan,rf,nan,nan,precision_score,0.5,2026-05-26,3061721466
0.0,plants_ny_2017,9,rf,nan,nan,nan,rf,nan,nan,precision_score,0.5,2026-05-26,3955756916
0.0,plants_ny_2017,9,rf,nan,nan,nan,rf,nan,nan,precision_score,0.5,2026-05-26,3743284924
0.0,plants_ny_2017,9,rf,nan,nan,nan,rf,nan,nan,precision_score,0.5,2026-05-26,3705557376
0.0,plants_ny_2017,9,rf,nan,nan,nan,rf,nan,nan,precision_score,0.5,2026-05-26,3743090165
0.0,plants_ny_2017,9,rf,nan,nan,nan,rf,nan,nan,precision_score,0.5,2026-05-26,3860487551
0.0,plants_ny_2017,9,rf,nan,nan,nan,rf,nan,nan,precision_score,0.5,2026-05-26,3743001906
0.0,plants_ny_2017,9,rf,nan,nan,nan,rf,nan,nan,precision_score,0.5,2026-05-26,3892298567
0.0,plants_ny_2017,9,rf,nan,nan,nan,rf,nan,nan,precision_score,0.5,2026-05-26,6133345067
0.0,plants_ny_2017,9,rf,nan,nan,nan,rf,nan,nan,precision_score,0.5,2026-05-26,3966707351
0.0,plants_ny_2017,9,rf,nan,nan,nan,rf,nan,nan,precision_score,0.5,2026-05-26,3330431488
0.0,plants_ny_2017,9,rf,nan,nan,nan,rf,nan,nan,precision_score,0.5,2026-05-26,2864788760
0.0,plants_ny_2017,9,rf,nan,nan,nan,rf,nan,nan,precision_score,0.5,2026-05-26,5086896260
0.0,plants_ny_2017,9,rf,nan,nan,nan,rf,nan,nan,precision_score,0.5,2026-05-26,4054832413
0.0,plants_ny_2017,9,rf,nan,nan,nan,rf,nan,nan,precision_score,0.5,2026-05-26,3314249988
0.0,plants_ny_2017,9,rf,nan,nan,nan,rf,nan,nan,precision_score,0.5,2026-05-26,6163175834
0.0,plants_ny_2017,9,rf,nan,nan,nan,rf,nan,nan,precision_score,0.5,2026-05-26,3712694437
0.0,plants_ny_2017,9,rf,nan,nan,nan,rf,nan,nan,precision_score,0.5,2026-05-26,4512039485
0.0,plants_ny_2017,9,rf,nan,nan,nan,rf,nan,nan,precision_score,0.5,2026-05-26,3859621448
0.0,plants_ny_2017,9,rf,nan,nan,nan,rf,nan,nan,precision_score,0.5,2026-05-26,2626144953
0.0,plants_ny_2017,9,rf,nan,nan,nan,rf,nan,nan,precision_score,0.5,2026-05-26,3902068078
0.0,plants_ny_2017,9,rf,nan,nan,nan,rf,nan,nan,precision_score,0.5,2026-05-26,3743311564
0.0,plants_ny_2017,9,rf,nan,nan,nan,rf,nan,nan,precision_score,0.5,2026-05-26,3321176071
0.0,plants_ny_2017,9,rf,nan,nan,nan,rf,nan,nan,precision_score,0.5,2026-05-26,2237466407
0.0,plants_ny_2017,9,rf,nan,nan,nan,rf,nan,nan,precision_score,0.5,2026-05-26,2006052775
0.0,plants_ny_2017,9,rf,nan,nan,nan,rf,nan,nan,precision_score,0.5,2026-05-26,3759197625
0.0,plants_ny_2017,9,rf,nan,nan,nan,rf,nan,nan,precision_score,0.5,2026-05-26,3338092837
0.0,plants_ny_2017,9,rf,nan,nan,nan,rf,nan,nan,precision_score,0.5,2026-05-26,4075612580
0.0,plants_ny_2017,9,rf,nan,nan,nan,rf,nan,nan,precision_score,0.5,2026-05-26,4075568541
0.0,plants_ny_2017,9,rf,nan,nan,nan,rf,nan,nan,precision_score,0.5,2026-05-26,2013733047
0.0,plants_ny_2017,9,rf,nan,nan,nan,rf,nan,nan,precision_score,0.5,2026-05-26,3355474053
0.0,plants_ny_2017,9,rf,nan,nan,nan,rf,nan,nan,precision_score,0.5,2026-05-26,3455355741
0.0,plants_ny_2017,9,rf,nan,nan,nan,rf,nan,nan,precision_score,0.5,2026-05-26,3743261956
0.0,plants_ny_2017,9,rf,nan,nan,nan,rf,nan,nan,precision_score,0.5,2026-05-26,3988711341
0.0,plants_ny_2017,9,rf,nan,nan,nan,rf,nan,nan,precision_score,0.5,2026-05-26,2626394279
0.0,plants_ny_2017,9,rf,nan,nan,nan,rf,nan,nan,precision_score,0.5,2026-05-26,3947064257
0.0,plants_ny_2017,9,rf,nan,nan,nan,rf,nan,nan,precision_score,0.5,2026-05-26,2864753772
0.0,plants_ny_2017,9,rf,nan,nan,nan,rf,nan,nan,precision_score,0.5,2026-05-26,4440836556
0.0,plants_ny_2017,9,rf,nan,nan,nan,rf,nan,nan,precision_score,0.5,2026-05-26,3302058097
0.0,plants_ny_2017,9,rf,nan,nan,nan,rf,nan,nan,precision_score,0.5,2026-05-26,3743181002
0.0,plants_ny_2017,9,rf,nan,nan,nan,rf,nan,nan,precision_score,0.5,2026-05-26,3456002819
0.0,plants_ny_2017,9,rf,nan,nan,nan,rf,nan,nan,precision_score,0.5,2026-05-26,1305173109
0.0,plants_ny_2017,9,rf,nan,nan,nan,rf,nan,nan,precision_score,0.5,2026-05-26,2626434562
0.0,plants_ny_2017,9,rf,nan,nan,nan,rf,nan,nan,precision_score,0.5,2026-05-26,3953731148
0.0,plants_ny_2017,9,rf,nan,nan,nan,rf,nan,nan,precision_score,0.5,2026-05-26,3998627007
0.0,plants_ny_2017,9,rf,nan,nan,nan,rf,nan,nan,precision_score,0.5,2026-05-26,5007876709
0.0,plants_ny_2017,9,rf,nan,nan,nan,rf,nan,nan,precision_score,0.5,2026-05-26,4600039736
0.0,plants_ny_2017,9,rf,nan,nan,nan,rf,nan,nan,precision_score,0.5,2026-05-26,3455490668
0.0,plants_ny_2017,9,rf,nan,nan,nan,rf,nan,nan,precision_score,0.5,2026-05-26,4096407443
0.0,plants_ny_2017,9,rf,nan,nan,nan,rf,nan,nan,precision_score,0.5,2026-05-26,2988408926
0.0,plants_ny_2017,9,rf,nan,nan,nan,rf,nan,nan,precision_score,0.5,2026-05-26,3705428470
0.0,plants_ny_2017,9,rf,nan,nan,nan,rf,nan,nan,precision_score,0.5,2026-05-26,3314262968
0.0,plants_ny_2017,9,rf,nan,nan,nan,rf,nan,nan,precision_score,0.5,2026-05-26,4076287323
0.0,plants_ny_2017,9,rf,nan,nan,nan,rf,nan,nan,precision_score,0.5,2026-05-26,3747096396
0.0,plants_ny_2017,9,rf,nan,nan,nan,rf,nan,nan,precision_score,0.5,2026-05-26,3955855510
0.0,plants_ny_2017,9,rf,nan,nan,nan,rf,nan,nan,precision_score,0.5,2026-05-26,3337848942
0.0,plants_ny_2017,9,rf,nan,nan,nan,rf,nan,nan,precision_score,0.5,2026-05-26,3902231109
0.0,plants_ny_2017,9,rf,nan,nan,nan,rf,nan,nan,precision_score,0.5,2026-05-26,3743063020
0.0,plants_ny_2017,9,rf,nan,nan,nan,rf,nan,nan,precision_score,0.5,2026-05-26,4438650577
0.0,plants_ny_2017,9,rf,nan,nan,nan,rf,nan,nan,precision_score,0.5,2026-05-26,2984433511
0.0,plants_ny_2017,9,rf,nan,nan,nan,rf,nan,nan,precision_score,0.5,2026-05-26,3743343160
0.0,plants_ny_2017,9,rf,nan,nan,nan,rf,nan,nan,precision_score,0.5,2026-05-26,4458356369
0.0,plants_ny_2017,9,rf,nan,nan,nan,rf,nan,nan,precision_score,0.5,2026-05-26,2013733500
0.0,plants_ny_2017,9,rf,nan,nan,nan,rf,nan,nan,precision_score,0.5,2026-05-26,3952358481
0.0,plants_ny_2017,9,rf,nan,nan,nan,rf,nan,nan,precision_score,0.5,2026-05-26,3873950555
0.0,plants_ny_2017,9,rf,nan,nan,nan,rf,nan,nan,precision_score,0.5,2026-05-26,3764340990
0.0,plants_ny_2017,9,rf,nan,nan,nan,rf,nan,nan,precision_score,0.5,2026-05-26,3344134309
0.0,plants_ny_2017,9,rf,nan,nan,nan,rf,nan,nan,precision_score,0.5,2026-05-26,6133241442
0.0,plants_ny_2017,9,rf,nan,nan,nan,rf,nan,nan,precision_score,0.5,2026-05-26,3892600555
0.0,plants_ny_2017,9,rf,nan,nan,nan,rf,nan,nan,precision_score,0.5,2026-05-26,2542905908
0.0,plants_ny_2017,9,rf,nan,nan,nan,rf,nan,nan,precision_score,0.5,2026-05-26,3456149826
0.0,plants_ny_2017,9,rf,nan,nan,nan,rf,nan,nan,precision_score,0.5,2026-05-26,3321037527
0.0,plants_ny_2017,9,rf,nan,nan,nan,rf,nan,nan,precision_score,0.5,2026-05-26,3888892940
0.0,plants_ny_2017,9,rf,nan,nan,nan,rf,nan,nan,precision_score,0.5,2026-05-26,3039130435
0.0,plants_ny_2017,9,rf,nan,nan,nan,rf,nan,nan,precision_score,0.5,2026-05-26,4009759377
0.0,plants_ny_2017,9,rf,nan,nan,nan,rf,nan,nan,precision_score,0.5,2026-05-26,4516509668
0.0,plants_ny_2017,9,rf,nan,nan,nan,rf,nan,nan,precision_score,0.5,2026-05-26,3951908759
0.0,plants_ny_2017,9,rf,nan,nan,nan,rf,nan,nan,precision_score,0.5,2026-05-26,3321069544
0.0,plants_ny_2017,9,rf,nan,nan,nan,rf,nan,nan,precision_score,0.5,2026-05-26,3873295483
0.0,plants_ny_2017,9,rf,nan,nan,nan,rf,nan,nan,precision_score,0.5,2026-05-26,3415476705
0.0,plants_ny_2017,9,rf,nan,nan,nan,rf,nan,nan,precision_score,0.5,2026-05-26,3383836816
0.0,plants_ny_2017,9,rf,nan,nan,nan,rf,nan,nan,precision_score,0.5,2026-05-26,2977665327
0.0,plants_ny_2017,9,rf,nan,nan,nan,rf,nan,nan,precision_score,0.5,2026-05-26,3499376440
0.0,plants_ny_2017,9,rf,nan,nan,nan,rf,nan,nan,precision_score,0.5,2026-05-26,3957652922
0.0,plants_ny_2017,9,rf,nan,nan,nan,rf,nan,nan,precision_score,0.5,2026-05-26,5076752674
0.0,plants_ny_2017,9,rf,nan,nan,nan,rf,nan,nan,precision_score,0.5,2026-05-26,3892491932
0.0,plants_ny_2017,9,rf,nan,nan,nan,rf,nan,nan,precision_score,0.5,2026-05-26,4067181465
0.0,plants_ny_2017,9,rf,nan,nan,nan,rf,nan,nan,precision_score,0.5,2026-05-26,2868113423
0.0,plants_ny_2017,9,rf,nan,nan,nan,rf,nan,nan,precision_score,0.5,2026-05-26,3955125866
0.0,plants_ny_2017,9,rf,nan,nan,nan,rf,nan,nan,precision_score,0.5,2026-05-26,4528178505
0.0,plants_ny_2017,9,rf,nan,nan,nan,rf,nan,nan,precision_score,0.5,2026-05-26,3951592098
0.0,plants_ny_2017,9,rf,nan,nan,nan,rf,nan,nan,precision_score,0.5,2026-05-26,3999162769
0.0,plants_ny_2017,9,rf,nan,nan,nan,rf,nan,nan,precision_score,0.5,2026-05-26,3320860516
0.0,plants_ny_2017,9,rf,nan,nan,nan,rf,nan,nan,precision_score,0.5,2026-05-26,3960168322
0.0,plants_ny_2017,9,rf,nan,nan,nan,rf,nan,nan,precision_score,0.5,2026-05-26,3325534811
0.0,plants_ny_2017,9,rf,nan,nan,nan,rf,nan,nan,precision_score,0.5,2026-05-26,4062564400
0.0,plants_ny_2017,9,rf,nan,nan,nan,rf,nan,nan,precision_score,0.5,2026-05-26,3958474166
0.0,plants_ny_2017,9,rf,nan,nan,nan,rf,nan,nan,precision_score,0.5,2026-05-26,3320884547
0.0,plants_ny_2017,9,rf,nan,nan,nan,rf,nan,nan,precision_score,0.5,2026-05-26,3888802993
0.0,plants_ny_2017,9,rf,nan,nan,nan,rf,nan,nan,precision_score,0.5,2026-05-26,3415831615
0.0,plants_ny_2017,9,rf,nan,nan,nan,rf,nan,nan,precision_score,0.5,2026-05-26,2975077899
0.0,plants_ny_2017,9,rf,nan,nan,nan,rf,nan,nan,precision_score,0.5,2026-05-26,2646525147
0.0,plants_ny_2017,9,rf,nan,nan,nan,rf,nan,nan,precision_score,0.5,2026-05-26,3325685769
0.0,plants_ny_2017,9,rf,nan,nan,nan,rf,nan,nan,precision_score,0.5,2026-05-26,3915272335
0.0,plants_ny_2017,9,rf,nan,nan,nan,rf,nan,nan,precision_score,0.5,2026-05-26,4062720384
0.0,plants_ny_2017,9,rf,nan,nan,nan,rf,nan,nan,precision_score,0.5,2026-05-26,3343811503
0.0,plants_ny_2017,9,rf,nan,nan,nan,rf,nan,nan,precision_score,0.5,2026-05-26,3955200465
0.0,plants_ny_2017,9,rf,nan,nan,nan,rf,nan,nan,precision_score,0.5,2026-05-26,2901879375
0.0,plants_ny_2017,9,rf,nan,nan,nan,rf,nan,nan,precision_score,0.5,2026-05-26,3958269257
0.0,plants_ny_2017,9,rf,nan,nan,nan,rf,nan,nan,precision_score,0.5,2026-05-26,3999036549
0.0,plants_ny_2017,9,rf,nan,nan,nan,rf,nan,nan,precision_score,0.5,2026-05-26,2901914363
0.0,plants_ny_2017,9,rf,nan,nan,nan,rf,nan,nan,precision_score,0.5,2026-05-26,4528213625
0.0,plants_ny_2017,9,rf,nan,nan,nan,rf,nan,nan,precision_score,0.5,2026-05-26,3117762997
0.0,plants_ny_2017,9,rf,nan,nan,nan,rf,nan,nan,precision_score,0.5,2026-05-26,4076251730
0.0,plants_ny_2017,9,rf,nan,nan,nan,rf,nan,nan,precision_score,0.5,2026-05-26,3456635637
0.0,plants_ny_2017,9,rf,nan,nan,nan,rf,nan,nan,precision_score,0.5,2026-05-26,4507599340
0.0,plants_ny_2017,9,rf,nan,nan,nan,rf,nan,nan,precision_score,0.5,2026-05-26,5839985418
0.0,plants_ny_2017,9,rf,nan,nan,nan,rf,nan,nan,precision_score,0.5,2026-05-26,3953780544
0.0,plants_ny_2017,9,rf,nan,nan,nan,rf,nan,nan,precision_score,0.5,2026-05-26,3953760145
0.0,plants_ny_2017,9,rf,nan,nan,nan,rf,nan,nan,precision_score,0.5,2026-05-26,3902505144
0.0,plants_ny_2017,9,rf,nan,nan,nan,rf,nan,nan,precision_score,0.5,2026-05-26,4527943511
0.0,plants_ny_2017,9,rf,nan,nan,nan,rf,nan,nan,precision_score,0.5,2026-05-26,3747314413
0.0,plants_ny_2017,9,rf,nan,nan,nan,rf,nan,nan,precision_score,0.5,2026-05-26,3954595054
0.0,plants_ny_2017,9,rf,nan,nan,nan,rf,nan,nan,precision_score,0.5,2026-05-26,3958521630
0.0,plants_ny_2017,9,rf,nan,nan,nan,rf,nan,nan,precision_score,0.5,2026-05-26,4171363528
0.0,plants_ny_2017,9,rf,nan,nan,nan,rf,nan,nan,precision_score,0.5,2026-05-26,3956232913
0.0,plants_ny_2017,9,rf,nan,nan,nan,rf,nan,nan,precision_score,0.5,2026-05-26,3953832144
0.0,plants_ny_2017,9,rf,nan,nan,nan,rf,nan,nan,precision_score,0.5,2026-05-26,3881373423
0.0,plants_ny_2017,9,rf,nan,nan,nan,rf,nan,nan,precision_score,0.5,2026-05-26,3912039697
0.0,plants_ny_2017,9,rf,nan,nan,nan,rf,nan,nan,precision_score,0.5,2026-05-26,3960187739
0.0,plants_ny_2017,9,rf,nan,nan,nan,rf,nan,nan,precision_score,0.5,2026-05-26,3760304993
0.0,plants_ny_2017,9,rf,nan,nan,nan,rf,nan,nan,precision_score,0.5,2026-05-26,3956370387
0.0,plants_ny_2017,9,rf,nan,nan,nan,rf,nan,nan,precision_score,0.5,2026-05-26,3958230004
0.0,plants_ny_2017,9,rf,nan,nan,nan,rf,nan,nan,precision_score,0.5,2026-05-26,3958479807
0.0,plants_ny_2017,9,rf,nan,nan,nan,rf,nan,nan,precision_score,0.5,2026-05-26,3117787393
0.0,plants_ny_2017,9,rf,nan,nan,nan,rf,nan,nan,precision_score,0.5,2026-05-26,3958556894
0.0,plants_ny_2017,9,rf,nan,nan,nan,rf,nan,nan,precision_score,0.5,2026-05-26,2901574269
0.0,plants_ny_2017,9,rf,nan,nan,nan,rf,nan,nan,precision_score,0.5,2026-05-26,2634091772
0.0,plants_ny_2017,9,rf,nan,nan,nan,rf,nan,nan,precision_score,0.5,2026-05-26,2597769715
0.0,plants_ny_2017,9,rf,nan,nan,nan,rf,nan,nan,precision_score,0.5,2026-05-26,2992735429
0.0,plants_ny_2017,9,rf,nan,nan,nan,rf,nan,nan,precision_score,0.5,2026-05-26,3998509748
0.0,plants_ny_2017,9,rf,nan,nan,nan,rf,nan,nan,precision_score,0.5,2026-05-26,2603427160
0.0,plants_ny_2017,9,rf,nan,nan,nan,rf,nan,nan,precision_score,0.5,2026-05-26,3954823449
0.0,plants_ny_2017,9,rf,nan,nan,nan,rf,nan,nan,precision_score,0.5,2026-05-26,3953031880
0.0,plants_ny_2017,9,rf,nan,nan,nan,rf,nan,nan,precision_score,0.5,2026-05-26,3955058929
0.0,plants_ny_2017,9,rf,nan,nan,nan,rf,nan,nan,precision_score,0.5,2026-05-26,3902628847
0.0,plants_ny_2017,9,rf,nan,nan,nan,rf,nan,nan,precision_score,0.5,2026-05-26,3321001513
0.0,plants_ny_2017,9,rf,nan,nan,nan,rf,nan,nan,precision_score,0.5,2026-05-26,3330626734
0.0,plants_ny_2017,9,rf,nan,nan,nan,rf,nan,nan,precision_score,0.5,2026-05-26,2873871395
0.0,plants_ny_2017,9,rf,nan,nan,nan,rf,nan,nan,precision_score,0.5,2026-05-26,3998011745
0.0,plants_ny_2017,9,rf,nan,nan,nan,rf,nan,nan,precision_score,0.5,2026-05-26,3951920795
0.0,plants_ny_2017,9,rf,nan,nan,nan,rf,nan,nan,precision_score,0.5,2026-05-26,3859456561
0.0,plants_ny_2017,9,rf,nan,nan,nan,rf,nan,nan,precision_score,0.5,2026-05-26,3415916602
0.0,plants_ny_2017,9,rf,nan,nan,nan,rf,nan,nan,precision_score,0.5,2026-05-26,3966468595
0.0,plants_ny_2017,9,rf,nan,nan,nan,rf,nan,nan,precision_score,0.5,2026-05-26,3958578351
0.0,plants_ny_2017,9,rf,nan,nan,nan,rf,nan,nan,precision_score,0.5,2026-05-26,3321271544
0.0,plants_ny_2017,9,rf,nan,nan,nan,rf,nan,nan,precision_score,0.5,2026-05-26,5230376340
0.0,plants_ny_2017,9,rf,nan,nan,nan,rf,nan,nan,precision_score,0.5,2026-05-26,3953934810
0.0,plants_ny_2017,9,rf,nan,nan,nan,rf,nan,nan,precision_score,0.5,2026-05-26,4424237421
0.0,plants_ny_2017,9,rf,nan,nan,nan,rf,nan,nan,precision_score,0.5,2026-05-26,3957231560
0.0,plants_ny_2017,9,rf,nan,nan,nan,rf,nan,nan,precision_score,0.5,2026-05-26,2597702667
0.0,plants_ny_2017,9,rf,nan,nan,nan,rf,nan,nan,precision_score,0.5,2026-05-26,3005182458
0.0,plants_ny_2017,9,rf,nan,nan,nan,rf,nan,nan,precision_score,0.5,2026-05-26,3759718426
0.0,plants_ny_2017,9,rf,nan,nan,nan,rf,nan,nan,precision_score,0.5,2026-05-26,2974337303
0.0,plants_ny_2017,9,rf,nan,nan,nan,rf,nan,nan,precision_score,0.5,2026-05-26,3858332427
0.0,plants_ny_2017,9,rf,nan,nan,nan,rf,nan,nan,precision_score,0.5,2026-05-26,3959675908
0.0,plants_ny_2017,9,rf,nan,nan,nan,rf,nan,nan,precision_score,0.5,2026-05-26,4507600344
0.0,plants_ny_2017,9,rf,nan,nan,nan,rf,nan,nan,precision_score,0.5,2026-05-26,3958698702
0.0,plants_ny_2017,9,rf,nan,nan,nan,rf,nan,nan,precision_score,0.5,2026-05-26,3355014674
0.0,plants_ny_2017,9,rf,nan,nan,nan,rf,nan,nan,precision_score,0.5,2026-05-26,3321026566
0.0,plants_ny_2017,9,rf,nan,nan,nan,rf,nan,nan,precision_score,0.5,2026-05-26,3998361625
0.0,plants_ny_2017,9,rf,nan,nan,nan,rf,nan,nan,precision_score,0.5,2026-05-26,3468982354
0.0,plants_ny_2017,9,rf,nan,nan,nan,rf,nan,nan,precision_score,0.5,2026-05-26,3321305584
0.0,plants_ny_2017,9,rf,nan,nan,nan,rf,nan,nan,precision_score,0.5,2026-05-26,3321222546
0.0,plants_ny_2017,9,rf,nan,nan,nan,rf,nan,nan,precision_score,0.5,2026-05-26,2597864582
0.0,plants_ny_2017,9,rf,nan,nan,nan,rf,nan,nan,precision_score,0.5,2026-05-26,3955245785
0.0,plants_ny_2017,9,rf,nan,nan,nan,rf,nan,nan,precision_score,0.5,2026-05-26,3337719955
0.0,plants_ny_2017,9,rf,nan,nan,nan,rf,nan,nan,precision_score,0.5,2026-05-26,3957007533
0.0,plants_ny_2017,9,rf,nan,nan,nan,rf,nan,nan,precision_score,0.5,2026-05-26,3764483265
0.0,plants_ny_2017,9,rf,nan,nan,nan,rf,nan,nan,precision_score,0.5,2026-05-26,3957207847
0.0,plants_ny_2017,9,rf,nan,nan,nan,rf,nan,nan,precision_score,0.5,2026-05-26,2976431965
0.0,plants_ny_2017,9,rf,nan,nan,nan,rf,nan,nan,precision_score,0.5,2026-05-26,3953150454
0.0,plants_ny_2017,9,rf,nan,nan,nan,rf,nan,nan,precision_score,0.5,2026-05-26,2826156614
0.0,plants_ny_2017,9,rf,nan,nan,nan,rf,nan,nan,precision_score,0.5,2026-05-26,1901034499
0.0,plants_ny_2017,9,rf,nan,nan,nan,rf,nan,nan,precision_score,0.5,2026-05-26,3903018842
0.0,plants_ny_2017,9,rf,nan,nan,nan,rf,nan,nan,precision_score,0.5,2026-05-26,3321263526
0.0,plants_ny_2017,9,rf,nan,nan,nan,rf,nan,nan,precision_score,0.5,2026-05-26,3952534068
0.0,plants_ny_2017,9,rf,nan,nan,nan,rf,nan,nan,precision_score,0.5,2026-05-26,2823283379
0.0,plants_ny_2017,9,rf,nan,nan,nan,rf,nan,nan,precision_score,0.5,2026-05-26,3953218651
0.0,plants_ny_2017,9,rf,nan,nan,nan,rf,nan,nan,precision_score,0.5,2026-05-26,2597868625
0.0,plants_ny_2017,9,rf,nan,nan,nan,rf,nan,nan,precision_score,0.5,2026-05-26,2980836345
0.0,plants_ny_2017,9,rf,nan,nan,nan,rf,nan,nan,precision_score,0.5,2026-05-26,3321014543
0.0,plants_ny_2017,9,rf,nan,nan,nan,rf,nan,nan,precision_score,0.5,2026-05-26,2883066364
0.0,plants_ny_2017,9,rf,nan,nan,nan,rf,nan,nan,precision_score,0.5,2026-05-26,3466240398
0.0,plants_ny_2017,9,rf,nan,nan,nan,rf,nan,nan,precision_score,0.5,2026-05-26,3321015540
0.0,plants_ny_2017,9,rf,nan,nan,nan,rf,nan,nan,precision_score,0.5,2026-05-26,6187968648
0.0,plants_ny_2017,9,rf,nan,nan,nan,rf,nan,nan,precision_score,0.5,2026-05-26,2603310886
0.0,plants_ny_2017,9,rf,nan,nan,nan,rf,nan,nan,precision_score,0.5,2026-05-26,3998406673
0.0,plants_ny_2017,9,rf,nan,nan,nan,rf,nan,nan,precision_score,0.5,2026-05-26,3321266570
0.0,plants_ny_2017,9,rf,nan,nan,nan,rf,nan,nan,precision_score,0.5,2026-05-26,2634377685
0.0,plants_ny_2017,9,rf,nan,nan,nan,rf,nan,nan,precision_score,0.5,2026-05-26,3966389322
0.0,plants_ny_2017,9,rf,nan,nan,nan,rf,nan,nan,precision_score,0.5,2026-05-26,3321302536
0.0,plants_ny_2017,9,rf,nan,nan,nan,rf,nan,nan,precision_score,0.5,2026-05-26,3958033664
0.0,plants_ny_2017,9,rf,nan,nan,nan,rf,nan,nan,precision_score,0.5,2026-05-26,3321019586
0.0,plants_ny_2017,9,rf,nan,nan,nan,rf,nan,nan,precision_score,0.5,2026-05-26,2596115209
0.0,plants_ny_2017,9,rf,nan,nan,nan,rf,nan,nan,precision_score,0.5,2026-05-26,3124904362
0.0,plants_ny_2017,9,rf,nan,nan,nan,rf,nan,nan,precision_score,0.5,2026-05-26,3330465368
0.0,plants_ny_2017,9,rf,nan,nan,nan,rf,nan,nan,precision_score,0.5,2026-05-26,3859115229
0.0,plants_ny_2017,9,rf,nan,nan,nan,rf,nan,nan,precision_score,0.5,2026-05-26,3889185429
0.0,plants_ny_2017,9,rf,nan,nan,nan,rf,nan,nan,precision_score,0.5,2026-05-26,3468719412
0.0,plants_ny_2017,9,rf,nan,nan,nan,rf,nan,nan,precision_score,0.5,2026-05-26,3337993899
0.0,plants_ny_2017,9,rf,nan,nan,nan,rf,nan,nan,precision_score,0.5,2026-05-26,3343910460
0.0,plants_ny_2017,9,rf,nan,nan,nan,rf,nan,nan,precision_score,0.5,2026-05-26,4177110426
0.0,plants_ny_2017,9,rf,nan,nan,nan,rf,nan,nan,precision_score,0.5,2026-05-26,3302232427
0.0,plants_ny_2017,9,rf,nan,nan,nan,rf,nan,nan,precision_score,0.5,2026-05-26,3952851141
0.0,plants_ny_2017,9,rf,nan,nan,nan,rf,nan,nan,precision_score,0.5,2026-05-26,3949455157
0.0,plants_ny_2017,9,rf,nan,nan,nan,rf,nan,nan,precision_score,0.5,2026-05-26,3985647532
0.0,plants_ny_2017,9,rf,nan,nan,nan,rf,nan,nan,precision_score,0.5,2026-05-26,3958128917
0.0,plants_ny_2017,9,rf,nan,nan,nan,rf,nan,nan,precision_score,0.5,2026-05-26,2641289538
0.0,plants_ny_2017,9,rf,nan,nan,nan,rf,nan,nan,precision_score,0.5,2026-05-26,3925182111
0.0,plants_ny_2017,9,rf,nan,nan,nan,rf,nan,nan,precision_score,0.5,2026-05-26,3955517921
0.0,plants_ny_2017,9,rf,nan,nan,nan,rf,nan,nan,precision_score,0.5,2026-05-26,3988645525
0.0,plants_ny_2017,9,rf,nan,nan,nan,rf,nan,nan,precision_score,0.5,2026-05-26,2013733480
0.0,plants_ny_2017,9,rf,nan,nan,nan,rf,nan,nan,precision_score,0.5,2026-05-26,4535635509
0.0,plants_ny_2017,9,rf,nan,nan,nan,rf,nan,nan,precision_score,0.5,2026-05-26,2873906624
0.0,plants_ny_2017,9,rf,nan,nan,nan,rf,nan,nan,precision_score,0.5,2026-05-26,2447841947
0.0,plants_ny_2017,9,rf,nan,nan,nan,rf,nan,nan,precision_score,0.5,2026-05-26,3960990945
0.0,plants_ny_2017,9,rf,nan,nan,nan,rf,nan,nan,precision_score,0.5,2026-05-26,3961245039
0.0,plants_ny_2017,9,rf,nan,nan,nan,rf,nan,nan,precision_score,0.5,2026-05-26,3343955525
0.0,plants_ny_2017,9,rf,nan,nan,nan,rf,nan,nan,precision_score,0.5,2026-05-26,3956155237
0.0,plants_ny_2017,9,rf,nan,nan,nan,rf,nan,nan,precision_score,0.5,2026-05-26,3985612363
0.0,plants_ny_2017,9,rf,nan,nan,nan,rf,nan,nan,precision_score,0.5,2026-05-26,3999198247
0.0,plants_ny_2017,9,rf,nan,nan,nan,rf,nan,nan,precision_score,0.5,2026-05-26,5215926335
0.0,plants_ny_2017,9,rf,nan,nan,nan,rf,nan,nan,precision_score,0.5,2026-05-26,3949548205
0.0,plants_ny_2017,9,rf,nan,nan,nan,rf,nan,nan,precision_score,0.5,2026-05-26,3743024050
0.0,plants_ny_2017,9,rf,nan,nan,nan,rf,nan,nan,precision_score,0.5,2026-05-26,3743172979
0.0,plants_ny_2017,9,rf,nan,nan,nan,rf,nan,nan,precision_score,0.5,2026-05-26,3415955653
0.0,plants_ny_2017,9,rf,nan,nan,nan,rf,nan,nan,precision_score,0.5,2026-05-26,3773459581
0.0,plants_ny_2017,9,rf,nan,nan,nan,rf,nan,nan,precision_score,0.5,2026-05-26,2620028627
0.0,plants_ny_2017,9,rf,nan,nan,nan,rf,nan,nan,precision_score,0.5,2026-05-26,2883164594
0.0,plants_ny_2017,9,rf,nan,nan,nan,rf,nan,nan,precision_score,0.5,2026-05-26,3465998602
0.0,plants_ny_2017,9,rf,nan,nan,nan,rf,nan,nan,precision_score,0.5,2026-05-26,3892408364
0.0,plants_ny_2017,9,rf,nan,nan,nan,rf,nan,nan,precision_score,0.5,2026-05-26,2868183388
0.0,plants_ny_2017,9,rf,nan,nan,nan,rf,nan,nan,precision_score,0.5,2026-05-26,2456508175
0.0,plants_ny_2017,9,rf,nan,nan,nan,rf,nan,nan,precision_score,0.5,2026-05-26,3956661052
0.0,plants_ny_2017,9,rf,nan,nan,nan,rf,nan,nan,precision_score,0.5,2026-05-26,3954746973
0.0,plants_ny_2017,9,rf,nan,nan,nan,rf,nan,nan,precision_score,0.5,2026-05-26,4527953376
0.0,plants_ny_2017,9,rf,nan,nan,nan,rf,nan,nan,precision_score,0.5,2026-05-26,2898516739
0.0,plants_ny_2017,9,rf,nan,nan,nan,rf,nan,nan,precision_score,0.5,2026-05-26,3772470423
0.0,plants_ny_2017,9,rf,nan,nan,nan,rf,nan,nan,precision_score,0.5,2026-05-26,2813862527
0.0,plants_ny_2017,9,rf,nan,nan,nan,rf,nan,nan,precision_score,0.5,2026-05-26,2868342116
0.0,plants_ny_2017,9,rf,nan,nan,nan,rf,nan,nan,precision_score,0.5,2026-05-26,2641489504
0.0,plants_ny_2017,9,rf,nan,nan,nan,rf,nan,nan,precision_score,0.5,2026-05-26,4901369040
0.0,plants_ny_2017,9,rf,nan,nan,nan,rf,nan,nan,precision_score,0.5,2026-05-26,3759622659
0.0,plants_ny_2017,9,rf,nan,nan,nan,rf,nan,nan,precision_score,0.5,2026-05-26,4076229585
0.0,plants_ny_2017,9,rf,nan,nan,nan,rf,nan,nan,precision_score,0.5,2026-05-26,3956144585
0.0,plants_ny_2017,9,rf,nan,nan,nan,rf,nan,nan,precision_score,0.5,2026-05-26,4420677349
0.0,plants_ny_2017,9,rf,nan,nan,nan,rf,nan,nan,precision_score,0.5,2026-05-26,2634278672
0.0,plants_ny_2017,9,rf,nan,nan,nan,rf,nan,nan,precision_score,0.5,2026-05-26,3953249105
0.0,plants_ny_2017,9,rf,nan,nan,nan,rf,nan,nan,precision_score,0.5,2026-05-26,3455964646
0.0,plants_ny_2017,9,rf,nan,nan,nan,rf,nan,nan,precision_score,0.5,2026-05-26,2873859731
0.0,plants_ny_2017,9,rf,nan,nan,nan,rf,nan,nan,precision_score,0.5,2026-05-26,2898516157
0.0,plants_ny_2017,9,rf,nan,nan,nan,rf,nan,nan,precision_score,0.5,2026-05-26,3859054753
0.0,plants_ny_2017,9,rf,nan,nan,nan,rf,nan,nan,precision_score,0.5,2026-05-26,2619991738
0.0,plants_ny_2017,9,rf,nan,nan,nan,rf,nan,nan,precision_score,0.5,2026-05-26,3008441467
0.0,plants_ny_2017,9,rf,nan,nan,nan,rf,nan,nan,precision_score,0.5,2026-05-26,3355269315
0.0,plants_ny_2017,9,rf,nan,nan,nan,rf,nan,nan,precision_score,0.5,2026-05-26,2868243816
0.0,plants_ny_2017,9,rf,nan,nan,nan,rf,nan,nan,precision_score,0.5,2026-05-26,3953015366
0.0,plants_ny_2017,9,rf,nan,nan,nan,rf,nan,nan,precision_score,0.5,2026-05-26,3333248827
0.0,plants_ny_2017,9,rf,nan,nan,nan,rf,nan,nan,precision_score,0.5,2026-05-26,4535879444
0.0,plants_ny_2017,9,rf,nan,nan,nan,rf,nan,nan,precision_score,0.5,2026-05-26,3759094904
0.0,plants_ny_2017,9,rf,nan,nan,nan,rf,nan,nan,precision_score,0.5,2026-05-26,2882944542
0.0,plants_ny_2017,9,rf,nan,nan,nan,rf,nan,nan,precision_score,0.5,2026-05-26,3963280062
0.0,plants_ny_2017,9,rf,nan,nan,nan,rf,nan,nan,precision_score,0.5,2026-05-26,3337778590
0.0,plants_ny_2017,9,rf,nan,nan,nan,rf,nan,nan,precision_score,0.5,2026-05-26,2873775204
0.0,plants_ny_2017,9,rf,nan,nan,nan,rf,nan,nan,precision_score,0.5,2026-05-26,3952038638
0.0,plants_ny_2017,9,rf,nan,nan,nan,rf,nan,nan,precision_score,0.5,2026-05-26,4599763571
0.0,plants_ny_2017,9,rf,nan,nan,nan,rf,nan,nan,precision_score,0.5,2026-05-26,4528213393
0.0,plants_ny_2017,9,rf,nan,nan,nan,rf,nan,nan,precision_score,0.5,2026-05-26,3957180617
0.0,plants_ny_2017,9,rf,nan,nan,nan,rf,nan,nan,precision_score,0.5,2026-05-26,2597876182
0.0,plants_ny_2017,9,rf,nan,nan,nan,rf,nan,nan,precision_score,0.5,2026-05-26,3415384643
0.0,plants_ny_2017,9,rf,nan,nan,nan,rf,nan,nan,precision_score,0.5,2026-05-26,3337565740
0.0,plants_ny_2017,9,rf,nan,nan,nan,rf,nan,nan,precision_score,0.5,2026-05-26,6129826336
0.0,plants_ny_2017,9,rf,nan,nan,nan,rf,nan,nan,precision_score,0.5,2026-05-26,3301904776
0.0,plants_ny_2017,9,rf,nan,nan,nan,rf,nan,nan,precision_score,0.5,2026-05-26,3705573336
0.0,plants_ny_2017,9,rf,nan,nan,nan,rf,nan,nan,precision_score,0.5,2026-05-26,2013732776
0.0,plants_ny_2017,9,rf,nan,nan,nan,rf,nan,nan,precision_score,0.5,2026-05-26,3958795751
0.0,plants_ny_2017,9,rf,nan,nan,nan,rf,nan,nan,precision_score,0.5,2026-05-26,3327754343
0.0,plants_ny_2017,9,rf,nan,nan,nan,rf,nan,nan,precision_score,0.5,2026-05-26,2597878199
0.0,plants_ny_2017,9,rf,nan,nan,nan,rf,nan,nan,precision_score,0.5,2026-05-26,2366059391
0.0,plants_ny_2017,9,rf,nan,nan,nan,rf,nan,nan,precision_score,0.5,2026-05-26,4921840325
0.0,plants_ny_2017,9,rf,nan,nan,nan,rf,nan,nan,precision_score,0.5,2026-05-26,2013732936
0.0,plants_ny_2017,9,rf,nan,nan,nan,rf,nan,nan,precision_score,0.5,2026-05-26,2850900221
0.0,plants_ny_2017,9,rf,nan,nan,nan,rf,nan,nan,precision_score,0.5,2026-05-26,3956871439
0.0,plants_ny_2017,9,rf,nan,nan,nan,rf,nan,nan,precision_score,0.5,2026-05-26,2988472451
0.0,plants_ny_2017,9,rf,nan,nan,nan,rf,nan,nan,precision_score,0.5,2026-05-26,3954521675
0.0,plants_ny_2017,9,rf,nan,nan,nan,rf,nan,nan,precision_score,0.5,2026-05-26,3333084885
0.0,plants_ny_2017,9,rf,nan,nan,nan,rf,nan,nan,precision_score,0.5,2026-05-26,2882925599
0.0,plants_ny_2017,9,rf,nan,nan,nan,rf,nan,nan,precision_score,0.5,2026-05-26,4076296424
0.0,plants_ny_2017,9,rf,nan,nan,nan,rf,nan,nan,precision_score,0.5,2026-05-26,2873763614
0.0,plants_ny_2017,9,rf,nan,nan,nan,rf,nan,nan,precision_score,0.5,2026-05-26,4177195399
0.0,plants_ny_2017,9,rf,nan,nan,nan,rf,nan,nan,precision_score,0.5,2026-05-26,6179302730
0.0,plants_ny_2017,9,rf,nan,nan,nan,rf,nan,nan,precision_score,0.5,2026-05-26,3959481665
0.0,plants_ny_2017,9,rf,nan,nan,nan,rf,nan,nan,precision_score,0.5,2026-05-26,4046239462
0.0,plants_ny_2017,9,rf,nan,nan,nan,rf,nan,nan,precision_score,0.5,2026-05-26,3888715724
0.0,plants_ny_2017,9,rf,nan,nan,nan,rf,nan,nan,precision_score,0.5,2026-05-26,2873953899
0.0,plants_ny_2017,9,rf,nan,nan,nan,rf,nan,nan,precision_score,0.5,2026-05-26,3947440320
0.0,plants_ny_2017,9,rf,nan,nan,nan,rf,nan,nan,precision_score,0.5,2026-05-26,4458747562
0.0,plants_ny_2017,9,rf,nan,nan,nan,rf,nan,nan,precision_score,0.5,2026-05-26,3915427072
0.0,plants_ny_2017,9,rf,nan,nan,nan,rf,nan,nan,precision_score,0.5,2026-05-26,3415655424
0.0,plants_ny_2017,9,rf,nan,nan,nan,rf,nan,nan,precision_score,0.5,2026-05-26,2013732635
0.0,plants_ny_2017,9,rf,nan,nan,nan,rf,nan,nan,precision_score,0.5,2026-05-26,3951628856
0.0,plants_ny_2017,9,rf,nan,nan,nan,rf,nan,nan,precision_score,0.5,2026-05-26,3888714707
0.0,plants_ny_2017,9,rf,nan,nan,nan,rf,nan,nan,precision_score,0.5,2026-05-26,3784799328
0.0,plants_ny_2017,9,rf,nan,nan,nan,rf,nan,nan,precision_score,0.5,2026-05-26,3985643493
0.0,plants_ny_2017,9,rf,nan,nan,nan,rf,nan,nan,precision_score,0.5,2026-05-26,2028445150
0.0,plants_ny_2017,9,rf,nan,nan,nan,rf,nan,nan,precision_score,0.5,2026-05-26,4524889580
0.0,plants_ny_2017,9,rf,nan,nan,nan,rf,nan,nan,precision_score,0.5,2026-05-26,3335103972
0.0,plants_ny_2017,9,rf,nan,nan,nan,rf,nan,nan,precision_score,0.5,2026-05-26,2634082173
0.0,plants_ny_2017,9,rf,nan,nan,nan,rf,nan,nan,precision_score,0.5,2026-05-26,4076253494
0.0,plants_ny_2017,9,rf,nan,nan,nan,rf,nan,nan,precision_score,0.5,2026-05-26,5076758770
0.0,plants_ny_2017,9,rf,nan,nan,nan,rf,nan,nan,precision_score,0.5,2026-05-26,3355057505
0.0,plants_ny_2017,9,rf,nan,nan,nan,rf,nan,nan,precision_score,0.5,2026-05-26,3415479445
0.0,plants_ny_2017,9,rf,nan,nan,nan,rf,nan,nan,precision_score,0.5,2026-05-26,3966733014
0.0,plants_ny_2017,9,rf,nan,nan,nan,rf,nan,nan,precision_score,0.5,2026-05-26,4420953401
0.0,plants_ny_2017,9,rf,nan,nan,nan,rf,nan,nan,precision_score,0.5,2026-05-26,3759188926
0.0,plants_ny_2017,9,rf,nan,nan,nan,rf,nan,nan,precision_score,0.5,2026-05-26,3949896397
0.0,plants_ny_2017,9,rf,nan,nan,nan,rf,nan,nan,precision_score,0.5,2026-05-26,3301836915
0.0,plants_ny_2017,9,rf,nan,nan,nan,rf,nan,nan,precision_score,0.5,2026-05-26,4111803374
0.0,plants_ny_2017,9,rf,nan,nan,nan,rf,nan,nan,precision_score,0.5,2026-05-26,2873850869
0.0,plants_ny_2017,9,rf,nan,nan,nan,rf,nan,nan,precision_score,0.5,2026-05-26,3948964192
0.0,plants_ny_2017,9,rf,nan,nan,nan,rf,nan,nan,precision_score,0.5,2026-05-26,2028445147
0.0,plants_ny_2017,9,rf,nan,nan,nan,rf,nan,nan,precision_score,0.5,2026-05-26,2802558651
0.0,plants_ny_2017,9,rf,nan,nan,nan,rf,nan,nan,precision_score,0.5,2026-05-26,4029047447
0.0,plants_ny_2017,9,rf,nan,nan,nan,rf,nan,nan,precision_score,0.5,2026-05-26,2874012336
0.0,plants_ny_2017,9,rf,nan,nan,nan,rf,nan,nan,precision_score,0.5,2026-05-26,3860259967
0.0,plants_ny_2017,9,rf,nan,nan,nan,rf,nan,nan,precision_score,0.5,2026-05-26,3994043599
0.0,plants_ny_2017,9,rf,nan,nan,nan,rf,nan,nan,precision_score,0.5,2026-05-26,2873777949
0.0,plants_ny_2017,9,rf,nan,nan,nan,rf,nan,nan,precision_score,0.5,2026-05-26,3956843233
0.0,plants_ny_2017,9,rf,nan,nan,nan,rf,nan,nan,precision_score,0.5,2026-05-26,3925108092
0.0,plants_ny_2017,9,rf,nan,nan,nan,rf,nan,nan,precision_score,0.5,2026-05-26,3949303121
0.0,plants_ny_2017,9,rf,nan,nan,nan,rf,nan,nan,precision_score,0.5,2026-05-26,2634316107
0.0,plants_ny_2017,9,rf,nan,nan,nan,rf,nan,nan,precision_score,0.5,2026-05-26,4872233169
0.0,plants_ny_2017,9,rf,nan,nan,nan,rf,nan,nan,precision_score,0.5,2026-05-26,2620038202
0.0,plants_ny_2017,9,rf,nan,nan,nan,rf,nan,nan,precision_score,0.5,2026-05-26,3998367991
0.0,plants_ny_2017,9,rf,nan,nan,nan,rf,nan,nan,precision_score,0.5,2026-05-26,5086908643
0.0,plants_ny_2017,9,rf,nan,nan,nan,rf,nan,nan,precision_score,0.5,2026-05-26,3337545066
0.0,plants_ny_2017,9,rf,nan,nan,nan,rf,nan,nan,precision_score,0.5,2026-05-26,2868307644
0.0,plants_ny_2017,9,rf,nan,nan,nan,rf,nan,nan,precision_score,0.5,2026-05-26,2423037307
0.0,plants_ny_2017,9,rf,nan,nan,nan,rf,nan,nan,precision_score,0.5,2026-05-26,3759200740
0.0,plants_ny_2017,9,rf,nan,nan,nan,rf,nan,nan,precision_score,0.5,2026-05-26,3912432969
0.0,plants_ny_2017,9,rf,nan,nan,nan,rf,nan,nan,precision_score,0.5,2026-05-26,3998808540
0.0,plants_ny_2017,9,rf,nan,nan,nan,rf,nan,nan,precision_score,0.5,2026-05-26,3743319869
0.0,plants_ny_2017,9,rf,nan,nan,nan,rf,nan,nan,precision_score,0.5,2026-05-26,3994054390
0.0,plants_ny_2017,9,rf,nan,nan,nan,rf,nan,nan,precision_score,0.5,2026-05-26,3955628078
0.0,plants_ny_2017,9,rf,nan,nan,nan,rf,nan,nan,precision_score,0.5,2026-05-26,2609173865
0.0,plants_ny_2017,9,rf,nan,nan,nan,rf,nan,nan,precision_score,0.5,2026-05-26,2397648532
0.0,plants_ny_2017,9,rf,nan,nan,nan,rf,nan,nan,precision_score,0.5,2026-05-26,3307175959
0.0,plants_ny_2017,9,rf,nan,nan,nan,rf,nan,nan,precision_score,0.5,2026-05-26,3956681096
0.0,plants_ny_2017,9,rf,nan,nan,nan,rf,nan,nan,precision_score,0.5,2026-05-26,3999188987
0.0,plants_ny_2017,9,rf,nan,nan,nan,rf,nan,nan,precision_score,0.5,2026-05-26,3953738539
0.0,plants_ny_2017,9,rf,nan,nan,nan,rf,nan,nan,precision_score,0.5,2026-05-26,3407995956
0.0,plants_ny_2017,9,rf,nan,nan,nan,rf,nan,nan,precision_score,0.5,2026-05-26,5761134977
0.0,plants_ny_2017,9,rf,nan,nan,nan,rf,nan,nan,precision_score,0.5,2026-05-26,2603327880
0.0,plants_ny_2017,9,rf,nan,nan,nan,rf,nan,nan,precision_score,0.5,2026-05-26,2641520886
0.0,plants_ny_2017,9,rf,nan,nan,nan,rf,nan,nan,precision_score,0.5,2026-05-26,3044634517
0.0,plants_ny_2017,9,rf,nan,nan,nan,rf,nan,nan,precision_score,0.5,2026-05-26,3951699634
0.0,plants_ny_2017,9,rf,nan,nan,nan,rf,nan,nan,precision_score,0.5,2026-05-26,4872222583
0.0,plants_ny_2017,9,rf,nan,nan,nan,rf,nan,nan,precision_score,0.5,2026-05-26,2626123802
0.0,plants_ny_2017,9,rf,nan,nan,nan,rf,nan,nan,precision_score,0.5,2026-05-26,3957759481
0.0,plants_ny_2017,9,rf,nan,nan,nan,rf,nan,nan,precision_score,0.5,2026-05-26,3455227759
0.0,plants_ny_2017,9,rf,nan,nan,nan,rf,nan,nan,precision_score,0.5,2026-05-26,2013732777
0.0,plants_ny_2017,9,rf,nan,nan,nan,rf,nan,nan,precision_score,0.5,2026-05-26,2814040955
0.0,plants_ny_2017,9,rf,nan,nan,nan,rf,nan,nan,precision_score,0.5,2026-05-26,3881562333
0.0,plants_ny_2017,9,rf,nan,nan,nan,rf,nan,nan,precision_score,0.5,2026-05-26,4046577393
0.0,plants_ny_2017,9,rf,nan,nan,nan,rf,nan,nan,precision_score,0.5,2026-05-26,4420827343
0.0,plants_ny_2017,9,rf,nan,nan,nan,rf,nan,nan,precision_score,0.5,2026-05-26,1847412370
0.0,plants_ny_2017,9,rf,nan,nan,nan,rf,nan,nan,precision_score,0.5,2026-05-26,4076242631
0.0,plants_ny_2017,9,rf,nan,nan,nan,rf,nan,nan,precision_score,0.5,2026-05-26,3959288308
0.0,plants_ny_2017,9,rf,nan,nan,nan,rf,nan,nan,precision_score,0.5,2026-05-26,3960251206
0.0,plants_ny_2017,9,rf,nan,nan,nan,rf,nan,nan,precision_score,0.5,2026-05-26,4420914357
0.0,plants_ny_2017,9,rf,nan,nan,nan,rf,nan,nan,precision_score,0.5,2026-05-26,3966594058
0.0,plants_ny_2017,9,rf,nan,nan,nan,rf,nan,nan,precision_score,0.5,2026-05-26,3314230566
0.0,plants_ny_2017,9,rf,nan,nan,nan,rf,nan,nan,precision_score,0.5,2026-05-26,3954160107
0.0,plants_ny_2017,9,rf,nan,nan,nan,rf,nan,nan,precision_score,0.5,2026-05-26,2609137204
0.0,plants_ny_2017,9,rf,nan,nan,nan,rf,nan,nan,precision_score,0.5,2026-05-26,4528157436
0.0,plants_ny_2017,9,rf,nan,nan,nan,rf,nan,nan,precision_score,0.5,2026-05-26,3764533417
0.0,plants_ny_2017,9,rf,nan,nan,nan,rf,nan,nan,precision_score,0.5,2026-05-26,4436076465
0.0,plants_ny_2017,9,rf,nan,nan,nan,rf,nan,nan,precision_score,0.5,2026-05-26,3337736494
0.0,plants_ny_2017,9,rf,nan,nan,nan,rf,nan,nan,precision_score,0.5,2026-05-26,3949454189
0.0,plants_ny_2017,9,rf,nan,nan,nan,rf,nan,nan,precision_score,0.5,2026-05-26,3079801738
0.0,plants_ny_2017,9,rf,nan,nan,nan,rf,nan,nan,precision_score,0.5,2026-05-26,4510200490
0.0,plants_ny_2017,9,rf,nan,nan,nan,rf,nan,nan,precision_score,0.5,2026-05-26,4075660476
0.0,plants_ny_2017,9,rf,nan,nan,nan,rf,nan,nan,precision_score,0.5,2026-05-26,2868192397
0.0,plants_ny_2017,9,rf,nan,nan,nan,rf,nan,nan,precision_score,0.5,2026-05-26,3018085526
0.0,plants_ny_2017,9,rf,nan,nan,nan,rf,nan,nan,precision_score,0.5,2026-05-26,3785074333
0.0,plants_ny_2017,9,rf,nan,nan,nan,rf,nan,nan,precision_score,0.5,2026-05-26,4046514391
0.0,plants_ny_2017,9,rf,nan,nan,nan,rf,nan,nan,precision_score,0.5,2026-05-26,4921429336
0.0,plants_ny_2017,9,rf,nan,nan,nan,rf,nan,nan,precision_score,0.5,2026-05-26,3415660496
0.0,plants_ny_2017,9,rf,nan,nan,nan,rf,nan,nan,precision_score,0.5,2026-05-26,3415427507
0.0,plants_ny_2017,9,rf,nan,nan,nan,rf,nan,nan,precision_score,0.5,2026-05-26,3008425463
0.0,plants_ny_2017,9,rf,nan,nan,nan,rf,nan,nan,precision_score,0.5,2026-05-26,5086876650
0.0,plants_ny_2017,9,rf,nan,nan,nan,rf,nan,nan,precision_score,0.5,2026-05-26,2980808506
0.0,plants_ny_2017,9,rf,nan,nan,nan,rf,nan,nan,precision_score,0.5,2026-05-26,2860130748
0.0,plants_ny_2017,9,rf,nan,nan,nan,rf,nan,nan,precision_score,0.5,2026-05-26,4014892369
0.0,plants_ny_2017,9,rf,nan,nan,nan,rf,nan,nan,precision_score,0.5,2026-05-26,5231058323
0.0,plants_ny_2017,9,rf,nan,nan,nan,rf,nan,nan,precision_score,0.5,2026-05-26,2626294636
0.0,plants_ny_2017,9,rf,nan,nan,nan,rf,nan,nan,precision_score,0.5,2026-05-26,3014082027
0.0,plants_ny_2017,9,rf,nan,nan,nan,rf,nan,nan,precision_score,0.5,2026-05-26,3952596364
0.0,plants_ny_2017,9,rf,nan,nan,nan,rf,nan,nan,precision_score,0.5,2026-05-26,3712512348
0.0,plants_ny_2017,9,rf,nan,nan,nan,rf,nan,nan,precision_score,0.5,2026-05-26,3061623404
0.0,plants_ny_2017,9,rf,nan,nan,nan,rf,nan,nan,precision_score,0.5,2026-05-26,4528169424
0.0,plants_ny_2017,9,rf,nan,nan,nan,rf,nan,nan,precision_score,0.5,2026-05-26,3333070939
0.0,plants_ny_2017,9,rf,nan,nan,nan,rf,nan,nan,precision_score,0.5,2026-05-26,4950557614
0.0,plants_ny_2017,9,rf,nan,nan,nan,rf,nan,nan,precision_score,0.5,2026-05-26,2873912850
0.0,plants_ny_2017,9,rf,nan,nan,nan,rf,nan,nan,precision_score,0.5,2026-05-26,3117851029
0.0,plants_ny_2017,9,rf,nan,nan,nan,rf,nan,nan,precision_score,0.5,2026-05-26,2873955778
0.0,plants_ny_2017,9,rf,nan,nan,nan,rf,nan,nan,precision_score,0.5,2026-05-26,3079533130
0.0,plants_ny_2017,9,rf,nan,nan,nan,rf,nan,nan,precision_score,0.5,2026-05-26,2252044867
0.0,plants_ny_2017,9,rf,nan,nan,nan,rf,nan,nan,precision_score,0.5,2026-05-26,2873731714
0.0,plants_ny_2017,9,rf,nan,nan,nan,rf,nan,nan,precision_score,0.5,2026-05-26,3956603466
0.0,plants_ny_2017,9,rf,nan,nan,nan,rf,nan,nan,precision_score,0.5,2026-05-26,2901572505
0.0,plants_ny_2017,9,rf,nan,nan,nan,rf,nan,nan,precision_score,0.5,2026-05-26,3391394377
0.0,plants_ny_2017,9,rf,nan,nan,nan,rf,nan,nan,precision_score,0.5,2026-05-26,2873775491
0.0,plants_ny_2017,9,rf,nan,nan,nan,rf,nan,nan,precision_score,0.5,2026-05-26,2641392339
0.0,plants_ny_2017,9,rf,nan,nan,nan,rf,nan,nan,precision_score,0.5,2026-05-26,2856800484
0.0,plants_ny_2017,9,rf,nan,nan,nan,rf,nan,nan,precision_score,0.5,2026-05-26,2963952417
0.0,plants_ny_2017,9,rf,nan,nan,nan,rf,nan,nan,precision_score,0.5,2026-05-26,2873717827
0.0,plants_ny_2017,9,rf,nan,nan,nan,rf,nan,nan,precision_score,0.5,2026-05-26,5230931328
0.0,plants_ny_2017,9,rf,nan,nan,nan,rf,nan,nan,precision_score,0.5,2026-05-26,5062453921
0.0,plants_ny_2017,9,rf,nan,nan,nan,rf,nan,nan,precision_score,0.5,2026-05-26,4952346032
0.0,plants_ny_2017,9,rf,nan,nan,nan,rf,nan,nan,precision_score,0.5,2026-05-26,3953935990
0.0,plants_ny_2017,9,rf,nan,nan,nan,rf,nan,nan,precision_score,0.5,2026-05-26,2814058717
0.0,plants_ny_2017,9,rf,nan,nan,nan,rf,nan,nan,precision_score,0.5,2026-05-26,2862326007
0.0,plants_ny_2017,9,rf,nan,nan,nan,rf,nan,nan,precision_score,0.5,2026-05-26,4535774445
0.0,plants_ny_2017,9,rf,nan,nan,nan,rf,nan,nan,precision_score,0.5,2026-05-26,2596238191
0.0,plants_ny_2017,9,rf,nan,nan,nan,rf,nan,nan,precision_score,0.5,2026-05-26,3785026340
0.0,plants_ny_2017,9,rf,nan,nan,nan,rf,nan,nan,precision_score,0.5,2026-05-26,2252042327
0.0,plants_ny_2017,9,rf,nan,nan,nan,rf,nan,nan,precision_score,0.5,2026-05-26,2252044288
0.0,plants_ny_2017,9,rf,nan,nan,nan,rf,nan,nan,precision_score,0.5,2026-05-26,2641529211
0.0,plants_ny_2017,9,rf,nan,nan,nan,rf,nan,nan,precision_score,0.5,2026-05-26,2856846457
0.0,plants_ny_2017,9,rf,nan,nan,nan,rf,nan,nan,precision_score,0.5,2026-05-26,3455221280
0.0,plants_ny_2017,9,rf,nan,nan,nan,rf,nan,nan,precision_score,0.5,2026-05-26,2883164424
0.0,plants_ny_2017,9,rf,nan,nan,nan,rf,nan,nan,precision_score,0.5,2026-05-26,2641413278
0.0,plants_ny_2017,9,rf,nan,nan,nan,rf,nan,nan,precision_score,0.5,2026-05-26,2864865797
0.0,plants_ny_2017,9,rf,nan,nan,nan,rf,nan,nan,precision_score,0.5,2026-05-26,2873970909
0.0,plants_ny_2017,9,rf,nan,nan,nan,rf,nan,nan,precision_score,0.5,2026-05-26,2873903604
0.0,plants_ny_2017,9,rf,nan,nan,nan,rf,nan,nan,precision_score,0.5,2026-05-26,2873978641
0.0,plants_ny_2017,9,rf,nan,nan,nan,rf,nan,nan,precision_score,0.5,2026-05-26,2873780643
0.0,plants_ny_2017,9,rf,nan,nan,nan,rf,nan,nan,precision_score,0.5,2026-05-26,3044862036
0.0,plants_ny_2017,9,rf,nan,nan,nan,rf,nan,nan,precision_score,0.5,2026-05-26,2429558347
0.0,plants_ny_2017,9,rf,nan,nan,nan,rf,nan,nan,precision_score,0.5,2026-05-26,2873750737
0.0,plants_ny_2017,9,rf,nan,nan,nan,rf,nan,nan,precision_score,0.5,2026-05-26,2873896057
0.0,plants_ny_2017,9,rf,nan,nan,nan,rf,nan,nan,precision_score,0.5,2026-05-26,2634423128
0.0,plants_ny_2017,9,rf,nan,nan,nan,rf,nan,nan,precision_score,0.5,2026-05-26,2283173429
0.0,plants_ny_2017,9,rf,nan,nan,nan,rf,nan,nan,precision_score,0.5,2026-05-26,3955271575
0.0,plants_ny_2017,9,rf,nan,nan,nan,rf,nan,nan,precision_score,0.5,2026-05-26,3881779021
0.0,plants_ny_2017,9,rf,nan,nan,nan,rf,nan,nan,precision_score,0.5,2026-05-26,2641449396
0.0,plants_ny_2017,9,rf,nan,nan,nan,rf,nan,nan,precision_score,0.5,2026-05-26,5062478881
0.0,plants_ny_2017,9,rf,nan,nan,nan,rf,nan,nan,precision_score,0.5,2026-05-26,3415594611
0.0,plants_ny_2017,9,rf,nan,nan,nan,rf,nan,nan,precision_score,0.5,2026-05-26,4507766518
0.0,plants_ny_2017,9,rf,nan,nan,nan,rf,nan,nan,precision_score,0.5,2026-05-26,2859960665
0.0,plants_ny_2017,9,rf,nan,nan,nan,rf,nan,nan,precision_score,0.5,2026-05-26,3455202912
0.0,plants_ny_2017,9,rf,nan,nan,nan,rf,nan,nan,precision_score,0.5,2026-05-26,2862492531
0.0,plants_ny_2017,9,rf,nan,nan,nan,rf,nan,nan,precision_score,0.5,2026-05-26,4528135535
0.0,plants_ny_2017,9,rf,nan,nan,nan,rf,nan,nan,precision_score,0.5,2026-05-26,2826413627
0.0,plants_ny_2017,9,rf,nan,nan,nan,rf,nan,nan,precision_score,0.5,2026-05-26,5838304880
0.0,plants_ny_2017,9,rf,nan,nan,nan,rf,nan,nan,precision_score,0.5,2026-05-26,4950049010
0.0,plants_ny_2017,9,rf,nan,nan,nan,rf,nan,nan,precision_score,0.5,2026-05-26,3017997497
0.0,plants_ny_2017,9,rf,nan,nan,nan,rf,nan,nan,precision_score,0.5,2026-05-26,4424166351
0.0,plants_ny_2017,9,rf,nan,nan,nan,rf,nan,nan,precision_score,0.5,2026-05-26,5230829327
0.0,plants_ny_2017,9,rf,nan,nan,nan,rf,nan,nan,precision_score,0.5,2026-05-26,5076770424
0.0,plants_ny_2017,9,rf,nan,nan,nan,rf,nan,nan,precision_score,0.5,2026-05-26,2641528222
0.0,plants_ny_2017,9,rf,nan,nan,nan,rf,nan,nan,precision_score,0.5,2026-05-26,2818568503
0.0,plants_ny_2017,9,rf,nan,nan,nan,rf,nan,nan,precision_score,0.5,2026-05-26,3858226578
0.0,plants_ny_2017,9,rf,nan,nan,nan,rf,nan,nan,precision_score,0.5,2026-05-26,2883168515
0.0,plants_ny_2017,9,rf,nan,nan,nan,rf,nan,nan,precision_score,0.5,2026-05-26,2814052565
0.0,plants_ny_2017,9,rf,nan,nan,nan,rf,nan,nan,precision_score,0.5,2026-05-26,3333122901
0.0,plants_ny_2017,9,rf,nan,nan,nan,rf,nan,nan,precision_score,0.5,2026-05-26,2634377589
0.0,plants_ny_2017,9,rf,nan,nan,nan,rf,nan,nan,precision_score,0.5,2026-05-26,2873834807
0.0,plants_ny_2017,9,rf,nan,nan,nan,rf,nan,nan,precision_score,0.5,2026-05-26,3455402003
0.0,plants_ny_2017,9,rf,nan,nan,nan,rf,nan,nan,precision_score,0.5,2026-05-26,3008453546
0.0,plants_ny_2017,9,rf,nan,nan,nan,rf,nan,nan,precision_score,0.5,2026-05-26,2818834502
0.0,plants_ny_2017,9,rf,nan,nan,nan,rf,nan,nan,precision_score,0.5,2026-05-26,2901604538
0.0,plants_ny_2017,9,rf,nan,nan,nan,rf,nan,nan,precision_score,0.5,2026-05-26,2311400387
0.0,plants_ny_2017,9,rf,nan,nan,nan,rf,nan,nan,precision_score,0.5,2026-05-26,3759093478
0.0,plants_ny_2017,9,rf,nan,nan,nan,rf,nan,nan,precision_score,0.5,2026-05-26,3044760364
0.0,plants_ny_2017,9,rf,nan,nan,nan,rf,nan,nan,precision_score,0.5,2026-05-26,3097289701
0.0,plants_ny_2017,9,rf,nan,nan,nan,rf,nan,nan,precision_score,0.5,2026-05-26,1901045278
0.0,plants_ny_2017,9,rf,nan,nan,nan,rf,nan,nan,precision_score,0.5,2026-05-26,3952322518
0.0,plants_ny_2017,9,rf,nan,nan,nan,rf,nan,nan,precision_score,0.5,2026-05-26,4076242411
0.0,plants_ny_2017,9,rf,nan,nan,nan,rf,nan,nan,precision_score,0.5,2026-05-26,2980991461
0.0,plants_ny_2017,9,rf,nan,nan,nan,rf,nan,nan,precision_score,0.5,2026-05-26,3957501297
0.0,plants_ny_2017,9,rf,nan,nan,nan,rf,nan,nan,precision_score,0.5,2026-05-26,3415512010
0.0,plants_ny_2017,9,rf,nan,nan,nan,rf,nan,nan,precision_score,0.5,2026-05-26,2873904410
0.0,plants_ny_2017,9,rf,nan,nan,nan,rf,nan,nan,precision_score,0.5,2026-05-26,2883174383
0.0,plants_ny_2017,9,rf,nan,nan,nan,rf,nan,nan,precision_score,0.5,2026-05-26,4009738340
0.0,plants_ny_2017,9,rf,nan,nan,nan,rf,nan,nan,precision_score,0.5,2026-05-26,4528135390
0.0,plants_ny_2017,9,rf,nan,nan,nan,rf,nan,nan,precision_score,0.5,2026-05-26,3456320449
0.0,plants_ny_2017,9,rf,nan,nan,nan,rf,nan,nan,precision_score,0.5,2026-05-26,5838356649
0.0,plants_ny_2017,9,rf,nan,nan,nan,rf,nan,nan,precision_score,0.5,2026-05-26,2882955403
0.0,plants_ny_2017,9,rf,nan,nan,nan,rf,nan,nan,precision_score,0.5,2026-05-26,2873888833
0.0,plants_ny_2017,9,rf,nan,nan,nan,rf,nan,nan,precision_score,0.5,2026-05-26,4903941806
0.0,plants_ny_2017,9,rf,nan,nan,nan,rf,nan,nan,precision_score,0.5,2026-05-26,3058857526
0.0,plants_ny_2017,9,rf,nan,nan,nan,rf,nan,nan,precision_score,0.5,2026-05-26,2873937134
0.0,plants_ny_2017,9,rf,nan,nan,nan,rf,nan,nan,precision_score,0.5,2026-05-26,3059050363
0.0,plants_ny_2017,9,rf,nan,nan,nan,rf,nan,nan,precision_score,0.5,2026-05-26,1839208797
0.0,plants_ny_2017,9,rf,nan,nan,nan,rf,nan,nan,precision_score,0.5,2026-05-26,2873772824
0.0,plants_ny_2017,9,rf,nan,nan,nan,rf,nan,nan,precision_score,0.5,2026-05-26,4950057946
0.0,plants_ny_2017,9,rf,nan,nan,nan,rf,nan,nan,precision_score,0.5,2026-05-26,2429558103
0.0,plants_ny_2017,9,rf,nan,nan,nan,rf,nan,nan,precision_score,0.5,2026-05-26,2984441324
0.0,plants_ny_2017,9,rf,nan,nan,nan,rf,nan,nan,precision_score,0.5,2026-05-26,2856690495
0.0,plants_ny_2017,9,rf,nan,nan,nan,rf,nan,nan,precision_score,0.5,2026-05-26,5188141486
0.0,plants_ny_2017,9,rf,nan,nan,nan,rf,nan,nan,precision_score,0.5,2026-05-26,4171155343
0.0,plants_ny_2017,9,rf,nan,nan,nan,rf,nan,nan,precision_score,0.5,2026-05-26,2826366116
0.0,plants_ny_2017,9,rf,nan,nan,nan,rf,nan,nan,precision_score,0.5,2026-05-26,2984444467
0.0,plants_ny_2017,9,rf,nan,nan,nan,rf,nan,nan,precision_score,0.5,2026-05-26,2988411648
0.0,plants_ny_2017,9,rf,nan,nan,nan,rf,nan,nan,precision_score,0.5,2026-05-26,4528140431
0.0,plants_ny_2017,9,rf,nan,nan,nan,rf,nan,nan,precision_score,0.5,2026-05-26,1899791040
0.0,plants_ny_2017,9,rf,nan,nan,nan,rf,nan,nan,precision_score,0.5,2026-05-26,2898511518
0.0,plants_ny_2017,9,rf,nan,nan,nan,rf,nan,nan,precision_score,0.5,2026-05-26,2641500226
0.0,plants_ny_2017,9,rf,nan,nan,nan,rf,nan,nan,precision_score,0.5,2026-05-26,3985757489
0.0,plants_ny_2017,9,rf,nan,nan,nan,rf,nan,nan,precision_score,0.5,2026-05-26,2563454917
0.0,plants_ny_2017,9,rf,nan,nan,nan,rf,nan,nan,precision_score,0.5,2026-05-26,4600016345
0.0,plants_ny_2017,9,rf,nan,nan,nan,rf,nan,nan,precision_score,0.5,2026-05-26,2868092011
0.0,plants_ny_2017,9,rf,nan,nan,nan,rf,nan,nan,precision_score,0.5,2026-05-26,3415631881
0.0,plants_ny_2017,9,rf,nan,nan,nan,rf,nan,nan,precision_score,0.5,2026-05-26,2873912844
0.0,plants_ny_2017,9,rf,nan,nan,nan,rf,nan,nan,precision_score,0.5,2026-05-26,3416029157
0.0,plants_ny_2017,9,rf,nan,nan,nan,rf,nan,nan,precision_score,0.5,2026-05-26,2883073537
0.0,plants_ny_2017,9,rf,nan,nan,nan,rf,nan,nan,precision_score,0.5,2026-05-26,2856841476
0.0,plants_ny_2017,9,rf,nan,nan,nan,rf,nan,nan,precision_score,0.5,2026-05-26,3892401372
0.0,plants_ny_2017,9,rf,nan,nan,nan,rf,nan,nan,precision_score,0.5,2026-05-26,2873960673
0.0,plants_ny_2017,9,rf,nan,nan,nan,rf,nan,nan,precision_score,0.5,2026-05-26,4075609428
0.0,plants_ny_2017,9,rf,nan,nan,nan,rf,nan,nan,precision_score,0.5,2026-05-26,4950170246
0.0,plants_ny_2017,9,rf,nan,nan,nan,rf,nan,nan,precision_score,0.5,2026-05-26,3044606689
0.0,plants_ny_2017,9,rf,nan,nan,nan,rf,nan,nan,precision_score,0.5,2026-05-26,3985994785
0.0,plants_ny_2017,9,rf,nan,nan,nan,rf,nan,nan,precision_score,0.5,2026-05-26,2422941010
0.0,plants_ny_2017,9,rf,nan,nan,nan,rf,nan,nan,precision_score,0.5,2026-05-26,2873810805
0.0,plants_ny_2017,9,rf,nan,nan,nan,rf,nan,nan,precision_score,0.5,2026-05-26,5217319380
0.0,plants_ny_2017,9,rf,nan,nan,nan,rf,nan,nan,precision_score,0.5,2026-05-26,4438661407
0.0,plants_ny_2017,9,rf,nan,nan,nan,rf,nan,nan,precision_score,0.5,2026-05-26,2873895780
0.0,plants_ny_2017,9,rf,nan,nan,nan,rf,nan,nan,precision_score,0.5,2026-05-26,3466093477
0.0,plants_ny_2017,9,rf,nan,nan,nan,rf,nan,nan,precision_score,0.5,2026-05-26,3966527283
0.0,plants_ny_2017,9,rf,nan,nan,nan,rf,nan,nan,precision_score,0.5,2026-05-26,3455307615
0.0,plants_ny_2017,9,rf,nan,nan,nan,rf,nan,nan,precision_score,0.5,2026-05-26,3956541309
0.0,plants_ny_2017,9,rf,nan,nan,nan,rf,nan,nan,precision_score,0.5,2026-05-26,2868343059
0.0,plants_ny_2017,9,rf,nan,nan,nan,rf,nan,nan,precision_score,0.5,2026-05-26,3039390690
0.0,plants_ny_2017,9,rf,nan,nan,nan,rf,nan,nan,precision_score,0.5,2026-05-26,2818707638
0.0,plants_ny_2017,9,rf,nan,nan,nan,rf,nan,nan,precision_score,0.5,2026-05-26,2873906619
0.0,plants_ny_2017,9,rf,nan,nan,nan,rf,nan,nan,precision_score,0.5,2026-05-26,3957719057
0.0,plants_ny_2017,9,rf,nan,nan,nan,rf,nan,nan,precision_score,0.5,2026-05-26,2283174074
0.0,plants_ny_2017,9,rf,nan,nan,nan,rf,nan,nan,precision_score,0.5,2026-05-26,4028601407
0.0,plants_ny_2017,9,rf,nan,nan,nan,rf,nan,nan,precision_score,0.5,2026-05-26,3902137812
0.0,plants_ny_2017,9,rf,nan,nan,nan,rf,nan,nan,precision_score,0.5,2026-05-26,4162026339
0.0,plants_ny_2017,9,rf,nan,nan,nan,rf,nan,nan,precision_score,0.5,2026-05-26,2873880124
0.0,plants_ny_2017,9,rf,nan,nan,nan,rf,nan,nan,precision_score,0.5,2026-05-26,4516623424
0.0,plants_ny_2017,9,rf,nan,nan,nan,rf,nan,nan,precision_score,0.5,2026-05-26,2823343523
0.0,plants_ny_2017,9,rf,nan,nan,nan,rf,nan,nan,precision_score,0.5,2026-05-26,4952784407
0.0,plants_ny_2017,9,rf,nan,nan,nan,rf,nan,nan,precision_score,0.5,2026-05-26,5076767459
0.0,plants_ny_2017,9,rf,nan,nan,nan,rf,nan,nan,precision_score,0.5,2026-05-26,2619976955
0.0,plants_ny_2017,9,rf,nan,nan,nan,rf,nan,nan,precision_score,0.5,2026-05-26,4901966468
0.0,plants_ny_2017,9,rf,nan,nan,nan,rf,nan,nan,precision_score,0.5,2026-05-26,3407985452
0.0,plants_ny_2017,9,rf,nan,nan,nan,rf,nan,nan,precision_score,0.5,2026-05-26,2898475521
0.0,plants_ny_2017,9,rf,nan,nan,nan,rf,nan,nan,precision_score,0.5,2026-05-26,3747029372
0.0,plants_ny_2017,9,rf,nan,nan,nan,rf,nan,nan,precision_score,0.5,2026-05-26,3947649391
0.0,plants_ny_2017,9,rf,nan,nan,nan,rf,nan,nan,precision_score,0.5,2026-05-26,2873787549
0.0,plants_ny_2017,9,rf,nan,nan,nan,rf,nan,nan,precision_score,0.5,2026-05-26,3325559441
0.0,plants_ny_2017,9,rf,nan,nan,nan,rf,nan,nan,precision_score,0.5,2026-05-26,3355007736
0.0,plants_ny_2017,9,rf,nan,nan,nan,rf,nan,nan,precision_score,0.5,2026-05-26,3399416104
0.0,plants_ny_2017,9,rf,nan,nan,nan,rf,nan,nan,precision_score,0.5,2026-05-26,2641400054
0.0,plants_ny_2017,9,rf,nan,nan,nan,rf,nan,nan,precision_score,0.5,2026-05-26,3455396122
0.0,plants_ny_2017,9,rf,nan,nan,nan,rf,nan,nan,precision_score,0.5,2026-05-26,3954454605
0.0,plants_ny_2017,9,rf,nan,nan,nan,rf,nan,nan,precision_score,0.5,2026-05-26,2802779389
0.0,plants_ny_2017,9,rf,nan,nan,nan,rf,nan,nan,precision_score,0.5,2026-05-26,3959396692
0.0,plants_ny_2017,9,rf,nan,nan,nan,rf,nan,nan,precision_score,0.5,2026-05-26,3355818039
0.0,plants_ny_2017,9,rf,nan,nan,nan,rf,nan,nan,precision_score,0.5,2026-05-26,3335416365
0.0,plants_ny_2017,9,rf,nan,nan,nan,rf,nan,nan,precision_score,0.5,2026-05-26,5837795318
0.0,plants_ny_2017,9,rf,nan,nan,nan,rf,nan,nan,precision_score,0.5,2026-05-26,2883092752
0.0,plants_ny_2017,9,rf,nan,nan,nan,rf,nan,nan,precision_score,0.5,2026-05-26,2873759803
0.0,plants_ny_2017,9,rf,nan,nan,nan,rf,nan,nan,precision_score,0.5,2026-05-26,3949158036
0.0,plants_ny_2017,9,rf,nan,nan,nan,rf,nan,nan,precision_score,0.5,2026-05-26,3958291168
0.0,plants_ny_2017,9,rf,nan,nan,nan,rf,nan,nan,precision_score,0.5,2026-05-26,3872911523
0.0,plants_ny_2017,9,rf,nan,nan,nan,rf,nan,nan,precision_score,0.5,2026-05-26,2963809477
0.0,plants_ny_2017,9,rf,nan,nan,nan,rf,nan,nan,precision_score,0.5,2026-05-26,3902076498
0.0,plants_ny_2017,9,rf,nan,nan,nan,rf,nan,nan,precision_score,0.5,2026-05-26,4076241748
0.0,plants_ny_2017,9,rf,nan,nan,nan,rf,nan,nan,precision_score,0.5,2026-05-26,5076743420
0.0,plants_ny_2017,9,rf,nan,nan,nan,rf,nan,nan,precision_score,0.5,2026-05-26,4075733525
0.0,plants_ny_2017,9,rf,nan,nan,nan,rf,nan,nan,precision_score,0.5,2026-05-26,2873867830
0.0,plants_ny_2017,9,rf,nan,nan,nan,rf,nan,nan,precision_score,0.5,2026-05-26,2901594646
0.0,plants_ny_2017,9,rf,nan,nan,nan,rf,nan,nan,precision_score,0.5,2026-05-26,2873937744
0.0,plants_ny_2017,9,rf,nan,nan,nan,rf,nan,nan,precision_score,0.5,2026-05-26,2611348439
0.0,plants_ny_2017,9,rf,nan,nan,nan,rf,nan,nan,precision_score,0.5,2026-05-26,2873835814
0.0,plants_ny_2017,9,rf,nan,nan,nan,rf,nan,nan,precision_score,0.5,2026-05-26,4009795353
0.0,plants_ny_2017,9,rf,nan,nan,nan,rf,nan,nan,precision_score,0.5,2026-05-26,3384237108
0.0,plants_ny_2017,9,rf,nan,nan,nan,rf,nan,nan,precision_score,0.5,2026-05-26,3399123093
0.0,plants_ny_2017,9,rf,nan,nan,nan,rf,nan,nan,precision_score,0.5,2026-05-26,4901798226
0.0,plants_ny_2017,9,rf,nan,nan,nan,rf,nan,nan,precision_score,0.5,2026-05-26,4506244337
0.0,plants_ny_2017,9,rf,nan,nan,nan,rf,nan,nan,precision_score,0.5,2026-05-26,2859934580
0.0,plants_ny_2017,9,rf,nan,nan,nan,rf,nan,nan,precision_score,0.5,2026-05-26,2283175485
0.0,plants_ny_2017,9,rf,nan,nan,nan,rf,nan,nan,precision_score,0.5,2026-05-26,3956600857
0.0,plants_ny_2017,9,rf,nan,nan,nan,rf,nan,nan,precision_score,0.5,2026-05-26,5109386588
0.0,plants_ny_2017,9,rf,nan,nan,nan,rf,nan,nan,precision_score,0.5,2026-05-26,3743262342
0.0,plants_ny_2017,9,rf,nan,nan,nan,rf,nan,nan,precision_score,0.5,2026-05-26,2813968364
0.0,plants_ny_2017,9,rf,nan,nan,nan,rf,nan,nan,precision_score,0.5,2026-05-26,3759101466
0.0,plants_ny_2017,9,rf,nan,nan,nan,rf,nan,nan,precision_score,0.5,2026-05-26,5837934263
0.0,plants_ny_2017,9,rf,nan,nan,nan,rf,nan,nan,precision_score,0.5,2026-05-26,3355338024
0.0,plants_ny_2017,9,rf,nan,nan,nan,rf,nan,nan,precision_score,0.5,2026-05-26,3058917559
0.0,plants_ny_2017,9,rf,nan,nan,nan,rf,nan,nan,precision_score,0.5,2026-05-26,2873809806
0.0,plants_ny_2017,9,rf,nan,nan,nan,rf,nan,nan,precision_score,0.5,2026-05-26,2873792808
0.0,plants_ny_2017,9,rf,nan,nan,nan,rf,nan,nan,precision_score,0.5,2026-05-26,3008467473
0.0,plants_ny_2017,9,rf,nan,nan,nan,rf,nan,nan,precision_score,0.5,2026-05-26,2873882670
0.0,plants_ny_2017,9,rf,nan,nan,nan,rf,nan,nan,precision_score,0.5,2026-05-26,2873870682
0.0,plants_ny_2017,9,rf,nan,nan,nan,rf,nan,nan,precision_score,0.5,2026-05-26,2366090011
0.0,plants_ny_2017,9,rf,nan,nan,nan,rf,nan,nan,precision_score,0.5,2026-05-26,2883148492
0.0,plants_ny_2017,9,rf,nan,nan,nan,rf,nan,nan,precision_score,0.5,2026-05-26,3307433634
0.0,plants_ny_2017,9,rf,nan,nan,nan,rf,nan,nan,precision_score,0.5,2026-05-26,3961028348
0.0,plants_ny_2017,9,rf,nan,nan,nan,rf,nan,nan,precision_score,0.5,2026-05-26,2873715801
0.0,plants_ny_2017,9,rf,nan,nan,nan,rf,nan,nan,precision_score,0.5,2026-05-26,3415419508
0.0,plants_ny_2017,9,rf,nan,nan,nan,rf,nan,nan,precision_score,0.5,2026-05-26,3743130375
0.0,plants_ny_2017,9,rf,nan,nan,nan,rf,nan,nan,precision_score,0.5,2026-05-26,2873756048
0.0,plants_ny_2017,9,rf,nan,nan,nan,rf,nan,nan,precision_score,0.5,2026-05-26,2873875567
0.0,plants_ny_2017,9,rf,nan,nan,nan,rf,nan,nan,precision_score,0.5,2026-05-26,3915462373
0.0,plants_ny_2017,9,rf,nan,nan,nan,rf,nan,nan,precision_score,0.5,2026-05-26,2873949019
0.0,plants_ny_2017,9,rf,nan,nan,nan,rf,nan,nan,precision_score,0.5,2026-05-26,3712543353
0.0,plants_ny_2017,9,rf,nan,nan,nan,rf,nan,nan,precision_score,0.5,2026-05-26,2873760785
0.0,plants_ny_2017,9,rf,nan,nan,nan,rf,nan,nan,precision_score,0.5,2026-05-26,3398646110
0.0,plants_ny_2017,9,rf,nan,nan,nan,rf,nan,nan,precision_score,0.5,2026-05-26,3953949917
0.0,plants_ny_2017,9,rf,nan,nan,nan,rf,nan,nan,precision_score,0.5,2026-05-26,3881573703
0.0,plants_ny_2017,9,rf,nan,nan,nan,rf,nan,nan,precision_score,0.5,2026-05-26,3391686851
0.0,plants_ny_2017,9,rf,nan,nan,nan,rf,nan,nan,precision_score,0.5,2026-05-26,2429301395
0.0,plants_ny_2017,9,rf,nan,nan,nan,rf,nan,nan,precision_score,0.5,2026-05-26,2860143686
0.0,plants_ny_2017,9,rf,nan,nan,nan,rf,nan,nan,precision_score,0.5,2026-05-26,4028825397
0.0,plants_ny_2017,9,rf,nan,nan,nan,rf,nan,nan,precision_score,0.5,2026-05-26,3966548716
0.0,plants_ny_2017,9,rf,nan,nan,nan,rf,nan,nan,precision_score,0.5,2026-05-26,2873811038
0.0,plants_ny_2017,9,rf,nan,nan,nan,rf,nan,nan,precision_score,0.5,2026-05-26,3859031596
0.0,plants_ny_2017,9,rf,nan,nan,nan,rf,nan,nan,precision_score,0.5,2026-05-26,2814243950
0.0,plants_ny_2017,9,rf,nan,nan,nan,rf,nan,nan,precision_score,0.5,2026-05-26,3384385635
0.0,plants_ny_2017,9,rf,nan,nan,nan,rf,nan,nan,precision_score,0.5,2026-05-26,2873794888
0.0,plants_ny_2017,9,rf,nan,nan,nan,rf,nan,nan,precision_score,0.5,2026-05-26,3912090462
0.0,plants_ny_2017,9,rf,nan,nan,nan,rf,nan,nan,precision_score,0.5,2026-05-26,3966415700
0.0,plants_ny_2017,9,rf,nan,nan,nan,rf,nan,nan,precision_score,0.5,2026-05-26,4153542375
0.0,plants_ny_2017,9,rf,nan,nan,nan,rf,nan,nan,precision_score,0.5,2026-05-26,3455803428
0.0,plants_ny_2017,9,rf,nan,nan,nan,rf,nan,nan,precision_score,0.5,2026-05-26,3343816487
0.0,plants_ny_2017,9,rf,nan,nan,nan,rf,nan,nan,precision_score,0.5,2026-05-26,3859558157
0.0,plants_ny_2017,9,rf,nan,nan,nan,rf,nan,nan,precision_score,0.5,2026-05-26,2873762750
0.0,plants_ny_2017,9,rf,nan,nan,nan,rf,nan,nan,precision_score,0.5,2026-05-26,5076752710
0.0,plants_ny_2017,9,rf,nan,nan,nan,rf,nan,nan,precision_score,0.5,2026-05-26,3923227489
0.0,plants_ny_2017,9,rf,nan,nan,nan,rf,nan,nan,precision_score,0.5,2026-05-26,2873891724
0.0,plants_ny_2017,9,rf,nan,nan,nan,rf,nan,nan,precision_score,0.5,2026-05-26,2873845691
0.0,plants_ny_2017,9,rf,nan,nan,nan,rf,nan,nan,precision_score,0.5,2026-05-26,2873976634
0.0,plants_ny_2017,9,rf,nan,nan,nan,rf,nan,nan,precision_score,0.5,2026-05-26,3957953670
0.0,plants_ny_2017,9,rf,nan,nan,nan,rf,nan,nan,precision_score,0.5,2026-05-26,2873843942
0.0,plants_ny_2017,9,rf,nan,nan,nan,rf,nan,nan,precision_score,0.5,2026-05-26,2873972787
0.0,plants_ny_2017,9,rf,nan,nan,nan,rf,nan,nan,precision_score,0.5,2026-05-26,2873845583
0.0,plants_ny_2017,9,rf,nan,nan,nan,rf,nan,nan,precision_score,0.5,2026-05-26,4028790446
0.0,plants_ny_2017,9,rf,nan,nan,nan,rf,nan,nan,precision_score,0.5,2026-05-26,2814197738
0.0,plants_ny_2017,9,rf,nan,nan,nan,rf,nan,nan,precision_score,0.5,2026-05-26,2859938104
0.0,plants_ny_2017,9,rf,nan,nan,nan,rf,nan,nan,precision_score,0.5,2026-05-26,2873869765
0.0,plants_ny_2017,9,rf,nan,nan,nan,rf,nan,nan,precision_score,0.5,2026-05-26,4465400553
0.0,plants_ny_2017,9,rf,nan,nan,nan,rf,nan,nan,precision_score,0.5,2026-05-26,2873731800
0.0,plants_ny_2017,9,rf,nan,nan,nan,rf,nan,nan,precision_score,0.5,2026-05-26,2868348443
0.0,plants_ny_2017,9,rf,nan,nan,nan,rf,nan,nan,precision_score,0.5,2026-05-26,2873847890
0.0,plants_ny_2017,9,rf,nan,nan,nan,rf,nan,nan,precision_score,0.5,2026-05-26,2873882740
0.0,plants_ny_2017,9,rf,nan,nan,nan,rf,nan,nan,precision_score,0.5,2026-05-26,3335449593
0.0,plants_ny_2017,9,rf,nan,nan,nan,rf,nan,nan,precision_score,0.5,2026-05-26,3956272855
0.0,plants_ny_2017,9,rf,nan,nan,nan,rf,nan,nan,precision_score,0.5,2026-05-26,2818771968
0.0,plants_ny_2017,9,rf,nan,nan,nan,rf,nan,nan,precision_score,0.5,2026-05-26,3044782658
0.0,plants_ny_2017,9,rf,nan,nan,nan,rf,nan,nan,precision_score,0.5,2026-05-26,2883073382
0.0,plants_ny_2017,9,rf,nan,nan,nan,rf,nan,nan,precision_score,0.5,2026-05-26,5839982274
0.0,plants_ny_2017,9,rf,nan,nan,nan,rf,nan,nan,precision_score,0.5,2026-05-26,3018000539
0.0,plants_ny_2017,9,rf,nan,nan,nan,rf,nan,nan,precision_score,0.5,2026-05-26,2898530717
0.0,plants_ny_2017,9,rf,nan,nan,nan,rf,nan,nan,precision_score,0.5,2026-05-26,2813897385
0.0,plants_ny_2017,9,rf,nan,nan,nan,rf,nan,nan,precision_score,0.5,2026-05-26,2868368029
0.0,plants_ny_2017,9,rf,nan,nan,nan,rf,nan,nan,precision_score,0.5,2026-05-26,2984459507
0.0,plants_ny_2017,9,rf,nan,nan,nan,rf,nan,nan,precision_score,0.5,2026-05-26,3958764137
0.0,plants_ny_2017,9,rf,nan,nan,nan,rf,nan,nan,precision_score,0.5,2026-05-26,2873938718
0.0,plants_ny_2017,9,rf,nan,nan,nan,rf,nan,nan,precision_score,0.5,2026-05-26,2252020120
0.0,plants_ny_2017,9,rf,nan,nan,nan,rf,nan,nan,precision_score,0.5,2026-05-26,3873186026
0.0,plants_ny_2017,9,rf,nan,nan,nan,rf,nan,nan,precision_score,0.5,2026-05-26,5076744480
0.0,plants_ny_2017,9,rf,nan,nan,nan,rf,nan,nan,precision_score,0.5,2026-05-26,3307475742
0.0,plants_ny_2017,9,rf,nan,nan,nan,rf,nan,nan,precision_score,0.5,2026-05-26,2873897538
0.0,plants_ny_2017,9,rf,nan,nan,nan,rf,nan,nan,precision_score,0.5,2026-05-26,2873833773
0.0,plants_ny_2017,9,rf,nan,nan,nan,rf,nan,nan,precision_score,0.5,2026-05-26,3966601798
0.0,plants_ny_2017,9,rf,nan,nan,nan,rf,nan,nan,precision_score,0.5,2026-05-26,3998172797
0.0,plants_ny_2017,9,rf,nan,nan,nan,rf,nan,nan,precision_score,0.5,2026-05-26,2873953623
0.0,plants_ny_2017,9,rf,nan,nan,nan,rf,nan,nan,precision_score,0.5,2026-05-26,3998788236
0.0,plants_ny_2017,9,rf,nan,nan,nan,rf,nan,nan,precision_score,0.5,2026-05-26,3399148102
0.0,plants_ny_2017,9,rf,nan,nan,nan,rf,nan,nan,precision_score,0.5,2026-05-26,3465934438
0.0,plants_ny_2017,9,rf,nan,nan,nan,rf,nan,nan,precision_score,0.5,2026-05-26,2641601513
0.0,plants_ny_2017,9,rf,nan,nan,nan,rf,nan,nan,precision_score,0.5,2026-05-26,3872943178
0.0,plants_ny_2017,9,rf,nan,nan,nan,rf,nan,nan,precision_score,0.5,2026-05-26,1880482025
0.0,plants_ny_2017,9,rf,nan,nan,nan,rf,nan,nan,precision_score,0.5,2026-05-26,3911975702
0.0,plants_ny_2017,9,rf,nan,nan,nan,rf,nan,nan,precision_score,0.5,2026-05-26,3952568196
0.0,plants_ny_2017,9,rf,nan,nan,nan,rf,nan,nan,precision_score,0.5,2026-05-26,4500474469
0.0,plants_ny_2017,9,rf,nan,nan,nan,rf,nan,nan,precision_score,0.5,2026-05-26,2294441114
0.0,plants_ny_2017,9,rf,nan,nan,nan,rf,nan,nan,precision_score,0.5,2026-05-26,3314209149
0.0,plants_ny_2017,9,rf,nan,nan,nan,rf,nan,nan,precision_score,0.5,2026-05-26,3954712302
0.0,plants_ny_2017,9,rf,nan,nan,nan,rf,nan,nan,precision_score,0.5,2026-05-26,2456498176
0.0,plants_ny_2017,9,rf,nan,nan,nan,rf,nan,nan,precision_score,0.5,2026-05-26,5215697344
0.0,plants_ny_2017,9,rf,nan,nan,nan,rf,nan,nan,precision_score,0.5,2026-05-26,1890049891
0.0,plants_ny_2017,9,rf,nan,nan,nan,rf,nan,nan,precision_score,0.5,2026-05-26,4028706673
0.0,plants_ny_2017,9,rf,nan,nan,nan,rf,nan,nan,precision_score,0.5,2026-05-26,2444994804
0.0,plants_ny_2017,9,rf,nan,nan,nan,rf,nan,nan,precision_score,0.5,2026-05-26,2823067983
0.0,plants_ny_2017,9,rf,nan,nan,nan,rf,nan,nan,precision_score,0.5,2026-05-26,3860071832
0.0,plants_ny_2017,9,rf,nan,nan,nan,rf,nan,nan,precision_score,0.5,2026-05-26,5206075815
0.0,plants_ny_2017,9,rf,nan,nan,nan,rf,nan,nan,precision_score,0.5,2026-05-26,2273244668
0.0,plants_ny_2017,9,rf,nan,nan,nan,rf,nan,nan,precision_score,0.5,2026-05-26,3301858339
0.0,plants_ny_2017,9,rf,nan,nan,nan,rf,nan,nan,precision_score,0.5,2026-05-26,3985777907
0.0,plants_ny_2017,9,rf,nan,nan,nan,rf,nan,nan,precision_score,0.5,2026-05-26,3455890112
0.0,plants_ny_2017,9,rf,nan,nan,nan,rf,nan,nan,precision_score,0.5,2026-05-26,3858296720
0.0,plants_ny_2017,9,rf,nan,nan,nan,rf,nan,nan,precision_score,0.5,2026-05-26,3998454397
0.0,plants_ny_2017,9,rf,nan,nan,nan,rf,nan,nan,precision_score,0.5,2026-05-26,2999158449
0.0,plants_ny_2017,9,rf,nan,nan,nan,rf,nan,nan,precision_score,0.5,2026-05-26,5892635607
0.0,plants_ny_2017,9,rf,nan,nan,nan,rf,nan,nan,precision_score,0.5,2026-05-26,2850746452
0.0,plants_ny_2017,9,rf,nan,nan,nan,rf,nan,nan,precision_score,0.5,2026-05-26,3952152577
0.0,plants_ny_2017,9,rf,nan,nan,nan,rf,nan,nan,precision_score,0.5,2026-05-26,3953473597
0.0,plants_ny_2017,9,rf,nan,nan,nan,rf,nan,nan,precision_score,0.5,2026-05-26,5206026775
0.0,plants_ny_2017,9,rf,nan,nan,nan,rf,nan,nan,precision_score,0.5,2026-05-26,3957891115
0.0,plants_ny_2017,9,rf,nan,nan,nan,rf,nan,nan,precision_score,0.5,2026-05-26,5216051971
0.0,plants_ny_2017,9,rf,nan,nan,nan,rf,nan,nan,precision_score,0.5,2026-05-26,4936228572
0.0,plants_ny_2017,9,rf,nan,nan,nan,rf,nan,nan,precision_score,0.5,2026-05-26,3112297420
0.0,plants_ny_2017,9,rf,nan,nan,nan,rf,nan,nan,precision_score,0.5,2026-05-26,4516179956
0.0,plants_ny_2017,9,rf,nan,nan,nan,rf,nan,nan,precision_score,0.5,2026-05-26,2984494333
0.0,plants_ny_2017,9,rf,nan,nan,nan,rf,nan,nan,precision_score,0.5,2026-05-26,3337447543
0.0,plants_ny_2017,9,rf,nan,nan,nan,rf,nan,nan,precision_score,0.5,2026-05-26,2850983915
0.0,plants_ny_2017,9,rf,nan,nan,nan,rf,nan,nan,precision_score,0.5,2026-05-26,2882951424
0.0,plants_ny_2017,9,rf,nan,nan,nan,rf,nan,nan,precision_score,0.5,2026-05-26,2283207094
0.0,plants_ny_2017,9,rf,nan,nan,nan,rf,nan,nan,precision_score,0.5,2026-05-26,2802876778
0.0,plants_ny_2017,9,rf,nan,nan,nan,rf,nan,nan,precision_score,0.5,2026-05-26,3955199636
0.0,plants_ny_2017,9,rf,nan,nan,nan,rf,nan,nan,precision_score,0.5,2026-05-26,4510033423
0.0,plants_ny_2017,9,rf,nan,nan,nan,rf,nan,nan,precision_score,0.5,2026-05-26,3966630586
0.0,plants_ny_2017,9,rf,nan,nan,nan,rf,nan,nan,precision_score,0.5,2026-05-26,2251949593
0.0,plants_ny_2017,9,rf,nan,nan,nan,rf,nan,nan,precision_score,0.5,2026-05-26,3385021659
0.0,plants_ny_2017,9,rf,nan,nan,nan,rf,nan,nan,precision_score,0.5,2026-05-26,2850560889
0.0,plants_ny_2017,9,rf,nan,nan,nan,rf,nan,nan,precision_score,0.5,2026-05-26,5076755461
0.0,plants_ny_2017,9,rf,nan,nan,nan,rf,nan,nan,precision_score,0.5,2026-05-26,4903951998
0.0,plants_ny_2017,9,rf,nan,nan,nan,rf,nan,nan,precision_score,0.5,2026-05-26,3956261895
0.0,plants_ny_2017,9,rf,nan,nan,nan,rf,nan,nan,precision_score,0.5,2026-05-26,3384960648
0.0,plants_ny_2017,9,rf,nan,nan,nan,rf,nan,nan,precision_score,0.5,2026-05-26,2294629980
0.0,plants_ny_2017,9,rf,nan,nan,nan,rf,nan,nan,precision_score,0.5,2026-05-26,1880481959
0.0,plants_ny_2017,9,rf,nan,nan,nan,rf,nan,nan,precision_score,0.5,2026-05-26,2397474932
0.0,plants_ny_2017,9,rf,nan,nan,nan,rf,nan,nan,precision_score,0.5,2026-05-26,5206085818
0.0,plants_ny_2017,9,rf,nan,nan,nan,rf,nan,nan,precision_score,0.5,2026-05-26,3889099463
0.0,plants_ny_2017,9,rf,nan,nan,nan,rf,nan,nan,precision_score,0.5,2026-05-26,2873946458
0.0,plants_ny_2017,9,rf,nan,nan,nan,rf,nan,nan,precision_score,0.5,2026-05-26,2294456289
0.0,plants_ny_2017,9,rf,nan,nan,nan,rf,nan,nan,precision_score,0.5,2026-05-26,3988506053
0.0,plants_ny_2017,9,rf,nan,nan,nan,rf,nan,nan,precision_score,0.5,2026-05-26,3988438946
0.0,plants_ny_2017,9,rf,nan,nan,nan,rf,nan,nan,precision_score,0.5,2026-05-26,5109340255
0.0,plants_ny_2017,9,rf,nan,nan,nan,rf,nan,nan,precision_score,0.5,2026-05-26,3954086564
0.0,plants_ny_2017,9,rf,nan,nan,nan,rf,nan,nan,precision_score,0.5,2026-05-26,3391663538
0.0,plants_ny_2017,9,rf,nan,nan,nan,rf,nan,nan,precision_score,0.5,2026-05-26,4028603490
0.0,plants_ny_2017,9,rf,nan,nan,nan,rf,nan,nan,precision_score,0.5,2026-05-26,3985639602
0.0,plants_ny_2017,9,rf,nan,nan,nan,rf,nan,nan,precision_score,0.5,2026-05-26,2850624878
0.0,plants_ny_2017,9,rf,nan,nan,nan,rf,nan,nan,precision_score,0.5,2026-05-26,2963886378
0.0,plants_ny_2017,9,rf,nan,nan,nan,rf,nan,nan,precision_score,0.5,2026-05-26,5206794811
0.0,plants_ny_2017,9,rf,nan,nan,nan,rf,nan,nan,precision_score,0.5,2026-05-26,2647923286
0.0,plants_ny_2017,9,rf,nan,nan,nan,rf,nan,nan,precision_score,0.5,2026-05-26,3956820746
0.0,plants_ny_2017,9,rf,nan,nan,nan,rf,nan,nan,precision_score,0.5,2026-05-26,2529254352
0.0,plants_ny_2017,9,rf,nan,nan,nan,rf,nan,nan,precision_score,0.5,2026-05-26,3952465051
0.0,plants_ny_2017,9,rf,nan,nan,nan,rf,nan,nan,precision_score,0.5,2026-05-26,4133840322
0.0,plants_ny_2017,9,rf,nan,nan,nan,rf,nan,nan,precision_score,0.5,2026-05-26,2273243269
0.0,plants_ny_2017,9,rf,nan,nan,nan,rf,nan,nan,precision_score,0.5,2026-05-26,3889235430
0.0,plants_ny_2017,9,rf,nan,nan,nan,rf,nan,nan,precision_score,0.5,2026-05-26,5167264005
0.0,plants_ny_2017,9,rf,nan,nan,nan,rf,nan,nan,precision_score,0.5,2026-05-26,3999143460
0.0,plants_ny_2017,9,rf,nan,nan,nan,rf,nan,nan,precision_score,0.5,2026-05-26,3999024284
0.0,plants_ny_2017,9,rf,nan,nan,nan,rf,nan,nan,precision_score,0.5,2026-05-26,2826476178
0.0,plants_ny_2017,9,rf,nan,nan,nan,rf,nan,nan,precision_score,0.5,2026-05-26,3988450012
0.0,plants_ny_2017,9,rf,nan,nan,nan,rf,nan,nan,precision_score,0.5,2026-05-26,1703220701
0.0,plants_ny_2017,9,rf,nan,nan,nan,rf,nan,nan,precision_score,0.5,2026-05-26,3858191712
0.0,plants_ny_2017,9,rf,nan,nan,nan,rf,nan,nan,precision_score,0.5,2026-05-26,2331906609
0.0,plants_ny_2017,9,rf,nan,nan,nan,rf,nan,nan,precision_score,0.5,2026-05-26,3966541924
0.0,plants_ny_2017,9,rf,nan,nan,nan,rf,nan,nan,precision_score,0.5,2026-05-26,2331905771
0.0,plants_ny_2017,9,rf,nan,nan,nan,rf,nan,nan,precision_score,0.5,2026-05-26,3455710938
0.0,plants_ny_2017,9,rf,nan,nan,nan,rf,nan,nan,precision_score,0.5,2026-05-26,3858260700
0.0,plants_ny_2017,9,rf,nan,nan,nan,rf,nan,nan,precision_score,0.5,2026-05-26,2850982420
0.0,plants_ny_2017,9,rf,nan,nan,nan,rf,nan,nan,precision_score,0.5,2026-05-26,2826322182
0.0,plants_ny_2017,9,rf,nan,nan,nan,rf,nan,nan,precision_score,0.5,2026-05-26,2252006040
0.0,plants_ny_2017,9,rf,nan,nan,nan,rf,nan,nan,precision_score,0.5,2026-05-26,5838183340
0.0,plants_ny_2017,9,rf,nan,nan,nan,rf,nan,nan,precision_score,0.5,2026-05-26,4903806318
0.0,plants_ny_2017,9,rf,nan,nan,nan,rf,nan,nan,precision_score,0.5,2026-05-26,3952758312
0.0,plants_ny_2017,9,rf,nan,nan,nan,rf,nan,nan,precision_score,0.5,2026-05-26,5062519715
0.0,plants_ny_2017,9,rf,nan,nan,nan,rf,nan,nan,precision_score,0.5,2026-05-26,5076743645
0.0,plants_ny_2017,9,rf,nan,nan,nan,rf,nan,nan,precision_score,0.5,2026-05-26,1847571653
0.0,plants_ny_2017,9,rf,nan,nan,nan,rf,nan,nan,precision_score,0.5,2026-05-26,2331902062
0.0,plants_ny_2017,9,rf,nan,nan,nan,rf,nan,nan,precision_score,0.5,2026-05-26,2626507487
0.0,plants_ny_2017,9,rf,nan,nan,nan,rf,nan,nan,precision_score,0.5,2026-05-26,3307490919
0.0,plants_ny_2017,9,rf,nan,nan,nan,rf,nan,nan,precision_score,0.5,2026-05-26,1702455111
0.0,plants_ny_2017,9,rf,nan,nan,nan,rf,nan,nan,precision_score,0.5,2026-05-26,3330509516
0.0,plants_ny_2017,9,rf,nan,nan,nan,rf,nan,nan,precision_score,0.5,2026-05-26,2851267221
0.0,plants_ny_2017,9,rf,nan,nan,nan,rf,nan,nan,precision_score,0.5,2026-05-26,3955062664
0.0,plants_ny_2017,9,rf,nan,nan,nan,rf,nan,nan,precision_score,0.5,2026-05-26,3959103623
0.0,plants_ny_2017,9,rf,nan,nan,nan,rf,nan,nan,precision_score,0.5,2026-05-26,3958711871
0.0,plants_ny_2017,9,rf,nan,nan,nan,rf,nan,nan,precision_score,0.5,2026-05-26,3955963060
0.0,plants_ny_2017,9,rf,nan,nan,nan,rf,nan,nan,precision_score,0.5,2026-05-26,4165572336
0.0,plants_ny_2017,9,rf,nan,nan,nan,rf,nan,nan,precision_score,0.5,2026-05-26,4516238767
0.0,plants_ny_2017,9,rf,nan,nan,nan,rf,nan,nan,precision_score,0.5,2026-05-26,3954408350
0.0,plants_ny_2017,9,rf,nan,nan,nan,rf,nan,nan,precision_score,0.5,2026-05-26,2242945012
0.0,plants_ny_2017,9,rf,nan,nan,nan,rf,nan,nan,precision_score,0.5,2026-05-26,2244324762
0.0,plants_ny_2017,9,rf,nan,nan,nan,rf,nan,nan,precision_score,0.5,2026-05-26,2999095479
0.0,plants_ny_2017,9,rf,nan,nan,nan,rf,nan,nan,precision_score,0.5,2026-05-26,3112562432
0.0,plants_ny_2017,9,rf,nan,nan,nan,rf,nan,nan,precision_score,0.5,2026-05-26,3986014599
0.0,plants_ny_2017,9,rf,nan,nan,nan,rf,nan,nan,precision_score,0.5,2026-05-26,2826336226
0.0,plants_ny_2017,9,rf,nan,nan,nan,rf,nan,nan,precision_score,0.5,2026-05-26,3998819510
0.0,plants_ny_2017,9,rf,nan,nan,nan,rf,nan,nan,precision_score,0.5,2026-05-26,2826527240
0.0,plants_ny_2017,9,rf,nan,nan,nan,rf,nan,nan,precision_score,0.5,2026-05-26,1946197139
0.0,plants_ny_2017,9,rf,nan,nan,nan,rf,nan,nan,precision_score,0.5,2026-05-26,2579245673
0.0,plants_ny_2017,9,rf,nan,nan,nan,rf,nan,nan,precision_score,0.5,2026-05-26,5206597745
0.0,plants_ny_2017,9,rf,nan,nan,nan,rf,nan,nan,precision_score,0.5,2026-05-26,3952058740
0.0,plants_ny_2017,9,rf,nan,nan,nan,rf,nan,nan,precision_score,0.5,2026-05-26,5167838372
0.0,plants_ny_2017,9,rf,nan,nan,nan,rf,nan,nan,precision_score,0.5,2026-05-26,2850951898
0.0,plants_ny_2017,9,rf,nan,nan,nan,rf,nan,nan,precision_score,0.5,2026-05-26,5206786818
0.0,plants_ny_2017,9,rf,nan,nan,nan,rf,nan,nan,precision_score,0.5,2026-05-26,3988526495
0.0,plants_ny_2017,9,rf,nan,nan,nan,rf,nan,nan,precision_score,0.5,2026-05-26,2429400568
0.0,plants_ny_2017,9,rf,nan,nan,nan,rf,nan,nan,precision_score,0.5,2026-05-26,2445045500
0.0,plants_ny_2017,9,rf,nan,nan,nan,rf,nan,nan,precision_score,0.5,2026-05-26,3947656948
0.0,plants_ny_2017,9,rf,nan,nan,nan,rf,nan,nan,precision_score,0.5,2026-05-26,2573819303
0.0,plants_ny_2017,9,rf,nan,nan,nan,rf,nan,nan,precision_score,0.5,2026-05-26,5206763749
0.0,plants_ny_2017,9,rf,nan,nan,nan,rf,nan,nan,precision_score,0.5,2026-05-26,2429254392
0.0,plants_ny_2017,9,rf,nan,nan,nan,rf,nan,nan,precision_score,0.5,2026-05-26,2856726552
0.0,plants_ny_2017,9,rf,nan,nan,nan,rf,nan,nan,precision_score,0.5,2026-05-26,5892358968
0.0,plants_ny_2017,9,rf,nan,nan,nan,rf,nan,nan,precision_score,0.5,2026-05-26,3415799574
0.0,plants_ny_2017,9,rf,nan,nan,nan,rf,nan,nan,precision_score,0.5,2026-05-26,3889092408
0.0,plants_ny_2017,9,rf,nan,nan,nan,rf,nan,nan,precision_score,0.5,2026-05-26,5206037765
0.0,plants_ny_2017,9,rf,nan,nan,nan,rf,nan,nan,precision_score,0.5,2026-05-26,4018230352
0.0,plants_ny_2017,9,rf,nan,nan,nan,rf,nan,nan,precision_score,0.5,2026-05-26,4936877158
0.0,plants_ny_2017,9,rf,nan,nan,nan,rf,nan,nan,precision_score,0.5,2026-05-26,3873692856
0.0,plants_ny_2017,9,rf,nan,nan,nan,rf,nan,nan,precision_score,0.5,2026-05-26,2283208117
0.0,plants_ny_2017,9,rf,nan,nan,nan,rf,nan,nan,precision_score,0.5,2026-05-26,2999097453
0.0,plants_ny_2017,9,rf,nan,nan,nan,rf,nan,nan,precision_score,0.5,2026-05-26,4006648321
0.0,plants_ny_2017,9,rf,nan,nan,nan,rf,nan,nan,precision_score,0.5,2026-05-26,1323002489
0.0,plants_ny_2017,9,rf,nan,nan,nan,rf,nan,nan,precision_score,0.5,2026-05-26,1890049882
0.0,plants_ny_2017,9,rf,nan,nan,nan,rf,nan,nan,precision_score,0.5,2026-05-26,2860188469
0.0,plants_ny_2017,9,rf,nan,nan,nan,rf,nan,nan,precision_score,0.5,2026-05-26,3468973492
0.0,plants_ny_2017,9,rf,nan,nan,nan,rf,nan,nan,precision_score,0.5,2026-05-26,4075767508
0.0,plants_ny_2017,9,rf,nan,nan,nan,rf,nan,nan,precision_score,0.5,2026-05-26,5062489753
0.0,plants_ny_2017,9,rf,nan,nan,nan,rf,nan,nan,precision_score,0.5,2026-05-26,3892341745
0.0,plants_ny_2017,9,rf,nan,nan,nan,rf,nan,nan,precision_score,0.5,2026-05-26,4028768670
0.0,plants_ny_2017,9,rf,nan,nan,nan,rf,nan,nan,precision_score,0.5,2026-05-26,3902101951
0.0,plants_ny_2017,9,rf,nan,nan,nan,rf,nan,nan,precision_score,0.5,2026-05-26,3881580337
0.0,plants_ny_2017,9,rf,nan,nan,nan,rf,nan,nan,precision_score,0.5,2026-05-26,6179466513
0.0,plants_ny_2017,9,rf,nan,nan,nan,rf,nan,nan,precision_score,0.5,2026-05-26,1831093445
0.0,plants_ny_2017,9,rf,nan,nan,nan,rf,nan,nan,precision_score,0.5,2026-05-26,3947594371
0.0,plants_ny_2017,9,rf,nan,nan,nan,rf,nan,nan,precision_score,0.5,2026-05-26,3468838434
0.0,plants_ny_2017,9,rf,nan,nan,nan,rf,nan,nan,precision_score,0.5,2026-05-26,3314298641
0.0,plants_ny_2017,9,rf,nan,nan,nan,rf,nan,nan,precision_score,0.5,2026-05-26,5292182099
0.0,plants_ny_2017,9,rf,nan,nan,nan,rf,nan,nan,precision_score,0.5,2026-05-26,3384075334
0.0,plants_ny_2017,9,rf,nan,nan,nan,rf,nan,nan,precision_score,0.5,2026-05-26,5167006785
0.0,plants_ny_2017,9,rf,nan,nan,nan,rf,nan,nan,precision_score,0.5,2026-05-26,3398704659
0.0,plants_ny_2017,9,rf,nan,nan,nan,rf,nan,nan,precision_score,0.5,2026-05-26,5892870268
0.0,plants_ny_2017,9,rf,nan,nan,nan,rf,nan,nan,precision_score,0.5,2026-05-26,3031812251
0.0,plants_ny_2017,9,rf,nan,nan,nan,rf,nan,nan,precision_score,0.5,2026-05-26,3859323776
0.0,plants_ny_2017,9,rf,nan,nan,nan,rf,nan,nan,precision_score,0.5,2026-05-26,3764258303
0.0,plants_ny_2017,9,rf,nan,nan,nan,rf,nan,nan,precision_score,0.5,2026-05-26,3747064330
0.0,plants_ny_2017,9,rf,nan,nan,nan,rf,nan,nan,precision_score,0.5,2026-05-26,3031877681
0.0,plants_ny_2017,9,rf,nan,nan,nan,rf,nan,nan,precision_score,0.5,2026-05-26,4075737498
0.0,plants_ny_2017,9,rf,nan,nan,nan,rf,nan,nan,precision_score,0.5,2026-05-26,2465105264
0.0,plants_ny_2017,9,rf,nan,nan,nan,rf,nan,nan,precision_score,0.5,2026-05-26,3031839284
0.0,plants_ny_2017,9,rf,nan,nan,nan,rf,nan,nan,precision_score,0.5,2026-05-26,1831093605
0.0,plants_ny_2017,9,rf,nan,nan,nan,rf,nan,nan,precision_score,0.5,2026-05-26,2873846598
0.0,plants_ny_2017,9,rf,nan,nan,nan,rf,nan,nan,precision_score,0.5,2026-05-26,3408102446
0.0,plants_ny_2017,9,rf,nan,nan,nan,rf,nan,nan,precision_score,0.5,2026-05-26,3958298862
0.0,plants_ny_2017,9,rf,nan,nan,nan,rf,nan,nan,precision_score,0.5,2026-05-26,3986019573
0.0,plants_ny_2017,9,rf,nan,nan,nan,rf,nan,nan,precision_score,0.5,2026-05-26,3998332570
0.0,plants_ny_2017,9,rf,nan,nan,nan,rf,nan,nan,precision_score,0.5,2026-05-26,3958178116
0.0,plants_ny_2017,9,rf,nan,nan,nan,rf,nan,nan,precision_score,0.5,2026-05-26,4527933340
0.0,plants_ny_2017,9,rf,nan,nan,nan,rf,nan,nan,precision_score,0.5,2026-05-26,2988663527
0.0,plants_ny_2017,9,rf,nan,nan,nan,rf,nan,nan,precision_score,0.5,2026-05-26,2862326535
0.0,plants_ny_2017,9,rf,nan,nan,nan,rf,nan,nan,precision_score,0.5,2026-05-26,2331875493
0.0,plants_ny_2017,9,rf,nan,nan,nan,rf,nan,nan,precision_score,0.5,2026-05-26,3314148675
0.0,plants_ny_2017,9,rf,nan,nan,nan,rf,nan,nan,precision_score,0.5,2026-05-26,4165833985
0.0,plants_ny_2017,9,rf,nan,nan,nan,rf,nan,nan,precision_score,0.5,2026-05-26,3031817268
0.0,plants_ny_2017,9,rf,nan,nan,nan,rf,nan,nan,precision_score,0.5,2026-05-26,2596128990
0.0,plants_ny_2017,9,rf,nan,nan,nan,rf,nan,nan,precision_score,0.5,2026-05-26,5889583746
0.0,plants_ny_2017,9,rf,nan,nan,nan,rf,nan,nan,precision_score,0.5,2026-05-26,3947607321
0.0,plants_ny_2017,9,rf,nan,nan,nan,rf,nan,nan,precision_score,0.5,2026-05-26,5206547795
0.0,plants_ny_2017,9,rf,nan,nan,nan,rf,nan,nan,precision_score,0.5,2026-05-26,3465894448
0.0,plants_ny_2017,9,rf,nan,nan,nan,rf,nan,nan,precision_score,0.5,2026-05-26,3764288313
0.0,plants_ny_2017,9,rf,nan,nan,nan,rf,nan,nan,precision_score,0.5,2026-05-26,2265800113
0.0,plants_ny_2017,9,rf,nan,nan,nan,rf,nan,nan,precision_score,0.5,2026-05-26,3743273375
0.0,plants_ny_2017,9,rf,nan,nan,nan,rf,nan,nan,precision_score,0.5,2026-05-26,2988722538
0.0,plants_ny_2017,9,rf,nan,nan,nan,rf,nan,nan,precision_score,0.5,2026-05-26,3903279292
0.0,plants_ny_2017,9,rf,nan,nan,nan,rf,nan,nan,precision_score,0.5,2026-05-26,3314228657
0.0,plants_ny_2017,9,rf,nan,nan,nan,rf,nan,nan,precision_score,0.5,2026-05-26,3118335335
0.0,plants_ny_2017,9,rf,nan,nan,nan,rf,nan,nan,precision_score,0.5,2026-05-26,3858373576
0.0,plants_ny_2017,9,rf,nan,nan,nan,rf,nan,nan,precision_score,0.5,2026-05-26,2813872814
0.0,plants_ny_2017,9,rf,nan,nan,nan,rf,nan,nan,precision_score,0.5,2026-05-26,3956841112
0.0,plants_ny_2017,9,rf,nan,nan,nan,rf,nan,nan,precision_score,0.5,2026-05-26,2814236431
0.0,plants_ny_2017,9,rf,nan,nan,nan,rf,nan,nan,precision_score,0.5,2026-05-26,5904061337
0.0,plants_ny_2017,9,rf,nan,nan,nan,rf,nan,nan,precision_score,0.5,2026-05-26,2984409464
0.0,plants_ny_2017,9,rf,nan,nan,nan,rf,nan,nan,precision_score,0.5,2026-05-26,4438800417
0.0,plants_ny_2017,9,rf,nan,nan,nan,rf,nan,nan,precision_score,0.5,2026-05-26,4436374470
0.0,plants_ny_2017,9,rf,nan,nan,nan,rf,nan,nan,precision_score,0.5,2026-05-26,3398768617
0.0,plants_ny_2017,9,rf,nan,nan,nan,rf,nan,nan,precision_score,0.5,2026-05-26,3881671325
0.0,plants_ny_2017,9,rf,nan,nan,nan,rf,nan,nan,precision_score,0.5,2026-05-26,1806323552
0.0,plants_ny_2017,9,rf,nan,nan,nan,rf,nan,nan,precision_score,0.5,2026-05-26,6163211752
0.0,plants_ny_2017,9,rf,nan,nan,nan,rf,nan,nan,precision_score,0.5,2026-05-26,2860164446
0.0,plants_ny_2017,9,rf,nan,nan,nan,rf,nan,nan,precision_score,0.5,2026-05-26,4535606664
0.0,plants_ny_2017,9,rf,nan,nan,nan,rf,nan,nan,precision_score,0.5,2026-05-26,4535610640
0.0,plants_ny_2017,9,rf,nan,nan,nan,rf,nan,nan,precision_score,0.5,2026-05-26,2862305528
0.0,plants_ny_2017,9,rf,nan,nan,nan,rf,nan,nan,precision_score,0.5,2026-05-26,3384407051
0.0,plants_ny_2017,9,rf,nan,nan,nan,rf,nan,nan,precision_score,0.5,2026-05-26,5076716560
0.0,plants_ny_2017,9,rf,nan,nan,nan,rf,nan,nan,precision_score,0.5,2026-05-26,2366102304
0.0,plants_ny_2017,9,rf,nan,nan,nan,rf,nan,nan,precision_score,0.5,2026-05-26,3384956196
0.0,plants_ny_2017,9,rf,nan,nan,nan,rf,nan,nan,precision_score,0.5,2026-05-26,4438933334
0.0,plants_ny_2017,9,rf,nan,nan,nan,rf,nan,nan,precision_score,0.5,2026-05-26,2366102056
0.0,plants_ny_2017,9,rf,nan,nan,nan,rf,nan,nan,precision_score,0.5,2026-05-26,1831123029
0.0,plants_ny_2017,9,rf,nan,nan,nan,rf,nan,nan,precision_score,0.5,2026-05-26,4527917366
0.0,plants_ny_2017,9,rf,nan,nan,nan,rf,nan,nan,precision_score,0.5,2026-05-26,3953418942
0.0,plants_ny_2017,9,rf,nan,nan,nan,rf,nan,nan,precision_score,0.5,2026-05-26,4516551263
0.0,plants_ny_2017,9,rf,nan,nan,nan,rf,nan,nan,precision_score,0.5,2026-05-26,3314192836
0.0,plants_ny_2017,9,rf,nan,nan,nan,rf,nan,nan,precision_score,0.5,2026-05-26,1847571692
0.0,plants_ny_2017,9,rf,nan,nan,nan,rf,nan,nan,precision_score,0.5,2026-05-26,2366102375
0.0,plants_ny_2017,9,rf,nan,nan,nan,rf,nan,nan,precision_score,0.5,2026-05-26,2856582462
0.0,plants_ny_2017,9,rf,nan,nan,nan,rf,nan,nan,precision_score,0.5,2026-05-26,3456474903
0.0,plants_ny_2017,9,rf,nan,nan,nan,rf,nan,nan,precision_score,0.5,2026-05-26,3953993774
0.0,plants_ny_2017,9,rf,nan,nan,nan,rf,nan,nan,precision_score,0.5,2026-05-26,2366102325
0.0,plants_ny_2017,9,rf,nan,nan,nan,rf,nan,nan,precision_score,0.5,2026-05-26,2610999401
0.0,plants_ny_2017,9,rf,nan,nan,nan,rf,nan,nan,precision_score,0.5,2026-05-26,2422879029
0.0,plants_ny_2017,9,rf,nan,nan,nan,rf,nan,nan,precision_score,0.5,2026-05-26,2273245263
0.0,plants_ny_2017,9,rf,nan,nan,nan,rf,nan,nan,precision_score,0.5,2026-05-26,3954087427
0.0,plants_ny_2017,9,rf,nan,nan,nan,rf,nan,nan,precision_score,0.5,2026-05-26,3956028423
0.0,plants_ny_2017,9,rf,nan,nan,nan,rf,nan,nan,precision_score,0.5,2026-05-26,5230022335
0.0,plants_ny_2017,9,rf,nan,nan,nan,rf,nan,nan,precision_score,0.5,2026-05-26,2273245607
0.0,plants_ny_2017,9,rf,nan,nan,nan,rf,nan,nan,precision_score,0.5,2026-05-26,3335537626
0.0,plants_ny_2017,9,rf,nan,nan,nan,rf,nan,nan,precision_score,0.5,2026-05-26,3955325862
0.0,plants_ny_2017,9,rf,nan,nan,nan,rf,nan,nan,precision_score,0.5,2026-05-26,1640032272
0.0,plants_ny_2017,9,rf,nan,nan,nan,rf,nan,nan,precision_score,0.5,2026-05-26,4919695441
0.0,plants_ny_2017,9,rf,nan,nan,nan,rf,nan,nan,precision_score,0.5,2026-05-26,3314507821
0.0,plants_ny_2017,9,rf,nan,nan,nan,rf,nan,nan,precision_score,0.5,2026-05-26,1913166464
0.0,plants_ny_2017,9,rf,nan,nan,nan,rf,nan,nan,precision_score,0.5,2026-05-26,1847571703
0.0,plants_ny_2017,9,rf,nan,nan,nan,rf,nan,nan,precision_score,0.5,2026-05-26,4424498483
0.0,plants_ny_2017,9,rf,nan,nan,nan,rf,nan,nan,precision_score,0.5,2026-05-26,3468882478
0.0,plants_ny_2017,9,rf,nan,nan,nan,rf,nan,nan,precision_score,0.5,2026-05-26,3998095402
0.0,plants_ny_2017,9,rf,nan,nan,nan,rf,nan,nan,precision_score,0.5,2026-05-26,3468661354
0.0,plants_ny_2017,9,rf,nan,nan,nan,rf,nan,nan,precision_score,0.5,2026-05-26,3985686877
0.0,plants_ny_2017,9,rf,nan,nan,nan,rf,nan,nan,precision_score,0.5,2026-05-26,3314213835
0.0,plants_ny_2017,9,rf,nan,nan,nan,rf,nan,nan,precision_score,0.5,2026-05-26,4138198587
0.0,plants_ny_2017,9,rf,nan,nan,nan,rf,nan,nan,precision_score,0.5,2026-05-26,4440722445
0.0,plants_ny_2017,9,rf,nan,nan,nan,rf,nan,nan,precision_score,0.5,2026-05-26,1571063491
0.0,plants_ny_2017,9,rf,nan,nan,nan,rf,nan,nan,precision_score,0.5,2026-05-26,4424156416
0.0,plants_ny_2017,9,rf,nan,nan,nan,rf,nan,nan,precision_score,0.5,2026-05-26,3860807563
0.0,plants_ny_2017,9,rf,nan,nan,nan,rf,nan,nan,precision_score,0.5,2026-05-26,2873786330
0.0,plants_ny_2017,9,rf,nan,nan,nan,rf,nan,nan,precision_score,0.5,2026-05-26,4600031316
0.0,plants_ny_2017,9,rf,nan,nan,nan,rf,nan,nan,precision_score,0.5,2026-05-26,5932336593
0.0,plants_ny_2017,9,rf,nan,nan,nan,rf,nan,nan,precision_score,0.5,2026-05-26,2460058351
0.0,plants_ny_2017,9,rf,nan,nan,nan,rf,nan,nan,precision_score,0.5,2026-05-26,5109250257
0.0,plants_ny_2017,9,rf,nan,nan,nan,rf,nan,nan,precision_score,0.5,2026-05-26,3858894025
0.0,plants_ny_2017,9,rf,nan,nan,nan,rf,nan,nan,precision_score,0.5,2026-05-26,2460059372
0.0,plants_ny_2017,9,rf,nan,nan,nan,rf,nan,nan,precision_score,0.5,2026-05-26,2460025056
0.0,plants_ny_2017,9,rf,nan,nan,nan,rf,nan,nan,precision_score,0.5,2026-05-26,1850905464
0.0,plants_ny_2017,9,rf,nan,nan,nan,rf,nan,nan,precision_score,0.5,2026-05-26,2873808408
0.0,plants_ny_2017,9,rf,nan,nan,nan,rf,nan,nan,precision_score,0.5,2026-05-26,3881751330
0.0,plants_ny_2017,9,rf,nan,nan,nan,rf,nan,nan,precision_score,0.5,2026-05-26,1850905463
0.0,plants_ny_2017,9,rf,nan,nan,nan,rf,nan,nan,precision_score,0.5,2026-05-26,1847617730
0.0,plants_ny_2017,9,rf,nan,nan,nan,rf,nan,nan,precision_score,0.5,2026-05-26,2294627388
0.0,plants_ny_2017,9,rf,nan,nan,nan,rf,nan,nan,precision_score,0.5,2026-05-26,3998790721
0.0,plants_ny_2017,9,rf,nan,nan,nan,rf,nan,nan,precision_score,0.5,2026-05-26,5076743440
0.0,plants_ny_2017,9,rf,nan,nan,nan,rf,nan,nan,precision_score,0.5,2026-05-26,2460005050
0.0,plants_ny_2017,9,rf,nan,nan,nan,rf,nan,nan,precision_score,0.5,2026-05-26,1848759520
0.0,plants_ny_2017,9,rf,nan,nan,nan,rf,nan,nan,precision_score,0.5,2026-05-26,2873756732
0.0,plants_ny_2017,9,rf,nan,nan,nan,rf,nan,nan,precision_score,0.5,2026-05-26,3355044864
0.0,plants_ny_2017,9,rf,nan,nan,nan,rf,nan,nan,precision_score,0.5,2026-05-26,5076732394
0.0,plants_ny_2017,9,rf,nan,nan,nan,rf,nan,nan,precision_score,0.5,2026-05-26,1847617754
0.0,plants_ny_2017,9,rf,nan,nan,nan,rf,nan,nan,precision_score,0.5,2026-05-26,2981085499
0.0,plants_ny_2017,9,rf,nan,nan,nan,rf,nan,nan,precision_score,0.5,2026-05-26,4009712471
0.0,plants_ny_2017,9,rf,nan,nan,nan,rf,nan,nan,precision_score,0.5,2026-05-26,3881832410
0.0,plants_ny_2017,9,rf,nan,nan,nan,rf,nan,nan,precision_score,0.5,2026-05-26,2460078564
0.0,plants_ny_2017,9,rf,nan,nan,nan,rf,nan,nan,precision_score,0.5,2026-05-26,4982066692
0.0,plants_ny_2017,9,rf,nan,nan,nan,rf,nan,nan,precision_score,0.5,2026-05-26,3986154534
0.0,plants_ny_2017,9,rf,nan,nan,nan,rf,nan,nan,precision_score,0.5,2026-05-26,3764396665
0.0,plants_ny_2017,9,rf,nan,nan,nan,rf,nan,nan,precision_score,0.5,2026-05-26,3881873468
0.0,plants_ny_2017,9,rf,nan,nan,nan,rf,nan,nan,precision_score,0.5,2026-05-26,3881556433
0.0,plants_ny_2017,9,rf,nan,nan,nan,rf,nan,nan,precision_score,0.5,2026-05-26,5076726370
0.0,plants_ny_2017,9,rf,nan,nan,nan,rf,nan,nan,precision_score,0.5,2026-05-26,5831041257
0.0,plants_ny_2017,9,rf,nan,nan,nan,rf,nan,nan,recall_score,0.5,2026-05-26,4424113412
0.0,plants_ny_2017,9,rf,nan,nan,nan,rf,nan,nan,recall_score,0.5,2026-05-26,3955128906
0.0,plants_ny_2017,9,rf,nan,nan,nan,rf,nan,nan,recall_score,0.5,2026-05-26,3959913523
0.0,plants_ny_2017,9,rf,nan,nan,nan,rf,nan,nan,recall_score,0.5,2026-05-26,5109426762
0.0,plants_ny_2017,9,rf,nan,nan,nan,rf,nan,nan,recall_score,0.5,2026-05-26,2429283484
0.0,plants_ny_2017,9,rf,nan,nan,nan,rf,nan,nan,recall_score,0.5,2026-05-26,3416206149
0.0,plants_ny_2017,9,rf,nan,nan,nan,rf,nan,nan,recall_score,0.5,2026-05-26,3953364878
0.0,plants_ny_2017,9,rf,nan,nan,nan,rf,nan,nan,recall_score,0.5,2026-05-26,2429284126
0.0,plants_ny_2017,9,rf,nan,nan,nan,rf,nan,nan,recall_score,0.5,2026-05-26,4424374460
0.0,plants_ny_2017,9,rf,nan,nan,nan,rf,nan,nan,recall_score,0.5,2026-05-26,4424120502
0.0,plants_ny_2017,9,rf,nan,nan,nan,rf,nan,nan,recall_score,0.5,2026-05-26,4424391448
0.0,plants_ny_2017,9,rf,nan,nan,nan,rf,nan,nan,recall_score,0.5,2026-05-26,3456564241
0.0,plants_ny_2017,9,rf,nan,nan,nan,rf,nan,nan,recall_score,0.5,2026-05-26,3959322440
0.0,plants_ny_2017,9,rf,nan,nan,nan,rf,nan,nan,recall_score,0.5,2026-05-26,4424135402
0.0,plants_ny_2017,9,rf,nan,nan,nan,rf,nan,nan,recall_score,0.5,2026-05-26,2013733486
0.0,plants_ny_2017,9,rf,nan,nan,nan,rf,nan,nan,recall_score,0.5,2026-05-26,4424605507
0.0,plants_ny_2017,9,rf,nan,nan,nan,rf,nan,nan,recall_score,0.5,2026-05-26,4018530386
0.0,plants_ny_2017,9,rf,nan,nan,nan,rf,nan,nan,recall_score,0.5,2026-05-26,4424113413
0.0,plants_ny_2017,9,rf,nan,nan,nan,rf,nan,nan,recall_score,0.5,2026-05-26,3997987418
0.0,plants_ny_2017,9,rf,nan,nan,nan,rf,nan,nan,recall_score,0.5,2026-05-26,3998672137
0.0,plants_ny_2017,9,rf,nan,nan,nan,rf,nan,nan,recall_score,0.5,2026-05-26,3955504393
0.0,plants_ny_2017,9,rf,nan,nan,nan,rf,nan,nan,recall_score,0.5,2026-05-26,3957789933
0.0,plants_ny_2017,9,rf,nan,nan,nan,rf,nan,nan,recall_score,0.5,2026-05-26,4987612835
0.0,plants_ny_2017,9,rf,nan,nan,nan,rf,nan,nan,recall_score,0.5,2026-05-26,3958387602
0.0,plants_ny_2017,9,rf,nan,nan,nan,rf,nan,nan,recall_score,0.5,2026-05-26,3314500624
0.0,plants_ny_2017,9,rf,nan,nan,nan,rf,nan,nan,recall_score,0.5,2026-05-26,3455785580
0.0,plants_ny_2017,9,rf,nan,nan,nan,rf,nan,nan,recall_score,0.5,2026-05-26,4145625387
0.0,plants_ny_2017,9,rf,nan,nan,nan,rf,nan,nan,recall_score,0.5,2026-05-26,2999200920
0.0,plants_ny_2017,9,rf,nan,nan,nan,rf,nan,nan,recall_score,0.5,2026-05-26,2573966183
0.0,plants_ny_2017,9,rf,nan,nan,nan,rf,nan,nan,recall_score,0.5,2026-05-26,4921691790
0.0,plants_ny_2017,9,rf,nan,nan,nan,rf,nan,nan,recall_score,0.5,2026-05-26,3860179004
0.0,plants_ny_2017,9,rf,nan,nan,nan,rf,nan,nan,recall_score,0.5,2026-05-26,2999195348
0.0,plants_ny_2017,9,rf,nan,nan,nan,rf,nan,nan,recall_score,0.5,2026-05-26,2976236779
0.0,plants_ny_2017,9,rf,nan,nan,nan,rf,nan,nan,recall_score,0.5,2026-05-26,3954826030
0.0,plants_ny_2017,9,rf,nan,nan,nan,rf,nan,nan,recall_score,0.5,2026-05-26,3998433925
0.0,plants_ny_2017,9,rf,nan,nan,nan,rf,nan,nan,recall_score,0.5,2026-05-26,5830460027
0.0,plants_ny_2017,9,rf,nan,nan,nan,rf,nan,nan,recall_score,0.5,2026-05-26,3416175423
0.0,plants_ny_2017,9,rf,nan,nan,nan,rf,nan,nan,recall_score,0.5,2026-05-26,4028657383
0.0,plants_ny_2017,9,rf,nan,nan,nan,rf,nan,nan,recall_score,0.5,2026-05-26,3953927268
0.0,plants_ny_2017,9,rf,nan,nan,nan,rf,nan,nan,recall_score,0.5,2026-05-26,3958077159
0.0,plants_ny_2017,9,rf,nan,nan,nan,rf,nan,nan,recall_score,0.5,2026-05-26,3325693565
0.0,plants_ny_2017,9,rf,nan,nan,nan,rf,nan,nan,recall_score,0.5,2026-05-26,4525055377
0.0,plants_ny_2017,9,rf,nan,nan,nan,rf,nan,nan,recall_score,0.5,2026-05-26,2540740425
0.0,plants_ny_2017,9,rf,nan,nan,nan,rf,nan,nan,recall_score,0.5,2026-05-26,3456228231
0.0,plants_ny_2017,9,rf,nan,nan,nan,rf,nan,nan,recall_score,0.5,2026-05-26,2975051194
0.0,plants_ny_2017,9,rf,nan,nan,nan,rf,nan,nan,recall_score,0.5,2026-05-26,4516188797
0.0,plants_ny_2017,9,rf,nan,nan,nan,rf,nan,nan,recall_score,0.5,2026-05-26,5109326269
0.0,plants_ny_2017,9,rf,nan,nan,nan,rf,nan,nan,recall_score,0.5,2026-05-26,5086863449
0.0,plants_ny_2017,9,rf,nan,nan,nan,rf,nan,nan,recall_score,0.5,2026-05-26,3952686877
0.0,plants_ny_2017,9,rf,nan,nan,nan,rf,nan,nan,recall_score,0.5,2026-05-26,3759129757
0.0,plants_ny_2017,9,rf,nan,nan,nan,rf,nan,nan,recall_score,0.5,2026-05-26,1802618975
0.0,plants_ny_2017,9,rf,nan,nan,nan,rf,nan,nan,recall_score,0.5,2026-05-26,5892788878
0.0,plants_ny_2017,9,rf,nan,nan,nan,rf,nan,nan,recall_score,0.5,2026-05-26,3955278315
0.0,plants_ny_2017,9,rf,nan,nan,nan,rf,nan,nan,recall_score,0.5,2026-05-26,2013733637
0.0,plants_ny_2017,9,rf,nan,nan,nan,rf,nan,nan,recall_score,0.5,2026-05-26,4465367373
0.0,plants_ny_2017,9,rf,nan,nan,nan,rf,nan,nan,recall_score,0.5,2026-05-26,2429283793
0.0,plants_ny_2017,9,rf,nan,nan,nan,rf,nan,nan,recall_score,0.5,2026-05-26,4028774430
0.0,plants_ny_2017,9,rf,nan,nan,nan,rf,nan,nan,recall_score,0.5,2026-05-26,3998408350
0.0,plants_ny_2017,9,rf,nan,nan,nan,rf,nan,nan,recall_score,0.5,2026-05-26,3953902960
0.0,plants_ny_2017,9,rf,nan,nan,nan,rf,nan,nan,recall_score,0.5,2026-05-26,5109353857
0.0,plants_ny_2017,9,rf,nan,nan,nan,rf,nan,nan,recall_score,0.5,2026-05-26,3952644408
0.0,plants_ny_2017,9,rf,nan,nan,nan,rf,nan,nan,recall_score,0.5,2026-05-26,2901802355
0.0,plants_ny_2017,9,rf,nan,nan,nan,rf,nan,nan,recall_score,0.5,2026-05-26,5109431615
0.0,plants_ny_2017,9,rf,nan,nan,nan,rf,nan,nan,recall_score,0.5,2026-05-26,5109239558
0.0,plants_ny_2017,9,rf,nan,nan,nan,rf,nan,nan,recall_score,0.5,2026-05-26,3960052730
0.0,plants_ny_2017,9,rf,nan,nan,nan,rf,nan,nan,recall_score,0.5,2026-05-26,2422893441
0.0,plants_ny_2017,9,rf,nan,nan,nan,rf,nan,nan,recall_score,0.5,2026-05-26,3902235166
0.0,plants_ny_2017,9,rf,nan,nan,nan,rf,nan,nan,recall_score,0.5,2026-05-26,1671726164
0.0,plants_ny_2017,9,rf,nan,nan,nan,rf,nan,nan,recall_score,0.5,2026-05-26,3915600812
0.0,plants_ny_2017,9,rf,nan,nan,nan,rf,nan,nan,recall_score,0.5,2026-05-26,4413486515
0.0,plants_ny_2017,9,rf,nan,nan,nan,rf,nan,nan,recall_score,0.5,2026-05-26,3956373648
0.0,plants_ny_2017,9,rf,nan,nan,nan,rf,nan,nan,recall_score,0.5,2026-05-26,3773159046
0.0,plants_ny_2017,9,rf,nan,nan,nan,rf,nan,nan,recall_score,0.5,2026-05-26,2350319834
0.0,plants_ny_2017,9,rf,nan,nan,nan,rf,nan,nan,recall_score,0.5,2026-05-26,3957171399
0.0,plants_ny_2017,9,rf,nan,nan,nan,rf,nan,nan,recall_score,0.5,2026-05-26,2294434324
0.0,plants_ny_2017,9,rf,nan,nan,nan,rf,nan,nan,recall_score,0.5,2026-05-26,1847640020
0.0,plants_ny_2017,9,rf,nan,nan,nan,rf,nan,nan,recall_score,0.5,2026-05-26,4522460301
0.0,plants_ny_2017,9,rf,nan,nan,nan,rf,nan,nan,recall_score,0.5,2026-05-26,3998411801
0.0,plants_ny_2017,9,rf,nan,nan,nan,rf,nan,nan,recall_score,0.5,2026-05-26,2013733665
0.0,plants_ny_2017,9,rf,nan,nan,nan,rf,nan,nan,recall_score,0.5,2026-05-26,3954217989
0.0,plants_ny_2017,9,rf,nan,nan,nan,rf,nan,nan,recall_score,0.5,2026-05-26,3986084565
0.0,plants_ny_2017,9,rf,nan,nan,nan,rf,nan,nan,recall_score,0.5,2026-05-26,3327904333
0.0,plants_ny_2017,9,rf,nan,nan,nan,rf,nan,nan,recall_score,0.5,2026-05-26,4011660624
0.0,plants_ny_2017,9,rf,nan,nan,nan,rf,nan,nan,recall_score,0.5,2026-05-26,3772616467
0.0,plants_ny_2017,9,rf,nan,nan,nan,rf,nan,nan,recall_score,0.5,2026-05-26,3985874012
0.0,plants_ny_2017,9,rf,nan,nan,nan,rf,nan,nan,recall_score,0.5,2026-05-26,3325601387
0.0,plants_ny_2017,9,rf,nan,nan,nan,rf,nan,nan,recall_score,0.5,2026-05-26,3985764571
0.0,plants_ny_2017,9,rf,nan,nan,nan,rf,nan,nan,recall_score,0.5,2026-05-26,3958065080
0.0,plants_ny_2017,9,rf,nan,nan,nan,rf,nan,nan,recall_score,0.5,2026-05-26,3772525282
0.0,plants_ny_2017,9,rf,nan,nan,nan,rf,nan,nan,recall_score,0.5,2026-05-26,3337375634
0.0,plants_ny_2017,9,rf,nan,nan,nan,rf,nan,nan,recall_score,0.5,2026-05-26,3986138576
0.0,plants_ny_2017,9,rf,nan,nan,nan,rf,nan,nan,recall_score,0.5,2026-05-26,3456913421
0.0,plants_ny_2017,9,rf,nan,nan,nan,rf,nan,nan,recall_score,0.5,2026-05-26,3773396453
0.0,plants_ny_2017,9,rf,nan,nan,nan,rf,nan,nan,recall_score,0.5,2026-05-26,3456713780
0.0,plants_ny_2017,9,rf,nan,nan,nan,rf,nan,nan,recall_score,0.5,2026-05-26,3773441474
0.0,plants_ny_2017,9,rf,nan,nan,nan,rf,nan,nan,recall_score,0.5,2026-05-26,5076750412
0.0,plants_ny_2017,9,rf,nan,nan,nan,rf,nan,nan,recall_score,0.5,2026-05-26,3985945802
0.0,plants_ny_2017,9,rf,nan,nan,nan,rf,nan,nan,recall_score,0.5,2026-05-26,3325610427
0.0,plants_ny_2017,9,rf,nan,nan,nan,rf,nan,nan,recall_score,0.5,2026-05-26,3957894498
0.0,plants_ny_2017,9,rf,nan,nan,nan,rf,nan,nan,recall_score,0.5,2026-05-26,3985623602
0.0,plants_ny_2017,9,rf,nan,nan,nan,rf,nan,nan,recall_score,0.5,2026-05-26,3952051566
0.0,plants_ny_2017,9,rf,nan,nan,nan,rf,nan,nan,recall_score,0.5,2026-05-26,3985778586
0.0,plants_ny_2017,9,rf,nan,nan,nan,rf,nan,nan,recall_score,0.5,2026-05-26,4015204496
0.0,plants_ny_2017,9,rf,nan,nan,nan,rf,nan,nan,recall_score,0.5,2026-05-26,3985916840
0.0,plants_ny_2017,9,rf,nan,nan,nan,rf,nan,nan,recall_score,0.5,2026-05-26,3398669664
0.0,plants_ny_2017,9,rf,nan,nan,nan,rf,nan,nan,recall_score,0.5,2026-05-26,3455478192
0.0,plants_ny_2017,9,rf,nan,nan,nan,rf,nan,nan,recall_score,0.5,2026-05-26,3455574670
0.0,plants_ny_2017,9,rf,nan,nan,nan,rf,nan,nan,recall_score,0.5,2026-05-26,3985795743
0.0,plants_ny_2017,9,rf,nan,nan,nan,rf,nan,nan,recall_score,0.5,2026-05-26,3985800569
0.0,plants_ny_2017,9,rf,nan,nan,nan,rf,nan,nan,recall_score,0.5,2026-05-26,3773577328
0.0,plants_ny_2017,9,rf,nan,nan,nan,rf,nan,nan,recall_score,0.5,2026-05-26,3985681560
0.0,plants_ny_2017,9,rf,nan,nan,nan,rf,nan,nan,recall_score,0.5,2026-05-26,3456981405
0.0,plants_ny_2017,9,rf,nan,nan,nan,rf,nan,nan,recall_score,0.5,2026-05-26,3858868583
0.0,plants_ny_2017,9,rf,nan,nan,nan,rf,nan,nan,recall_score,0.5,2026-05-26,3743111581
0.0,plants_ny_2017,9,rf,nan,nan,nan,rf,nan,nan,recall_score,0.5,2026-05-26,3743278359
0.0,plants_ny_2017,9,rf,nan,nan,nan,rf,nan,nan,recall_score,0.5,2026-05-26,3772562883
0.0,plants_ny_2017,9,rf,nan,nan,nan,rf,nan,nan,recall_score,0.5,2026-05-26,3986177584
0.0,plants_ny_2017,9,rf,nan,nan,nan,rf,nan,nan,recall_score,0.5,2026-05-26,3772949928
0.0,plants_ny_2017,9,rf,nan,nan,nan,rf,nan,nan,recall_score,0.5,2026-05-26,3954503960
0.0,plants_ny_2017,9,rf,nan,nan,nan,rf,nan,nan,recall_score,0.5,2026-05-26,3039145589
0.0,plants_ny_2017,9,rf,nan,nan,nan,rf,nan,nan,recall_score,0.5,2026-05-26,3888851539
0.0,plants_ny_2017,9,rf,nan,nan,nan,rf,nan,nan,recall_score,0.5,2026-05-26,3314173155
0.0,plants_ny_2017,9,rf,nan,nan,nan,rf,nan,nan,recall_score,0.5,2026-05-26,3988564229
0.0,plants_ny_2017,9,rf,nan,nan,nan,rf,nan,nan,recall_score,0.5,2026-05-26,3325612363
0.0,plants_ny_2017,9,rf,nan,nan,nan,rf,nan,nan,recall_score,0.5,2026-05-26,1880615451
0.0,plants_ny_2017,9,rf,nan,nan,nan,rf,nan,nan,recall_score,0.5,2026-05-26,3859882755
0.0,plants_ny_2017,9,rf,nan,nan,nan,rf,nan,nan,recall_score,0.5,2026-05-26,3773526004
0.0,plants_ny_2017,9,rf,nan,nan,nan,rf,nan,nan,recall_score,0.5,2026-05-26,3355769601
0.0,plants_ny_2017,9,rf,nan,nan,nan,rf,nan,nan,recall_score,0.5,2026-05-26,3705811332
0.0,plants_ny_2017,9,rf,nan,nan,nan,rf,nan,nan,recall_score,0.5,2026-05-26,3772492729
0.0,plants_ny_2017,9,rf,nan,nan,nan,rf,nan,nan,recall_score,0.5,2026-05-26,5167559395
0.0,plants_ny_2017,9,rf,nan,nan,nan,rf,nan,nan,recall_score,0.5,2026-05-26,3455760533
0.0,plants_ny_2017,9,rf,nan,nan,nan,rf,nan,nan,recall_score,0.5,2026-05-26,4465600668
0.0,plants_ny_2017,9,rf,nan,nan,nan,rf,nan,nan,recall_score,0.5,2026-05-26,5076778543
0.0,plants_ny_2017,9,rf,nan,nan,nan,rf,nan,nan,recall_score,0.5,2026-05-26,5104246478
0.0,plants_ny_2017,9,rf,nan,nan,nan,rf,nan,nan,recall_score,0.5,2026-05-26,3499505516
0.0,plants_ny_2017,9,rf,nan,nan,nan,rf,nan,nan,recall_score,0.5,2026-05-26,3888893187
0.0,plants_ny_2017,9,rf,nan,nan,nan,rf,nan,nan,recall_score,0.5,2026-05-26,2984428559
0.0,plants_ny_2017,9,rf,nan,nan,nan,rf,nan,nan,recall_score,0.5,2026-05-26,5076776611
0.0,plants_ny_2017,9,rf,nan,nan,nan,rf,nan,nan,recall_score,0.5,2026-05-26,3321120230
0.0,plants_ny_2017,9,rf,nan,nan,nan,rf,nan,nan,recall_score,0.5,2026-05-26,3321041447
0.0,plants_ny_2017,9,rf,nan,nan,nan,rf,nan,nan,recall_score,0.5,2026-05-26,3889069305
0.0,plants_ny_2017,9,rf,nan,nan,nan,rf,nan,nan,recall_score,0.5,2026-05-26,4522483509
0.0,plants_ny_2017,9,rf,nan,nan,nan,rf,nan,nan,recall_score,0.5,2026-05-26,3468773467
0.0,plants_ny_2017,9,rf,nan,nan,nan,rf,nan,nan,recall_score,0.5,2026-05-26,3888840364
0.0,plants_ny_2017,9,rf,nan,nan,nan,rf,nan,nan,recall_score,0.5,2026-05-26,3321050414
0.0,plants_ny_2017,9,rf,nan,nan,nan,rf,nan,nan,recall_score,0.5,2026-05-26,4028656441
0.0,plants_ny_2017,9,rf,nan,nan,nan,rf,nan,nan,recall_score,0.5,2026-05-26,3963225383
0.0,plants_ny_2017,9,rf,nan,nan,nan,rf,nan,nan,recall_score,0.5,2026-05-26,3320983434
0.0,plants_ny_2017,9,rf,nan,nan,nan,rf,nan,nan,recall_score,0.5,2026-05-26,3888716270
0.0,plants_ny_2017,9,rf,nan,nan,nan,rf,nan,nan,recall_score,0.5,2026-05-26,3889195356
0.0,plants_ny_2017,9,rf,nan,nan,nan,rf,nan,nan,recall_score,0.5,2026-05-26,4510020681
0.0,plants_ny_2017,9,rf,nan,nan,nan,rf,nan,nan,recall_score,0.5,2026-05-26,3321245441
0.0,plants_ny_2017,9,rf,nan,nan,nan,rf,nan,nan,recall_score,0.5,2026-05-26,4982309479
0.0,plants_ny_2017,9,rf,nan,nan,nan,rf,nan,nan,recall_score,0.5,2026-05-26,3712438371
0.0,plants_ny_2017,9,rf,nan,nan,nan,rf,nan,nan,recall_score,0.5,2026-05-26,3961007705
0.0,plants_ny_2017,9,rf,nan,nan,nan,rf,nan,nan,recall_score,0.5,2026-05-26,3952264161
0.0,plants_ny_2017,9,rf,nan,nan,nan,rf,nan,nan,recall_score,0.5,2026-05-26,3873378084
0.0,plants_ny_2017,9,rf,nan,nan,nan,rf,nan,nan,recall_score,0.5,2026-05-26,4936806712
0.0,plants_ny_2017,9,rf,nan,nan,nan,rf,nan,nan,recall_score,0.5,2026-05-26,4518942513
0.0,plants_ny_2017,9,rf,nan,nan,nan,rf,nan,nan,recall_score,0.5,2026-05-26,3902077558
0.0,plants_ny_2017,9,rf,nan,nan,nan,rf,nan,nan,recall_score,0.5,2026-05-26,3947479767
0.0,plants_ny_2017,9,rf,nan,nan,nan,rf,nan,nan,recall_score,0.5,2026-05-26,3333246474
0.0,plants_ny_2017,9,rf,nan,nan,nan,rf,nan,nan,recall_score,0.5,2026-05-26,3321246415
0.0,plants_ny_2017,9,rf,nan,nan,nan,rf,nan,nan,recall_score,0.5,2026-05-26,3321163273
0.0,plants_ny_2017,9,rf,nan,nan,nan,rf,nan,nan,recall_score,0.5,2026-05-26,4165583349
0.0,plants_ny_2017,9,rf,nan,nan,nan,rf,nan,nan,recall_score,0.5,2026-05-26,4936488744
0.0,plants_ny_2017,9,rf,nan,nan,nan,rf,nan,nan,recall_score,0.5,2026-05-26,4028779075
0.0,plants_ny_2017,9,rf,nan,nan,nan,rf,nan,nan,recall_score,0.5,2026-05-26,4936704764
0.0,plants_ny_2017,9,rf,nan,nan,nan,rf,nan,nan,recall_score,0.5,2026-05-26,5076768524
0.0,plants_ny_2017,9,rf,nan,nan,nan,rf,nan,nan,recall_score,0.5,2026-05-26,3456780548
0.0,plants_ny_2017,9,rf,nan,nan,nan,rf,nan,nan,recall_score,0.5,2026-05-26,3321241433
0.0,plants_ny_2017,9,rf,nan,nan,nan,rf,nan,nan,recall_score,0.5,2026-05-26,2574146390
0.0,plants_ny_2017,9,rf,nan,nan,nan,rf,nan,nan,recall_score,0.5,2026-05-26,2873855550
0.0,plants_ny_2017,9,rf,nan,nan,nan,rf,nan,nan,recall_score,0.5,2026-05-26,2873774761
0.0,plants_ny_2017,9,rf,nan,nan,nan,rf,nan,nan,recall_score,0.5,2026-05-26,2981003834
0.0,plants_ny_2017,9,rf,nan,nan,nan,rf,nan,nan,recall_score,0.5,2026-05-26,2992837646
0.0,plants_ny_2017,9,rf,nan,nan,nan,rf,nan,nan,recall_score,0.5,2026-05-26,2873801811
0.0,plants_ny_2017,9,rf,nan,nan,nan,rf,nan,nan,recall_score,0.5,2026-05-26,2981093887
0.0,plants_ny_2017,9,rf,nan,nan,nan,rf,nan,nan,recall_score,0.5,2026-05-26,3468935518
0.0,plants_ny_2017,9,rf,nan,nan,nan,rf,nan,nan,recall_score,0.5,2026-05-26,4424438388
0.0,plants_ny_2017,9,rf,nan,nan,nan,rf,nan,nan,recall_score,0.5,2026-05-26,3954511732
0.0,plants_ny_2017,9,rf,nan,nan,nan,rf,nan,nan,recall_score,0.5,2026-05-26,3952117121
0.0,plants_ny_2017,9,rf,nan,nan,nan,rf,nan,nan,recall_score,0.5,2026-05-26,3994256709
0.0,plants_ny_2017,9,rf,nan,nan,nan,rf,nan,nan,recall_score,0.5,2026-05-26,2992675642
0.0,plants_ny_2017,9,rf,nan,nan,nan,rf,nan,nan,recall_score,0.5,2026-05-26,2873773538
0.0,plants_ny_2017,9,rf,nan,nan,nan,rf,nan,nan,recall_score,0.5,2026-05-26,2873893551
0.0,plants_ny_2017,9,rf,nan,nan,nan,rf,nan,nan,recall_score,0.5,2026-05-26,3955326298
0.0,plants_ny_2017,9,rf,nan,nan,nan,rf,nan,nan,recall_score,0.5,2026-05-26,2873934665
0.0,plants_ny_2017,9,rf,nan,nan,nan,rf,nan,nan,recall_score,0.5,2026-05-26,2862537868
0.0,plants_ny_2017,9,rf,nan,nan,nan,rf,nan,nan,recall_score,0.5,2026-05-26,2873873859
0.0,plants_ny_2017,9,rf,nan,nan,nan,rf,nan,nan,recall_score,0.5,2026-05-26,5086914881
0.0,plants_ny_2017,9,rf,nan,nan,nan,rf,nan,nan,recall_score,0.5,2026-05-26,2873860830
0.0,plants_ny_2017,9,rf,nan,nan,nan,rf,nan,nan,recall_score,0.5,2026-05-26,2873751604
0.0,plants_ny_2017,9,rf,nan,nan,nan,rf,nan,nan,recall_score,0.5,2026-05-26,3873100003
0.0,plants_ny_2017,9,rf,nan,nan,nan,rf,nan,nan,recall_score,0.5,2026-05-26,4034792638
0.0,plants_ny_2017,9,rf,nan,nan,nan,rf,nan,nan,recall_score,0.5,2026-05-26,3873057601
0.0,plants_ny_2017,9,rf,nan,nan,nan,rf,nan,nan,recall_score,0.5,2026-05-26,3383873775
0.0,plants_ny_2017,9,rf,nan,nan,nan,rf,nan,nan,recall_score,0.5,2026-05-26,2992704629
0.0,plants_ny_2017,9,rf,nan,nan,nan,rf,nan,nan,recall_score,0.5,2026-05-26,2873885838
0.0,plants_ny_2017,9,rf,nan,nan,nan,rf,nan,nan,recall_score,0.5,2026-05-26,3953359284
0.0,plants_ny_2017,9,rf,nan,nan,nan,rf,nan,nan,recall_score,0.5,2026-05-26,3881787338
0.0,plants_ny_2017,9,rf,nan,nan,nan,rf,nan,nan,recall_score,0.5,2026-05-26,3746998427
0.0,plants_ny_2017,9,rf,nan,nan,nan,rf,nan,nan,recall_score,0.5,2026-05-26,2873763612
0.0,plants_ny_2017,9,rf,nan,nan,nan,rf,nan,nan,recall_score,0.5,2026-05-26,3953020878
0.0,plants_ny_2017,9,rf,nan,nan,nan,rf,nan,nan,recall_score,0.5,2026-05-26,2883041959
0.0,plants_ny_2017,9,rf,nan,nan,nan,rf,nan,nan,recall_score,0.5,2026-05-26,2873963673
0.0,plants_ny_2017,9,rf,nan,nan,nan,rf,nan,nan,recall_score,0.5,2026-05-26,3759778365
0.0,plants_ny_2017,9,rf,nan,nan,nan,rf,nan,nan,recall_score,0.5,2026-05-26,2981086888
0.0,plants_ny_2017,9,rf,nan,nan,nan,rf,nan,nan,recall_score,0.5,2026-05-26,2873767540
0.0,plants_ny_2017,9,rf,nan,nan,nan,rf,nan,nan,recall_score,0.5,2026-05-26,2873845577
0.0,plants_ny_2017,9,rf,nan,nan,nan,rf,nan,nan,recall_score,0.5,2026-05-26,2988299664
0.0,plants_ny_2017,9,rf,nan,nan,nan,rf,nan,nan,recall_score,0.5,2026-05-26,3958233092
0.0,plants_ny_2017,9,rf,nan,nan,nan,rf,nan,nan,recall_score,0.5,2026-05-26,2366085777
0.0,plants_ny_2017,9,rf,nan,nan,nan,rf,nan,nan,recall_score,0.5,2026-05-26,4145608336
0.0,plants_ny_2017,9,rf,nan,nan,nan,rf,nan,nan,recall_score,0.5,2026-05-26,4006752367
0.0,plants_ny_2017,9,rf,nan,nan,nan,rf,nan,nan,recall_score,0.5,2026-05-26,3859183310
0.0,plants_ny_2017,9,rf,nan,nan,nan,rf,nan,nan,recall_score,0.5,2026-05-26,3902890481
0.0,plants_ny_2017,9,rf,nan,nan,nan,rf,nan,nan,recall_score,0.5,2026-05-26,2366085619
0.0,plants_ny_2017,9,rf,nan,nan,nan,rf,nan,nan,recall_score,0.5,2026-05-26,3468773489
0.0,plants_ny_2017,9,rf,nan,nan,nan,rf,nan,nan,recall_score,0.5,2026-05-26,3954518799
0.0,plants_ny_2017,9,rf,nan,nan,nan,rf,nan,nan,recall_score,0.5,2026-05-26,3953159899
0.0,plants_ny_2017,9,rf,nan,nan,nan,rf,nan,nan,recall_score,0.5,2026-05-26,1092892270
0.0,plants_ny_2017,9,rf,nan,nan,nan,rf,nan,nan,recall_score,0.5,2026-05-26,3959650413
0.0,plants_ny_2017,9,rf,nan,nan,nan,rf,nan,nan,recall_score,0.5,2026-05-26,2366111236
0.0,plants_ny_2017,9,rf,nan,nan,nan,rf,nan,nan,recall_score,0.5,2026-05-26,3952191075
0.0,plants_ny_2017,9,rf,nan,nan,nan,rf,nan,nan,recall_score,0.5,2026-05-26,2563458007
0.0,plants_ny_2017,9,rf,nan,nan,nan,rf,nan,nan,recall_score,0.5,2026-05-26,2859891557
0.0,plants_ny_2017,9,rf,nan,nan,nan,rf,nan,nan,recall_score,0.5,2026-05-26,3466030836
0.0,plants_ny_2017,9,rf,nan,nan,nan,rf,nan,nan,recall_score,0.5,2026-05-26,3999033872
0.0,plants_ny_2017,9,rf,nan,nan,nan,rf,nan,nan,recall_score,0.5,2026-05-26,3416068996
0.0,plants_ny_2017,9,rf,nan,nan,nan,rf,nan,nan,recall_score,0.5,2026-05-26,3872899678
0.0,plants_ny_2017,9,rf,nan,nan,nan,rf,nan,nan,recall_score,0.5,2026-05-26,3952506718
0.0,plants_ny_2017,9,rf,nan,nan,nan,rf,nan,nan,recall_score,0.5,2026-05-26,3953818964
0.0,plants_ny_2017,9,rf,nan,nan,nan,rf,nan,nan,recall_score,0.5,2026-05-26,2366112471
0.0,plants_ny_2017,9,rf,nan,nan,nan,rf,nan,nan,recall_score,0.5,2026-05-26,3881433791
0.0,plants_ny_2017,9,rf,nan,nan,nan,rf,nan,nan,recall_score,0.5,2026-05-26,2641345522
0.0,plants_ny_2017,9,rf,nan,nan,nan,rf,nan,nan,recall_score,0.5,2026-05-26,2873814788
0.0,plants_ny_2017,9,rf,nan,nan,nan,rf,nan,nan,recall_score,0.5,2026-05-26,3337681834
0.0,plants_ny_2017,9,rf,nan,nan,nan,rf,nan,nan,recall_score,0.5,2026-05-26,2826245445
0.0,plants_ny_2017,9,rf,nan,nan,nan,rf,nan,nan,recall_score,0.5,2026-05-26,4458609398
0.0,plants_ny_2017,9,rf,nan,nan,nan,rf,nan,nan,recall_score,0.5,2026-05-26,3956275626
0.0,plants_ny_2017,9,rf,nan,nan,nan,rf,nan,nan,recall_score,0.5,2026-05-26,3005175573
0.0,plants_ny_2017,9,rf,nan,nan,nan,rf,nan,nan,recall_score,0.5,2026-05-26,3415820432
0.0,plants_ny_2017,9,rf,nan,nan,nan,rf,nan,nan,recall_score,0.5,2026-05-26,3005123571
0.0,plants_ny_2017,9,rf,nan,nan,nan,rf,nan,nan,recall_score,0.5,2026-05-26,2422951101
0.0,plants_ny_2017,9,rf,nan,nan,nan,rf,nan,nan,recall_score,0.5,2026-05-26,3998162143
0.0,plants_ny_2017,9,rf,nan,nan,nan,rf,nan,nan,recall_score,0.5,2026-05-26,2873800681
0.0,plants_ny_2017,9,rf,nan,nan,nan,rf,nan,nan,recall_score,0.5,2026-05-26,3951671456
0.0,plants_ny_2017,9,rf,nan,nan,nan,rf,nan,nan,recall_score,0.5,2026-05-26,4153812383
0.0,plants_ny_2017,9,rf,nan,nan,nan,rf,nan,nan,recall_score,0.5,2026-05-26,3039326814
0.0,plants_ny_2017,9,rf,nan,nan,nan,rf,nan,nan,recall_score,0.5,2026-05-26,2868308403
0.0,plants_ny_2017,9,rf,nan,nan,nan,rf,nan,nan,recall_score,0.5,2026-05-26,2873743913
0.0,plants_ny_2017,9,rf,nan,nan,nan,rf,nan,nan,recall_score,0.5,2026-05-26,3998927252
0.0,plants_ny_2017,9,rf,nan,nan,nan,rf,nan,nan,recall_score,0.5,2026-05-26,4054766339
0.0,plants_ny_2017,9,rf,nan,nan,nan,rf,nan,nan,recall_score,0.5,2026-05-26,2429237387
0.0,plants_ny_2017,9,rf,nan,nan,nan,rf,nan,nan,recall_score,0.5,2026-05-26,2873716703
0.0,plants_ny_2017,9,rf,nan,nan,nan,rf,nan,nan,recall_score,0.5,2026-05-26,3960258916
0.0,plants_ny_2017,9,rf,nan,nan,nan,rf,nan,nan,recall_score,0.5,2026-05-26,4153932372
0.0,plants_ny_2017,9,rf,nan,nan,nan,rf,nan,nan,recall_score,0.5,2026-05-26,3881461771
0.0,plants_ny_2017,9,rf,nan,nan,nan,rf,nan,nan,recall_score,0.5,2026-05-26,3902680601
0.0,plants_ny_2017,9,rf,nan,nan,nan,rf,nan,nan,recall_score,0.5,2026-05-26,2366101218
0.0,plants_ny_2017,9,rf,nan,nan,nan,rf,nan,nan,recall_score,0.5,2026-05-26,3960273825
0.0,plants_ny_2017,9,rf,nan,nan,nan,rf,nan,nan,recall_score,0.5,2026-05-26,1584399301
0.0,plants_ny_2017,9,rf,nan,nan,nan,rf,nan,nan,recall_score,0.5,2026-05-26,2980784841
0.0,plants_ny_2017,9,rf,nan,nan,nan,rf,nan,nan,recall_score,0.5,2026-05-26,3860427680
0.0,plants_ny_2017,9,rf,nan,nan,nan,rf,nan,nan,recall_score,0.5,2026-05-26,3998839146
0.0,plants_ny_2017,9,rf,nan,nan,nan,rf,nan,nan,recall_score,0.5,2026-05-26,2366064988
0.0,plants_ny_2017,9,rf,nan,nan,nan,rf,nan,nan,recall_score,0.5,2026-05-26,3109272448
0.0,plants_ny_2017,9,rf,nan,nan,nan,rf,nan,nan,recall_score,0.5,2026-05-26,4852424341
0.0,plants_ny_2017,9,rf,nan,nan,nan,rf,nan,nan,recall_score,0.5,2026-05-26,2802743212
0.0,plants_ny_2017,9,rf,nan,nan,nan,rf,nan,nan,recall_score,0.5,2026-05-26,2626148518
0.0,plants_ny_2017,9,rf,nan,nan,nan,rf,nan,nan,recall_score,0.5,2026-05-26,2988331841
0.0,plants_ny_2017,9,rf,nan,nan,nan,rf,nan,nan,recall_score,0.5,2026-05-26,3416033613
0.0,plants_ny_2017,9,rf,nan,nan,nan,rf,nan,nan,recall_score,0.5,2026-05-26,4852022502
0.0,plants_ny_2017,9,rf,nan,nan,nan,rf,nan,nan,recall_score,0.5,2026-05-26,3953208758
0.0,plants_ny_2017,9,rf,nan,nan,nan,rf,nan,nan,recall_score,0.5,2026-05-26,2873806781
0.0,plants_ny_2017,9,rf,nan,nan,nan,rf,nan,nan,recall_score,0.5,2026-05-26,2273325216
0.0,plants_ny_2017,9,rf,nan,nan,nan,rf,nan,nan,recall_score,0.5,2026-05-26,6130451392
0.0,plants_ny_2017,9,rf,nan,nan,nan,rf,nan,nan,recall_score,0.5,2026-05-26,3860417600
0.0,plants_ny_2017,9,rf,nan,nan,nan,rf,nan,nan,recall_score,0.5,2026-05-26,3959886168
0.0,plants_ny_2017,9,rf,nan,nan,nan,rf,nan,nan,recall_score,0.5,2026-05-26,3951437097
0.0,plants_ny_2017,9,rf,nan,nan,nan,rf,nan,nan,recall_score,0.5,2026-05-26,3957996522
0.0,plants_ny_2017,9,rf,nan,nan,nan,rf,nan,nan,recall_score,0.5,2026-05-26,2873789902
0.0,plants_ny_2017,9,rf,nan,nan,nan,rf,nan,nan,recall_score,0.5,2026-05-26,2563472917
0.0,plants_ny_2017,9,rf,nan,nan,nan,rf,nan,nan,recall_score,0.5,2026-05-26,4018301340
0.0,plants_ny_2017,9,rf,nan,nan,nan,rf,nan,nan,recall_score,0.5,2026-05-26,3957131865
0.0,plants_ny_2017,9,rf,nan,nan,nan,rf,nan,nan,recall_score,0.5,2026-05-26,4171381418
0.0,plants_ny_2017,9,rf,nan,nan,nan,rf,nan,nan,recall_score,0.5,2026-05-26,3337455367
0.0,plants_ny_2017,9,rf,nan,nan,nan,rf,nan,nan,recall_score,0.5,2026-05-26,3044609709
0.0,plants_ny_2017,9,rf,nan,nan,nan,rf,nan,nan,recall_score,0.5,2026-05-26,2873953656
0.0,plants_ny_2017,9,rf,nan,nan,nan,rf,nan,nan,recall_score,0.5,2026-05-26,3455462593
0.0,plants_ny_2017,9,rf,nan,nan,nan,rf,nan,nan,recall_score,0.5,2026-05-26,2366087194
0.0,plants_ny_2017,9,rf,nan,nan,nan,rf,nan,nan,recall_score,0.5,2026-05-26,3705527388
0.0,plants_ny_2017,9,rf,nan,nan,nan,rf,nan,nan,recall_score,0.5,2026-05-26,2802703556
0.0,plants_ny_2017,9,rf,nan,nan,nan,rf,nan,nan,recall_score,0.5,2026-05-26,3947191131
0.0,plants_ny_2017,9,rf,nan,nan,nan,rf,nan,nan,recall_score,0.5,2026-05-26,3954160079
0.0,plants_ny_2017,9,rf,nan,nan,nan,rf,nan,nan,recall_score,0.5,2026-05-26,3335165269
0.0,plants_ny_2017,9,rf,nan,nan,nan,rf,nan,nan,recall_score,0.5,2026-05-26,4596756463
0.0,plants_ny_2017,9,rf,nan,nan,nan,rf,nan,nan,recall_score,0.5,2026-05-26,3998223035
0.0,plants_ny_2017,9,rf,nan,nan,nan,rf,nan,nan,recall_score,0.5,2026-05-26,2980796839
0.0,plants_ny_2017,9,rf,nan,nan,nan,rf,nan,nan,recall_score,0.5,2026-05-26,2975827144
0.0,plants_ny_2017,9,rf,nan,nan,nan,rf,nan,nan,recall_score,0.5,2026-05-26,3952306422
0.0,plants_ny_2017,9,rf,nan,nan,nan,rf,nan,nan,recall_score,0.5,2026-05-26,3956342840
0.0,plants_ny_2017,9,rf,nan,nan,nan,rf,nan,nan,recall_score,0.5,2026-05-26,5154213438
0.0,plants_ny_2017,9,rf,nan,nan,nan,rf,nan,nan,recall_score,0.5,2026-05-26,3902969359
0.0,plants_ny_2017,9,rf,nan,nan,nan,rf,nan,nan,recall_score,0.5,2026-05-26,3960214537
0.0,plants_ny_2017,9,rf,nan,nan,nan,rf,nan,nan,recall_score,0.5,2026-05-26,3953725266
0.0,plants_ny_2017,9,rf,nan,nan,nan,rf,nan,nan,recall_score,0.5,2026-05-26,4516606537
0.0,plants_ny_2017,9,rf,nan,nan,nan,rf,nan,nan,recall_score,0.5,2026-05-26,3952087393
0.0,plants_ny_2017,9,rf,nan,nan,nan,rf,nan,nan,recall_score,0.5,2026-05-26,2366112773
0.0,plants_ny_2017,9,rf,nan,nan,nan,rf,nan,nan,recall_score,0.5,2026-05-26,3956169265
0.0,plants_ny_2017,9,rf,nan,nan,nan,rf,nan,nan,recall_score,0.5,2026-05-26,3953433221
0.0,plants_ny_2017,9,rf,nan,nan,nan,rf,nan,nan,recall_score,0.5,2026-05-26,2366111261
0.0,plants_ny_2017,9,rf,nan,nan,nan,rf,nan,nan,recall_score,0.5,2026-05-26,3079821227
0.0,plants_ny_2017,9,rf,nan,nan,nan,rf,nan,nan,recall_score,0.5,2026-05-26,5216647329
0.0,plants_ny_2017,9,rf,nan,nan,nan,rf,nan,nan,recall_score,0.5,2026-05-26,5760689235
0.0,plants_ny_2017,9,rf,nan,nan,nan,rf,nan,nan,recall_score,0.5,2026-05-26,2873847852
0.0,plants_ny_2017,9,rf,nan,nan,nan,rf,nan,nan,recall_score,0.5,2026-05-26,2850743366
0.0,plants_ny_2017,9,rf,nan,nan,nan,rf,nan,nan,recall_score,0.5,2026-05-26,2851281356
0.0,plants_ny_2017,9,rf,nan,nan,nan,rf,nan,nan,recall_score,0.5,2026-05-26,6251859797
0.0,plants_ny_2017,9,rf,nan,nan,nan,rf,nan,nan,recall_score,0.5,2026-05-26,2868251979
0.0,plants_ny_2017,9,rf,nan,nan,nan,rf,nan,nan,recall_score,0.5,2026-05-26,2873802695
0.0,plants_ny_2017,9,rf,nan,nan,nan,rf,nan,nan,recall_score,0.5,2026-05-26,3957314948
0.0,plants_ny_2017,9,rf,nan,nan,nan,rf,nan,nan,recall_score,0.5,2026-05-26,2851293386
0.0,plants_ny_2017,9,rf,nan,nan,nan,rf,nan,nan,recall_score,0.5,2026-05-26,3079789164
0.0,plants_ny_2017,9,rf,nan,nan,nan,rf,nan,nan,recall_score,0.5,2026-05-26,2851197392
0.0,plants_ny_2017,9,rf,nan,nan,nan,rf,nan,nan,recall_score,0.5,2026-05-26,3061567799
0.0,plants_ny_2017,9,rf,nan,nan,nan,rf,nan,nan,recall_score,0.5,2026-05-26,3384342442
0.0,plants_ny_2017,9,rf,nan,nan,nan,rf,nan,nan,recall_score,0.5,2026-05-26,2851294394
0.0,plants_ny_2017,9,rf,nan,nan,nan,rf,nan,nan,recall_score,0.5,2026-05-26,4438870386
0.0,plants_ny_2017,9,rf,nan,nan,nan,rf,nan,nan,recall_score,0.5,2026-05-26,2366111608
0.0,plants_ny_2017,9,rf,nan,nan,nan,rf,nan,nan,recall_score,0.5,2026-05-26,4416636445
0.0,plants_ny_2017,9,rf,nan,nan,nan,rf,nan,nan,recall_score,0.5,2026-05-26,3858259550
0.0,plants_ny_2017,9,rf,nan,nan,nan,rf,nan,nan,recall_score,0.5,2026-05-26,2851292384
0.0,plants_ny_2017,9,rf,nan,nan,nan,rf,nan,nan,recall_score,0.5,2026-05-26,2517992038
0.0,plants_ny_2017,9,rf,nan,nan,nan,rf,nan,nan,recall_score,0.5,2026-05-26,5076712512
0.0,plants_ny_2017,9,rf,nan,nan,nan,rf,nan,nan,recall_score,0.5,2026-05-26,3058692658
0.0,plants_ny_2017,9,rf,nan,nan,nan,rf,nan,nan,recall_score,0.5,2026-05-26,3958883158
0.0,plants_ny_2017,9,rf,nan,nan,nan,rf,nan,nan,recall_score,0.5,2026-05-26,2851246387
0.0,plants_ny_2017,9,rf,nan,nan,nan,rf,nan,nan,recall_score,0.5,2026-05-26,3881701337
0.0,plants_ny_2017,9,rf,nan,nan,nan,rf,nan,nan,recall_score,0.5,2026-05-26,4046728383
0.0,plants_ny_2017,9,rf,nan,nan,nan,rf,nan,nan,recall_score,0.5,2026-05-26,3759085448
0.0,plants_ny_2017,9,rf,nan,nan,nan,rf,nan,nan,recall_score,0.5,2026-05-26,3061702662
0.0,plants_ny_2017,9,rf,nan,nan,nan,rf,nan,nan,recall_score,0.5,2026-05-26,3415567464
0.0,plants_ny_2017,9,rf,nan,nan,nan,rf,nan,nan,recall_score,0.5,2026-05-26,3957185341
0.0,plants_ny_2017,9,rf,nan,nan,nan,rf,nan,nan,recall_score,0.5,2026-05-26,3953127507
0.0,plants_ny_2017,9,rf,nan,nan,nan,rf,nan,nan,recall_score,0.5,2026-05-26,5076723599
0.0,plants_ny_2017,9,rf,nan,nan,nan,rf,nan,nan,recall_score,0.5,2026-05-26,3902061571
0.0,plants_ny_2017,9,rf,nan,nan,nan,rf,nan,nan,recall_score,0.5,2026-05-26,3061514442
0.0,plants_ny_2017,9,rf,nan,nan,nan,rf,nan,nan,recall_score,0.5,2026-05-26,4952480668
0.0,plants_ny_2017,9,rf,nan,nan,nan,rf,nan,nan,recall_score,0.5,2026-05-26,6195380536
0.0,plants_ny_2017,9,rf,nan,nan,nan,rf,nan,nan,recall_score,0.5,2026-05-26,1586949304
0.0,plants_ny_2017,9,rf,nan,nan,nan,rf,nan,nan,recall_score,0.5,2026-05-26,3008446484
0.0,plants_ny_2017,9,rf,nan,nan,nan,rf,nan,nan,recall_score,0.5,2026-05-26,3873476129
0.0,plants_ny_2017,9,rf,nan,nan,nan,rf,nan,nan,recall_score,0.5,2026-05-26,3998223440
0.0,plants_ny_2017,9,rf,nan,nan,nan,rf,nan,nan,recall_score,0.5,2026-05-26,2826543273
0.0,plants_ny_2017,9,rf,nan,nan,nan,rf,nan,nan,recall_score,0.5,2026-05-26,2851140260
0.0,plants_ny_2017,9,rf,nan,nan,nan,rf,nan,nan,recall_score,0.5,2026-05-26,3343931206
0.0,plants_ny_2017,9,rf,nan,nan,nan,rf,nan,nan,recall_score,0.5,2026-05-26,3017993505
0.0,plants_ny_2017,9,rf,nan,nan,nan,rf,nan,nan,recall_score,0.5,2026-05-26,2984569783
0.0,plants_ny_2017,9,rf,nan,nan,nan,rf,nan,nan,recall_score,0.5,2026-05-26,2862345937
0.0,plants_ny_2017,9,rf,nan,nan,nan,rf,nan,nan,recall_score,0.5,2026-05-26,2850913310
0.0,plants_ny_2017,9,rf,nan,nan,nan,rf,nan,nan,recall_score,0.5,2026-05-26,2603417031
0.0,plants_ny_2017,9,rf,nan,nan,nan,rf,nan,nan,recall_score,0.5,2026-05-26,3954435716
0.0,plants_ny_2017,9,rf,nan,nan,nan,rf,nan,nan,recall_score,0.5,2026-05-26,4926029317
0.0,plants_ny_2017,9,rf,nan,nan,nan,rf,nan,nan,recall_score,0.5,2026-05-26,2851129274
0.0,plants_ny_2017,9,rf,nan,nan,nan,rf,nan,nan,recall_score,0.5,2026-05-26,3320968431
0.0,plants_ny_2017,9,rf,nan,nan,nan,rf,nan,nan,recall_score,0.5,2026-05-26,4009846419
0.0,plants_ny_2017,9,rf,nan,nan,nan,rf,nan,nan,recall_score,0.5,2026-05-26,3113334925
0.0,plants_ny_2017,9,rf,nan,nan,nan,rf,nan,nan,recall_score,0.5,2026-05-26,3954294496
0.0,plants_ny_2017,9,rf,nan,nan,nan,rf,nan,nan,recall_score,0.5,2026-05-26,3044585607
0.0,plants_ny_2017,9,rf,nan,nan,nan,rf,nan,nan,recall_score,0.5,2026-05-26,3956834027
0.0,plants_ny_2017,9,rf,nan,nan,nan,rf,nan,nan,recall_score,0.5,2026-05-26,3760290653
0.0,plants_ny_2017,9,rf,nan,nan,nan,rf,nan,nan,recall_score,0.5,2026-05-26,4075755400
0.0,plants_ny_2017,9,rf,nan,nan,nan,rf,nan,nan,recall_score,0.5,2026-05-26,3953312293
0.0,plants_ny_2017,9,rf,nan,nan,nan,rf,nan,nan,recall_score,0.5,2026-05-26,1640046247
0.0,plants_ny_2017,9,rf,nan,nan,nan,rf,nan,nan,recall_score,0.5,2026-05-26,5006794444
0.0,plants_ny_2017,9,rf,nan,nan,nan,rf,nan,nan,recall_score,0.5,2026-05-26,3872962179
0.0,plants_ny_2017,9,rf,nan,nan,nan,rf,nan,nan,recall_score,0.5,2026-05-26,5932759594
0.0,plants_ny_2017,9,rf,nan,nan,nan,rf,nan,nan,recall_score,0.5,2026-05-26,4120898985
0.0,plants_ny_2017,9,rf,nan,nan,nan,rf,nan,nan,recall_score,0.5,2026-05-26,4528222487
0.0,plants_ny_2017,9,rf,nan,nan,nan,rf,nan,nan,recall_score,0.5,2026-05-26,3330531483
0.0,plants_ny_2017,9,rf,nan,nan,nan,rf,nan,nan,recall_score,0.5,2026-05-26,4120850445
0.0,plants_ny_2017,9,rf,nan,nan,nan,rf,nan,nan,recall_score,0.5,2026-05-26,3384859542
0.0,plants_ny_2017,9,rf,nan,nan,nan,rf,nan,nan,recall_score,0.5,2026-05-26,3957222005
0.0,plants_ny_2017,9,rf,nan,nan,nan,rf,nan,nan,recall_score,0.5,2026-05-26,4524920683
0.0,plants_ny_2017,9,rf,nan,nan,nan,rf,nan,nan,recall_score,0.5,2026-05-26,2850644162
0.0,plants_ny_2017,9,rf,nan,nan,nan,rf,nan,nan,recall_score,0.5,2026-05-26,3953571592
0.0,plants_ny_2017,9,rf,nan,nan,nan,rf,nan,nan,recall_score,0.5,2026-05-26,4145649611
0.0,plants_ny_2017,9,rf,nan,nan,nan,rf,nan,nan,recall_score,0.5,2026-05-26,3949008632
0.0,plants_ny_2017,9,rf,nan,nan,nan,rf,nan,nan,recall_score,0.5,2026-05-26,3998875473
0.0,plants_ny_2017,9,rf,nan,nan,nan,rf,nan,nan,recall_score,0.5,2026-05-26,3018122442
0.0,plants_ny_2017,9,rf,nan,nan,nan,rf,nan,nan,recall_score,0.5,2026-05-26,3986190569
0.0,plants_ny_2017,9,rf,nan,nan,nan,rf,nan,nan,recall_score,0.5,2026-05-26,4046413372
0.0,plants_ny_2017,9,rf,nan,nan,nan,rf,nan,nan,recall_score,0.5,2026-05-26,4507843383
0.0,plants_ny_2017,9,rf,nan,nan,nan,rf,nan,nan,recall_score,0.5,2026-05-26,3881596374
0.0,plants_ny_2017,9,rf,nan,nan,nan,rf,nan,nan,recall_score,0.5,2026-05-26,4527946494
0.0,plants_ny_2017,9,rf,nan,nan,nan,rf,nan,nan,recall_score,0.5,2026-05-26,3455578607
0.0,plants_ny_2017,9,rf,nan,nan,nan,rf,nan,nan,recall_score,0.5,2026-05-26,4046753575
0.0,plants_ny_2017,9,rf,nan,nan,nan,rf,nan,nan,recall_score,0.5,2026-05-26,2873957772
0.0,plants_ny_2017,9,rf,nan,nan,nan,rf,nan,nan,recall_score,0.5,2026-05-26,3956366859
0.0,plants_ny_2017,9,rf,nan,nan,nan,rf,nan,nan,recall_score,0.5,2026-05-26,5109136090
0.0,plants_ny_2017,9,rf,nan,nan,nan,rf,nan,nan,recall_score,0.5,2026-05-26,3873633212
0.0,plants_ny_2017,9,rf,nan,nan,nan,rf,nan,nan,recall_score,0.5,2026-05-26,3948999565
0.0,plants_ny_2017,9,rf,nan,nan,nan,rf,nan,nan,recall_score,0.5,2026-05-26,2851191235
0.0,plants_ny_2017,9,rf,nan,nan,nan,rf,nan,nan,recall_score,0.5,2026-05-26,2802724611
0.0,plants_ny_2017,9,rf,nan,nan,nan,rf,nan,nan,recall_score,0.5,2026-05-26,3985692390
0.0,plants_ny_2017,9,rf,nan,nan,nan,rf,nan,nan,recall_score,0.5,2026-05-26,2851057234
0.0,plants_ny_2017,9,rf,nan,nan,nan,rf,nan,nan,recall_score,0.5,2026-05-26,3118466378
0.0,plants_ny_2017,9,rf,nan,nan,nan,rf,nan,nan,recall_score,0.5,2026-05-26,3949499564
0.0,plants_ny_2017,9,rf,nan,nan,nan,rf,nan,nan,recall_score,0.5,2026-05-26,3881743494
0.0,plants_ny_2017,9,rf,nan,nan,nan,rf,nan,nan,recall_score,0.5,2026-05-26,2873953948
0.0,plants_ny_2017,9,rf,nan,nan,nan,rf,nan,nan,recall_score,0.5,2026-05-26,2984561404
0.0,plants_ny_2017,9,rf,nan,nan,nan,rf,nan,nan,recall_score,0.5,2026-05-26,4980699019
0.0,plants_ny_2017,9,rf,nan,nan,nan,rf,nan,nan,recall_score,0.5,2026-05-26,3958674828
0.0,plants_ny_2017,9,rf,nan,nan,nan,rf,nan,nan,recall_score,0.5,2026-05-26,3952386225
0.0,plants_ny_2017,9,rf,nan,nan,nan,rf,nan,nan,recall_score,0.5,2026-05-26,5109129559
0.0,plants_ny_2017,9,rf,nan,nan,nan,rf,nan,nan,recall_score,0.5,2026-05-26,2850658233
0.0,plants_ny_2017,9,rf,nan,nan,nan,rf,nan,nan,recall_score,0.5,2026-05-26,3881359466
0.0,plants_ny_2017,9,rf,nan,nan,nan,rf,nan,nan,recall_score,0.5,2026-05-26,3956722689
0.0,plants_ny_2017,9,rf,nan,nan,nan,rf,nan,nan,recall_score,0.5,2026-05-26,3954746654
0.0,plants_ny_2017,9,rf,nan,nan,nan,rf,nan,nan,recall_score,0.5,2026-05-26,3988850381
0.0,plants_ny_2017,9,rf,nan,nan,nan,rf,nan,nan,recall_score,0.5,2026-05-26,3124869844
0.0,plants_ny_2017,9,rf,nan,nan,nan,rf,nan,nan,recall_score,0.5,2026-05-26,3415812386
0.0,plants_ny_2017,9,rf,nan,nan,nan,rf,nan,nan,recall_score,0.5,2026-05-26,3915312328
0.0,plants_ny_2017,9,rf,nan,nan,nan,rf,nan,nan,recall_score,0.5,2026-05-26,2802667507
0.0,plants_ny_2017,9,rf,nan,nan,nan,rf,nan,nan,recall_score,0.5,2026-05-26,2992697099
0.0,plants_ny_2017,9,rf,nan,nan,nan,rf,nan,nan,recall_score,0.5,2026-05-26,3953163643
0.0,plants_ny_2017,9,rf,nan,nan,nan,rf,nan,nan,recall_score,0.5,2026-05-26,2366111803
0.0,plants_ny_2017,9,rf,nan,nan,nan,rf,nan,nan,recall_score,0.5,2026-05-26,2850704240
0.0,plants_ny_2017,9,rf,nan,nan,nan,rf,nan,nan,recall_score,0.5,2026-05-26,2862566022
0.0,plants_ny_2017,9,rf,nan,nan,nan,rf,nan,nan,recall_score,0.5,2026-05-26,2802671703
0.0,plants_ny_2017,9,rf,nan,nan,nan,rf,nan,nan,recall_score,0.5,2026-05-26,3985741389
0.0,plants_ny_2017,9,rf,nan,nan,nan,rf,nan,nan,recall_score,0.5,2026-05-26,3302022672
0.0,plants_ny_2017,9,rf,nan,nan,nan,rf,nan,nan,recall_score,0.5,2026-05-26,3338030512
0.0,plants_ny_2017,9,rf,nan,nan,nan,rf,nan,nan,recall_score,0.5,2026-05-26,2862557509
0.0,plants_ny_2017,9,rf,nan,nan,nan,rf,nan,nan,recall_score,0.5,2026-05-26,4919660513
0.0,plants_ny_2017,9,rf,nan,nan,nan,rf,nan,nan,recall_score,0.5,2026-05-26,1586949329
0.0,plants_ny_2017,9,rf,nan,nan,nan,rf,nan,nan,recall_score,0.5,2026-05-26,2999188196
0.0,plants_ny_2017,9,rf,nan,nan,nan,rf,nan,nan,recall_score,0.5,2026-05-26,3384644194
0.0,plants_ny_2017,9,rf,nan,nan,nan,rf,nan,nan,recall_score,0.5,2026-05-26,2873748813
0.0,plants_ny_2017,9,rf,nan,nan,nan,rf,nan,nan,recall_score,0.5,2026-05-26,3321244434
0.0,plants_ny_2017,9,rf,nan,nan,nan,rf,nan,nan,recall_score,0.5,2026-05-26,3456731618
0.0,plants_ny_2017,9,rf,nan,nan,nan,rf,nan,nan,recall_score,0.5,2026-05-26,3872903272
0.0,plants_ny_2017,9,rf,nan,nan,nan,rf,nan,nan,recall_score,0.5,2026-05-26,3859369936
0.0,plants_ny_2017,9,rf,nan,nan,nan,rf,nan,nan,recall_score,0.5,2026-05-26,3039299672
0.0,plants_ny_2017,9,rf,nan,nan,nan,rf,nan,nan,recall_score,0.5,2026-05-26,3031582063
0.0,plants_ny_2017,9,rf,nan,nan,nan,rf,nan,nan,recall_score,0.5,2026-05-26,2366154218
0.0,plants_ny_2017,9,rf,nan,nan,nan,rf,nan,nan,recall_score,0.5,2026-05-26,4011709489
0.0,plants_ny_2017,9,rf,nan,nan,nan,rf,nan,nan,recall_score,0.5,2026-05-26,4982089288
0.0,plants_ny_2017,9,rf,nan,nan,nan,rf,nan,nan,recall_score,0.5,2026-05-26,3952895824
0.0,plants_ny_2017,9,rf,nan,nan,nan,rf,nan,nan,recall_score,0.5,2026-05-26,2850851235
0.0,plants_ny_2017,9,rf,nan,nan,nan,rf,nan,nan,recall_score,0.5,2026-05-26,3958420669
0.0,plants_ny_2017,9,rf,nan,nan,nan,rf,nan,nan,recall_score,0.5,2026-05-26,4512037436
0.0,plants_ny_2017,9,rf,nan,nan,nan,rf,nan,nan,recall_score,0.5,2026-05-26,3947730461
0.0,plants_ny_2017,9,rf,nan,nan,nan,rf,nan,nan,recall_score,0.5,2026-05-26,3383965657
0.0,plants_ny_2017,9,rf,nan,nan,nan,rf,nan,nan,recall_score,0.5,2026-05-26,3307455953
0.0,plants_ny_2017,9,rf,nan,nan,nan,rf,nan,nan,recall_score,0.5,2026-05-26,2802806481
0.0,plants_ny_2017,9,rf,nan,nan,nan,rf,nan,nan,recall_score,0.5,2026-05-26,2873791902
0.0,plants_ny_2017,9,rf,nan,nan,nan,rf,nan,nan,recall_score,0.5,2026-05-26,2999132599
0.0,plants_ny_2017,9,rf,nan,nan,nan,rf,nan,nan,recall_score,0.5,2026-05-26,3330532529
0.0,plants_ny_2017,9,rf,nan,nan,nan,rf,nan,nan,recall_score,0.5,2026-05-26,3117861904
0.0,plants_ny_2017,9,rf,nan,nan,nan,rf,nan,nan,recall_score,0.5,2026-05-26,3044756340
0.0,plants_ny_2017,9,rf,nan,nan,nan,rf,nan,nan,recall_score,0.5,2026-05-26,3335573435
0.0,plants_ny_2017,9,rf,nan,nan,nan,rf,nan,nan,recall_score,0.5,2026-05-26,3456276132
0.0,plants_ny_2017,9,rf,nan,nan,nan,rf,nan,nan,recall_score,0.5,2026-05-26,3079727158
0.0,plants_ny_2017,9,rf,nan,nan,nan,rf,nan,nan,recall_score,0.5,2026-05-26,3923510357
0.0,plants_ny_2017,9,rf,nan,nan,nan,rf,nan,nan,recall_score,0.5,2026-05-26,3307420299
0.0,plants_ny_2017,9,rf,nan,nan,nan,rf,nan,nan,recall_score,0.5,2026-05-26,3954116155
0.0,plants_ny_2017,9,rf,nan,nan,nan,rf,nan,nan,recall_score,0.5,2026-05-26,4062585229
0.0,plants_ny_2017,9,rf,nan,nan,nan,rf,nan,nan,recall_score,0.5,2026-05-26,2814352941
0.0,plants_ny_2017,9,rf,nan,nan,nan,rf,nan,nan,recall_score,0.5,2026-05-26,2850850850
0.0,plants_ny_2017,9,rf,nan,nan,nan,rf,nan,nan,recall_score,0.5,2026-05-26,3957117251
0.0,plants_ny_2017,9,rf,nan,nan,nan,rf,nan,nan,recall_score,0.5,2026-05-26,4994393529
0.0,plants_ny_2017,9,rf,nan,nan,nan,rf,nan,nan,recall_score,0.5,2026-05-26,3959484505
0.0,plants_ny_2017,9,rf,nan,nan,nan,rf,nan,nan,recall_score,0.5,2026-05-26,2901586898
0.0,plants_ny_2017,9,rf,nan,nan,nan,rf,nan,nan,recall_score,0.5,2026-05-26,3958431964
0.0,plants_ny_2017,9,rf,nan,nan,nan,rf,nan,nan,recall_score,0.5,2026-05-26,3468986372
0.0,plants_ny_2017,9,rf,nan,nan,nan,rf,nan,nan,recall_score,0.5,2026-05-26,3999030971
0.0,plants_ny_2017,9,rf,nan,nan,nan,rf,nan,nan,recall_score,0.5,2026-05-26,4982007896
0.0,plants_ny_2017,9,rf,nan,nan,nan,rf,nan,nan,recall_score,0.5,2026-05-26,3953844692
0.0,plants_ny_2017,9,rf,nan,nan,nan,rf,nan,nan,recall_score,0.5,2026-05-26,4075705485
0.0,plants_ny_2017,9,rf,nan,nan,nan,rf,nan,nan,recall_score,0.5,2026-05-26,3915403362
0.0,plants_ny_2017,9,rf,nan,nan,nan,rf,nan,nan,recall_score,0.5,2026-05-26,5062505851
0.0,plants_ny_2017,9,rf,nan,nan,nan,rf,nan,nan,recall_score,0.5,2026-05-26,3398664644
0.0,plants_ny_2017,9,rf,nan,nan,nan,rf,nan,nan,recall_score,0.5,2026-05-26,3355185526
0.0,plants_ny_2017,9,rf,nan,nan,nan,rf,nan,nan,recall_score,0.5,2026-05-26,3902013743
0.0,plants_ny_2017,9,rf,nan,nan,nan,rf,nan,nan,recall_score,0.5,2026-05-26,4875002056
0.0,plants_ny_2017,9,rf,nan,nan,nan,rf,nan,nan,recall_score,0.5,2026-05-26,4987664848
0.0,plants_ny_2017,9,rf,nan,nan,nan,rf,nan,nan,recall_score,0.5,2026-05-26,3951409931
0.0,plants_ny_2017,9,rf,nan,nan,nan,rf,nan,nan,recall_score,0.5,2026-05-26,3860529538
0.0,plants_ny_2017,9,rf,nan,nan,nan,rf,nan,nan,recall_score,0.5,2026-05-26,4028692377
0.0,plants_ny_2017,9,rf,nan,nan,nan,rf,nan,nan,recall_score,0.5,2026-05-26,3956207744
0.0,plants_ny_2017,9,rf,nan,nan,nan,rf,nan,nan,recall_score,0.5,2026-05-26,4528157494
0.0,plants_ny_2017,9,rf,nan,nan,nan,rf,nan,nan,recall_score,0.5,2026-05-26,3998738616
0.0,plants_ny_2017,9,rf,nan,nan,nan,rf,nan,nan,recall_score,0.5,2026-05-26,3759728247
0.0,plants_ny_2017,9,rf,nan,nan,nan,rf,nan,nan,recall_score,0.5,2026-05-26,3314479342
0.0,plants_ny_2017,9,rf,nan,nan,nan,rf,nan,nan,recall_score,0.5,2026-05-26,3956363181
0.0,plants_ny_2017,9,rf,nan,nan,nan,rf,nan,nan,recall_score,0.5,2026-05-26,2980803565
0.0,plants_ny_2017,9,rf,nan,nan,nan,rf,nan,nan,recall_score,0.5,2026-05-26,2818696519
0.0,plants_ny_2017,9,rf,nan,nan,nan,rf,nan,nan,recall_score,0.5,2026-05-26,3957136191
0.0,plants_ny_2017,9,rf,nan,nan,nan,rf,nan,nan,recall_score,0.5,2026-05-26,3947603432
0.0,plants_ny_2017,9,rf,nan,nan,nan,rf,nan,nan,recall_score,0.5,2026-05-26,3079799200
0.0,plants_ny_2017,9,rf,nan,nan,nan,rf,nan,nan,recall_score,0.5,2026-05-26,3759800583
0.0,plants_ny_2017,9,rf,nan,nan,nan,rf,nan,nan,recall_score,0.5,2026-05-26,3952338431
0.0,plants_ny_2017,9,rf,nan,nan,nan,rf,nan,nan,recall_score,0.5,2026-05-26,3070660719
0.0,plants_ny_2017,9,rf,nan,nan,nan,rf,nan,nan,recall_score,0.5,2026-05-26,2883045025
0.0,plants_ny_2017,9,rf,nan,nan,nan,rf,nan,nan,recall_score,0.5,2026-05-26,3956455107
0.0,plants_ny_2017,9,rf,nan,nan,nan,rf,nan,nan,recall_score,0.5,2026-05-26,3953440550
0.0,plants_ny_2017,9,rf,nan,nan,nan,rf,nan,nan,recall_score,0.5,2026-05-26,3330479504
0.0,plants_ny_2017,9,rf,nan,nan,nan,rf,nan,nan,recall_score,0.5,2026-05-26,5069738682
0.0,plants_ny_2017,9,rf,nan,nan,nan,rf,nan,nan,recall_score,0.5,2026-05-26,4528182478
0.0,plants_ny_2017,9,rf,nan,nan,nan,rf,nan,nan,recall_score,0.5,2026-05-26,3957592700
0.0,plants_ny_2017,9,rf,nan,nan,nan,rf,nan,nan,recall_score,0.5,2026-05-26,2542926129
0.0,plants_ny_2017,9,rf,nan,nan,nan,rf,nan,nan,recall_score,0.5,2026-05-26,2543077716
0.0,plants_ny_2017,9,rf,nan,nan,nan,rf,nan,nan,recall_score,0.5,2026-05-26,5133179845
0.0,plants_ny_2017,9,rf,nan,nan,nan,rf,nan,nan,recall_score,0.5,2026-05-26,3466316611
0.0,plants_ny_2017,9,rf,nan,nan,nan,rf,nan,nan,recall_score,0.5,2026-05-26,3873859752
0.0,plants_ny_2017,9,rf,nan,nan,nan,rf,nan,nan,recall_score,0.5,2026-05-26,3953841663
0.0,plants_ny_2017,9,rf,nan,nan,nan,rf,nan,nan,recall_score,0.5,2026-05-26,3954414244
0.0,plants_ny_2017,9,rf,nan,nan,nan,rf,nan,nan,recall_score,0.5,2026-05-26,3902900588
0.0,plants_ny_2017,9,rf,nan,nan,nan,rf,nan,nan,recall_score,0.5,2026-05-26,4137641456
0.0,plants_ny_2017,9,rf,nan,nan,nan,rf,nan,nan,recall_score,0.5,2026-05-26,4018290776
0.0,plants_ny_2017,9,rf,nan,nan,nan,rf,nan,nan,recall_score,0.5,2026-05-26,4506415319
0.0,plants_ny_2017,9,rf,nan,nan,nan,rf,nan,nan,recall_score,0.5,2026-05-26,3124798122
0.0,plants_ny_2017,9,rf,nan,nan,nan,rf,nan,nan,recall_score,0.5,2026-05-26,3112471476
0.0,plants_ny_2017,9,rf,nan,nan,nan,rf,nan,nan,recall_score,0.5,2026-05-26,4528172478
0.0,plants_ny_2017,9,rf,nan,nan,nan,rf,nan,nan,recall_score,0.5,2026-05-26,3999140442
0.0,plants_ny_2017,9,rf,nan,nan,nan,rf,nan,nan,recall_score,0.5,2026-05-26,4145638317
0.0,plants_ny_2017,9,rf,nan,nan,nan,rf,nan,nan,recall_score,0.5,2026-05-26,3952277328
0.0,plants_ny_2017,9,rf,nan,nan,nan,rf,nan,nan,recall_score,0.5,2026-05-26,3957061558
0.0,plants_ny_2017,9,rf,nan,nan,nan,rf,nan,nan,recall_score,0.5,2026-05-26,3957618893
0.0,plants_ny_2017,9,rf,nan,nan,nan,rf,nan,nan,recall_score,0.5,2026-05-26,3325477868
0.0,plants_ny_2017,9,rf,nan,nan,nan,rf,nan,nan,recall_score,0.5,2026-05-26,3335172436
0.0,plants_ny_2017,9,rf,nan,nan,nan,rf,nan,nan,recall_score,0.5,2026-05-26,3399116016
0.0,plants_ny_2017,9,rf,nan,nan,nan,rf,nan,nan,recall_score,0.5,2026-05-26,3330421527
0.0,plants_ny_2017,9,rf,nan,nan,nan,rf,nan,nan,recall_score,0.5,2026-05-26,2641296488
0.0,plants_ny_2017,9,rf,nan,nan,nan,rf,nan,nan,recall_score,0.5,2026-05-26,4980364433
0.0,plants_ny_2017,9,rf,nan,nan,nan,rf,nan,nan,recall_score,0.5,2026-05-26,2988351581
0.0,plants_ny_2017,9,rf,nan,nan,nan,rf,nan,nan,recall_score,0.5,2026-05-26,3321055438
0.0,plants_ny_2017,9,rf,nan,nan,nan,rf,nan,nan,recall_score,0.5,2026-05-26,3070715397
0.0,plants_ny_2017,9,rf,nan,nan,nan,rf,nan,nan,recall_score,0.5,2026-05-26,3455385966
0.0,plants_ny_2017,9,rf,nan,nan,nan,rf,nan,nan,recall_score,0.5,2026-05-26,3951713138
0.0,plants_ny_2017,9,rf,nan,nan,nan,rf,nan,nan,recall_score,0.5,2026-05-26,3018096535
0.0,plants_ny_2017,9,rf,nan,nan,nan,rf,nan,nan,recall_score,0.5,2026-05-26,3743340390
0.0,plants_ny_2017,9,rf,nan,nan,nan,rf,nan,nan,recall_score,0.5,2026-05-26,3705681683
0.0,plants_ny_2017,9,rf,nan,nan,nan,rf,nan,nan,recall_score,0.5,2026-05-26,3925387521
0.0,plants_ny_2017,9,rf,nan,nan,nan,rf,nan,nan,recall_score,0.5,2026-05-26,3325896304
0.0,plants_ny_2017,9,rf,nan,nan,nan,rf,nan,nan,recall_score,0.5,2026-05-26,2992834716
0.0,plants_ny_2017,9,rf,nan,nan,nan,rf,nan,nan,recall_score,0.5,2026-05-26,2814445368
0.0,plants_ny_2017,9,rf,nan,nan,nan,rf,nan,nan,recall_score,0.5,2026-05-26,4129951330
0.0,plants_ny_2017,9,rf,nan,nan,nan,rf,nan,nan,recall_score,0.5,2026-05-26,4075637512
0.0,plants_ny_2017,9,rf,nan,nan,nan,rf,nan,nan,recall_score,0.5,2026-05-26,3337758571
0.0,plants_ny_2017,9,rf,nan,nan,nan,rf,nan,nan,recall_score,0.5,2026-05-26,4062604386
0.0,plants_ny_2017,9,rf,nan,nan,nan,rf,nan,nan,recall_score,0.5,2026-05-26,4528224440
0.0,plants_ny_2017,9,rf,nan,nan,nan,rf,nan,nan,recall_score,0.5,2026-05-26,3325558952
0.0,plants_ny_2017,9,rf,nan,nan,nan,rf,nan,nan,recall_score,0.5,2026-05-26,3947498473
0.0,plants_ny_2017,9,rf,nan,nan,nan,rf,nan,nan,recall_score,0.5,2026-05-26,3957207151
0.0,plants_ny_2017,9,rf,nan,nan,nan,rf,nan,nan,recall_score,0.5,2026-05-26,3998815145
0.0,plants_ny_2017,9,rf,nan,nan,nan,rf,nan,nan,recall_score,0.5,2026-05-26,2818557529
0.0,plants_ny_2017,9,rf,nan,nan,nan,rf,nan,nan,recall_score,0.5,2026-05-26,2619914071
0.0,plants_ny_2017,9,rf,nan,nan,nan,rf,nan,nan,recall_score,0.5,2026-05-26,3398716812
0.0,plants_ny_2017,9,rf,nan,nan,nan,rf,nan,nan,recall_score,0.5,2026-05-26,3902912460
0.0,plants_ny_2017,9,rf,nan,nan,nan,rf,nan,nan,recall_score,0.5,2026-05-26,3998412148
0.0,plants_ny_2017,9,rf,nan,nan,nan,rf,nan,nan,recall_score,0.5,2026-05-26,3302349402
0.0,plants_ny_2017,9,rf,nan,nan,nan,rf,nan,nan,recall_score,0.5,2026-05-26,3859742566
0.0,plants_ny_2017,9,rf,nan,nan,nan,rf,nan,nan,recall_score,0.5,2026-05-26,3124738126
0.0,plants_ny_2017,9,rf,nan,nan,nan,rf,nan,nan,recall_score,0.5,2026-05-26,2626240489
0.0,plants_ny_2017,9,rf,nan,nan,nan,rf,nan,nan,recall_score,0.5,2026-05-26,4111700345
0.0,plants_ny_2017,9,rf,nan,nan,nan,rf,nan,nan,recall_score,0.5,2026-05-26,3330520540
0.0,plants_ny_2017,9,rf,nan,nan,nan,rf,nan,nan,recall_score,0.5,2026-05-26,3455550160
0.0,plants_ny_2017,9,rf,nan,nan,nan,rf,nan,nan,recall_score,0.5,2026-05-26,3858205711
0.0,plants_ny_2017,9,rf,nan,nan,nan,rf,nan,nan,recall_score,0.5,2026-05-26,3998874721
0.0,plants_ny_2017,9,rf,nan,nan,nan,rf,nan,nan,recall_score,0.5,2026-05-26,3952150423
0.0,plants_ny_2017,9,rf,nan,nan,nan,rf,nan,nan,recall_score,0.5,2026-05-26,3416172329
0.0,plants_ny_2017,9,rf,nan,nan,nan,rf,nan,nan,recall_score,0.5,2026-05-26,2826209623
0.0,plants_ny_2017,9,rf,nan,nan,nan,rf,nan,nan,recall_score,0.5,2026-05-26,3302020955
0.0,plants_ny_2017,9,rf,nan,nan,nan,rf,nan,nan,recall_score,0.5,2026-05-26,3956244620
0.0,plants_ny_2017,9,rf,nan,nan,nan,rf,nan,nan,recall_score,0.5,2026-05-26,3014101840
0.0,plants_ny_2017,9,rf,nan,nan,nan,rf,nan,nan,recall_score,0.5,2026-05-26,4009663380
0.0,plants_ny_2017,9,rf,nan,nan,nan,rf,nan,nan,recall_score,0.5,2026-05-26,4516611590
0.0,plants_ny_2017,9,rf,nan,nan,nan,rf,nan,nan,recall_score,0.5,2026-05-26,4509997546
0.0,plants_ny_2017,9,rf,nan,nan,nan,rf,nan,nan,recall_score,0.5,2026-05-26,3759847625
0.0,plants_ny_2017,9,rf,nan,nan,nan,rf,nan,nan,recall_score,0.5,2026-05-26,3455962642
0.0,plants_ny_2017,9,rf,nan,nan,nan,rf,nan,nan,recall_score,0.5,2026-05-26,3335118718
0.0,plants_ny_2017,9,rf,nan,nan,nan,rf,nan,nan,recall_score,0.5,2026-05-26,3953747116
0.0,plants_ny_2017,9,rf,nan,nan,nan,rf,nan,nan,recall_score,0.5,2026-05-26,3956369289
0.0,plants_ny_2017,9,rf,nan,nan,nan,rf,nan,nan,recall_score,0.5,2026-05-26,3090859048
0.0,plants_ny_2017,9,rf,nan,nan,nan,rf,nan,nan,recall_score,0.5,2026-05-26,5063747331
0.0,plants_ny_2017,9,rf,nan,nan,nan,rf,nan,nan,recall_score,0.5,2026-05-26,4165612415
0.0,plants_ny_2017,9,rf,nan,nan,nan,rf,nan,nan,recall_score,0.5,2026-05-26,3952049197
0.0,plants_ny_2017,9,rf,nan,nan,nan,rf,nan,nan,recall_score,0.5,2026-05-26,5908806321
0.0,plants_ny_2017,9,rf,nan,nan,nan,rf,nan,nan,recall_score,0.5,2026-05-26,3499481397
0.0,plants_ny_2017,9,rf,nan,nan,nan,rf,nan,nan,recall_score,0.5,2026-05-26,3959455648
0.0,plants_ny_2017,9,rf,nan,nan,nan,rf,nan,nan,recall_score,0.5,2026-05-26,2980877551
0.0,plants_ny_2017,9,rf,nan,nan,nan,rf,nan,nan,recall_score,0.5,2026-05-26,3330746561
0.0,plants_ny_2017,9,rf,nan,nan,nan,rf,nan,nan,recall_score,0.5,2026-05-26,5062506887
0.0,plants_ny_2017,9,rf,nan,nan,nan,rf,nan,nan,recall_score,0.5,2026-05-26,5076719517
0.0,plants_ny_2017,9,rf,nan,nan,nan,rf,nan,nan,recall_score,0.5,2026-05-26,3998510978
0.0,plants_ny_2017,9,rf,nan,nan,nan,rf,nan,nan,recall_score,0.5,2026-05-26,3468698545
0.0,plants_ny_2017,9,rf,nan,nan,nan,rf,nan,nan,recall_score,0.5,2026-05-26,4046374453
0.0,plants_ny_2017,9,rf,nan,nan,nan,rf,nan,nan,recall_score,0.5,2026-05-26,3952279586
0.0,plants_ny_2017,9,rf,nan,nan,nan,rf,nan,nan,recall_score,0.5,2026-05-26,4009884828
0.0,plants_ny_2017,9,rf,nan,nan,nan,rf,nan,nan,recall_score,0.5,2026-05-26,3044835715
0.0,plants_ny_2017,9,rf,nan,nan,nan,rf,nan,nan,recall_score,0.5,2026-05-26,3330801571
0.0,plants_ny_2017,9,rf,nan,nan,nan,rf,nan,nan,recall_score,0.5,2026-05-26,3337648389
0.0,plants_ny_2017,9,rf,nan,nan,nan,rf,nan,nan,recall_score,0.5,2026-05-26,2641516940
0.0,plants_ny_2017,9,rf,nan,nan,nan,rf,nan,nan,recall_score,0.5,2026-05-26,4528179395
0.0,plants_ny_2017,9,rf,nan,nan,nan,rf,nan,nan,recall_score,0.5,2026-05-26,2294610837
0.0,plants_ny_2017,9,rf,nan,nan,nan,rf,nan,nan,recall_score,0.5,2026-05-26,3960019510
0.0,plants_ny_2017,9,rf,nan,nan,nan,rf,nan,nan,recall_score,0.5,2026-05-26,4015276693
0.0,plants_ny_2017,9,rf,nan,nan,nan,rf,nan,nan,recall_score,0.5,2026-05-26,3959560670
0.0,plants_ny_2017,9,rf,nan,nan,nan,rf,nan,nan,recall_score,0.5,2026-05-26,3070542173
0.0,plants_ny_2017,9,rf,nan,nan,nan,rf,nan,nan,recall_score,0.5,2026-05-26,4527943496
0.0,plants_ny_2017,9,rf,nan,nan,nan,rf,nan,nan,recall_score,0.5,2026-05-26,3925497437
0.0,plants_ny_2017,9,rf,nan,nan,nan,rf,nan,nan,recall_score,0.5,2026-05-26,3031600123
0.0,plants_ny_2017,9,rf,nan,nan,nan,rf,nan,nan,recall_score,0.5,2026-05-26,3124725655
0.0,plants_ny_2017,9,rf,nan,nan,nan,rf,nan,nan,recall_score,0.5,2026-05-26,4522460314
0.0,plants_ny_2017,9,rf,nan,nan,nan,rf,nan,nan,recall_score,0.5,2026-05-26,3759594478
0.0,plants_ny_2017,9,rf,nan,nan,nan,rf,nan,nan,recall_score,0.5,2026-05-26,3952431385
0.0,plants_ny_2017,9,rf,nan,nan,nan,rf,nan,nan,recall_score,0.5,2026-05-26,2429562776
0.0,plants_ny_2017,9,rf,nan,nan,nan,rf,nan,nan,recall_score,0.5,2026-05-26,2563466968
0.0,plants_ny_2017,9,rf,nan,nan,nan,rf,nan,nan,recall_score,0.5,2026-05-26,3951486539
0.0,plants_ny_2017,9,rf,nan,nan,nan,rf,nan,nan,recall_score,0.5,2026-05-26,3961018720
0.0,plants_ny_2017,9,rf,nan,nan,nan,rf,nan,nan,recall_score,0.5,2026-05-26,3337406464
0.0,plants_ny_2017,9,rf,nan,nan,nan,rf,nan,nan,recall_score,0.5,2026-05-26,2862375454
0.0,plants_ny_2017,9,rf,nan,nan,nan,rf,nan,nan,recall_score,0.5,2026-05-26,2898265377
0.0,plants_ny_2017,9,rf,nan,nan,nan,rf,nan,nan,recall_score,0.5,2026-05-26,3952964616
0.0,plants_ny_2017,9,rf,nan,nan,nan,rf,nan,nan,recall_score,0.5,2026-05-26,3892524171
0.0,plants_ny_2017,9,rf,nan,nan,nan,rf,nan,nan,recall_score,0.5,2026-05-26,3952818094
0.0,plants_ny_2017,9,rf,nan,nan,nan,rf,nan,nan,recall_score,0.5,2026-05-26,3302150387
0.0,plants_ny_2017,9,rf,nan,nan,nan,rf,nan,nan,recall_score,0.5,2026-05-26,5908850553
0.0,plants_ny_2017,9,rf,nan,nan,nan,rf,nan,nan,recall_score,0.5,2026-05-26,3998684628
0.0,plants_ny_2017,9,rf,nan,nan,nan,rf,nan,nan,recall_score,0.5,2026-05-26,2802681756
0.0,plants_ny_2017,9,rf,nan,nan,nan,rf,nan,nan,recall_score,0.5,2026-05-26,2429562986
0.0,plants_ny_2017,9,rf,nan,nan,nan,rf,nan,nan,recall_score,0.5,2026-05-26,4987566288
0.0,plants_ny_2017,9,rf,nan,nan,nan,rf,nan,nan,recall_score,0.5,2026-05-26,3953374349
0.0,plants_ny_2017,9,rf,nan,nan,nan,rf,nan,nan,recall_score,0.5,2026-05-26,3354994546
0.0,plants_ny_2017,9,rf,nan,nan,nan,rf,nan,nan,recall_score,0.5,2026-05-26,4075601397
0.0,plants_ny_2017,9,rf,nan,nan,nan,rf,nan,nan,recall_score,0.5,2026-05-26,2860105065
0.0,plants_ny_2017,9,rf,nan,nan,nan,rf,nan,nan,recall_score,0.5,2026-05-26,3955407845
0.0,plants_ny_2017,9,rf,nan,nan,nan,rf,nan,nan,recall_score,0.5,2026-05-26,3952662148
0.0,plants_ny_2017,9,rf,nan,nan,nan,rf,nan,nan,recall_score,0.5,2026-05-26,3955991445
0.0,plants_ny_2017,9,rf,nan,nan,nan,rf,nan,nan,recall_score,0.5,2026-05-26,5932813344
0.0,plants_ny_2017,9,rf,nan,nan,nan,rf,nan,nan,recall_score,0.5,2026-05-26,3951438890
0.0,plants_ny_2017,9,rf,nan,nan,nan,rf,nan,nan,recall_score,0.5,2026-05-26,2988314561
0.0,plants_ny_2017,9,rf,nan,nan,nan,rf,nan,nan,recall_score,0.5,2026-05-26,3773798423
0.0,plants_ny_2017,9,rf,nan,nan,nan,rf,nan,nan,recall_score,0.5,2026-05-26,2366083555
0.0,plants_ny_2017,9,rf,nan,nan,nan,rf,nan,nan,recall_score,0.5,2026-05-26,2429561048
0.0,plants_ny_2017,9,rf,nan,nan,nan,rf,nan,nan,recall_score,0.5,2026-05-26,3960117837
0.0,plants_ny_2017,9,rf,nan,nan,nan,rf,nan,nan,recall_score,0.5,2026-05-26,3956647690
0.0,plants_ny_2017,9,rf,nan,nan,nan,rf,nan,nan,recall_score,0.5,2026-05-26,2641493471
0.0,plants_ny_2017,9,rf,nan,nan,nan,rf,nan,nan,recall_score,0.5,2026-05-26,2517959106
0.0,plants_ny_2017,9,rf,nan,nan,nan,rf,nan,nan,recall_score,0.5,2026-05-26,3952456890
0.0,plants_ny_2017,9,rf,nan,nan,nan,rf,nan,nan,recall_score,0.5,2026-05-26,4171361396
0.0,plants_ny_2017,9,rf,nan,nan,nan,rf,nan,nan,recall_score,0.5,2026-05-26,3759186508
0.0,plants_ny_2017,9,rf,nan,nan,nan,rf,nan,nan,recall_score,0.5,2026-05-26,3112445387
0.0,plants_ny_2017,9,rf,nan,nan,nan,rf,nan,nan,recall_score,0.5,2026-05-26,2429560759
0.0,plants_ny_2017,9,rf,nan,nan,nan,rf,nan,nan,recall_score,0.5,2026-05-26,2429561793
0.0,plants_ny_2017,9,rf,nan,nan,nan,rf,nan,nan,recall_score,0.5,2026-05-26,4535631433
0.0,plants_ny_2017,9,rf,nan,nan,nan,rf,nan,nan,recall_score,0.5,2026-05-26,4528150401
0.0,plants_ny_2017,9,rf,nan,nan,nan,rf,nan,nan,recall_score,0.5,2026-05-26,3952774684
0.0,plants_ny_2017,9,rf,nan,nan,nan,rf,nan,nan,recall_score,0.5,2026-05-26,4987812738
0.0,plants_ny_2017,9,rf,nan,nan,nan,rf,nan,nan,recall_score,0.5,2026-05-26,3892431489
0.0,plants_ny_2017,9,rf,nan,nan,nan,rf,nan,nan,recall_score,0.5,2026-05-26,3951776560
0.0,plants_ny_2017,9,rf,nan,nan,nan,rf,nan,nan,recall_score,0.5,2026-05-26,3959877042
0.0,plants_ny_2017,9,rf,nan,nan,nan,rf,nan,nan,recall_score,0.5,2026-05-26,3039421157
0.0,plants_ny_2017,9,rf,nan,nan,nan,rf,nan,nan,recall_score,0.5,2026-05-26,5076772428
0.0,plants_ny_2017,9,rf,nan,nan,nan,rf,nan,nan,recall_score,0.5,2026-05-26,3953800499
0.0,plants_ny_2017,9,rf,nan,nan,nan,rf,nan,nan,recall_score,0.5,2026-05-26,3903029632
0.0,plants_ny_2017,9,rf,nan,nan,nan,rf,nan,nan,recall_score,0.5,2026-05-26,3959024204
0.0,plants_ny_2017,9,rf,nan,nan,nan,rf,nan,nan,recall_score,0.5,2026-05-26,3383939110
0.0,plants_ny_2017,9,rf,nan,nan,nan,rf,nan,nan,recall_score,0.5,2026-05-26,2366113689
0.0,plants_ny_2017,9,rf,nan,nan,nan,rf,nan,nan,recall_score,0.5,2026-05-26,4527925398
0.0,plants_ny_2017,9,rf,nan,nan,nan,rf,nan,nan,recall_score,0.5,2026-05-26,2803097675
0.0,plants_ny_2017,9,rf,nan,nan,nan,rf,nan,nan,recall_score,0.5,2026-05-26,3902331376
0.0,plants_ny_2017,9,rf,nan,nan,nan,rf,nan,nan,recall_score,0.5,2026-05-26,4516350732
0.0,plants_ny_2017,9,rf,nan,nan,nan,rf,nan,nan,recall_score,0.5,2026-05-26,2397506624
0.0,plants_ny_2017,9,rf,nan,nan,nan,rf,nan,nan,recall_score,0.5,2026-05-26,3860726682
0.0,plants_ny_2017,9,rf,nan,nan,nan,rf,nan,nan,recall_score,0.5,2026-05-26,3333248983
0.0,plants_ny_2017,9,rf,nan,nan,nan,rf,nan,nan,recall_score,0.5,2026-05-26,3959501621
0.0,plants_ny_2017,9,rf,nan,nan,nan,rf,nan,nan,recall_score,0.5,2026-05-26,3953234085
0.0,plants_ny_2017,9,rf,nan,nan,nan,rf,nan,nan,recall_score,0.5,2026-05-26,3998227394
0.0,plants_ny_2017,9,rf,nan,nan,nan,rf,nan,nan,recall_score,0.5,2026-05-26,3957515047
0.0,plants_ny_2017,9,rf,nan,nan,nan,rf,nan,nan,recall_score,0.5,2026-05-26,4980661338
0.0,plants_ny_2017,9,rf,nan,nan,nan,rf,nan,nan,recall_score,0.5,2026-05-26,1850955245
0.0,plants_ny_2017,9,rf,nan,nan,nan,rf,nan,nan,recall_score,0.5,2026-05-26,3959346635
0.0,plants_ny_2017,9,rf,nan,nan,nan,rf,nan,nan,recall_score,0.5,2026-05-26,3391314851
0.0,plants_ny_2017,9,rf,nan,nan,nan,rf,nan,nan,recall_score,0.5,2026-05-26,3873084334
0.0,plants_ny_2017,9,rf,nan,nan,nan,rf,nan,nan,recall_score,0.5,2026-05-26,2963864694
0.0,plants_ny_2017,9,rf,nan,nan,nan,rf,nan,nan,recall_score,0.5,2026-05-26,2868084347
0.0,plants_ny_2017,9,rf,nan,nan,nan,rf,nan,nan,recall_score,0.5,2026-05-26,3986148350
0.0,plants_ny_2017,9,rf,nan,nan,nan,rf,nan,nan,recall_score,0.5,2026-05-26,3759834685
0.0,plants_ny_2017,9,rf,nan,nan,nan,rf,nan,nan,recall_score,0.5,2026-05-26,3958713192
0.0,plants_ny_2017,9,rf,nan,nan,nan,rf,nan,nan,recall_score,0.5,2026-05-26,3859563714
0.0,plants_ny_2017,9,rf,nan,nan,nan,rf,nan,nan,recall_score,0.5,2026-05-26,3925405358
0.0,plants_ny_2017,9,rf,nan,nan,nan,rf,nan,nan,recall_score,0.5,2026-05-26,4982066628
0.0,plants_ny_2017,9,rf,nan,nan,nan,rf,nan,nan,recall_score,0.5,2026-05-26,3959579594
0.0,plants_ny_2017,9,rf,nan,nan,nan,rf,nan,nan,recall_score,0.5,2026-05-26,3957036135
0.0,plants_ny_2017,9,rf,nan,nan,nan,rf,nan,nan,recall_score,0.5,2026-05-26,3956461341
0.0,plants_ny_2017,9,rf,nan,nan,nan,rf,nan,nan,recall_score,0.5,2026-05-26,2633952578
0.0,plants_ny_2017,9,rf,nan,nan,nan,rf,nan,nan,recall_score,0.5,2026-05-26,3955341596
0.0,plants_ny_2017,9,rf,nan,nan,nan,rf,nan,nan,recall_score,0.5,2026-05-26,3952487218
0.0,plants_ny_2017,9,rf,nan,nan,nan,rf,nan,nan,recall_score,0.5,2026-05-26,3998865693
0.0,plants_ny_2017,9,rf,nan,nan,nan,rf,nan,nan,recall_score,0.5,2026-05-26,2802852598
0.0,plants_ny_2017,9,rf,nan,nan,nan,rf,nan,nan,recall_score,0.5,2026-05-26,3956610453
0.0,plants_ny_2017,9,rf,nan,nan,nan,rf,nan,nan,recall_score,0.5,2026-05-26,3343895973
0.0,plants_ny_2017,9,rf,nan,nan,nan,rf,nan,nan,recall_score,0.5,2026-05-26,3915283683
0.0,plants_ny_2017,9,rf,nan,nan,nan,rf,nan,nan,recall_score,0.5,2026-05-26,2988278168
0.0,plants_ny_2017,9,rf,nan,nan,nan,rf,nan,nan,recall_score,0.5,2026-05-26,3391487853
0.0,plants_ny_2017,9,rf,nan,nan,nan,rf,nan,nan,recall_score,0.5,2026-05-26,3956278822
0.0,plants_ny_2017,9,rf,nan,nan,nan,rf,nan,nan,recall_score,0.5,2026-05-26,3998039655
0.0,plants_ny_2017,9,rf,nan,nan,nan,rf,nan,nan,recall_score,0.5,2026-05-26,3044761708
0.0,plants_ny_2017,9,rf,nan,nan,nan,rf,nan,nan,recall_score,0.5,2026-05-26,2397551084
0.0,plants_ny_2017,9,rf,nan,nan,nan,rf,nan,nan,recall_score,0.5,2026-05-26,2901803531
0.0,plants_ny_2017,9,rf,nan,nan,nan,rf,nan,nan,recall_score,0.5,2026-05-26,3743024343
0.0,plants_ny_2017,9,rf,nan,nan,nan,rf,nan,nan,recall_score,0.5,2026-05-26,3952624392
0.0,plants_ny_2017,9,rf,nan,nan,nan,rf,nan,nan,recall_score,0.5,2026-05-26,3949785518
0.0,plants_ny_2017,9,rf,nan,nan,nan,rf,nan,nan,recall_score,0.5,2026-05-26,3997990858
0.0,plants_ny_2017,9,rf,nan,nan,nan,rf,nan,nan,recall_score,0.5,2026-05-26,3952798424
0.0,plants_ny_2017,9,rf,nan,nan,nan,rf,nan,nan,recall_score,0.5,2026-05-26,3044915649
0.0,plants_ny_2017,9,rf,nan,nan,nan,rf,nan,nan,recall_score,0.5,2026-05-26,4034977398
0.0,plants_ny_2017,9,rf,nan,nan,nan,rf,nan,nan,recall_score,0.5,2026-05-26,2465120501
0.0,plants_ny_2017,9,rf,nan,nan,nan,rf,nan,nan,recall_score,0.5,2026-05-26,3343916359
0.0,plants_ny_2017,9,rf,nan,nan,nan,rf,nan,nan,recall_score,0.5,2026-05-26,3031589718
0.0,plants_ny_2017,9,rf,nan,nan,nan,rf,nan,nan,recall_score,0.5,2026-05-26,3952003865
0.0,plants_ny_2017,9,rf,nan,nan,nan,rf,nan,nan,recall_score,0.5,2026-05-26,3986019349
0.0,plants_ny_2017,9,rf,nan,nan,nan,rf,nan,nan,recall_score,0.5,2026-05-26,3925434428
0.0,plants_ny_2017,9,rf,nan,nan,nan,rf,nan,nan,recall_score,0.5,2026-05-26,3960173889
0.0,plants_ny_2017,9,rf,nan,nan,nan,rf,nan,nan,recall_score,0.5,2026-05-26,4925815840
0.0,plants_ny_2017,9,rf,nan,nan,nan,rf,nan,nan,recall_score,0.5,2026-05-26,6163037819
0.0,plants_ny_2017,9,rf,nan,nan,nan,rf,nan,nan,recall_score,0.5,2026-05-26,2397550159
0.0,plants_ny_2017,9,rf,nan,nan,nan,rf,nan,nan,recall_score,0.5,2026-05-26,4035016456
0.0,plants_ny_2017,9,rf,nan,nan,nan,rf,nan,nan,recall_score,0.5,2026-05-26,3391418435
0.0,plants_ny_2017,9,rf,nan,nan,nan,rf,nan,nan,recall_score,0.5,2026-05-26,2429234157
0.0,plants_ny_2017,9,rf,nan,nan,nan,rf,nan,nan,recall_score,0.5,2026-05-26,2397555624
0.0,plants_ny_2017,9,rf,nan,nan,nan,rf,nan,nan,recall_score,0.5,2026-05-26,3314230379
0.0,plants_ny_2017,9,rf,nan,nan,nan,rf,nan,nan,recall_score,0.5,2026-05-26,3952439229
0.0,plants_ny_2017,9,rf,nan,nan,nan,rf,nan,nan,recall_score,0.5,2026-05-26,3743329322
0.0,plants_ny_2017,9,rf,nan,nan,nan,rf,nan,nan,recall_score,0.5,2026-05-26,3949669176
0.0,plants_ny_2017,9,rf,nan,nan,nan,rf,nan,nan,recall_score,0.5,2026-05-26,3958940307
0.0,plants_ny_2017,9,rf,nan,nan,nan,rf,nan,nan,recall_score,0.5,2026-05-26,4987615129
0.0,plants_ny_2017,9,rf,nan,nan,nan,rf,nan,nan,recall_score,0.5,2026-05-26,3998422617
0.0,plants_ny_2017,9,rf,nan,nan,nan,rf,nan,nan,recall_score,0.5,2026-05-26,4129809435
0.0,plants_ny_2017,9,rf,nan,nan,nan,rf,nan,nan,recall_score,0.5,2026-05-26,2294633433
0.0,plants_ny_2017,9,rf,nan,nan,nan,rf,nan,nan,recall_score,0.5,2026-05-26,3915458433
0.0,plants_ny_2017,9,rf,nan,nan,nan,rf,nan,nan,recall_score,0.5,2026-05-26,2862522238
0.0,plants_ny_2017,9,rf,nan,nan,nan,rf,nan,nan,recall_score,0.5,2026-05-26,3712523344
0.0,plants_ny_2017,9,rf,nan,nan,nan,rf,nan,nan,recall_score,0.5,2026-05-26,5837834791
0.0,plants_ny_2017,9,rf,nan,nan,nan,rf,nan,nan,recall_score,0.5,2026-05-26,3955996920
0.0,plants_ny_2017,9,rf,nan,nan,nan,rf,nan,nan,recall_score,0.5,2026-05-26,2883093221
0.0,plants_ny_2017,9,rf,nan,nan,nan,rf,nan,nan,recall_score,0.5,2026-05-26,3712500321
0.0,plants_ny_2017,9,rf,nan,nan,nan,rf,nan,nan,recall_score,0.5,2026-05-26,3956999546
0.0,plants_ny_2017,9,rf,nan,nan,nan,rf,nan,nan,recall_score,0.5,2026-05-26,2422883124
0.0,plants_ny_2017,9,rf,nan,nan,nan,rf,nan,nan,recall_score,0.5,2026-05-26,2862498202
0.0,plants_ny_2017,9,rf,nan,nan,nan,rf,nan,nan,recall_score,0.5,2026-05-26,3337922801
0.0,plants_ny_2017,9,rf,nan,nan,nan,rf,nan,nan,recall_score,0.5,2026-05-26,2397598900
0.0,plants_ny_2017,9,rf,nan,nan,nan,rf,nan,nan,recall_score,0.5,2026-05-26,2397550367
0.0,plants_ny_2017,9,rf,nan,nan,nan,rf,nan,nan,recall_score,0.5,2026-05-26,3998290495
0.0,plants_ny_2017,9,rf,nan,nan,nan,rf,nan,nan,recall_score,0.5,2026-05-26,3902076105
0.0,plants_ny_2017,9,rf,nan,nan,nan,rf,nan,nan,recall_score,0.5,2026-05-26,5109356657
0.0,plants_ny_2017,9,rf,nan,nan,nan,rf,nan,nan,recall_score,0.5,2026-05-26,3955990191
0.0,plants_ny_2017,9,rf,nan,nan,nan,rf,nan,nan,recall_score,0.5,2026-05-26,1640075626
0.0,plants_ny_2017,9,rf,nan,nan,nan,rf,nan,nan,recall_score,0.5,2026-05-26,2366112482
0.0,plants_ny_2017,9,rf,nan,nan,nan,rf,nan,nan,recall_score,0.5,2026-05-26,3455257043
0.0,plants_ny_2017,9,rf,nan,nan,nan,rf,nan,nan,recall_score,0.5,2026-05-26,3384677691
0.0,plants_ny_2017,9,rf,nan,nan,nan,rf,nan,nan,recall_score,0.5,2026-05-26,3384861376
0.0,plants_ny_2017,9,rf,nan,nan,nan,rf,nan,nan,recall_score,0.5,2026-05-26,3407902532
0.0,plants_ny_2017,9,rf,nan,nan,nan,rf,nan,nan,recall_score,0.5,2026-05-26,5109293765
0.0,plants_ny_2017,9,rf,nan,nan,nan,rf,nan,nan,recall_score,0.5,2026-05-26,2862328226
0.0,plants_ny_2017,9,rf,nan,nan,nan,rf,nan,nan,recall_score,0.5,2026-05-26,3321040352
0.0,plants_ny_2017,9,rf,nan,nan,nan,rf,nan,nan,recall_score,0.5,2026-05-26,3384709694
0.0,plants_ny_2017,9,rf,nan,nan,nan,rf,nan,nan,recall_score,0.5,2026-05-26,2882964244
0.0,plants_ny_2017,9,rf,nan,nan,nan,rf,nan,nan,recall_score,0.5,2026-05-26,4507770348
0.0,plants_ny_2017,9,rf,nan,nan,nan,rf,nan,nan,recall_score,0.5,2026-05-26,2447836848
0.0,plants_ny_2017,9,rf,nan,nan,nan,rf,nan,nan,recall_score,0.5,2026-05-26,2626171419
0.0,plants_ny_2017,9,rf,nan,nan,nan,rf,nan,nan,recall_score,0.5,2026-05-26,3952984337
0.0,plants_ny_2017,9,rf,nan,nan,nan,rf,nan,nan,recall_score,0.5,2026-05-26,3333142128
0.0,plants_ny_2017,9,rf,nan,nan,nan,rf,nan,nan,recall_score,0.5,2026-05-26,3954594705
0.0,plants_ny_2017,9,rf,nan,nan,nan,rf,nan,nan,recall_score,0.5,2026-05-26,5109382909
0.0,plants_ny_2017,9,rf,nan,nan,nan,rf,nan,nan,recall_score,0.5,2026-05-26,4987489652
0.0,plants_ny_2017,9,rf,nan,nan,nan,rf,nan,nan,recall_score,0.5,2026-05-26,2882958896
0.0,plants_ny_2017,9,rf,nan,nan,nan,rf,nan,nan,recall_score,0.5,2026-05-26,3953837751
0.0,plants_ny_2017,9,rf,nan,nan,nan,rf,nan,nan,recall_score,0.5,2026-05-26,3384735517
0.0,plants_ny_2017,9,rf,nan,nan,nan,rf,nan,nan,recall_score,0.5,2026-05-26,3113396431
0.0,plants_ny_2017,9,rf,nan,nan,nan,rf,nan,nan,recall_score,0.5,2026-05-26,4518990396
0.0,plants_ny_2017,9,rf,nan,nan,nan,rf,nan,nan,recall_score,0.5,2026-05-26,5908978084
0.0,plants_ny_2017,9,rf,nan,nan,nan,rf,nan,nan,recall_score,0.5,2026-05-26,6130601400
0.0,plants_ny_2017,9,rf,nan,nan,nan,rf,nan,nan,recall_score,0.5,2026-05-26,4987691682
0.0,plants_ny_2017,9,rf,nan,nan,nan,rf,nan,nan,recall_score,0.5,2026-05-26,2882931121
0.0,plants_ny_2017,9,rf,nan,nan,nan,rf,nan,nan,recall_score,0.5,2026-05-26,3959636860
0.0,plants_ny_2017,9,rf,nan,nan,nan,rf,nan,nan,recall_score,0.5,2026-05-26,4034742110
0.0,plants_ny_2017,9,rf,nan,nan,nan,rf,nan,nan,recall_score,0.5,2026-05-26,3998999807
0.0,plants_ny_2017,9,rf,nan,nan,nan,rf,nan,nan,recall_score,0.5,2026-05-26,3998311297
0.0,plants_ny_2017,9,rf,nan,nan,nan,rf,nan,nan,recall_score,0.5,2026-05-26,2882953083
0.0,plants_ny_2017,9,rf,nan,nan,nan,rf,nan,nan,recall_score,0.5,2026-05-26,3859611510
0.0,plants_ny_2017,9,rf,nan,nan,nan,rf,nan,nan,recall_score,0.5,2026-05-26,5759677834
0.0,plants_ny_2017,9,rf,nan,nan,nan,rf,nan,nan,recall_score,0.5,2026-05-26,2397553143
0.0,plants_ny_2017,9,rf,nan,nan,nan,rf,nan,nan,recall_score,0.5,2026-05-26,3384866692
0.0,plants_ny_2017,9,rf,nan,nan,nan,rf,nan,nan,recall_score,0.5,2026-05-26,2803038905
0.0,plants_ny_2017,9,rf,nan,nan,nan,rf,nan,nan,recall_score,0.5,2026-05-26,3764369635
0.0,plants_ny_2017,9,rf,nan,nan,nan,rf,nan,nan,recall_score,0.5,2026-05-26,2868109530
0.0,plants_ny_2017,9,rf,nan,nan,nan,rf,nan,nan,recall_score,0.5,2026-05-26,3923641732
0.0,plants_ny_2017,9,rf,nan,nan,nan,rf,nan,nan,recall_score,0.5,2026-05-26,3398716493
0.0,plants_ny_2017,9,rf,nan,nan,nan,rf,nan,nan,recall_score,0.5,2026-05-26,4527973408
0.0,plants_ny_2017,9,rf,nan,nan,nan,rf,nan,nan,recall_score,0.5,2026-05-26,2813932410
0.0,plants_ny_2017,9,rf,nan,nan,nan,rf,nan,nan,recall_score,0.5,2026-05-26,3355054417
0.0,plants_ny_2017,9,rf,nan,nan,nan,rf,nan,nan,recall_score,0.5,2026-05-26,5086892855
0.0,plants_ny_2017,9,rf,nan,nan,nan,rf,nan,nan,recall_score,0.5,2026-05-26,3994089345
0.0,plants_ny_2017,9,rf,nan,nan,nan,rf,nan,nan,recall_score,0.5,2026-05-26,2862369198
0.0,plants_ny_2017,9,rf,nan,nan,nan,rf,nan,nan,recall_score,0.5,2026-05-26,3954949992
0.0,plants_ny_2017,9,rf,nan,nan,nan,rf,nan,nan,recall_score,0.5,2026-05-26,2868107513
0.0,plants_ny_2017,9,rf,nan,nan,nan,rf,nan,nan,recall_score,0.5,2026-05-26,2984410328
0.0,plants_ny_2017,9,rf,nan,nan,nan,rf,nan,nan,recall_score,0.5,2026-05-26,3384316717
0.0,plants_ny_2017,9,rf,nan,nan,nan,rf,nan,nan,recall_score,0.5,2026-05-26,2331882872
0.0,plants_ny_2017,9,rf,nan,nan,nan,rf,nan,nan,recall_score,0.5,2026-05-26,2397555327
0.0,plants_ny_2017,9,rf,nan,nan,nan,rf,nan,nan,recall_score,0.5,2026-05-26,1880499173
0.0,plants_ny_2017,9,rf,nan,nan,nan,rf,nan,nan,recall_score,0.5,2026-05-26,4987550787
0.0,plants_ny_2017,9,rf,nan,nan,nan,rf,nan,nan,recall_score,0.5,2026-05-26,2397554763
0.0,plants_ny_2017,9,rf,nan,nan,nan,rf,nan,nan,recall_score,0.5,2026-05-26,3383981658
0.0,plants_ny_2017,9,rf,nan,nan,nan,rf,nan,nan,recall_score,0.5,2026-05-26,3079745651
0.0,plants_ny_2017,9,rf,nan,nan,nan,rf,nan,nan,recall_score,0.5,2026-05-26,3912335383
0.0,plants_ny_2017,9,rf,nan,nan,nan,rf,nan,nan,recall_score,0.5,2026-05-26,3959873147
0.0,plants_ny_2017,9,rf,nan,nan,nan,rf,nan,nan,recall_score,0.5,2026-05-26,3952277400
0.0,plants_ny_2017,9,rf,nan,nan,nan,rf,nan,nan,recall_score,0.5,2026-05-26,3954350636
0.0,plants_ny_2017,9,rf,nan,nan,nan,rf,nan,nan,recall_score,0.5,2026-05-26,4519084648
0.0,plants_ny_2017,9,rf,nan,nan,nan,rf,nan,nan,recall_score,0.5,2026-05-26,3985740502
0.0,plants_ny_2017,9,rf,nan,nan,nan,rf,nan,nan,recall_score,0.5,2026-05-26,3384821467
0.0,plants_ny_2017,9,rf,nan,nan,nan,rf,nan,nan,recall_score,0.5,2026-05-26,3959613643
0.0,plants_ny_2017,9,rf,nan,nan,nan,rf,nan,nan,recall_score,0.5,2026-05-26,2814100437
0.0,plants_ny_2017,9,rf,nan,nan,nan,rf,nan,nan,recall_score,0.5,2026-05-26,3307413420
0.0,plants_ny_2017,9,rf,nan,nan,nan,rf,nan,nan,recall_score,0.5,2026-05-26,3109315172
0.0,plants_ny_2017,9,rf,nan,nan,nan,rf,nan,nan,recall_score,0.5,2026-05-26,3955195890
0.0,plants_ny_2017,9,rf,nan,nan,nan,rf,nan,nan,recall_score,0.5,2026-05-26,5935623996
0.0,plants_ny_2017,9,rf,nan,nan,nan,rf,nan,nan,recall_score,0.5,2026-05-26,2294544792
0.0,plants_ny_2017,9,rf,nan,nan,nan,rf,nan,nan,recall_score,0.5,2026-05-26,2868105093
0.0,plants_ny_2017,9,rf,nan,nan,nan,rf,nan,nan,recall_score,0.5,2026-05-26,3958290894
0.0,plants_ny_2017,9,rf,nan,nan,nan,rf,nan,nan,recall_score,0.5,2026-05-26,3998646519
0.0,plants_ny_2017,9,rf,nan,nan,nan,rf,nan,nan,recall_score,0.5,2026-05-26,3985631488
0.0,plants_ny_2017,9,rf,nan,nan,nan,rf,nan,nan,recall_score,0.5,2026-05-26,3743034381
0.0,plants_ny_2017,9,rf,nan,nan,nan,rf,nan,nan,recall_score,0.5,2026-05-26,3954589316
0.0,plants_ny_2017,9,rf,nan,nan,nan,rf,nan,nan,recall_score,0.5,2026-05-26,3925427006
0.0,plants_ny_2017,9,rf,nan,nan,nan,rf,nan,nan,recall_score,0.5,2026-05-26,3955677508
0.0,plants_ny_2017,9,rf,nan,nan,nan,rf,nan,nan,recall_score,0.5,2026-05-26,4424394395
0.0,plants_ny_2017,9,rf,nan,nan,nan,rf,nan,nan,recall_score,0.5,2026-05-26,3955479272
0.0,plants_ny_2017,9,rf,nan,nan,nan,rf,nan,nan,recall_score,0.5,2026-05-26,3956266446
0.0,plants_ny_2017,9,rf,nan,nan,nan,rf,nan,nan,recall_score,0.5,2026-05-26,3999091068
0.0,plants_ny_2017,9,rf,nan,nan,nan,rf,nan,nan,recall_score,0.5,2026-05-26,3415409386
0.0,plants_ny_2017,9,rf,nan,nan,nan,rf,nan,nan,recall_score,0.5,2026-05-26,3957325928
0.0,plants_ny_2017,9,rf,nan,nan,nan,rf,nan,nan,recall_score,0.5,2026-05-26,2397534513
0.0,plants_ny_2017,9,rf,nan,nan,nan,rf,nan,nan,recall_score,0.5,2026-05-26,5837877006
0.0,plants_ny_2017,9,rf,nan,nan,nan,rf,nan,nan,recall_score,0.5,2026-05-26,3961382909
0.0,plants_ny_2017,9,rf,nan,nan,nan,rf,nan,nan,recall_score,0.5,2026-05-26,3858229262
0.0,plants_ny_2017,9,rf,nan,nan,nan,rf,nan,nan,recall_score,0.5,2026-05-26,3109274096
0.0,plants_ny_2017,9,rf,nan,nan,nan,rf,nan,nan,recall_score,0.5,2026-05-26,3955249773
0.0,plants_ny_2017,9,rf,nan,nan,nan,rf,nan,nan,recall_score,0.5,2026-05-26,3952795398
0.0,plants_ny_2017,9,rf,nan,nan,nan,rf,nan,nan,recall_score,0.5,2026-05-26,3998327224
0.0,plants_ny_2017,9,rf,nan,nan,nan,rf,nan,nan,recall_score,0.5,2026-05-26,3956911143
0.0,plants_ny_2017,9,rf,nan,nan,nan,rf,nan,nan,recall_score,0.5,2026-05-26,2988335849
0.0,plants_ny_2017,9,rf,nan,nan,nan,rf,nan,nan,recall_score,0.5,2026-05-26,3955926495
0.0,plants_ny_2017,9,rf,nan,nan,nan,rf,nan,nan,recall_score,0.5,2026-05-26,3112586560
0.0,plants_ny_2017,9,rf,nan,nan,nan,rf,nan,nan,recall_score,0.5,2026-05-26,3902092882
0.0,plants_ny_2017,9,rf,nan,nan,nan,rf,nan,nan,recall_score,0.5,2026-05-26,2273246643
0.0,plants_ny_2017,9,rf,nan,nan,nan,rf,nan,nan,recall_score,0.5,2026-05-26,3802501010
0.0,plants_ny_2017,9,rf,nan,nan,nan,rf,nan,nan,recall_score,0.5,2026-05-26,3112399550
0.0,plants_ny_2017,9,rf,nan,nan,nan,rf,nan,nan,recall_score,0.5,2026-05-26,3301890614
0.0,plants_ny_2017,9,rf,nan,nan,nan,rf,nan,nan,recall_score,0.5,2026-05-26,3954224542
0.0,plants_ny_2017,9,rf,nan,nan,nan,rf,nan,nan,recall_score,0.5,2026-05-26,3952678043
0.0,plants_ny_2017,9,rf,nan,nan,nan,rf,nan,nan,recall_score,0.5,2026-05-26,2977247065
0.0,plants_ny_2017,9,rf,nan,nan,nan,rf,nan,nan,recall_score,0.5,2026-05-26,3325876495
0.0,plants_ny_2017,9,rf,nan,nan,nan,rf,nan,nan,recall_score,0.5,2026-05-26,3985830560
0.0,plants_ny_2017,9,rf,nan,nan,nan,rf,nan,nan,recall_score,0.5,2026-05-26,2397571846
0.0,plants_ny_2017,9,rf,nan,nan,nan,rf,nan,nan,recall_score,0.5,2026-05-26,2397574089
0.0,plants_ny_2017,9,rf,nan,nan,nan,rf,nan,nan,recall_score,0.5,2026-05-26,3956562427
0.0,plants_ny_2017,9,rf,nan,nan,nan,rf,nan,nan,recall_score,0.5,2026-05-26,3355101428
0.0,plants_ny_2017,9,rf,nan,nan,nan,rf,nan,nan,recall_score,0.5,2026-05-26,3337584494
0.0,plants_ny_2017,9,rf,nan,nan,nan,rf,nan,nan,recall_score,0.5,2026-05-26,4507601382
0.0,plants_ny_2017,9,rf,nan,nan,nan,rf,nan,nan,recall_score,0.5,2026-05-26,3953962240
0.0,plants_ny_2017,9,rf,nan,nan,nan,rf,nan,nan,recall_score,0.5,2026-05-26,3998118469
0.0,plants_ny_2017,9,rf,nan,nan,nan,rf,nan,nan,recall_score,0.5,2026-05-26,3892498668
0.0,plants_ny_2017,9,rf,nan,nan,nan,rf,nan,nan,recall_score,0.5,2026-05-26,3955414014
0.0,plants_ny_2017,9,rf,nan,nan,nan,rf,nan,nan,recall_score,0.5,2026-05-26,4028653375
0.0,plants_ny_2017,9,rf,nan,nan,nan,rf,nan,nan,recall_score,0.5,2026-05-26,5292902462
0.0,plants_ny_2017,9,rf,nan,nan,nan,rf,nan,nan,recall_score,0.5,2026-05-26,2977332767
0.0,plants_ny_2017,9,rf,nan,nan,nan,rf,nan,nan,recall_score,0.5,2026-05-26,2823238480
0.0,plants_ny_2017,9,rf,nan,nan,nan,rf,nan,nan,recall_score,0.5,2026-05-26,3959230264
0.0,plants_ny_2017,9,rf,nan,nan,nan,rf,nan,nan,recall_score,0.5,2026-05-26,3953842006
0.0,plants_ny_2017,9,rf,nan,nan,nan,rf,nan,nan,recall_score,0.5,2026-05-26,5076775353
0.0,plants_ny_2017,9,rf,nan,nan,nan,rf,nan,nan,recall_score,0.5,2026-05-26,2397471117
0.0,plants_ny_2017,9,rf,nan,nan,nan,rf,nan,nan,recall_score,0.5,2026-05-26,3956157395
0.0,plants_ny_2017,9,rf,nan,nan,nan,rf,nan,nan,recall_score,0.5,2026-05-26,3957399700
0.0,plants_ny_2017,9,rf,nan,nan,nan,rf,nan,nan,recall_score,0.5,2026-05-26,3952315647
0.0,plants_ny_2017,9,rf,nan,nan,nan,rf,nan,nan,recall_score,0.5,2026-05-26,2626376457
0.0,plants_ny_2017,9,rf,nan,nan,nan,rf,nan,nan,recall_score,0.5,2026-05-26,3999199737
0.0,plants_ny_2017,9,rf,nan,nan,nan,rf,nan,nan,recall_score,0.5,2026-05-26,2984516470
0.0,plants_ny_2017,9,rf,nan,nan,nan,rf,nan,nan,recall_score,0.5,2026-05-26,5282585160
0.0,plants_ny_2017,9,rf,nan,nan,nan,rf,nan,nan,recall_score,0.5,2026-05-26,2814033109
0.0,plants_ny_2017,9,rf,nan,nan,nan,rf,nan,nan,recall_score,0.5,2026-05-26,3953653781
0.0,plants_ny_2017,9,rf,nan,nan,nan,rf,nan,nan,recall_score,0.5,2026-05-26,1931500099
0.0,plants_ny_2017,9,rf,nan,nan,nan,rf,nan,nan,recall_score,0.5,2026-05-26,3468670331
0.0,plants_ny_2017,9,rf,nan,nan,nan,rf,nan,nan,recall_score,0.5,2026-05-26,3044705567
0.0,plants_ny_2017,9,rf,nan,nan,nan,rf,nan,nan,recall_score,0.5,2026-05-26,2634574091
0.0,plants_ny_2017,9,rf,nan,nan,nan,rf,nan,nan,recall_score,0.5,2026-05-26,2963855377
0.0,plants_ny_2017,9,rf,nan,nan,nan,rf,nan,nan,recall_score,0.5,2026-05-26,3999178352
0.0,plants_ny_2017,9,rf,nan,nan,nan,rf,nan,nan,recall_score,0.5,2026-05-26,4424137316
0.0,plants_ny_2017,9,rf,nan,nan,nan,rf,nan,nan,recall_score,0.5,2026-05-26,4162216329
0.0,plants_ny_2017,9,rf,nan,nan,nan,rf,nan,nan,recall_score,0.5,2026-05-26,3958044086
0.0,plants_ny_2017,9,rf,nan,nan,nan,rf,nan,nan,recall_score,0.5,2026-05-26,2366123774
0.0,plants_ny_2017,9,rf,nan,nan,nan,rf,nan,nan,recall_score,0.5,2026-05-26,2451589275
0.0,plants_ny_2017,9,rf,nan,nan,nan,rf,nan,nan,recall_score,0.5,2026-05-26,3873481843
0.0,plants_ny_2017,9,rf,nan,nan,nan,rf,nan,nan,recall_score,0.5,2026-05-26,3873757809
0.0,plants_ny_2017,9,rf,nan,nan,nan,rf,nan,nan,recall_score,0.5,2026-05-26,2826410565
0.0,plants_ny_2017,9,rf,nan,nan,nan,rf,nan,nan,recall_score,0.5,2026-05-26,5076752359
0.0,plants_ny_2017,9,rf,nan,nan,nan,rf,nan,nan,recall_score,0.5,2026-05-26,3873466586
0.0,plants_ny_2017,9,rf,nan,nan,nan,rf,nan,nan,recall_score,0.5,2026-05-26,4507861373
0.0,plants_ny_2017,9,rf,nan,nan,nan,rf,nan,nan,recall_score,0.5,2026-05-26,2818514518
0.0,plants_ny_2017,9,rf,nan,nan,nan,rf,nan,nan,recall_score,0.5,2026-05-26,4987681816
0.0,plants_ny_2017,9,rf,nan,nan,nan,rf,nan,nan,recall_score,0.5,2026-05-26,3466329727
0.0,plants_ny_2017,9,rf,nan,nan,nan,rf,nan,nan,recall_score,0.5,2026-05-26,4438871505
0.0,plants_ny_2017,9,rf,nan,nan,nan,rf,nan,nan,recall_score,0.5,2026-05-26,3953974437
0.0,plants_ny_2017,9,rf,nan,nan,nan,rf,nan,nan,recall_score,0.5,2026-05-26,4527971405
0.0,plants_ny_2017,9,rf,nan,nan,nan,rf,nan,nan,recall_score,0.5,2026-05-26,3302178683
0.0,plants_ny_2017,9,rf,nan,nan,nan,rf,nan,nan,recall_score,0.5,2026-05-26,4096410312
0.0,plants_ny_2017,9,rf,nan,nan,nan,rf,nan,nan,recall_score,0.5,2026-05-26,2823158419
0.0,plants_ny_2017,9,rf,nan,nan,nan,rf,nan,nan,recall_score,0.5,2026-05-26,3858288485
0.0,plants_ny_2017,9,rf,nan,nan,nan,rf,nan,nan,recall_score,0.5,2026-05-26,5837834794
0.0,plants_ny_2017,9,rf,nan,nan,nan,rf,nan,nan,recall_score,0.5,2026-05-26,3712461328
0.0,plants_ny_2017,9,rf,nan,nan,nan,rf,nan,nan,recall_score,0.5,2026-05-26,3873216721
0.0,plants_ny_2017,9,rf,nan,nan,nan,rf,nan,nan,recall_score,0.5,2026-05-26,3333123739
0.0,plants_ny_2017,9,rf,nan,nan,nan,rf,nan,nan,recall_score,0.5,2026-05-26,2818561503
0.0,plants_ny_2017,9,rf,nan,nan,nan,rf,nan,nan,recall_score,0.5,2026-05-26,2641594444
0.0,plants_ny_2017,9,rf,nan,nan,nan,rf,nan,nan,recall_score,0.5,2026-05-26,4516489039
0.0,plants_ny_2017,9,rf,nan,nan,nan,rf,nan,nan,recall_score,0.5,2026-05-26,1847617765
0.0,plants_ny_2017,9,rf,nan,nan,nan,rf,nan,nan,recall_score,0.5,2026-05-26,2814078131
0.0,plants_ny_2017,9,rf,nan,nan,nan,rf,nan,nan,recall_score,0.5,2026-05-26,3355032388
0.0,plants_ny_2017,9,rf,nan,nan,nan,rf,nan,nan,recall_score,0.5,2026-05-26,3355516640
0.0,plants_ny_2017,9,rf,nan,nan,nan,rf,nan,nan,recall_score,0.5,2026-05-26,2814033110
0.0,plants_ny_2017,9,rf,nan,nan,nan,rf,nan,nan,recall_score,0.5,2026-05-26,3874206302
0.0,plants_ny_2017,9,rf,nan,nan,nan,rf,nan,nan,recall_score,0.5,2026-05-26,2242926971
0.0,plants_ny_2017,9,rf,nan,nan,nan,rf,nan,nan,recall_score,0.5,2026-05-26,2873874180
0.0,plants_ny_2017,9,rf,nan,nan,nan,rf,nan,nan,recall_score,0.5,2026-05-26,3873403754
0.0,plants_ny_2017,9,rf,nan,nan,nan,rf,nan,nan,recall_score,0.5,2026-05-26,5837965318
0.0,plants_ny_2017,9,rf,nan,nan,nan,rf,nan,nan,recall_score,0.5,2026-05-26,3058719518
0.0,plants_ny_2017,9,rf,nan,nan,nan,rf,nan,nan,recall_score,0.5,2026-05-26,2826391600
0.0,plants_ny_2017,9,rf,nan,nan,nan,rf,nan,nan,recall_score,0.5,2026-05-26,2813988335
0.0,plants_ny_2017,9,rf,nan,nan,nan,rf,nan,nan,recall_score,0.5,2026-05-26,3384297917
0.0,plants_ny_2017,9,rf,nan,nan,nan,rf,nan,nan,recall_score,0.5,2026-05-26,2823307483
0.0,plants_ny_2017,9,rf,nan,nan,nan,rf,nan,nan,recall_score,0.5,2026-05-26,2641595512
0.0,plants_ny_2017,9,rf,nan,nan,nan,rf,nan,nan,recall_score,0.5,2026-05-26,3873463510
0.0,plants_ny_2017,9,rf,nan,nan,nan,rf,nan,nan,recall_score,0.5,2026-05-26,3355478396
0.0,plants_ny_2017,9,rf,nan,nan,nan,rf,nan,nan,recall_score,0.5,2026-05-26,4596773836
0.0,plants_ny_2017,9,rf,nan,nan,nan,rf,nan,nan,recall_score,0.5,2026-05-26,3956209138
0.0,plants_ny_2017,9,rf,nan,nan,nan,rf,nan,nan,recall_score,0.5,2026-05-26,3881874679
0.0,plants_ny_2017,9,rf,nan,nan,nan,rf,nan,nan,recall_score,0.5,2026-05-26,4516533448
0.0,plants_ny_2017,9,rf,nan,nan,nan,rf,nan,nan,recall_score,0.5,2026-05-26,3333250710
0.0,plants_ny_2017,9,rf,nan,nan,nan,rf,nan,nan,recall_score,0.5,2026-05-26,2252021007
0.0,plants_ny_2017,9,rf,nan,nan,nan,rf,nan,nan,recall_score,0.5,2026-05-26,3044597588
0.0,plants_ny_2017,9,rf,nan,nan,nan,rf,nan,nan,recall_score,0.5,2026-05-26,2814239399
0.0,plants_ny_2017,9,rf,nan,nan,nan,rf,nan,nan,recall_score,0.5,2026-05-26,3456961901
0.0,plants_ny_2017,9,rf,nan,nan,nan,rf,nan,nan,recall_score,0.5,2026-05-26,2366102341
0.0,plants_ny_2017,9,rf,nan,nan,nan,rf,nan,nan,recall_score,0.5,2026-05-26,2826264435
0.0,plants_ny_2017,9,rf,nan,nan,nan,rf,nan,nan,recall_score,0.5,2026-05-26,2252019125
0.0,plants_ny_2017,9,rf,nan,nan,nan,rf,nan,nan,recall_score,0.5,2026-05-26,2826309449
0.0,plants_ny_2017,9,rf,nan,nan,nan,rf,nan,nan,recall_score,0.5,2026-05-26,3044557547
0.0,plants_ny_2017,9,rf,nan,nan,nan,rf,nan,nan,recall_score,0.5,2026-05-26,3044896562
0.0,plants_ny_2017,9,rf,nan,nan,nan,rf,nan,nan,recall_score,0.5,2026-05-26,3881786514
0.0,plants_ny_2017,9,rf,nan,nan,nan,rf,nan,nan,recall_score,0.5,2026-05-26,2818531496
0.0,plants_ny_2017,9,rf,nan,nan,nan,rf,nan,nan,recall_score,0.5,2026-05-26,2252018236
0.0,plants_ny_2017,9,rf,nan,nan,nan,rf,nan,nan,recall_score,0.5,2026-05-26,2818546505
0.0,plants_ny_2017,9,rf,nan,nan,nan,rf,nan,nan,recall_score,0.5,2026-05-26,5760632288
0.0,plants_ny_2017,9,rf,nan,nan,nan,rf,nan,nan,recall_score,0.5,2026-05-26,1847617736
0.0,plants_ny_2017,9,rf,nan,nan,nan,rf,nan,nan,recall_score,0.5,2026-05-26,4936563945
0.0,plants_ny_2017,9,rf,nan,nan,nan,rf,nan,nan,recall_score,0.5,2026-05-26,2242955395
0.0,plants_ny_2017,9,rf,nan,nan,nan,rf,nan,nan,recall_score,0.5,2026-05-26,3955751216
0.0,plants_ny_2017,9,rf,nan,nan,nan,rf,nan,nan,recall_score,0.5,2026-05-26,5076719415
0.0,plants_ny_2017,9,rf,nan,nan,nan,rf,nan,nan,recall_score,0.5,2026-05-26,4921972389
0.0,plants_ny_2017,9,rf,nan,nan,nan,rf,nan,nan,recall_score,0.5,2026-05-26,3881878550
0.0,plants_ny_2017,9,rf,nan,nan,nan,rf,nan,nan,recall_score,0.5,2026-05-26,3860193247
0.0,plants_ny_2017,9,rf,nan,nan,nan,rf,nan,nan,recall_score,0.5,2026-05-26,2422841558
0.0,plants_ny_2017,9,rf,nan,nan,nan,rf,nan,nan,recall_score,0.5,2026-05-26,3058785510
0.0,plants_ny_2017,9,rf,nan,nan,nan,rf,nan,nan,recall_score,0.5,2026-05-26,3873016834
0.0,plants_ny_2017,9,rf,nan,nan,nan,rf,nan,nan,recall_score,0.5,2026-05-26,4982288930
0.0,plants_ny_2017,9,rf,nan,nan,nan,rf,nan,nan,recall_score,0.5,2026-05-26,3873351173
0.0,plants_ny_2017,9,rf,nan,nan,nan,rf,nan,nan,recall_score,0.5,2026-05-26,2984555327
0.0,plants_ny_2017,9,rf,nan,nan,nan,rf,nan,nan,recall_score,0.5,2026-05-26,2269220136
0.0,plants_ny_2017,9,rf,nan,nan,nan,rf,nan,nan,recall_score,0.5,2026-05-26,3881469877
0.0,plants_ny_2017,9,rf,nan,nan,nan,rf,nan,nan,recall_score,0.5,2026-05-26,3958078105
0.0,plants_ny_2017,9,rf,nan,nan,nan,rf,nan,nan,recall_score,0.5,2026-05-26,3959923790
0.0,plants_ny_2017,9,rf,nan,nan,nan,rf,nan,nan,recall_score,0.5,2026-05-26,3954270841
0.0,plants_ny_2017,9,rf,nan,nan,nan,rf,nan,nan,recall_score,0.5,2026-05-26,3949244745
0.0,plants_ny_2017,9,rf,nan,nan,nan,rf,nan,nan,recall_score,0.5,2026-05-26,3953404417
0.0,plants_ny_2017,9,rf,nan,nan,nan,rf,nan,nan,recall_score,0.5,2026-05-26,3008543385
0.0,plants_ny_2017,9,rf,nan,nan,nan,rf,nan,nan,recall_score,0.5,2026-05-26,3958637443
0.0,plants_ny_2017,9,rf,nan,nan,nan,rf,nan,nan,recall_score,0.5,2026-05-26,4527970623
0.0,plants_ny_2017,9,rf,nan,nan,nan,rf,nan,nan,recall_score,0.5,2026-05-26,3747287475
0.0,plants_ny_2017,9,rf,nan,nan,nan,rf,nan,nan,recall_score,0.5,2026-05-26,3955115329
0.0,plants_ny_2017,9,rf,nan,nan,nan,rf,nan,nan,recall_score,0.5,2026-05-26,3955085000
0.0,plants_ny_2017,9,rf,nan,nan,nan,rf,nan,nan,recall_score,0.5,2026-05-26,3998317809
0.0,plants_ny_2017,9,rf,nan,nan,nan,rf,nan,nan,recall_score,0.5,2026-05-26,2988311499
0.0,plants_ny_2017,9,rf,nan,nan,nan,rf,nan,nan,recall_score,0.5,2026-05-26,3954835629
0.0,plants_ny_2017,9,rf,nan,nan,nan,rf,nan,nan,recall_score,0.5,2026-05-26,3985724242
0.0,plants_ny_2017,9,rf,nan,nan,nan,rf,nan,nan,recall_score,0.5,2026-05-26,3958151770
0.0,plants_ny_2017,9,rf,nan,nan,nan,rf,nan,nan,recall_score,0.5,2026-05-26,2850678996
0.0,plants_ny_2017,9,rf,nan,nan,nan,rf,nan,nan,recall_score,0.5,2026-05-26,3307274653
0.0,plants_ny_2017,9,rf,nan,nan,nan,rf,nan,nan,recall_score,0.5,2026-05-26,3343840351
0.0,plants_ny_2017,9,rf,nan,nan,nan,rf,nan,nan,recall_score,0.5,2026-05-26,4516419370
0.0,plants_ny_2017,9,rf,nan,nan,nan,rf,nan,nan,recall_score,0.5,2026-05-26,3957130842
0.0,plants_ny_2017,9,rf,nan,nan,nan,rf,nan,nan,recall_score,0.5,2026-05-26,3959112274
0.0,plants_ny_2017,9,rf,nan,nan,nan,rf,nan,nan,recall_score,0.5,2026-05-26,3952675673
0.0,plants_ny_2017,9,rf,nan,nan,nan,rf,nan,nan,recall_score,0.5,2026-05-26,3456553009
0.0,plants_ny_2017,9,rf,nan,nan,nan,rf,nan,nan,recall_score,0.5,2026-05-26,3956459843
0.0,plants_ny_2017,9,rf,nan,nan,nan,rf,nan,nan,recall_score,0.5,2026-05-26,4018281472
0.0,plants_ny_2017,9,rf,nan,nan,nan,rf,nan,nan,recall_score,0.5,2026-05-26,2851222173
0.0,plants_ny_2017,9,rf,nan,nan,nan,rf,nan,nan,recall_score,0.5,2026-05-26,3955061583
0.0,plants_ny_2017,9,rf,nan,nan,nan,rf,nan,nan,recall_score,0.5,2026-05-26,3952055622
0.0,plants_ny_2017,9,rf,nan,nan,nan,rf,nan,nan,recall_score,0.5,2026-05-26,2999203337
0.0,plants_ny_2017,9,rf,nan,nan,nan,rf,nan,nan,recall_score,0.5,2026-05-26,4516390969
0.0,plants_ny_2017,9,rf,nan,nan,nan,rf,nan,nan,recall_score,0.5,2026-05-26,3958742480
0.0,plants_ny_2017,9,rf,nan,nan,nan,rf,nan,nan,recall_score,0.5,2026-05-26,2901559340
0.0,plants_ny_2017,9,rf,nan,nan,nan,rf,nan,nan,recall_score,0.5,2026-05-26,2826383607
0.0,plants_ny_2017,9,rf,nan,nan,nan,rf,nan,nan,recall_score,0.5,2026-05-26,3330452956
0.0,plants_ny_2017,9,rf,nan,nan,nan,rf,nan,nan,recall_score,0.5,2026-05-26,2447832216
0.0,plants_ny_2017,9,rf,nan,nan,nan,rf,nan,nan,recall_score,0.5,2026-05-26,3998280026
0.0,plants_ny_2017,9,rf,nan,nan,nan,rf,nan,nan,recall_score,0.5,2026-05-26,3951765114
0.0,plants_ny_2017,9,rf,nan,nan,nan,rf,nan,nan,recall_score,0.5,2026-05-26,4936462453
0.0,plants_ny_2017,9,rf,nan,nan,nan,rf,nan,nan,recall_score,0.5,2026-05-26,2963810335
0.0,plants_ny_2017,9,rf,nan,nan,nan,rf,nan,nan,recall_score,0.5,2026-05-26,5932438984
0.0,plants_ny_2017,9,rf,nan,nan,nan,rf,nan,nan,recall_score,0.5,2026-05-26,3889195436
0.0,plants_ny_2017,9,rf,nan,nan,nan,rf,nan,nan,recall_score,0.5,2026-05-26,3957034482
0.0,plants_ny_2017,9,rf,nan,nan,nan,rf,nan,nan,recall_score,0.5,2026-05-26,3330721985
0.0,plants_ny_2017,9,rf,nan,nan,nan,rf,nan,nan,recall_score,0.5,2026-05-26,4465359647
0.0,plants_ny_2017,9,rf,nan,nan,nan,rf,nan,nan,recall_score,0.5,2026-05-26,2283170862
0.0,plants_ny_2017,9,rf,nan,nan,nan,rf,nan,nan,recall_score,0.5,2026-05-26,3355317083
0.0,plants_ny_2017,9,rf,nan,nan,nan,rf,nan,nan,recall_score,0.5,2026-05-26,3330505965
0.0,plants_ny_2017,9,rf,nan,nan,nan,rf,nan,nan,recall_score,0.5,2026-05-26,4076286520
0.0,plants_ny_2017,9,rf,nan,nan,nan,rf,nan,nan,recall_score,0.5,2026-05-26,4516357456
0.0,plants_ny_2017,9,rf,nan,nan,nan,rf,nan,nan,recall_score,0.5,2026-05-26,3956976062
0.0,plants_ny_2017,9,rf,nan,nan,nan,rf,nan,nan,recall_score,0.5,2026-05-26,1850963789
0.0,plants_ny_2017,9,rf,nan,nan,nan,rf,nan,nan,recall_score,0.5,2026-05-26,3859803575
0.0,plants_ny_2017,9,rf,nan,nan,nan,rf,nan,nan,recall_score,0.5,2026-05-26,2397651159
0.0,plants_ny_2017,9,rf,nan,nan,nan,rf,nan,nan,recall_score,0.5,2026-05-26,4519327330
0.0,plants_ny_2017,9,rf,nan,nan,nan,rf,nan,nan,recall_score,0.5,2026-05-26,4413488528
0.0,plants_ny_2017,9,rf,nan,nan,nan,rf,nan,nan,recall_score,0.5,2026-05-26,3031591009
0.0,plants_ny_2017,9,rf,nan,nan,nan,rf,nan,nan,recall_score,0.5,2026-05-26,3384209016
0.0,plants_ny_2017,9,rf,nan,nan,nan,rf,nan,nan,recall_score,0.5,2026-05-26,3455737547
0.0,plants_ny_2017,9,rf,nan,nan,nan,rf,nan,nan,recall_score,0.5,2026-05-26,5838325439
0.0,plants_ny_2017,9,rf,nan,nan,nan,rf,nan,nan,recall_score,0.5,2026-05-26,3469008560
0.0,plants_ny_2017,9,rf,nan,nan,nan,rf,nan,nan,recall_score,0.5,2026-05-26,3468870472
0.0,plants_ny_2017,9,rf,nan,nan,nan,rf,nan,nan,recall_score,0.5,2026-05-26,2444983973
0.0,plants_ny_2017,9,rf,nan,nan,nan,rf,nan,nan,recall_score,0.5,2026-05-26,4908505116
0.0,plants_ny_2017,9,rf,nan,nan,nan,rf,nan,nan,recall_score,0.5,2026-05-26,3959779432
0.0,plants_ny_2017,9,rf,nan,nan,nan,rf,nan,nan,recall_score,0.5,2026-05-26,4516636705
0.0,plants_ny_2017,9,rf,nan,nan,nan,rf,nan,nan,recall_score,0.5,2026-05-26,3355426478
0.0,plants_ny_2017,9,rf,nan,nan,nan,rf,nan,nan,recall_score,0.5,2026-05-26,2517952060
0.0,plants_ny_2017,9,rf,nan,nan,nan,rf,nan,nan,recall_score,0.5,2026-05-26,3384879974
0.0,plants_ny_2017,9,rf,nan,nan,nan,rf,nan,nan,recall_score,0.5,2026-05-26,3712455447
0.0,plants_ny_2017,9,rf,nan,nan,nan,rf,nan,nan,recall_score,0.5,2026-05-26,3802638799
0.0,plants_ny_2017,9,rf,nan,nan,nan,rf,nan,nan,recall_score,0.5,2026-05-26,2988292224
0.0,plants_ny_2017,9,rf,nan,nan,nan,rf,nan,nan,recall_score,0.5,2026-05-26,3953472981
0.0,plants_ny_2017,9,rf,nan,nan,nan,rf,nan,nan,recall_score,0.5,2026-05-26,3398772790
0.0,plants_ny_2017,9,rf,nan,nan,nan,rf,nan,nan,recall_score,0.5,2026-05-26,5217066350
0.0,plants_ny_2017,9,rf,nan,nan,nan,rf,nan,nan,recall_score,0.5,2026-05-26,3902078610
0.0,plants_ny_2017,9,rf,nan,nan,nan,rf,nan,nan,recall_score,0.5,2026-05-26,3456328631
0.0,plants_ny_2017,9,rf,nan,nan,nan,rf,nan,nan,recall_score,0.5,2026-05-26,3456062518
0.0,plants_ny_2017,9,rf,nan,nan,nan,rf,nan,nan,recall_score,0.5,2026-05-26,4018555450
0.0,plants_ny_2017,9,rf,nan,nan,nan,rf,nan,nan,recall_score,0.5,2026-05-26,3399180831
0.0,plants_ny_2017,9,rf,nan,nan,nan,rf,nan,nan,recall_score,0.5,2026-05-26,2963843407
0.0,plants_ny_2017,9,rf,nan,nan,nan,rf,nan,nan,recall_score,0.5,2026-05-26,3951628414
0.0,plants_ny_2017,9,rf,nan,nan,nan,rf,nan,nan,recall_score,0.5,2026-05-26,3333384472
0.0,plants_ny_2017,9,rf,nan,nan,nan,rf,nan,nan,recall_score,0.5,2026-05-26,2851220205
0.0,plants_ny_2017,9,rf,nan,nan,nan,rf,nan,nan,recall_score,0.5,2026-05-26,4522547531
0.0,plants_ny_2017,9,rf,nan,nan,nan,rf,nan,nan,recall_score,0.5,2026-05-26,3320956071
0.0,plants_ny_2017,9,rf,nan,nan,nan,rf,nan,nan,recall_score,0.5,2026-05-26,2456593022
0.0,plants_ny_2017,9,rf,nan,nan,nan,rf,nan,nan,recall_score,0.5,2026-05-26,2311334183
0.0,plants_ny_2017,9,rf,nan,nan,nan,rf,nan,nan,recall_score,0.5,2026-05-26,3325670023
0.0,plants_ny_2017,9,rf,nan,nan,nan,rf,nan,nan,recall_score,0.5,2026-05-26,3325579989
0.0,plants_ny_2017,9,rf,nan,nan,nan,rf,nan,nan,recall_score,0.5,2026-05-26,3325839078
0.0,plants_ny_2017,9,rf,nan,nan,nan,rf,nan,nan,recall_score,0.5,2026-05-26,2814184613
0.0,plants_ny_2017,9,rf,nan,nan,nan,rf,nan,nan,recall_score,0.5,2026-05-26,5140376141
0.0,plants_ny_2017,9,rf,nan,nan,nan,rf,nan,nan,recall_score,0.5,2026-05-26,3321134196
0.0,plants_ny_2017,9,rf,nan,nan,nan,rf,nan,nan,recall_score,0.5,2026-05-26,3330723714
0.0,plants_ny_2017,9,rf,nan,nan,nan,rf,nan,nan,recall_score,0.5,2026-05-26,2422912178
0.0,plants_ny_2017,9,rf,nan,nan,nan,rf,nan,nan,recall_score,0.5,2026-05-26,3325792475
0.0,plants_ny_2017,9,rf,nan,nan,nan,rf,nan,nan,recall_score,0.5,2026-05-26,2422911567
0.0,plants_ny_2017,9,rf,nan,nan,nan,rf,nan,nan,recall_score,0.5,2026-05-26,2445052509
0.0,plants_ny_2017,9,rf,nan,nan,nan,rf,nan,nan,recall_score,0.5,2026-05-26,2859955486
0.0,plants_ny_2017,9,rf,nan,nan,nan,rf,nan,nan,recall_score,0.5,2026-05-26,3858697657
0.0,plants_ny_2017,9,rf,nan,nan,nan,rf,nan,nan,recall_score,0.5,2026-05-26,4527933661
0.0,plants_ny_2017,9,rf,nan,nan,nan,rf,nan,nan,recall_score,0.5,2026-05-26,2265878321
0.0,plants_ny_2017,9,rf,nan,nan,nan,rf,nan,nan,recall_score,0.5,2026-05-26,3321282329
0.0,plants_ny_2017,9,rf,nan,nan,nan,rf,nan,nan,recall_score,0.5,2026-05-26,3860281676
0.0,plants_ny_2017,9,rf,nan,nan,nan,rf,nan,nan,recall_score,0.5,2026-05-26,3355238571
0.0,plants_ny_2017,9,rf,nan,nan,nan,rf,nan,nan,recall_score,0.5,2026-05-26,2265832912
0.0,plants_ny_2017,9,rf,nan,nan,nan,rf,nan,nan,recall_score,0.5,2026-05-26,2447842371
0.0,plants_ny_2017,9,rf,nan,nan,nan,rf,nan,nan,recall_score,0.5,2026-05-26,3383917789
0.0,plants_ny_2017,9,rf,nan,nan,nan,rf,nan,nan,recall_score,0.5,2026-05-26,3320891220
0.0,plants_ny_2017,9,rf,nan,nan,nan,rf,nan,nan,recall_score,0.5,2026-05-26,5086885467
0.0,plants_ny_2017,9,rf,nan,nan,nan,rf,nan,nan,recall_score,0.5,2026-05-26,3320940157
0.0,plants_ny_2017,9,rf,nan,nan,nan,rf,nan,nan,recall_score,0.5,2026-05-26,3321020352
0.0,plants_ny_2017,9,rf,nan,nan,nan,rf,nan,nan,recall_score,0.5,2026-05-26,3858506628
0.0,plants_ny_2017,9,rf,nan,nan,nan,rf,nan,nan,recall_score,0.5,2026-05-26,2423060972
0.0,plants_ny_2017,9,rf,nan,nan,nan,rf,nan,nan,recall_score,0.5,2026-05-26,3759163640
0.0,plants_ny_2017,9,rf,nan,nan,nan,rf,nan,nan,recall_score,0.5,2026-05-26,2422848189
0.0,plants_ny_2017,9,rf,nan,nan,nan,rf,nan,nan,recall_score,0.5,2026-05-26,3321127226
0.0,plants_ny_2017,9,rf,nan,nan,nan,rf,nan,nan,recall_score,0.5,2026-05-26,2265834075
0.0,plants_ny_2017,9,rf,nan,nan,nan,rf,nan,nan,recall_score,0.5,2026-05-26,3335441283
0.0,plants_ny_2017,9,rf,nan,nan,nan,rf,nan,nan,recall_score,0.5,2026-05-26,2422908117
0.0,plants_ny_2017,9,rf,nan,nan,nan,rf,nan,nan,recall_score,0.5,2026-05-26,3325568037
0.0,plants_ny_2017,9,rf,nan,nan,nan,rf,nan,nan,recall_score,0.5,2026-05-26,3955467336
0.0,plants_ny_2017,9,rf,nan,nan,nan,rf,nan,nan,recall_score,0.5,2026-05-26,3325547536
0.0,plants_ny_2017,9,rf,nan,nan,nan,rf,nan,nan,recall_score,0.5,2026-05-26,5215974361
0.0,plants_ny_2017,9,rf,nan,nan,nan,rf,nan,nan,recall_score,0.5,2026-05-26,3320957204
0.0,plants_ny_2017,9,rf,nan,nan,nan,rf,nan,nan,recall_score,0.5,2026-05-26,3355093339
0.0,plants_ny_2017,9,rf,nan,nan,nan,rf,nan,nan,recall_score,0.5,2026-05-26,3860238663
0.0,plants_ny_2017,9,rf,nan,nan,nan,rf,nan,nan,recall_score,0.5,2026-05-26,2447840644
0.0,plants_ny_2017,9,rf,nan,nan,nan,rf,nan,nan,recall_score,0.5,2026-05-26,3858698018
0.0,plants_ny_2017,9,rf,nan,nan,nan,rf,nan,nan,recall_score,0.5,2026-05-26,3325529976
0.0,plants_ny_2017,9,rf,nan,nan,nan,rf,nan,nan,recall_score,0.5,2026-05-26,3321014318
0.0,plants_ny_2017,9,rf,nan,nan,nan,rf,nan,nan,recall_score,0.5,2026-05-26,3327768592
0.0,plants_ny_2017,9,rf,nan,nan,nan,rf,nan,nan,recall_score,0.5,2026-05-26,3330518946
0.0,plants_ny_2017,9,rf,nan,nan,nan,rf,nan,nan,recall_score,0.5,2026-05-26,3325470992
0.0,plants_ny_2017,9,rf,nan,nan,nan,rf,nan,nan,recall_score,0.5,2026-05-26,4442509490
0.0,plants_ny_2017,9,rf,nan,nan,nan,rf,nan,nan,recall_score,0.5,2026-05-26,3858613733
0.0,plants_ny_2017,9,rf,nan,nan,nan,rf,nan,nan,recall_score,0.5,2026-05-26,3014068533
0.0,plants_ny_2017,9,rf,nan,nan,nan,rf,nan,nan,recall_score,0.5,2026-05-26,3327675600
0.0,plants_ny_2017,9,rf,nan,nan,nan,rf,nan,nan,recall_score,0.5,2026-05-26,3321255374
0.0,plants_ny_2017,9,rf,nan,nan,nan,rf,nan,nan,recall_score,0.5,2026-05-26,3320979314
0.0,plants_ny_2017,9,rf,nan,nan,nan,rf,nan,nan,recall_score,0.5,2026-05-26,3859484992
0.0,plants_ny_2017,9,rf,nan,nan,nan,rf,nan,nan,recall_score,0.5,2026-05-26,3335420262
0.0,plants_ny_2017,9,rf,nan,nan,nan,rf,nan,nan,recall_score,0.5,2026-05-26,3873531941
0.0,plants_ny_2017,9,rf,nan,nan,nan,rf,nan,nan,recall_score,0.5,2026-05-26,3044832689
0.0,plants_ny_2017,9,rf,nan,nan,nan,rf,nan,nan,recall_score,0.5,2026-05-26,3320905175
0.0,plants_ny_2017,9,rf,nan,nan,nan,rf,nan,nan,recall_score,0.5,2026-05-26,4424249443
0.0,plants_ny_2017,9,rf,nan,nan,nan,rf,nan,nan,recall_score,0.5,2026-05-26,3712752411
0.0,plants_ny_2017,9,rf,nan,nan,nan,rf,nan,nan,recall_score,0.5,2026-05-26,2269225795
0.0,plants_ny_2017,9,rf,nan,nan,nan,rf,nan,nan,recall_score,0.5,2026-05-26,3321246338
0.0,plants_ny_2017,9,rf,nan,nan,nan,rf,nan,nan,recall_score,0.5,2026-05-26,3335164256
0.0,plants_ny_2017,9,rf,nan,nan,nan,rf,nan,nan,recall_score,0.5,2026-05-26,2265878225
0.0,plants_ny_2017,9,rf,nan,nan,nan,rf,nan,nan,recall_score,0.5,2026-05-26,3321221354
0.0,plants_ny_2017,9,rf,nan,nan,nan,rf,nan,nan,recall_score,0.5,2026-05-26,2397621080
0.0,plants_ny_2017,9,rf,nan,nan,nan,rf,nan,nan,recall_score,0.5,2026-05-26,5140229152
0.0,plants_ny_2017,9,rf,nan,nan,nan,rf,nan,nan,recall_score,0.5,2026-05-26,3956110299
0.0,plants_ny_2017,9,rf,nan,nan,nan,rf,nan,nan,recall_score,0.5,2026-05-26,3321321461
0.0,plants_ny_2017,9,rf,nan,nan,nan,rf,nan,nan,recall_score,0.5,2026-05-26,2422909098
0.0,plants_ny_2017,9,rf,nan,nan,nan,rf,nan,nan,recall_score,0.5,2026-05-26,3330621846
0.0,plants_ny_2017,9,rf,nan,nan,nan,rf,nan,nan,recall_score,0.5,2026-05-26,5838283189
0.0,plants_ny_2017,9,rf,nan,nan,nan,rf,nan,nan,recall_score,0.5,2026-05-26,2445025486
0.0,plants_ny_2017,9,rf,nan,nan,nan,rf,nan,nan,recall_score,0.5,2026-05-26,2422908332
0.0,plants_ny_2017,9,rf,nan,nan,nan,rf,nan,nan,recall_score,0.5,2026-05-26,3335109274
0.0,plants_ny_2017,9,rf,nan,nan,nan,rf,nan,nan,recall_score,0.5,2026-05-26,2883110527
0.0,plants_ny_2017,9,rf,nan,nan,nan,rf,nan,nan,recall_score,0.5,2026-05-26,3031955480
0.0,plants_ny_2017,9,rf,nan,nan,nan,rf,nan,nan,recall_score,0.5,2026-05-26,3858950706
0.0,plants_ny_2017,9,rf,nan,nan,nan,rf,nan,nan,recall_score,0.5,2026-05-26,3384266822
0.0,plants_ny_2017,9,rf,nan,nan,nan,rf,nan,nan,recall_score,0.5,2026-05-26,3998087634
0.0,plants_ny_2017,9,rf,nan,nan,nan,rf,nan,nan,recall_score,0.5,2026-05-26,3383882820
0.0,plants_ny_2017,9,rf,nan,nan,nan,rf,nan,nan,recall_score,0.5,2026-05-26,4014938432
0.0,plants_ny_2017,9,rf,nan,nan,nan,rf,nan,nan,recall_score,0.5,2026-05-26,2294423868
0.0,plants_ny_2017,9,rf,nan,nan,nan,rf,nan,nan,recall_score,0.5,2026-05-26,2422908104
0.0,plants_ny_2017,9,rf,nan,nan,nan,rf,nan,nan,recall_score,0.5,2026-05-26,4535867564
0.0,plants_ny_2017,9,rf,nan,nan,nan,rf,nan,nan,recall_score,0.5,2026-05-26,3325713988
0.0,plants_ny_2017,9,rf,nan,nan,nan,rf,nan,nan,recall_score,0.5,2026-05-26,2422910187
0.0,plants_ny_2017,9,rf,nan,nan,nan,rf,nan,nan,recall_score,0.5,2026-05-26,3343720014
0.0,plants_ny_2017,9,rf,nan,nan,nan,rf,nan,nan,recall_score,0.5,2026-05-26,3325765540
0.0,plants_ny_2017,9,rf,nan,nan,nan,rf,nan,nan,recall_score,0.5,2026-05-26,3858963643
0.0,plants_ny_2017,9,rf,nan,nan,nan,rf,nan,nan,recall_score,0.5,2026-05-26,4901799426
0.0,plants_ny_2017,9,rf,nan,nan,nan,rf,nan,nan,recall_score,0.5,2026-05-26,4076272444
0.0,plants_ny_2017,9,rf,nan,nan,nan,rf,nan,nan,recall_score,0.5,2026-05-26,3321229350
0.0,plants_ny_2017,9,rf,nan,nan,nan,rf,nan,nan,recall_score,0.5,2026-05-26,3320953196
0.0,plants_ny_2017,9,rf,nan,nan,nan,rf,nan,nan,recall_score,0.5,2026-05-26,3321168318
0.0,plants_ny_2017,9,rf,nan,nan,nan,rf,nan,nan,recall_score,0.5,2026-05-26,3321124478
0.0,plants_ny_2017,9,rf,nan,nan,nan,rf,nan,nan,recall_score,0.5,2026-05-26,2802539423
0.0,plants_ny_2017,9,rf,nan,nan,nan,rf,nan,nan,recall_score,0.5,2026-05-26,2626495385
0.0,plants_ny_2017,9,rf,nan,nan,nan,rf,nan,nan,recall_score,0.5,2026-05-26,3335137496
0.0,plants_ny_2017,9,rf,nan,nan,nan,rf,nan,nan,recall_score,0.5,2026-05-26,3330485510
0.0,plants_ny_2017,9,rf,nan,nan,nan,rf,nan,nan,recall_score,0.5,2026-05-26,3335425504
0.0,plants_ny_2017,9,rf,nan,nan,nan,rf,nan,nan,recall_score,0.5,2026-05-26,3335377453
0.0,plants_ny_2017,9,rf,nan,nan,nan,rf,nan,nan,recall_score,0.5,2026-05-26,3320892254
0.0,plants_ny_2017,9,rf,nan,nan,nan,rf,nan,nan,recall_score,0.5,2026-05-26,2456590301
0.0,plants_ny_2017,9,rf,nan,nan,nan,rf,nan,nan,recall_score,0.5,2026-05-26,3330798373
0.0,plants_ny_2017,9,rf,nan,nan,nan,rf,nan,nan,recall_score,0.5,2026-05-26,2331882958
0.0,plants_ny_2017,9,rf,nan,nan,nan,rf,nan,nan,recall_score,0.5,2026-05-26,3031913702
0.0,plants_ny_2017,9,rf,nan,nan,nan,rf,nan,nan,recall_score,0.5,2026-05-26,2350330180
0.0,plants_ny_2017,9,rf,nan,nan,nan,rf,nan,nan,recall_score,0.5,2026-05-26,3873598308
0.0,plants_ny_2017,9,rf,nan,nan,nan,rf,nan,nan,recall_score,0.5,2026-05-26,3031783632
0.0,plants_ny_2017,9,rf,nan,nan,nan,rf,nan,nan,recall_score,0.5,2026-05-26,4852784181
0.0,plants_ny_2017,9,rf,nan,nan,nan,rf,nan,nan,recall_score,0.5,2026-05-26,2456592218
0.0,plants_ny_2017,9,rf,nan,nan,nan,rf,nan,nan,recall_score,0.5,2026-05-26,3743048488
0.0,plants_ny_2017,9,rf,nan,nan,nan,rf,nan,nan,recall_score,0.5,2026-05-26,3005181826
0.0,plants_ny_2017,9,rf,nan,nan,nan,rf,nan,nan,recall_score,0.5,2026-05-26,3881376498
0.0,plants_ny_2017,9,rf,nan,nan,nan,rf,nan,nan,recall_score,0.5,2026-05-26,4528172341
0.0,plants_ny_2017,9,rf,nan,nan,nan,rf,nan,nan,recall_score,0.5,2026-05-26,2456591958
0.0,plants_ny_2017,9,rf,nan,nan,nan,rf,nan,nan,recall_score,0.5,2026-05-26,3957874003
0.0,plants_ny_2017,9,rf,nan,nan,nan,rf,nan,nan,recall_score,0.5,2026-05-26,3343732472
0.0,plants_ny_2017,9,rf,nan,nan,nan,rf,nan,nan,recall_score,0.5,2026-05-26,5837725320
0.0,plants_ny_2017,9,rf,nan,nan,nan,rf,nan,nan,recall_score,0.5,2026-05-26,3330586325
0.0,plants_ny_2017,9,rf,nan,nan,nan,rf,nan,nan,recall_score,0.5,2026-05-26,3743173459
0.0,plants_ny_2017,9,rf,nan,nan,nan,rf,nan,nan,recall_score,0.5,2026-05-26,2988513697
0.0,plants_ny_2017,9,rf,nan,nan,nan,rf,nan,nan,recall_score,0.5,2026-05-26,3773256410
0.0,plants_ny_2017,9,rf,nan,nan,nan,rf,nan,nan,recall_score,0.5,2026-05-26,4424380487
0.0,plants_ny_2017,9,rf,nan,nan,nan,rf,nan,nan,recall_score,0.5,2026-05-26,2898505859
0.0,plants_ny_2017,9,rf,nan,nan,nan,rf,nan,nan,recall_score,0.5,2026-05-26,2576250963
0.0,plants_ny_2017,9,rf,nan,nan,nan,rf,nan,nan,recall_score,0.5,2026-05-26,2611308439
0.0,plants_ny_2017,9,rf,nan,nan,nan,rf,nan,nan,recall_score,0.5,2026-05-26,2331884973
0.0,plants_ny_2017,9,rf,nan,nan,nan,rf,nan,nan,recall_score,0.5,2026-05-26,3952073213
0.0,plants_ny_2017,9,rf,nan,nan,nan,rf,nan,nan,recall_score,0.5,2026-05-26,3953863331
0.0,plants_ny_2017,9,rf,nan,nan,nan,rf,nan,nan,recall_score,0.5,2026-05-26,3954143829
0.0,plants_ny_2017,9,rf,nan,nan,nan,rf,nan,nan,recall_score,0.5,2026-05-26,3947273854
0.0,plants_ny_2017,9,rf,nan,nan,nan,rf,nan,nan,recall_score,0.5,2026-05-26,3960384706
0.0,plants_ny_2017,9,rf,nan,nan,nan,rf,nan,nan,recall_score,0.5,2026-05-26,2963829665
0.0,plants_ny_2017,9,rf,nan,nan,nan,rf,nan,nan,recall_score,0.5,2026-05-26,5932684154
0.0,plants_ny_2017,9,rf,nan,nan,nan,rf,nan,nan,recall_score,0.5,2026-05-26,3398684778
0.0,plants_ny_2017,9,rf,nan,nan,nan,rf,nan,nan,recall_score,0.5,2026-05-26,3873592057
0.0,plants_ny_2017,9,rf,nan,nan,nan,rf,nan,nan,recall_score,0.5,2026-05-26,3456074080
0.0,plants_ny_2017,9,rf,nan,nan,nan,rf,nan,nan,recall_score,0.5,2026-05-26,4987388888
0.0,plants_ny_2017,9,rf,nan,nan,nan,rf,nan,nan,recall_score,0.5,2026-05-26,3959114613
0.0,plants_ny_2017,9,rf,nan,nan,nan,rf,nan,nan,recall_score,0.5,2026-05-26,2643506885
0.0,plants_ny_2017,9,rf,nan,nan,nan,rf,nan,nan,recall_score,0.5,2026-05-26,3952195284
0.0,plants_ny_2017,9,rf,nan,nan,nan,rf,nan,nan,recall_score,0.5,2026-05-26,3956445208
0.0,plants_ny_2017,9,rf,nan,nan,nan,rf,nan,nan,recall_score,0.5,2026-05-26,2975578278
0.0,plants_ny_2017,9,rf,nan,nan,nan,rf,nan,nan,recall_score,0.5,2026-05-26,3957744235
0.0,plants_ny_2017,9,rf,nan,nan,nan,rf,nan,nan,recall_score,0.5,2026-05-26,3384267153
0.0,plants_ny_2017,9,rf,nan,nan,nan,rf,nan,nan,recall_score,0.5,2026-05-26,3872989884
0.0,plants_ny_2017,9,rf,nan,nan,nan,rf,nan,nan,recall_score,0.5,2026-05-26,3859167304
0.0,plants_ny_2017,9,rf,nan,nan,nan,rf,nan,nan,recall_score,0.5,2026-05-26,4022229553
0.0,plants_ny_2017,9,rf,nan,nan,nan,rf,nan,nan,recall_score,0.5,2026-05-26,3773638754
0.0,plants_ny_2017,9,rf,nan,nan,nan,rf,nan,nan,recall_score,0.5,2026-05-26,3985687642
0.0,plants_ny_2017,9,rf,nan,nan,nan,rf,nan,nan,recall_score,0.5,2026-05-26,3343996654
0.0,plants_ny_2017,9,rf,nan,nan,nan,rf,nan,nan,recall_score,0.5,2026-05-26,3872964171
0.0,plants_ny_2017,9,rf,nan,nan,nan,rf,nan,nan,recall_score,0.5,2026-05-26,3951507084
0.0,plants_ny_2017,9,rf,nan,nan,nan,rf,nan,nan,recall_score,0.5,2026-05-26,3889105420
0.0,plants_ny_2017,9,rf,nan,nan,nan,rf,nan,nan,recall_score,0.5,2026-05-26,3947243633
0.0,plants_ny_2017,9,rf,nan,nan,nan,rf,nan,nan,recall_score,0.5,2026-05-26,3960230597
0.0,plants_ny_2017,9,rf,nan,nan,nan,rf,nan,nan,recall_score,0.5,2026-05-26,3998744824
0.0,plants_ny_2017,9,rf,nan,nan,nan,rf,nan,nan,recall_score,0.5,2026-05-26,3860422407
0.0,plants_ny_2017,9,rf,nan,nan,nan,rf,nan,nan,recall_score,0.5,2026-05-26,3455641678
0.0,plants_ny_2017,9,rf,nan,nan,nan,rf,nan,nan,recall_score,0.5,2026-05-26,3888875492
0.0,plants_ny_2017,9,rf,nan,nan,nan,rf,nan,nan,recall_score,0.5,2026-05-26,3873610040
0.0,plants_ny_2017,9,rf,nan,nan,nan,rf,nan,nan,recall_score,0.5,2026-05-26,5062506400
0.0,plants_ny_2017,9,rf,nan,nan,nan,rf,nan,nan,recall_score,0.5,2026-05-26,3999061722
0.0,plants_ny_2017,9,rf,nan,nan,nan,rf,nan,nan,recall_score,0.5,2026-05-26,3112578786
0.0,plants_ny_2017,9,rf,nan,nan,nan,rf,nan,nan,recall_score,0.5,2026-05-26,3998198641
0.0,plants_ny_2017,9,rf,nan,nan,nan,rf,nan,nan,recall_score,0.5,2026-05-26,3952543492
0.0,plants_ny_2017,9,rf,nan,nan,nan,rf,nan,nan,recall_score,0.5,2026-05-26,2826328152
0.0,plants_ny_2017,9,rf,nan,nan,nan,rf,nan,nan,recall_score,0.5,2026-05-26,3873501409
0.0,plants_ny_2017,9,rf,nan,nan,nan,rf,nan,nan,recall_score,0.5,2026-05-26,3892283323
0.0,plants_ny_2017,9,rf,nan,nan,nan,rf,nan,nan,recall_score,0.5,2026-05-26,2999213467
0.0,plants_ny_2017,9,rf,nan,nan,nan,rf,nan,nan,recall_score,0.5,2026-05-26,1978468034
0.0,plants_ny_2017,9,rf,nan,nan,nan,rf,nan,nan,recall_score,0.5,2026-05-26,2826312141
0.0,plants_ny_2017,9,rf,nan,nan,nan,rf,nan,nan,recall_score,0.5,2026-05-26,3335093361
0.0,plants_ny_2017,9,rf,nan,nan,nan,rf,nan,nan,recall_score,0.5,2026-05-26,2826315180
0.0,plants_ny_2017,9,rf,nan,nan,nan,rf,nan,nan,recall_score,0.5,2026-05-26,3067586057
0.0,plants_ny_2017,9,rf,nan,nan,nan,rf,nan,nan,recall_score,0.5,2026-05-26,3957014967
0.0,plants_ny_2017,9,rf,nan,nan,nan,rf,nan,nan,recall_score,0.5,2026-05-26,3391502462
0.0,plants_ny_2017,9,rf,nan,nan,nan,rf,nan,nan,recall_score,0.5,2026-05-26,2860096461
0.0,plants_ny_2017,9,rf,nan,nan,nan,rf,nan,nan,recall_score,0.5,2026-05-26,3998348237
0.0,plants_ny_2017,9,rf,nan,nan,nan,rf,nan,nan,recall_score,0.5,2026-05-26,2814088693
0.0,plants_ny_2017,9,rf,nan,nan,nan,rf,nan,nan,recall_score,0.5,2026-05-26,4527938484
0.0,plants_ny_2017,9,rf,nan,nan,nan,rf,nan,nan,recall_score,0.5,2026-05-26,3956386897
0.0,plants_ny_2017,9,rf,nan,nan,nan,rf,nan,nan,recall_score,0.5,2026-05-26,3892305327
0.0,plants_ny_2017,9,rf,nan,nan,nan,rf,nan,nan,recall_score,0.5,2026-05-26,2850971903
0.0,plants_ny_2017,9,rf,nan,nan,nan,rf,nan,nan,recall_score,0.5,2026-05-26,3957561505
0.0,plants_ny_2017,9,rf,nan,nan,nan,rf,nan,nan,recall_score,0.5,2026-05-26,2826523180
0.0,plants_ny_2017,9,rf,nan,nan,nan,rf,nan,nan,recall_score,0.5,2026-05-26,2826544083
0.0,plants_ny_2017,9,rf,nan,nan,nan,rf,nan,nan,recall_score,0.5,2026-05-26,3384326500
0.0,plants_ny_2017,9,rf,nan,nan,nan,rf,nan,nan,recall_score,0.5,2026-05-26,2814408706
0.0,plants_ny_2017,9,rf,nan,nan,nan,rf,nan,nan,recall_score,0.5,2026-05-26,3952674603
0.0,plants_ny_2017,9,rf,nan,nan,nan,rf,nan,nan,recall_score,0.5,2026-05-26,4852867183
0.0,plants_ny_2017,9,rf,nan,nan,nan,rf,nan,nan,recall_score,0.5,2026-05-26,3031951180
0.0,plants_ny_2017,9,rf,nan,nan,nan,rf,nan,nan,recall_score,0.5,2026-05-26,3948977575
0.0,plants_ny_2017,9,rf,nan,nan,nan,rf,nan,nan,recall_score,0.5,2026-05-26,3952254661
0.0,plants_ny_2017,9,rf,nan,nan,nan,rf,nan,nan,recall_score,0.5,2026-05-26,3415359747
0.0,plants_ny_2017,9,rf,nan,nan,nan,rf,nan,nan,recall_score,0.5,2026-05-26,3952672488
0.0,plants_ny_2017,9,rf,nan,nan,nan,rf,nan,nan,recall_score,0.5,2026-05-26,4846776474
0.0,plants_ny_2017,9,rf,nan,nan,nan,rf,nan,nan,recall_score,0.5,2026-05-26,3952991738
0.0,plants_ny_2017,9,rf,nan,nan,nan,rf,nan,nan,recall_score,0.5,2026-05-26,4527922644
0.0,plants_ny_2017,9,rf,nan,nan,nan,rf,nan,nan,recall_score,0.5,2026-05-26,3067762136
0.0,plants_ny_2017,9,rf,nan,nan,nan,rf,nan,nan,recall_score,0.5,2026-05-26,3952313874
0.0,plants_ny_2017,9,rf,nan,nan,nan,rf,nan,nan,recall_score,0.5,2026-05-26,2826505197
0.0,plants_ny_2017,9,rf,nan,nan,nan,rf,nan,nan,recall_score,0.5,2026-05-26,3415394424
0.0,plants_ny_2017,9,rf,nan,nan,nan,rf,nan,nan,recall_score,0.5,2026-05-26,3952137958
0.0,plants_ny_2017,9,rf,nan,nan,nan,rf,nan,nan,recall_score,0.5,2026-05-26,3112793930
0.0,plants_ny_2017,9,rf,nan,nan,nan,rf,nan,nan,recall_score,0.5,2026-05-26,3952638601
0.0,plants_ny_2017,9,rf,nan,nan,nan,rf,nan,nan,recall_score,0.5,2026-05-26,2826542168
0.0,plants_ny_2017,9,rf,nan,nan,nan,rf,nan,nan,recall_score,0.5,2026-05-26,2826469134
0.0,plants_ny_2017,9,rf,nan,nan,nan,rf,nan,nan,recall_score,0.5,2026-05-26,2826503176
0.0,plants_ny_2017,9,rf,nan,nan,nan,rf,nan,nan,recall_score,0.5,2026-05-26,4852717223
0.0,plants_ny_2017,9,rf,nan,nan,nan,rf,nan,nan,recall_score,0.5,2026-05-26,3957610224
0.0,plants_ny_2017,9,rf,nan,nan,nan,rf,nan,nan,recall_score,0.5,2026-05-26,3954314671
0.0,plants_ny_2017,9,rf,nan,nan,nan,rf,nan,nan,recall_score,0.5,2026-05-26,1850946027
0.0,plants_ny_2017,9,rf,nan,nan,nan,rf,nan,nan,recall_score,0.5,2026-05-26,2826307126
0.0,plants_ny_2017,9,rf,nan,nan,nan,rf,nan,nan,recall_score,0.5,2026-05-26,3860164631
0.0,plants_ny_2017,9,rf,nan,nan,nan,rf,nan,nan,recall_score,0.5,2026-05-26,3956067742
0.0,plants_ny_2017,9,rf,nan,nan,nan,rf,nan,nan,recall_score,0.5,2026-05-26,3915404707
0.0,plants_ny_2017,9,rf,nan,nan,nan,rf,nan,nan,recall_score,0.5,2026-05-26,2465092849
0.0,plants_ny_2017,9,rf,nan,nan,nan,rf,nan,nan,recall_score,0.5,2026-05-26,3961396559
0.0,plants_ny_2017,9,rf,nan,nan,nan,rf,nan,nan,recall_score,0.5,2026-05-26,2999121436
0.0,plants_ny_2017,9,rf,nan,nan,nan,rf,nan,nan,recall_score,0.5,2026-05-26,2273208062
0.0,plants_ny_2017,9,rf,nan,nan,nan,rf,nan,nan,recall_score,0.5,2026-05-26,3759519018
0.0,plants_ny_2017,9,rf,nan,nan,nan,rf,nan,nan,recall_score,0.5,2026-05-26,3859229684
0.0,plants_ny_2017,9,rf,nan,nan,nan,rf,nan,nan,recall_score,0.5,2026-05-26,2397575473
0.0,plants_ny_2017,9,rf,nan,nan,nan,rf,nan,nan,recall_score,0.5,2026-05-26,3959091269
0.0,plants_ny_2017,9,rf,nan,nan,nan,rf,nan,nan,recall_score,0.5,2026-05-26,2397575891
0.0,plants_ny_2017,9,rf,nan,nan,nan,rf,nan,nan,recall_score,0.5,2026-05-26,2802773472
0.0,plants_ny_2017,9,rf,nan,nan,nan,rf,nan,nan,recall_score,0.5,2026-05-26,4430424478
0.0,plants_ny_2017,9,rf,nan,nan,nan,rf,nan,nan,recall_score,0.5,2026-05-26,2251920801
0.0,plants_ny_2017,9,rf,nan,nan,nan,rf,nan,nan,recall_score,0.5,2026-05-26,4430879486
0.0,plants_ny_2017,9,rf,nan,nan,nan,rf,nan,nan,recall_score,0.5,2026-05-26,1850946682
0.0,plants_ny_2017,9,rf,nan,nan,nan,rf,nan,nan,recall_score,0.5,2026-05-26,3330621393
0.0,plants_ny_2017,9,rf,nan,nan,nan,rf,nan,nan,recall_score,0.5,2026-05-26,2465112708
0.0,plants_ny_2017,9,rf,nan,nan,nan,rf,nan,nan,recall_score,0.5,2026-05-26,4102659325
0.0,plants_ny_2017,9,rf,nan,nan,nan,rf,nan,nan,recall_score,0.5,2026-05-26,2540754713
0.0,plants_ny_2017,9,rf,nan,nan,nan,rf,nan,nan,recall_score,0.5,2026-05-26,2397574556
0.0,plants_ny_2017,9,rf,nan,nan,nan,rf,nan,nan,recall_score,0.5,2026-05-26,3330446426
0.0,plants_ny_2017,9,rf,nan,nan,nan,rf,nan,nan,recall_score,0.5,2026-05-26,4417231675
0.0,plants_ny_2017,9,rf,nan,nan,nan,rf,nan,nan,recall_score,0.5,2026-05-26,2802926429
0.0,plants_ny_2017,9,rf,nan,nan,nan,rf,nan,nan,recall_score,0.5,2026-05-26,2251921566
0.0,plants_ny_2017,9,rf,nan,nan,nan,rf,nan,nan,recall_score,0.5,2026-05-26,1850946828
0.0,plants_ny_2017,9,rf,nan,nan,nan,rf,nan,nan,recall_score,0.5,2026-05-26,2397577288
0.0,plants_ny_2017,9,rf,nan,nan,nan,rf,nan,nan,recall_score,0.5,2026-05-26,4145583369
0.0,plants_ny_2017,9,rf,nan,nan,nan,rf,nan,nan,recall_score,0.5,2026-05-26,2963896323
0.0,plants_ny_2017,9,rf,nan,nan,nan,rf,nan,nan,recall_score,0.5,2026-05-26,2251922768
0.0,plants_ny_2017,9,rf,nan,nan,nan,rf,nan,nan,recall_score,0.5,2026-05-26,2397575813
0.0,plants_ny_2017,9,rf,nan,nan,nan,rf,nan,nan,recall_score,0.5,2026-05-26,4512079391
0.0,plants_ny_2017,9,rf,nan,nan,nan,rf,nan,nan,recall_score,0.5,2026-05-26,3044788730
0.0,plants_ny_2017,9,rf,nan,nan,nan,rf,nan,nan,recall_score,0.5,2026-05-26,2802570421
0.0,plants_ny_2017,9,rf,nan,nan,nan,rf,nan,nan,recall_score,0.5,2026-05-26,1850946653
0.0,plants_ny_2017,9,rf,nan,nan,nan,rf,nan,nan,recall_score,0.5,2026-05-26,3302431583
0.0,plants_ny_2017,9,rf,nan,nan,nan,rf,nan,nan,recall_score,0.5,2026-05-26,2397574500
0.0,plants_ny_2017,9,rf,nan,nan,nan,rf,nan,nan,recall_score,0.5,2026-05-26,4440615544
0.0,plants_ny_2017,9,rf,nan,nan,nan,rf,nan,nan,recall_score,0.5,2026-05-26,1880472572
0.0,plants_ny_2017,9,rf,nan,nan,nan,rf,nan,nan,recall_score,0.5,2026-05-26,4506237329
0.0,plants_ny_2017,9,rf,nan,nan,nan,rf,nan,nan,recall_score,0.5,2026-05-26,2251921361
0.0,plants_ny_2017,9,rf,nan,nan,nan,rf,nan,nan,recall_score,0.5,2026-05-26,3881579124
0.0,plants_ny_2017,9,rf,nan,nan,nan,rf,nan,nan,recall_score,0.5,2026-05-26,4413368524
0.0,plants_ny_2017,9,rf,nan,nan,nan,rf,nan,nan,recall_score,0.5,2026-05-26,2574170533
0.0,plants_ny_2017,9,rf,nan,nan,nan,rf,nan,nan,recall_score,0.5,2026-05-26,4162210448
0.0,plants_ny_2017,9,rf,nan,nan,nan,rf,nan,nan,recall_score,0.5,2026-05-26,2574275557
0.0,plants_ny_2017,9,rf,nan,nan,nan,rf,nan,nan,recall_score,0.5,2026-05-26,3952381690
0.0,plants_ny_2017,9,rf,nan,nan,nan,rf,nan,nan,recall_score,0.5,2026-05-26,3959323498
0.0,plants_ny_2017,9,rf,nan,nan,nan,rf,nan,nan,recall_score,0.5,2026-05-26,3044603546
0.0,plants_ny_2017,9,rf,nan,nan,nan,rf,nan,nan,recall_score,0.5,2026-05-26,4512022562
0.0,plants_ny_2017,9,rf,nan,nan,nan,rf,nan,nan,recall_score,0.5,2026-05-26,3321145338
0.0,plants_ny_2017,9,rf,nan,nan,nan,rf,nan,nan,recall_score,0.5,2026-05-26,3058905520
0.0,plants_ny_2017,9,rf,nan,nan,nan,rf,nan,nan,recall_score,0.5,2026-05-26,3335154346
0.0,plants_ny_2017,9,rf,nan,nan,nan,rf,nan,nan,recall_score,0.5,2026-05-26,2814236235
0.0,plants_ny_2017,9,rf,nan,nan,nan,rf,nan,nan,recall_score,0.5,2026-05-26,3321286334
0.0,plants_ny_2017,9,rf,nan,nan,nan,rf,nan,nan,recall_score,0.5,2026-05-26,2814411771
0.0,plants_ny_2017,9,rf,nan,nan,nan,rf,nan,nan,recall_score,0.5,2026-05-26,2814123219
0.0,plants_ny_2017,9,rf,nan,nan,nan,rf,nan,nan,recall_score,0.5,2026-05-26,2826350583
0.0,plants_ny_2017,9,rf,nan,nan,nan,rf,nan,nan,recall_score,0.5,2026-05-26,2814277991
0.0,plants_ny_2017,9,rf,nan,nan,nan,rf,nan,nan,recall_score,0.5,2026-05-26,3499476507
0.0,plants_ny_2017,9,rf,nan,nan,nan,rf,nan,nan,recall_score,0.5,2026-05-26,3320926194
0.0,plants_ny_2017,9,rf,nan,nan,nan,rf,nan,nan,recall_score,0.5,2026-05-26,2814206998
0.0,plants_ny_2017,9,rf,nan,nan,nan,rf,nan,nan,recall_score,0.5,2026-05-26,3321119247
0.0,plants_ny_2017,9,rf,nan,nan,nan,rf,nan,nan,recall_score,0.5,2026-05-26,2826179574
0.0,plants_ny_2017,9,rf,nan,nan,nan,rf,nan,nan,recall_score,0.5,2026-05-26,2813930172
0.0,plants_ny_2017,9,rf,nan,nan,nan,rf,nan,nan,recall_score,0.5,2026-05-26,2818669474
0.0,plants_ny_2017,9,rf,nan,nan,nan,rf,nan,nan,recall_score,0.5,2026-05-26,5837648935
0.0,plants_ny_2017,9,rf,nan,nan,nan,rf,nan,nan,recall_score,0.5,2026-05-26,3742987335
0.0,plants_ny_2017,9,rf,nan,nan,nan,rf,nan,nan,recall_score,0.5,2026-05-26,3321074231
0.0,plants_ny_2017,9,rf,nan,nan,nan,rf,nan,nan,recall_score,0.5,2026-05-26,3109014406
0.0,plants_ny_2017,9,rf,nan,nan,nan,rf,nan,nan,recall_score,0.5,2026-05-26,3320838219
0.0,plants_ny_2017,9,rf,nan,nan,nan,rf,nan,nan,recall_score,0.5,2026-05-26,5238077323
0.0,plants_ny_2017,9,rf,nan,nan,nan,rf,nan,nan,recall_score,0.5,2026-05-26,3860658246
0.0,plants_ny_2017,9,rf,nan,nan,nan,rf,nan,nan,recall_score,0.5,2026-05-26,3321076194
0.0,plants_ny_2017,9,rf,nan,nan,nan,rf,nan,nan,recall_score,0.5,2026-05-26,2826208585
0.0,plants_ny_2017,9,rf,nan,nan,nan,rf,nan,nan,recall_score,0.5,2026-05-26,2814208490
0.0,plants_ny_2017,9,rf,nan,nan,nan,rf,nan,nan,recall_score,0.5,2026-05-26,4525038426
0.0,plants_ny_2017,9,rf,nan,nan,nan,rf,nan,nan,recall_score,0.5,2026-05-26,2422935047
0.0,plants_ny_2017,9,rf,nan,nan,nan,rf,nan,nan,recall_score,0.5,2026-05-26,3355400576
0.0,plants_ny_2017,9,rf,nan,nan,nan,rf,nan,nan,recall_score,0.5,2026-05-26,3456724014
0.0,plants_ny_2017,9,rf,nan,nan,nan,rf,nan,nan,recall_score,0.5,2026-05-26,2818611429
0.0,plants_ny_2017,9,rf,nan,nan,nan,rf,nan,nan,recall_score,0.5,2026-05-26,3335087345
0.0,plants_ny_2017,9,rf,nan,nan,nan,rf,nan,nan,recall_score,0.5,2026-05-26,3889219608
0.0,plants_ny_2017,9,rf,nan,nan,nan,rf,nan,nan,recall_score,0.5,2026-05-26,2814052200
0.0,plants_ny_2017,9,rf,nan,nan,nan,rf,nan,nan,recall_score,0.5,2026-05-26,3330455556
0.0,plants_ny_2017,9,rf,nan,nan,nan,rf,nan,nan,recall_score,0.5,2026-05-26,2860137424
0.0,plants_ny_2017,9,rf,nan,nan,nan,rf,nan,nan,recall_score,0.5,2026-05-26,3335198479
0.0,plants_ny_2017,9,rf,nan,nan,nan,rf,nan,nan,recall_score,0.5,2026-05-26,2864572405
0.0,plants_ny_2017,9,rf,nan,nan,nan,rf,nan,nan,recall_score,0.5,2026-05-26,3321321345
0.0,plants_ny_2017,9,rf,nan,nan,nan,rf,nan,nan,recall_score,0.5,2026-05-26,2813918893
0.0,plants_ny_2017,9,rf,nan,nan,nan,rf,nan,nan,recall_score,0.5,2026-05-26,2814145201
0.0,plants_ny_2017,9,rf,nan,nan,nan,rf,nan,nan,recall_score,0.5,2026-05-26,3955155334
0.0,plants_ny_2017,9,rf,nan,nan,nan,rf,nan,nan,recall_score,0.5,2026-05-26,3118432727
0.0,plants_ny_2017,9,rf,nan,nan,nan,rf,nan,nan,recall_score,0.5,2026-05-26,3325783344
0.0,plants_ny_2017,9,rf,nan,nan,nan,rf,nan,nan,recall_score,0.5,2026-05-26,3355675557
0.0,plants_ny_2017,9,rf,nan,nan,nan,rf,nan,nan,recall_score,0.5,2026-05-26,2397681592
0.0,plants_ny_2017,9,rf,nan,nan,nan,rf,nan,nan,recall_score,0.5,2026-05-26,3994193338
0.0,plants_ny_2017,9,rf,nan,nan,nan,rf,nan,nan,recall_score,0.5,2026-05-26,2868299398
0.0,plants_ny_2017,9,rf,nan,nan,nan,rf,nan,nan,recall_score,0.5,2026-05-26,2814202928
0.0,plants_ny_2017,9,rf,nan,nan,nan,rf,nan,nan,recall_score,0.5,2026-05-26,4527959399
0.0,plants_ny_2017,9,rf,nan,nan,nan,rf,nan,nan,recall_score,0.5,2026-05-26,3321156283
0.0,plants_ny_2017,9,rf,nan,nan,nan,rf,nan,nan,recall_score,0.5,2026-05-26,3321045339
0.0,plants_ny_2017,9,rf,nan,nan,nan,rf,nan,nan,recall_score,0.5,2026-05-26,2397674947
0.0,plants_ny_2017,9,rf,nan,nan,nan,rf,nan,nan,recall_score,0.5,2026-05-26,3320940162
0.0,plants_ny_2017,9,rf,nan,nan,nan,rf,nan,nan,recall_score,0.5,2026-05-26,3468901367
0.0,plants_ny_2017,9,rf,nan,nan,nan,rf,nan,nan,recall_score,0.5,2026-05-26,3321120173
0.0,plants_ny_2017,9,rf,nan,nan,nan,rf,nan,nan,recall_score,0.5,2026-05-26,4014976339
0.0,plants_ny_2017,9,rf,nan,nan,nan,rf,nan,nan,recall_score,0.5,2026-05-26,3335328284
0.0,plants_ny_2017,9,rf,nan,nan,nan,rf,nan,nan,recall_score,0.5,2026-05-26,3320893260
0.0,plants_ny_2017,9,rf,nan,nan,nan,rf,nan,nan,recall_score,0.5,2026-05-26,2423105855
0.0,plants_ny_2017,9,rf,nan,nan,nan,rf,nan,nan,recall_score,0.5,2026-05-26,3320984328
0.0,plants_ny_2017,9,rf,nan,nan,nan,rf,nan,nan,recall_score,0.5,2026-05-26,3337536224
0.0,plants_ny_2017,9,rf,nan,nan,nan,rf,nan,nan,recall_score,0.5,2026-05-26,4028821439
0.0,plants_ny_2017,9,rf,nan,nan,nan,rf,nan,nan,recall_score,0.5,2026-05-26,3320893229
0.0,plants_ny_2017,9,rf,nan,nan,nan,rf,nan,nan,recall_score,0.5,2026-05-26,3468888371
0.0,plants_ny_2017,9,rf,nan,nan,nan,rf,nan,nan,recall_score,0.5,2026-05-26,2813909192
0.0,plants_ny_2017,9,rf,nan,nan,nan,rf,nan,nan,recall_score,0.5,2026-05-26,2813986238
0.0,plants_ny_2017,9,rf,nan,nan,nan,rf,nan,nan,recall_score,0.5,2026-05-26,2862369394
0.0,plants_ny_2017,9,rf,nan,nan,nan,rf,nan,nan,recall_score,0.5,2026-05-26,2814264223
0.0,plants_ny_2017,9,rf,nan,nan,nan,rf,nan,nan,recall_score,0.5,2026-05-26,3384723863
0.0,plants_ny_2017,9,rf,nan,nan,nan,rf,nan,nan,recall_score,0.5,2026-05-26,3321106210
0.0,plants_ny_2017,9,rf,nan,nan,nan,rf,nan,nan,recall_score,0.5,2026-05-26,2818539501
0.0,plants_ny_2017,9,rf,nan,nan,nan,rf,nan,nan,recall_score,0.5,2026-05-26,3321084200
0.0,plants_ny_2017,9,rf,nan,nan,nan,rf,nan,nan,recall_score,0.5,2026-05-26,2813888932
0.0,plants_ny_2017,9,rf,nan,nan,nan,rf,nan,nan,recall_score,0.5,2026-05-26,3337744943
0.0,plants_ny_2017,9,rf,nan,nan,nan,rf,nan,nan,recall_score,0.5,2026-05-26,3320987342
0.0,plants_ny_2017,9,rf,nan,nan,nan,rf,nan,nan,recall_score,0.5,2026-05-26,2813942059
0.0,plants_ny_2017,9,rf,nan,nan,nan,rf,nan,nan,recall_score,0.5,2026-05-26,2818502534
0.0,plants_ny_2017,9,rf,nan,nan,nan,rf,nan,nan,recall_score,0.5,2026-05-26,4518963334
0.0,plants_ny_2017,9,rf,nan,nan,nan,rf,nan,nan,recall_score,0.5,2026-05-26,4510221396
0.0,plants_ny_2017,9,rf,nan,nan,nan,rf,nan,nan,recall_score,0.5,2026-05-26,3924994419
0.0,plants_ny_2017,9,rf,nan,nan,nan,rf,nan,nan,recall_score,0.5,2026-05-26,3344032457
0.0,plants_ny_2017,9,rf,nan,nan,nan,rf,nan,nan,recall_score,0.5,2026-05-26,3743041330
0.0,plants_ny_2017,9,rf,nan,nan,nan,rf,nan,nan,recall_score,0.5,2026-05-26,5086901466
0.0,plants_ny_2017,9,rf,nan,nan,nan,rf,nan,nan,recall_score,0.5,2026-05-26,5760011685
0.0,plants_ny_2017,9,rf,nan,nan,nan,rf,nan,nan,recall_score,0.5,2026-05-26,3321188213
0.0,plants_ny_2017,9,rf,nan,nan,nan,rf,nan,nan,recall_score,0.5,2026-05-26,3355413572
0.0,plants_ny_2017,9,rf,nan,nan,nan,rf,nan,nan,recall_score,0.5,2026-05-26,4512045480
0.0,plants_ny_2017,9,rf,nan,nan,nan,rf,nan,nan,recall_score,0.5,2026-05-26,2813940856
0.0,plants_ny_2017,9,rf,nan,nan,nan,rf,nan,nan,recall_score,0.5,2026-05-26,3321238326
0.0,plants_ny_2017,9,rf,nan,nan,nan,rf,nan,nan,recall_score,0.5,2026-05-26,3320890222
0.0,plants_ny_2017,9,rf,nan,nan,nan,rf,nan,nan,recall_score,0.5,2026-05-26,3321252327
0.0,plants_ny_2017,9,rf,nan,nan,nan,rf,nan,nan,recall_score,0.5,2026-05-26,3383853478
0.0,plants_ny_2017,9,rf,nan,nan,nan,rf,nan,nan,recall_score,0.5,2026-05-26,5188269314
0.0,plants_ny_2017,9,rf,nan,nan,nan,rf,nan,nan,recall_score,0.5,2026-05-26,3320934299
0.0,plants_ny_2017,9,rf,nan,nan,nan,rf,nan,nan,recall_score,0.5,2026-05-26,3455738069
0.0,plants_ny_2017,9,rf,nan,nan,nan,rf,nan,nan,recall_score,0.5,2026-05-26,2423196269
0.0,plants_ny_2017,9,rf,nan,nan,nan,rf,nan,nan,recall_score,0.5,2026-05-26,3391688445
0.0,plants_ny_2017,9,rf,nan,nan,nan,rf,nan,nan,recall_score,0.5,2026-05-26,2813943200
0.0,plants_ny_2017,9,rf,nan,nan,nan,rf,nan,nan,recall_score,0.5,2026-05-26,3337809208
0.0,plants_ny_2017,9,rf,nan,nan,nan,rf,nan,nan,recall_score,0.5,2026-05-26,5838342056
0.0,plants_ny_2017,9,rf,nan,nan,nan,rf,nan,nan,recall_score,0.5,2026-05-26,3321261374
0.0,plants_ny_2017,9,rf,nan,nan,nan,rf,nan,nan,recall_score,0.5,2026-05-26,3321015304
0.0,plants_ny_2017,9,rf,nan,nan,nan,rf,nan,nan,recall_score,0.5,2026-05-26,3858221483
0.0,plants_ny_2017,9,rf,nan,nan,nan,rf,nan,nan,recall_score,0.5,2026-05-26,3456647509
0.0,plants_ny_2017,9,rf,nan,nan,nan,rf,nan,nan,recall_score,0.5,2026-05-26,3321080227
0.0,plants_ny_2017,9,rf,nan,nan,nan,rf,nan,nan,recall_score,0.5,2026-05-26,2429404770
0.0,plants_ny_2017,9,rf,nan,nan,nan,rf,nan,nan,recall_score,0.5,2026-05-26,2856814345
0.0,plants_ny_2017,9,rf,nan,nan,nan,rf,nan,nan,recall_score,0.5,2026-05-26,3321295347
0.0,plants_ny_2017,9,rf,nan,nan,nan,rf,nan,nan,recall_score,0.5,2026-05-26,3321300339
0.0,plants_ny_2017,9,rf,nan,nan,nan,rf,nan,nan,recall_score,0.5,2026-05-26,3321011343
0.0,plants_ny_2017,9,rf,nan,nan,nan,rf,nan,nan,recall_score,0.5,2026-05-26,2423122968
0.0,plants_ny_2017,9,rf,nan,nan,nan,rf,nan,nan,recall_score,0.5,2026-05-26,2818769530
0.0,plants_ny_2017,9,rf,nan,nan,nan,rf,nan,nan,recall_score,0.5,2026-05-26,4075628393
0.0,plants_ny_2017,9,rf,nan,nan,nan,rf,nan,nan,recall_score,0.5,2026-05-26,2981096403
0.0,plants_ny_2017,9,rf,nan,nan,nan,rf,nan,nan,recall_score,0.5,2026-05-26,2814250265
0.0,plants_ny_2017,9,rf,nan,nan,nan,rf,nan,nan,recall_score,0.5,2026-05-26,3325660515
0.0,plants_ny_2017,9,rf,nan,nan,nan,rf,nan,nan,recall_score,0.5,2026-05-26,2397703393
0.0,plants_ny_2017,9,rf,nan,nan,nan,rf,nan,nan,recall_score,0.5,2026-05-26,3320980419
0.0,plants_ny_2017,9,rf,nan,nan,nan,rf,nan,nan,recall_score,0.5,2026-05-26,4527951495
0.0,plants_ny_2017,9,rf,nan,nan,nan,rf,nan,nan,recall_score,0.5,2026-05-26,2641347566
0.0,plants_ny_2017,9,rf,nan,nan,nan,rf,nan,nan,recall_score,0.5,2026-05-26,2251940858
0.0,plants_ny_2017,9,rf,nan,nan,nan,rf,nan,nan,recall_score,0.5,2026-05-26,3985792381
0.0,plants_ny_2017,9,rf,nan,nan,nan,rf,nan,nan,recall_score,0.5,2026-05-26,4507607510
0.0,plants_ny_2017,9,rf,nan,nan,nan,rf,nan,nan,recall_score,0.5,2026-05-26,3959243284
0.0,plants_ny_2017,9,rf,nan,nan,nan,rf,nan,nan,recall_score,0.5,2026-05-26,2429207162
0.0,plants_ny_2017,9,rf,nan,nan,nan,rf,nan,nan,recall_score,0.5,2026-05-26,2251940283
0.0,plants_ny_2017,9,rf,nan,nan,nan,rf,nan,nan,recall_score,0.5,2026-05-26,4921568712
0.0,plants_ny_2017,9,rf,nan,nan,nan,rf,nan,nan,recall_score,0.5,2026-05-26,4994478345
0.0,plants_ny_2017,9,rf,nan,nan,nan,rf,nan,nan,recall_score,0.5,2026-05-26,4458370514
0.0,plants_ny_2017,9,rf,nan,nan,nan,rf,nan,nan,recall_score,0.5,2026-05-26,4153809318
0.0,plants_ny_2017,9,rf,nan,nan,nan,rf,nan,nan,recall_score,0.5,2026-05-26,2603511594
0.0,plants_ny_2017,9,rf,nan,nan,nan,rf,nan,nan,recall_score,0.5,2026-05-26,3384538906
0.0,plants_ny_2017,9,rf,nan,nan,nan,rf,nan,nan,recall_score,0.5,2026-05-26,3986160472
0.0,plants_ny_2017,9,rf,nan,nan,nan,rf,nan,nan,recall_score,0.5,2026-05-26,4046558532
0.0,plants_ny_2017,9,rf,nan,nan,nan,rf,nan,nan,recall_score,0.5,2026-05-26,3307137516
0.0,plants_ny_2017,9,rf,nan,nan,nan,rf,nan,nan,recall_score,0.5,2026-05-26,3985758864
0.0,plants_ny_2017,9,rf,nan,nan,nan,rf,nan,nan,recall_score,0.5,2026-05-26,3998760426
0.0,plants_ny_2017,9,rf,nan,nan,nan,rf,nan,nan,recall_score,0.5,2026-05-26,3951931916
0.0,plants_ny_2017,9,rf,nan,nan,nan,rf,nan,nan,recall_score,0.5,2026-05-26,4528200637
0.0,plants_ny_2017,9,rf,nan,nan,nan,rf,nan,nan,recall_score,0.5,2026-05-26,2963804370
0.0,plants_ny_2017,9,rf,nan,nan,nan,rf,nan,nan,recall_score,0.5,2026-05-26,4921757660
0.0,plants_ny_2017,9,rf,nan,nan,nan,rf,nan,nan,recall_score,0.5,2026-05-26,2609325971
0.0,plants_ny_2017,9,rf,nan,nan,nan,rf,nan,nan,recall_score,0.5,2026-05-26,3953021282
0.0,plants_ny_2017,9,rf,nan,nan,nan,rf,nan,nan,recall_score,0.5,2026-05-26,4924001983
0.0,plants_ny_2017,9,rf,nan,nan,nan,rf,nan,nan,recall_score,0.5,2026-05-26,2563535563
0.0,plants_ny_2017,9,rf,nan,nan,nan,rf,nan,nan,recall_score,0.5,2026-05-26,2992679619
0.0,plants_ny_2017,9,rf,nan,nan,nan,rf,nan,nan,recall_score,0.5,2026-05-26,3892511437
0.0,plants_ny_2017,9,rf,nan,nan,nan,rf,nan,nan,recall_score,0.5,2026-05-26,2465105125
0.0,plants_ny_2017,9,rf,nan,nan,nan,rf,nan,nan,recall_score,0.5,2026-05-26,4923925874
0.0,plants_ny_2017,9,rf,nan,nan,nan,rf,nan,nan,recall_score,0.5,2026-05-26,2603356280
0.0,plants_ny_2017,9,rf,nan,nan,nan,rf,nan,nan,recall_score,0.5,2026-05-26,2429292667
0.0,plants_ny_2017,9,rf,nan,nan,nan,rf,nan,nan,recall_score,0.5,2026-05-26,3335160241
0.0,plants_ny_2017,9,rf,nan,nan,nan,rf,nan,nan,recall_score,0.5,2026-05-26,2251939959
0.0,plants_ny_2017,9,rf,nan,nan,nan,rf,nan,nan,recall_score,0.5,2026-05-26,3994349597
0.0,plants_ny_2017,9,rf,nan,nan,nan,rf,nan,nan,recall_score,0.5,2026-05-26,3859308670
0.0,plants_ny_2017,9,rf,nan,nan,nan,rf,nan,nan,recall_score,0.5,2026-05-26,3957849286
0.0,plants_ny_2017,9,rf,nan,nan,nan,rf,nan,nan,recall_score,0.5,2026-05-26,1899769251
0.0,plants_ny_2017,9,rf,nan,nan,nan,rf,nan,nan,recall_score,0.5,2026-05-26,2429292786
0.0,plants_ny_2017,9,rf,nan,nan,nan,rf,nan,nan,recall_score,0.5,2026-05-26,3335171220
0.0,plants_ny_2017,9,rf,nan,nan,nan,rf,nan,nan,recall_score,0.5,2026-05-26,3335423216
0.0,plants_ny_2017,9,rf,nan,nan,nan,rf,nan,nan,recall_score,0.5,2026-05-26,3307225479
0.0,plants_ny_2017,9,rf,nan,nan,nan,rf,nan,nan,recall_score,0.5,2026-05-26,2563534367
0.0,plants_ny_2017,9,rf,nan,nan,nan,rf,nan,nan,recall_score,0.5,2026-05-26,2251940927
0.0,plants_ny_2017,9,rf,nan,nan,nan,rf,nan,nan,recall_score,0.5,2026-05-26,2563535995
0.0,plants_ny_2017,9,rf,nan,nan,nan,rf,nan,nan,recall_score,0.5,2026-05-26,2563534332
0.0,plants_ny_2017,9,rf,nan,nan,nan,rf,nan,nan,recall_score,0.5,2026-05-26,2814446543
0.0,plants_ny_2017,9,rf,nan,nan,nan,rf,nan,nan,recall_score,0.5,2026-05-26,3383851808
0.0,plants_ny_2017,9,rf,nan,nan,nan,rf,nan,nan,recall_score,0.5,2026-05-26,3953680766
0.0,plants_ny_2017,9,rf,nan,nan,nan,rf,nan,nan,recall_score,0.5,2026-05-26,4076252348
0.0,plants_ny_2017,9,rf,nan,nan,nan,rf,nan,nan,recall_score,0.5,2026-05-26,3335380364
0.0,plants_ny_2017,9,rf,nan,nan,nan,rf,nan,nan,recall_score,0.5,2026-05-26,4512069525
0.0,plants_ny_2017,9,rf,nan,nan,nan,rf,nan,nan,recall_score,0.5,2026-05-26,5908729154
0.0,plants_ny_2017,9,rf,nan,nan,nan,rf,nan,nan,recall_score,0.5,2026-05-26,4952641785
0.0,plants_ny_2017,9,rf,nan,nan,nan,rf,nan,nan,recall_score,0.5,2026-05-26,2465236159
0.0,plants_ny_2017,9,rf,nan,nan,nan,rf,nan,nan,recall_score,0.5,2026-05-26,5086959399
0.0,plants_ny_2017,9,rf,nan,nan,nan,rf,nan,nan,recall_score,0.5,2026-05-26,5844085989
0.0,plants_ny_2017,9,rf,nan,nan,nan,rf,nan,nan,recall_score,0.5,2026-05-26,3998923890
0.0,plants_ny_2017,9,rf,nan,nan,nan,rf,nan,nan,recall_score,0.5,2026-05-26,3960192727
0.0,plants_ny_2017,9,rf,nan,nan,nan,rf,nan,nan,recall_score,0.5,2026-05-26,4908393081
0.0,plants_ny_2017,9,rf,nan,nan,nan,rf,nan,nan,recall_score,0.5,2026-05-26,5932718414
0.0,plants_ny_2017,9,rf,nan,nan,nan,rf,nan,nan,recall_score,0.5,2026-05-26,3957018870
0.0,plants_ny_2017,9,rf,nan,nan,nan,rf,nan,nan,recall_score,0.5,2026-05-26,3335153214
0.0,plants_ny_2017,9,rf,nan,nan,nan,rf,nan,nan,recall_score,0.5,2026-05-26,4981952222
0.0,plants_ny_2017,9,rf,nan,nan,nan,rf,nan,nan,recall_score,0.5,2026-05-26,2856753905
0.0,plants_ny_2017,9,rf,nan,nan,nan,rf,nan,nan,recall_score,0.5,2026-05-26,2429625127
0.0,plants_ny_2017,9,rf,nan,nan,nan,rf,nan,nan,recall_score,0.5,2026-05-26,2802707070
0.0,plants_ny_2017,9,rf,nan,nan,nan,rf,nan,nan,recall_score,0.5,2026-05-26,3949105122
0.0,plants_ny_2017,9,rf,nan,nan,nan,rf,nan,nan,recall_score,0.5,2026-05-26,2429622920
0.0,plants_ny_2017,9,rf,nan,nan,nan,rf,nan,nan,recall_score,0.5,2026-05-26,4458561688
0.0,plants_ny_2017,9,rf,nan,nan,nan,rf,nan,nan,recall_score,0.5,2026-05-26,2609069095
0.0,plants_ny_2017,9,rf,nan,nan,nan,rf,nan,nan,recall_score,0.5,2026-05-26,3335298168
0.0,plants_ny_2017,9,rf,nan,nan,nan,rf,nan,nan,recall_score,0.5,2026-05-26,3881405910
0.0,plants_ny_2017,9,rf,nan,nan,nan,rf,nan,nan,recall_score,0.5,2026-05-26,4510266515
0.0,plants_ny_2017,9,rf,nan,nan,nan,rf,nan,nan,recall_score,0.5,2026-05-26,4528229353
0.0,plants_ny_2017,9,rf,nan,nan,nan,rf,nan,nan,recall_score,0.5,2026-05-26,4528223351
0.0,plants_ny_2017,9,rf,nan,nan,nan,rf,nan,nan,recall_score,0.5,2026-05-26,3998356011
0.0,plants_ny_2017,9,rf,nan,nan,nan,rf,nan,nan,recall_score,0.5,2026-05-26,3958432673
0.0,plants_ny_2017,9,rf,nan,nan,nan,rf,nan,nan,recall_score,0.5,2026-05-26,4924177505
0.0,plants_ny_2017,9,rf,nan,nan,nan,rf,nan,nan,recall_score,0.5,2026-05-26,3998466451
0.0,plants_ny_2017,9,rf,nan,nan,nan,rf,nan,nan,recall_score,0.5,2026-05-26,3959690540
0.0,plants_ny_2017,9,rf,nan,nan,nan,rf,nan,nan,recall_score,0.5,2026-05-26,3998054164
0.0,plants_ny_2017,9,rf,nan,nan,nan,rf,nan,nan,recall_score,0.5,2026-05-26,2611113862
0.0,plants_ny_2017,9,rf,nan,nan,nan,rf,nan,nan,recall_score,0.5,2026-05-26,3959269212
0.0,plants_ny_2017,9,rf,nan,nan,nan,rf,nan,nan,recall_score,0.5,2026-05-26,3958820715
0.0,plants_ny_2017,9,rf,nan,nan,nan,rf,nan,nan,recall_score,0.5,2026-05-26,5230451314
0.0,plants_ny_2017,9,rf,nan,nan,nan,rf,nan,nan,recall_score,0.5,2026-05-26,4512023387
0.0,plants_ny_2017,9,rf,nan,nan,nan,rf,nan,nan,recall_score,0.5,2026-05-26,3785045182
0.0,plants_ny_2017,9,rf,nan,nan,nan,rf,nan,nan,recall_score,0.5,2026-05-26,2609322836
0.0,plants_ny_2017,9,rf,nan,nan,nan,rf,nan,nan,recall_score,0.5,2026-05-26,3951917878
0.0,plants_ny_2017,9,rf,nan,nan,nan,rf,nan,nan,recall_score,0.5,2026-05-26,3956500129
0.0,plants_ny_2017,9,rf,nan,nan,nan,rf,nan,nan,recall_score,0.5,2026-05-26,3785140434
0.0,plants_ny_2017,9,rf,nan,nan,nan,rf,nan,nan,recall_score,0.5,2026-05-26,3953692941
0.0,plants_ny_2017,9,rf,nan,nan,nan,rf,nan,nan,recall_score,0.5,2026-05-26,3999119049
0.0,plants_ny_2017,9,rf,nan,nan,nan,rf,nan,nan,recall_score,0.5,2026-05-26,3960971759
0.0,plants_ny_2017,9,rf,nan,nan,nan,rf,nan,nan,recall_score,0.5,2026-05-26,3953298413
0.0,plants_ny_2017,9,rf,nan,nan,nan,rf,nan,nan,recall_score,0.5,2026-05-26,3384626861
0.0,plants_ny_2017,9,rf,nan,nan,nan,rf,nan,nan,recall_score,0.5,2026-05-26,3958109954
0.0,plants_ny_2017,9,rf,nan,nan,nan,rf,nan,nan,recall_score,0.5,2026-05-26,2977118023
0.0,plants_ny_2017,9,rf,nan,nan,nan,rf,nan,nan,recall_score,0.5,2026-05-26,3958010534
0.0,plants_ny_2017,9,rf,nan,nan,nan,rf,nan,nan,recall_score,0.5,2026-05-26,3949771106
0.0,plants_ny_2017,9,rf,nan,nan,nan,rf,nan,nan,recall_score,0.5,2026-05-26,3949179460
0.0,plants_ny_2017,9,rf,nan,nan,nan,rf,nan,nan,recall_score,0.5,2026-05-26,3712435417
0.0,plants_ny_2017,9,rf,nan,nan,nan,rf,nan,nan,recall_score,0.5,2026-05-26,4075726545
0.0,plants_ny_2017,9,rf,nan,nan,nan,rf,nan,nan,recall_score,0.5,2026-05-26,5760909044
0.0,plants_ny_2017,9,rf,nan,nan,nan,rf,nan,nan,recall_score,0.5,2026-05-26,3468688373
0.0,plants_ny_2017,9,rf,nan,nan,nan,rf,nan,nan,recall_score,0.5,2026-05-26,4510011640
0.0,plants_ny_2017,9,rf,nan,nan,nan,rf,nan,nan,recall_score,0.5,2026-05-26,3998470038
0.0,plants_ny_2017,9,rf,nan,nan,nan,rf,nan,nan,recall_score,0.5,2026-05-26,4516532010
0.0,plants_ny_2017,9,rf,nan,nan,nan,rf,nan,nan,recall_score,0.5,2026-05-26,3044582663
0.0,plants_ny_2017,9,rf,nan,nan,nan,rf,nan,nan,recall_score,0.5,2026-05-26,2868309346
0.0,plants_ny_2017,9,rf,nan,nan,nan,rf,nan,nan,recall_score,0.5,2026-05-26,3966645342
0.0,plants_ny_2017,9,rf,nan,nan,nan,rf,nan,nan,recall_score,0.5,2026-05-26,2988450469
0.0,plants_ny_2017,9,rf,nan,nan,nan,rf,nan,nan,recall_score,0.5,2026-05-26,3456222690
0.0,plants_ny_2017,9,rf,nan,nan,nan,rf,nan,nan,recall_score,0.5,2026-05-26,4527964531
0.0,plants_ny_2017,9,rf,nan,nan,nan,rf,nan,nan,recall_score,0.5,2026-05-26,2294436051
0.0,plants_ny_2017,9,rf,nan,nan,nan,rf,nan,nan,recall_score,0.5,2026-05-26,3985957753
0.0,plants_ny_2017,9,rf,nan,nan,nan,rf,nan,nan,recall_score,0.5,2026-05-26,5133192575
0.0,plants_ny_2017,9,rf,nan,nan,nan,rf,nan,nan,recall_score,0.5,2026-05-26,3892372566
0.0,plants_ny_2017,9,rf,nan,nan,nan,rf,nan,nan,recall_score,0.5,2026-05-26,3061755489
0.0,plants_ny_2017,9,rf,nan,nan,nan,rf,nan,nan,recall_score,0.5,2026-05-26,3747319532
0.0,plants_ny_2017,9,rf,nan,nan,nan,rf,nan,nan,recall_score,0.5,2026-05-26,5760857036
0.0,plants_ny_2017,9,rf,nan,nan,nan,rf,nan,nan,recall_score,0.5,2026-05-26,4145316361
0.0,plants_ny_2017,9,rf,nan,nan,nan,rf,nan,nan,recall_score,0.5,2026-05-26,3873224308
0.0,plants_ny_2017,9,rf,nan,nan,nan,rf,nan,nan,recall_score,0.5,2026-05-26,3456466636
0.0,plants_ny_2017,9,rf,nan,nan,nan,rf,nan,nan,recall_score,0.5,2026-05-26,3743180157
0.0,plants_ny_2017,9,rf,nan,nan,nan,rf,nan,nan,recall_score,0.5,2026-05-26,3859768809
0.0,plants_ny_2017,9,rf,nan,nan,nan,rf,nan,nan,recall_score,0.5,2026-05-26,3330469824
0.0,plants_ny_2017,9,rf,nan,nan,nan,rf,nan,nan,recall_score,0.5,2026-05-26,3302054595
0.0,plants_ny_2017,9,rf,nan,nan,nan,rf,nan,nan,recall_score,0.5,2026-05-26,3743104021
0.0,plants_ny_2017,9,rf,nan,nan,nan,rf,nan,nan,recall_score,0.5,2026-05-26,3117808454
0.0,plants_ny_2017,9,rf,nan,nan,nan,rf,nan,nan,recall_score,0.5,2026-05-26,4103165373
0.0,plants_ny_2017,9,rf,nan,nan,nan,rf,nan,nan,recall_score,0.5,2026-05-26,3956170083
0.0,plants_ny_2017,9,rf,nan,nan,nan,rf,nan,nan,recall_score,0.5,2026-05-26,2975964589
0.0,plants_ny_2017,9,rf,nan,nan,nan,rf,nan,nan,recall_score,0.5,2026-05-26,3956974578
0.0,plants_ny_2017,9,rf,nan,nan,nan,rf,nan,nan,recall_score,0.5,2026-05-26,5936190669
0.0,plants_ny_2017,9,rf,nan,nan,nan,rf,nan,nan,recall_score,0.5,2026-05-26,3743339062
0.0,plants_ny_2017,9,rf,nan,nan,nan,rf,nan,nan,recall_score,0.5,2026-05-26,3743042871
0.0,plants_ny_2017,9,rf,nan,nan,nan,rf,nan,nan,recall_score,0.5,2026-05-26,3743275144
0.0,plants_ny_2017,9,rf,nan,nan,nan,rf,nan,nan,recall_score,0.5,2026-05-26,2901508897
0.0,plants_ny_2017,9,rf,nan,nan,nan,rf,nan,nan,recall_score,0.5,2026-05-26,4863460549
0.0,plants_ny_2017,9,rf,nan,nan,nan,rf,nan,nan,recall_score,0.5,2026-05-26,3743117712
0.0,plants_ny_2017,9,rf,nan,nan,nan,rf,nan,nan,recall_score,0.5,2026-05-26,3960314247
0.0,plants_ny_2017,9,rf,nan,nan,nan,rf,nan,nan,recall_score,0.5,2026-05-26,5109262857
0.0,plants_ny_2017,9,rf,nan,nan,nan,rf,nan,nan,recall_score,0.5,2026-05-26,3321082572
0.0,plants_ny_2017,9,rf,nan,nan,nan,rf,nan,nan,recall_score,0.5,2026-05-26,3959920851
0.0,plants_ny_2017,9,rf,nan,nan,nan,rf,nan,nan,recall_score,0.5,2026-05-26,3902098754
0.0,plants_ny_2017,9,rf,nan,nan,nan,rf,nan,nan,recall_score,0.5,2026-05-26,4145625389
0.0,plants_ny_2017,9,rf,nan,nan,nan,rf,nan,nan,recall_score,0.5,2026-05-26,2645358416
0.0,plants_ny_2017,9,rf,nan,nan,nan,rf,nan,nan,recall_score,0.5,2026-05-26,3469002368
0.0,plants_ny_2017,9,rf,nan,nan,nan,rf,nan,nan,recall_score,0.5,2026-05-26,3337708873
0.0,plants_ny_2017,9,rf,nan,nan,nan,rf,nan,nan,recall_score,0.5,2026-05-26,3873675843
0.0,plants_ny_2017,9,rf,nan,nan,nan,rf,nan,nan,recall_score,0.5,2026-05-26,3743027037
0.0,plants_ny_2017,9,rf,nan,nan,nan,rf,nan,nan,recall_score,0.5,2026-05-26,5086889242
0.0,plants_ny_2017,9,rf,nan,nan,nan,rf,nan,nan,recall_score,0.5,2026-05-26,5187581330
0.0,plants_ny_2017,9,rf,nan,nan,nan,rf,nan,nan,recall_score,0.5,2026-05-26,3903230619
0.0,plants_ny_2017,9,rf,nan,nan,nan,rf,nan,nan,recall_score,0.5,2026-05-26,4076235337
0.0,plants_ny_2017,9,rf,nan,nan,nan,rf,nan,nan,recall_score,0.5,2026-05-26,3456702201
0.0,plants_ny_2017,9,rf,nan,nan,nan,rf,nan,nan,recall_score,0.5,2026-05-26,3947653229
0.0,plants_ny_2017,9,rf,nan,nan,nan,rf,nan,nan,recall_score,0.5,2026-05-26,4528229559
0.0,plants_ny_2017,9,rf,nan,nan,nan,rf,nan,nan,recall_score,0.5,2026-05-26,3743223133
0.0,plants_ny_2017,9,rf,nan,nan,nan,rf,nan,nan,recall_score,0.5,2026-05-26,3343893845
0.0,plants_ny_2017,9,rf,nan,nan,nan,rf,nan,nan,recall_score,0.5,2026-05-26,3892285556
0.0,plants_ny_2017,9,rf,nan,nan,nan,rf,nan,nan,recall_score,0.5,2026-05-26,3499478380
0.0,plants_ny_2017,9,rf,nan,nan,nan,rf,nan,nan,recall_score,0.5,2026-05-26,3343975825
0.0,plants_ny_2017,9,rf,nan,nan,nan,rf,nan,nan,recall_score,0.5,2026-05-26,3321201083
0.0,plants_ny_2017,9,rf,nan,nan,nan,rf,nan,nan,recall_score,0.5,2026-05-26,3915424389
0.0,plants_ny_2017,9,rf,nan,nan,nan,rf,nan,nan,recall_score,0.5,2026-05-26,3383857821
0.0,plants_ny_2017,9,rf,nan,nan,nan,rf,nan,nan,recall_score,0.5,2026-05-26,3892567407
0.0,plants_ny_2017,9,rf,nan,nan,nan,rf,nan,nan,recall_score,0.5,2026-05-26,3743217608
0.0,plants_ny_2017,9,rf,nan,nan,nan,rf,nan,nan,recall_score,0.5,2026-05-26,6170919816
0.0,plants_ny_2017,9,rf,nan,nan,nan,rf,nan,nan,recall_score,0.5,2026-05-26,2988558923
0.0,plants_ny_2017,9,rf,nan,nan,nan,rf,nan,nan,recall_score,0.5,2026-05-26,3743217109
0.0,plants_ny_2017,9,rf,nan,nan,nan,rf,nan,nan,recall_score,0.5,2026-05-26,3743261031
0.0,plants_ny_2017,9,rf,nan,nan,nan,rf,nan,nan,recall_score,0.5,2026-05-26,3399177638
0.0,plants_ny_2017,9,rf,nan,nan,nan,rf,nan,nan,recall_score,0.5,2026-05-26,5838032927
0.0,plants_ny_2017,9,rf,nan,nan,nan,rf,nan,nan,recall_score,0.5,2026-05-26,3415905006
0.0,plants_ny_2017,9,rf,nan,nan,nan,rf,nan,nan,recall_score,0.5,2026-05-26,3456305524
0.0,plants_ny_2017,9,rf,nan,nan,nan,rf,nan,nan,recall_score,0.5,2026-05-26,5205823328
0.0,plants_ny_2017,9,rf,nan,nan,nan,rf,nan,nan,recall_score,0.5,2026-05-26,4901133269
0.0,plants_ny_2017,9,rf,nan,nan,nan,rf,nan,nan,recall_score,0.5,2026-05-26,4075616529
0.0,plants_ny_2017,9,rf,nan,nan,nan,rf,nan,nan,recall_score,0.5,2026-05-26,4600040582
0.0,plants_ny_2017,9,rf,nan,nan,nan,rf,nan,nan,recall_score,0.5,2026-05-26,3960995546
0.0,plants_ny_2017,9,rf,nan,nan,nan,rf,nan,nan,recall_score,0.5,2026-05-26,4009727377
0.0,plants_ny_2017,9,rf,nan,nan,nan,rf,nan,nan,recall_score,0.5,2026-05-26,4075630432
0.0,plants_ny_2017,9,rf,nan,nan,nan,rf,nan,nan,recall_score,0.5,2026-05-26,3902850547
0.0,plants_ny_2017,9,rf,nan,nan,nan,rf,nan,nan,recall_score,0.5,2026-05-26,3773711199
0.0,plants_ny_2017,9,rf,nan,nan,nan,rf,nan,nan,recall_score,0.5,2026-05-26,3314182918
0.0,plants_ny_2017,9,rf,nan,nan,nan,rf,nan,nan,recall_score,0.5,2026-05-26,3307528959
0.0,plants_ny_2017,9,rf,nan,nan,nan,rf,nan,nan,recall_score,0.5,2026-05-26,3314388967
0.0,plants_ny_2017,9,rf,nan,nan,nan,rf,nan,nan,recall_score,0.5,2026-05-26,3872978976
0.0,plants_ny_2017,9,rf,nan,nan,nan,rf,nan,nan,recall_score,0.5,2026-05-26,6130780438
0.0,plants_ny_2017,9,rf,nan,nan,nan,rf,nan,nan,recall_score,0.5,2026-05-26,2864776729
0.0,plants_ny_2017,9,rf,nan,nan,nan,rf,nan,nan,recall_score,0.5,2026-05-26,3320859089
0.0,plants_ny_2017,9,rf,nan,nan,nan,rf,nan,nan,recall_score,0.5,2026-05-26,3320902040
0.0,plants_ny_2017,9,rf,nan,nan,nan,rf,nan,nan,recall_score,0.5,2026-05-26,3743127091
0.0,plants_ny_2017,9,rf,nan,nan,nan,rf,nan,nan,recall_score,0.5,2026-05-26,3986283680
0.0,plants_ny_2017,9,rf,nan,nan,nan,rf,nan,nan,recall_score,0.5,2026-05-26,3031968969
0.0,plants_ny_2017,9,rf,nan,nan,nan,rf,nan,nan,recall_score,0.5,2026-05-26,3061721466
0.0,plants_ny_2017,9,rf,nan,nan,nan,rf,nan,nan,recall_score,0.5,2026-05-26,3955756916
0.0,plants_ny_2017,9,rf,nan,nan,nan,rf,nan,nan,recall_score,0.5,2026-05-26,3743284924
0.0,plants_ny_2017,9,rf,nan,nan,nan,rf,nan,nan,recall_score,0.5,2026-05-26,3705557376
0.0,plants_ny_2017,9,rf,nan,nan,nan,rf,nan,nan,recall_score,0.5,2026-05-26,3743090165
0.0,plants_ny_2017,9,rf,nan,nan,nan,rf,nan,nan,recall_score,0.5,2026-05-26,3860487551
0.0,plants_ny_2017,9,rf,nan,nan,nan,rf,nan,nan,recall_score,0.5,2026-05-26,3743001906
0.0,plants_ny_2017,9,rf,nan,nan,nan,rf,nan,nan,recall_score,0.5,2026-05-26,3892298567
0.0,plants_ny_2017,9,rf,nan,nan,nan,rf,nan,nan,recall_score,0.5,2026-05-26,6133345067
0.0,plants_ny_2017,9,rf,nan,nan,nan,rf,nan,nan,recall_score,0.5,2026-05-26,3966707351
0.0,plants_ny_2017,9,rf,nan,nan,nan,rf,nan,nan,recall_score,0.5,2026-05-26,3330431488
0.0,plants_ny_2017,9,rf,nan,nan,nan,rf,nan,nan,recall_score,0.5,2026-05-26,2864788760
0.0,plants_ny_2017,9,rf,nan,nan,nan,rf,nan,nan,recall_score,0.5,2026-05-26,5086896260
0.0,plants_ny_2017,9,rf,nan,nan,nan,rf,nan,nan,recall_score,0.5,2026-05-26,4054832413
0.0,plants_ny_2017,9,rf,nan,nan,nan,rf,nan,nan,recall_score,0.5,2026-05-26,3314249988
0.0,plants_ny_2017,9,rf,nan,nan,nan,rf,nan,nan,recall_score,0.5,2026-05-26,6163175834
0.0,plants_ny_2017,9,rf,nan,nan,nan,rf,nan,nan,recall_score,0.5,2026-05-26,3712694437
0.0,plants_ny_2017,9,rf,nan,nan,nan,rf,nan,nan,recall_score,0.5,2026-05-26,4512039485
0.0,plants_ny_2017,9,rf,nan,nan,nan,rf,nan,nan,recall_score,0.5,2026-05-26,3859621448
0.0,plants_ny_2017,9,rf,nan,nan,nan,rf,nan,nan,recall_score,0.5,2026-05-26,2626144953
0.0,plants_ny_2017,9,rf,nan,nan,nan,rf,nan,nan,recall_score,0.5,2026-05-26,3902068078
0.0,plants_ny_2017,9,rf,nan,nan,nan,rf,nan,nan,recall_score,0.5,2026-05-26,3743311564
0.0,plants_ny_2017,9,rf,nan,nan,nan,rf,nan,nan,recall_score,0.5,2026-05-26,3321176071
0.0,plants_ny_2017,9,rf,nan,nan,nan,rf,nan,nan,recall_score,0.5,2026-05-26,2237466407
0.0,plants_ny_2017,9,rf,nan,nan,nan,rf,nan,nan,recall_score,0.5,2026-05-26,2006052775
0.0,plants_ny_2017,9,rf,nan,nan,nan,rf,nan,nan,recall_score,0.5,2026-05-26,3759197625
0.0,plants_ny_2017,9,rf,nan,nan,nan,rf,nan,nan,recall_score,0.5,2026-05-26,3338092837
0.0,plants_ny_2017,9,rf,nan,nan,nan,rf,nan,nan,recall_score,0.5,2026-05-26,4075612580
0.0,plants_ny_2017,9,rf,nan,nan,nan,rf,nan,nan,recall_score,0.5,2026-05-26,4075568541
0.0,plants_ny_2017,9,rf,nan,nan,nan,rf,nan,nan,recall_score,0.5,2026-05-26,2013733047
0.0,plants_ny_2017,9,rf,nan,nan,nan,rf,nan,nan,recall_score,0.5,2026-05-26,3355474053
0.0,plants_ny_2017,9,rf,nan,nan,nan,rf,nan,nan,recall_score,0.5,2026-05-26,3455355741
0.0,plants_ny_2017,9,rf,nan,nan,nan,rf,nan,nan,recall_score,0.5,2026-05-26,3743261956
0.0,plants_ny_2017,9,rf,nan,nan,nan,rf,nan,nan,recall_score,0.5,2026-05-26,3988711341
0.0,plants_ny_2017,9,rf,nan,nan,nan,rf,nan,nan,recall_score,0.5,2026-05-26,2626394279
0.0,plants_ny_2017,9,rf,nan,nan,nan,rf,nan,nan,recall_score,0.5,2026-05-26,3947064257
0.0,plants_ny_2017,9,rf,nan,nan,nan,rf,nan,nan,recall_score,0.5,2026-05-26,2864753772
0.0,plants_ny_2017,9,rf,nan,nan,nan,rf,nan,nan,recall_score,0.5,2026-05-26,4440836556
0.0,plants_ny_2017,9,rf,nan,nan,nan,rf,nan,nan,recall_score,0.5,2026-05-26,3302058097
0.0,plants_ny_2017,9,rf,nan,nan,nan,rf,nan,nan,recall_score,0.5,2026-05-26,3743181002
0.0,plants_ny_2017,9,rf,nan,nan,nan,rf,nan,nan,recall_score,0.5,2026-05-26,3456002819
0.0,plants_ny_2017,9,rf,nan,nan,nan,rf,nan,nan,recall_score,0.5,2026-05-26,1305173109
0.0,plants_ny_2017,9,rf,nan,nan,nan,rf,nan,nan,recall_score,0.5,2026-05-26,2626434562
0.0,plants_ny_2017,9,rf,nan,nan,nan,rf,nan,nan,recall_score,0.5,2026-05-26,3953731148
0.0,plants_ny_2017,9,rf,nan,nan,nan,rf,nan,nan,recall_score,0.5,2026-05-26,3998627007
0.0,plants_ny_2017,9,rf,nan,nan,nan,rf,nan,nan,recall_score,0.5,2026-05-26,5007876709
0.0,plants_ny_2017,9,rf,nan,nan,nan,rf,nan,nan,recall_score,0.5,2026-05-26,4600039736
0.0,plants_ny_2017,9,rf,nan,nan,nan,rf,nan,nan,recall_score,0.5,2026-05-26,3455490668
0.0,plants_ny_2017,9,rf,nan,nan,nan,rf,nan,nan,recall_score,0.5,2026-05-26,4096407443
0.0,plants_ny_2017,9,rf,nan,nan,nan,rf,nan,nan,recall_score,0.5,2026-05-26,2988408926
0.0,plants_ny_2017,9,rf,nan,nan,nan,rf,nan,nan,recall_score,0.5,2026-05-26,3705428470
0.0,plants_ny_2017,9,rf,nan,nan,nan,rf,nan,nan,recall_score,0.5,2026-05-26,3314262968
0.0,plants_ny_2017,9,rf,nan,nan,nan,rf,nan,nan,recall_score,0.5,2026-05-26,4076287323
0.0,plants_ny_2017,9,rf,nan,nan,nan,rf,nan,nan,recall_score,0.5,2026-05-26,3747096396
0.0,plants_ny_2017,9,rf,nan,nan,nan,rf,nan,nan,recall_score,0.5,2026-05-26,3955855510
0.0,plants_ny_2017,9,rf,nan,nan,nan,rf,nan,nan,recall_score,0.5,2026-05-26,3337848942
0.0,plants_ny_2017,9,rf,nan,nan,nan,rf,nan,nan,recall_score,0.5,2026-05-26,3902231109
0.0,plants_ny_2017,9,rf,nan,nan,nan,rf,nan,nan,recall_score,0.5,2026-05-26,3743063020
0.0,plants_ny_2017,9,rf,nan,nan,nan,rf,nan,nan,recall_score,0.5,2026-05-26,4438650577
0.0,plants_ny_2017,9,rf,nan,nan,nan,rf,nan,nan,recall_score,0.5,2026-05-26,2984433511
0.0,plants_ny_2017,9,rf,nan,nan,nan,rf,nan,nan,recall_score,0.5,2026-05-26,3743343160
0.0,plants_ny_2017,9,rf,nan,nan,nan,rf,nan,nan,recall_score,0.5,2026-05-26,4458356369
0.0,plants_ny_2017,9,rf,nan,nan,nan,rf,nan,nan,recall_score,0.5,2026-05-26,2013733500
0.0,plants_ny_2017,9,rf,nan,nan,nan,rf,nan,nan,recall_score,0.5,2026-05-26,3952358481
0.0,plants_ny_2017,9,rf,nan,nan,nan,rf,nan,nan,recall_score,0.5,2026-05-26,3873950555
0.0,plants_ny_2017,9,rf,nan,nan,nan,rf,nan,nan,recall_score,0.5,2026-05-26,3764340990
0.0,plants_ny_2017,9,rf,nan,nan,nan,rf,nan,nan,recall_score,0.5,2026-05-26,3344134309
0.0,plants_ny_2017,9,rf,nan,nan,nan,rf,nan,nan,recall_score,0.5,2026-05-26,6133241442
0.0,plants_ny_2017,9,rf,nan,nan,nan,rf,nan,nan,recall_score,0.5,2026-05-26,3892600555
0.0,plants_ny_2017,9,rf,nan,nan,nan,rf,nan,nan,recall_score,0.5,2026-05-26,2542905908
0.0,plants_ny_2017,9,rf,nan,nan,nan,rf,nan,nan,recall_score,0.5,2026-05-26,3456149826
0.0,plants_ny_2017,9,rf,nan,nan,nan,rf,nan,nan,recall_score,0.5,2026-05-26,3321037527
0.0,plants_ny_2017,9,rf,nan,nan,nan,rf,nan,nan,recall_score,0.5,2026-05-26,3888892940
0.0,plants_ny_2017,9,rf,nan,nan,nan,rf,nan,nan,recall_score,0.5,2026-05-26,3039130435
0.0,plants_ny_2017,9,rf,nan,nan,nan,rf,nan,nan,recall_score,0.5,2026-05-26,4009759377
0.0,plants_ny_2017,9,rf,nan,nan,nan,rf,nan,nan,recall_score,0.5,2026-05-26,4516509668
0.0,plants_ny_2017,9,rf,nan,nan,nan,rf,nan,nan,recall_score,0.5,2026-05-26,3951908759
0.0,plants_ny_2017,9,rf,nan,nan,nan,rf,nan,nan,recall_score,0.5,2026-05-26,3321069544
0.0,plants_ny_2017,9,rf,nan,nan,nan,rf,nan,nan,recall_score,0.5,2026-05-26,3873295483
0.0,plants_ny_2017,9,rf,nan,nan,nan,rf,nan,nan,recall_score,0.5,2026-05-26,3415476705
0.0,plants_ny_2017,9,rf,nan,nan,nan,rf,nan,nan,recall_score,0.5,2026-05-26,3383836816
0.0,plants_ny_2017,9,rf,nan,nan,nan,rf,nan,nan,recall_score,0.5,2026-05-26,2977665327
0.0,plants_ny_2017,9,rf,nan,nan,nan,rf,nan,nan,recall_score,0.5,2026-05-26,3499376440
0.0,plants_ny_2017,9,rf,nan,nan,nan,rf,nan,nan,recall_score,0.5,2026-05-26,3957652922
0.0,plants_ny_2017,9,rf,nan,nan,nan,rf,nan,nan,recall_score,0.5,2026-05-26,5076752674
0.0,plants_ny_2017,9,rf,nan,nan,nan,rf,nan,nan,recall_score,0.5,2026-05-26,3892491932
0.0,plants_ny_2017,9,rf,nan,nan,nan,rf,nan,nan,recall_score,0.5,2026-05-26,4067181465
0.0,plants_ny_2017,9,rf,nan,nan,nan,rf,nan,nan,recall_score,0.5,2026-05-26,2868113423
0.0,plants_ny_2017,9,rf,nan,nan,nan,rf,nan,nan,recall_score,0.5,2026-05-26,3955125866
0.0,plants_ny_2017,9,rf,nan,nan,nan,rf,nan,nan,recall_score,0.5,2026-05-26,4528178505
0.0,plants_ny_2017,9,rf,nan,nan,nan,rf,nan,nan,recall_score,0.5,2026-05-26,3951592098
0.0,plants_ny_2017,9,rf,nan,nan,nan,rf,nan,nan,recall_score,0.5,2026-05-26,3999162769
0.0,plants_ny_2017,9,rf,nan,nan,nan,rf,nan,nan,recall_score,0.5,2026-05-26,3320860516
0.0,plants_ny_2017,9,rf,nan,nan,nan,rf,nan,nan,recall_score,0.5,2026-05-26,3960168322
0.0,plants_ny_2017,9,rf,nan,nan,nan,rf,nan,nan,recall_score,0.5,2026-05-26,3325534811
0.0,plants_ny_2017,9,rf,nan,nan,nan,rf,nan,nan,recall_score,0.5,2026-05-26,4062564400
0.0,plants_ny_2017,9,rf,nan,nan,nan,rf,nan,nan,recall_score,0.5,2026-05-26,3958474166
0.0,plants_ny_2017,9,rf,nan,nan,nan,rf,nan,nan,recall_score,0.5,2026-05-26,3320884547
0.0,plants_ny_2017,9,rf,nan,nan,nan,rf,nan,nan,recall_score,0.5,2026-05-26,3888802993
0.0,plants_ny_2017,9,rf,nan,nan,nan,rf,nan,nan,recall_score,0.5,2026-05-26,3415831615
0.0,plants_ny_2017,9,rf,nan,nan,nan,rf,nan,nan,recall_score,0.5,2026-05-26,2975077899
0.0,plants_ny_2017,9,rf,nan,nan,nan,rf,nan,nan,recall_score,0.5,2026-05-26,2646525147
0.0,plants_ny_2017,9,rf,nan,nan,nan,rf,nan,nan,recall_score,0.5,2026-05-26,3325685769
0.0,plants_ny_2017,9,rf,nan,nan,nan,rf,nan,nan,recall_score,0.5,2026-05-26,3915272335
0.0,plants_ny_2017,9,rf,nan,nan,nan,rf,nan,nan,recall_score,0.5,2026-05-26,4062720384
0.0,plants_ny_2017,9,rf,nan,nan,nan,rf,nan,nan,recall_score,0.5,2026-05-26,3343811503
0.0,plants_ny_2017,9,rf,nan,nan,nan,rf,nan,nan,recall_score,0.5,2026-05-26,3955200465
0.0,plants_ny_2017,9,rf,nan,nan,nan,rf,nan,nan,recall_score,0.5,2026-05-26,2901879375
0.0,plants_ny_2017,9,rf,nan,nan,nan,rf,nan,nan,recall_score,0.5,2026-05-26,3958269257
0.0,plants_ny_2017,9,rf,nan,nan,nan,rf,nan,nan,recall_score,0.5,2026-05-26,3999036549
0.0,plants_ny_2017,9,rf,nan,nan,nan,rf,nan,nan,recall_score,0.5,2026-05-26,2901914363
0.0,plants_ny_2017,9,rf,nan,nan,nan,rf,nan,nan,recall_score,0.5,2026-05-26,4528213625
0.0,plants_ny_2017,9,rf,nan,nan,nan,rf,nan,nan,recall_score,0.5,2026-05-26,3117762997
0.0,plants_ny_2017,9,rf,nan,nan,nan,rf,nan,nan,recall_score,0.5,2026-05-26,4076251730
0.0,plants_ny_2017,9,rf,nan,nan,nan,rf,nan,nan,recall_score,0.5,2026-05-26,3456635637
0.0,plants_ny_2017,9,rf,nan,nan,nan,rf,nan,nan,recall_score,0.5,2026-05-26,4507599340
0.0,plants_ny_2017,9,rf,nan,nan,nan,rf,nan,nan,recall_score,0.5,2026-05-26,5839985418
0.0,plants_ny_2017,9,rf,nan,nan,nan,rf,nan,nan,recall_score,0.5,2026-05-26,3953780544
0.0,plants_ny_2017,9,rf,nan,nan,nan,rf,nan,nan,recall_score,0.5,2026-05-26,3953760145
0.0,plants_ny_2017,9,rf,nan,nan,nan,rf,nan,nan,recall_score,0.5,2026-05-26,3902505144
0.0,plants_ny_2017,9,rf,nan,nan,nan,rf,nan,nan,recall_score,0.5,2026-05-26,4527943511
0.0,plants_ny_2017,9,rf,nan,nan,nan,rf,nan,nan,recall_score,0.5,2026-05-26,3747314413
0.0,plants_ny_2017,9,rf,nan,nan,nan,rf,nan,nan,recall_score,0.5,2026-05-26,3954595054
0.0,plants_ny_2017,9,rf,nan,nan,nan,rf,nan,nan,recall_score,0.5,2026-05-26,3958521630
0.0,plants_ny_2017,9,rf,nan,nan,nan,rf,nan,nan,recall_score,0.5,2026-05-26,4171363528
0.0,plants_ny_2017,9,rf,nan,nan,nan,rf,nan,nan,recall_score,0.5,2026-05-26,3956232913
0.0,plants_ny_2017,9,rf,nan,nan,nan,rf,nan,nan,recall_score,0.5,2026-05-26,3953832144
0.0,plants_ny_2017,9,rf,nan,nan,nan,rf,nan,nan,recall_score,0.5,2026-05-26,3881373423
0.0,plants_ny_2017,9,rf,nan,nan,nan,rf,nan,nan,recall_score,0.5,2026-05-26,3912039697
0.0,plants_ny_2017,9,rf,nan,nan,nan,rf,nan,nan,recall_score,0.5,2026-05-26,3960187739
0.0,plants_ny_2017,9,rf,nan,nan,nan,rf,nan,nan,recall_score,0.5,2026-05-26,3760304993
0.0,plants_ny_2017,9,rf,nan,nan,nan,rf,nan,nan,recall_score,0.5,2026-05-26,3956370387
0.0,plants_ny_2017,9,rf,nan,nan,nan,rf,nan,nan,recall_score,0.5,2026-05-26,3958230004
0.0,plants_ny_2017,9,rf,nan,nan,nan,rf,nan,nan,recall_score,0.5,2026-05-26,3958479807
0.0,plants_ny_2017,9,rf,nan,nan,nan,rf,nan,nan,recall_score,0.5,2026-05-26,3117787393
0.0,plants_ny_2017,9,rf,nan,nan,nan,rf,nan,nan,recall_score,0.5,2026-05-26,3958556894
0.0,plants_ny_2017,9,rf,nan,nan,nan,rf,nan,nan,recall_score,0.5,2026-05-26,2901574269
0.0,plants_ny_2017,9,rf,nan,nan,nan,rf,nan,nan,recall_score,0.5,2026-05-26,2634091772
0.0,plants_ny_2017,9,rf,nan,nan,nan,rf,nan,nan,recall_score,0.5,2026-05-26,2597769715
0.0,plants_ny_2017,9,rf,nan,nan,nan,rf,nan,nan,recall_score,0.5,2026-05-26,2992735429
0.0,plants_ny_2017,9,rf,nan,nan,nan,rf,nan,nan,recall_score,0.5,2026-05-26,3998509748
0.0,plants_ny_2017,9,rf,nan,nan,nan,rf,nan,nan,recall_score,0.5,2026-05-26,2603427160
0.0,plants_ny_2017,9,rf,nan,nan,nan,rf,nan,nan,recall_score,0.5,2026-05-26,3954823449
0.0,plants_ny_2017,9,rf,nan,nan,nan,rf,nan,nan,recall_score,0.5,2026-05-26,3953031880
0.0,plants_ny_2017,9,rf,nan,nan,nan,rf,nan,nan,recall_score,0.5,2026-05-26,3955058929
0.0,plants_ny_2017,9,rf,nan,nan,nan,rf,nan,nan,recall_score,0.5,2026-05-26,3902628847
0.0,plants_ny_2017,9,rf,nan,nan,nan,rf,nan,nan,recall_score,0.5,2026-05-26,3321001513
0.0,plants_ny_2017,9,rf,nan,nan,nan,rf,nan,nan,recall_score,0.5,2026-05-26,3330626734
0.0,plants_ny_2017,9,rf,nan,nan,nan,rf,nan,nan,recall_score,0.5,2026-05-26,2873871395
0.0,plants_ny_2017,9,rf,nan,nan,nan,rf,nan,nan,recall_score,0.5,2026-05-26,3998011745
0.0,plants_ny_2017,9,rf,nan,nan,nan,rf,nan,nan,recall_score,0.5,2026-05-26,3951920795
0.0,plants_ny_2017,9,rf,nan,nan,nan,rf,nan,nan,recall_score,0.5,2026-05-26,3859456561
0.0,plants_ny_2017,9,rf,nan,nan,nan,rf,nan,nan,recall_score,0.5,2026-05-26,3415916602
0.0,plants_ny_2017,9,rf,nan,nan,nan,rf,nan,nan,recall_score,0.5,2026-05-26,3966468595
0.0,plants_ny_2017,9,rf,nan,nan,nan,rf,nan,nan,recall_score,0.5,2026-05-26,3958578351
0.0,plants_ny_2017,9,rf,nan,nan,nan,rf,nan,nan,recall_score,0.5,2026-05-26,3321271544
0.0,plants_ny_2017,9,rf,nan,nan,nan,rf,nan,nan,recall_score,0.5,2026-05-26,5230376340
0.0,plants_ny_2017,9,rf,nan,nan,nan,rf,nan,nan,recall_score,0.5,2026-05-26,3953934810
0.0,plants_ny_2017,9,rf,nan,nan,nan,rf,nan,nan,recall_score,0.5,2026-05-26,4424237421
0.0,plants_ny_2017,9,rf,nan,nan,nan,rf,nan,nan,recall_score,0.5,2026-05-26,3957231560
0.0,plants_ny_2017,9,rf,nan,nan,nan,rf,nan,nan,recall_score,0.5,2026-05-26,2597702667
0.0,plants_ny_2017,9,rf,nan,nan,nan,rf,nan,nan,recall_score,0.5,2026-05-26,3005182458
0.0,plants_ny_2017,9,rf,nan,nan,nan,rf,nan,nan,recall_score,0.5,2026-05-26,3759718426
0.0,plants_ny_2017,9,rf,nan,nan,nan,rf,nan,nan,recall_score,0.5,2026-05-26,2974337303
0.0,plants_ny_2017,9,rf,nan,nan,nan,rf,nan,nan,recall_score,0.5,2026-05-26,3858332427
0.0,plants_ny_2017,9,rf,nan,nan,nan,rf,nan,nan,recall_score,0.5,2026-05-26,3959675908
0.0,plants_ny_2017,9,rf,nan,nan,nan,rf,nan,nan,recall_score,0.5,2026-05-26,4507600344
0.0,plants_ny_2017,9,rf,nan,nan,nan,rf,nan,nan,recall_score,0.5,2026-05-26,3958698702
0.0,plants_ny_2017,9,rf,nan,nan,nan,rf,nan,nan,recall_score,0.5,2026-05-26,3355014674
0.0,plants_ny_2017,9,rf,nan,nan,nan,rf,nan,nan,recall_score,0.5,2026-05-26,3321026566
0.0,plants_ny_2017,9,rf,nan,nan,nan,rf,nan,nan,recall_score,0.5,2026-05-26,3998361625
0.0,plants_ny_2017,9,rf,nan,nan,nan,rf,nan,nan,recall_score,0.5,2026-05-26,3468982354
0.0,plants_ny_2017,9,rf,nan,nan,nan,rf,nan,nan,recall_score,0.5,2026-05-26,3321305584
0.0,plants_ny_2017,9,rf,nan,nan,nan,rf,nan,nan,recall_score,0.5,2026-05-26,3321222546
0.0,plants_ny_2017,9,rf,nan,nan,nan,rf,nan,nan,recall_score,0.5,2026-05-26,2597864582
0.0,plants_ny_2017,9,rf,nan,nan,nan,rf,nan,nan,recall_score,0.5,2026-05-26,3955245785
0.0,plants_ny_2017,9,rf,nan,nan,nan,rf,nan,nan,recall_score,0.5,2026-05-26,3337719955
0.0,plants_ny_2017,9,rf,nan,nan,nan,rf,nan,nan,recall_score,0.5,2026-05-26,3957007533
0.0,plants_ny_2017,9,rf,nan,nan,nan,rf,nan,nan,recall_score,0.5,2026-05-26,3764483265
0.0,plants_ny_2017,9,rf,nan,nan,nan,rf,nan,nan,recall_score,0.5,2026-05-26,3957207847
0.0,plants_ny_2017,9,rf,nan,nan,nan,rf,nan,nan,recall_score,0.5,2026-05-26,2976431965
0.0,plants_ny_2017,9,rf,nan,nan,nan,rf,nan,nan,recall_score,0.5,2026-05-26,3953150454
0.0,plants_ny_2017,9,rf,nan,nan,nan,rf,nan,nan,recall_score,0.5,2026-05-26,2826156614
0.0,plants_ny_2017,9,rf,nan,nan,nan,rf,nan,nan,recall_score,0.5,2026-05-26,1901034499
0.0,plants_ny_2017,9,rf,nan,nan,nan,rf,nan,nan,recall_score,0.5,2026-05-26,3903018842
0.0,plants_ny_2017,9,rf,nan,nan,nan,rf,nan,nan,recall_score,0.5,2026-05-26,3321263526
0.0,plants_ny_2017,9,rf,nan,nan,nan,rf,nan,nan,recall_score,0.5,2026-05-26,3952534068
0.0,plants_ny_2017,9,rf,nan,nan,nan,rf,nan,nan,recall_score,0.5,2026-05-26,2823283379
0.0,plants_ny_2017,9,rf,nan,nan,nan,rf,nan,nan,recall_score,0.5,2026-05-26,3953218651
0.0,plants_ny_2017,9,rf,nan,nan,nan,rf,nan,nan,recall_score,0.5,2026-05-26,2597868625
0.0,plants_ny_2017,9,rf,nan,nan,nan,rf,nan,nan,recall_score,0.5,2026-05-26,2980836345
0.0,plants_ny_2017,9,rf,nan,nan,nan,rf,nan,nan,recall_score,0.5,2026-05-26,3321014543
0.0,plants_ny_2017,9,rf,nan,nan,nan,rf,nan,nan,recall_score,0.5,2026-05-26,2883066364
0.0,plants_ny_2017,9,rf,nan,nan,nan,rf,nan,nan,recall_score,0.5,2026-05-26,3466240398
0.0,plants_ny_2017,9,rf,nan,nan,nan,rf,nan,nan,recall_score,0.5,2026-05-26,3321015540
0.0,plants_ny_2017,9,rf,nan,nan,nan,rf,nan,nan,recall_score,0.5,2026-05-26,6187968648
0.0,plants_ny_2017,9,rf,nan,nan,nan,rf,nan,nan,recall_score,0.5,2026-05-26,2603310886
0.0,plants_ny_2017,9,rf,nan,nan,nan,rf,nan,nan,recall_score,0.5,2026-05-26,3998406673
0.0,plants_ny_2017,9,rf,nan,nan,nan,rf,nan,nan,recall_score,0.5,2026-05-26,3321266570
0.0,plants_ny_2017,9,rf,nan,nan,nan,rf,nan,nan,recall_score,0.5,2026-05-26,2634377685
0.0,plants_ny_2017,9,rf,nan,nan,nan,rf,nan,nan,recall_score,0.5,2026-05-26,3966389322
0.0,plants_ny_2017,9,rf,nan,nan,nan,rf,nan,nan,recall_score,0.5,2026-05-26,3321302536
0.0,plants_ny_2017,9,rf,nan,nan,nan,rf,nan,nan,recall_score,0.5,2026-05-26,3958033664
0.0,plants_ny_2017,9,rf,nan,nan,nan,rf,nan,nan,recall_score,0.5,2026-05-26,3321019586
0.0,plants_ny_2017,9,rf,nan,nan,nan,rf,nan,nan,recall_score,0.5,2026-05-26,2596115209
0.0,plants_ny_2017,9,rf,nan,nan,nan,rf,nan,nan,recall_score,0.5,2026-05-26,3124904362
0.0,plants_ny_2017,9,rf,nan,nan,nan,rf,nan,nan,recall_score,0.5,2026-05-26,3330465368
0.0,plants_ny_2017,9,rf,nan,nan,nan,rf,nan,nan,recall_score,0.5,2026-05-26,3859115229
0.0,plants_ny_2017,9,rf,nan,nan,nan,rf,nan,nan,recall_score,0.5,2026-05-26,3889185429
0.0,plants_ny_2017,9,rf,nan,nan,nan,rf,nan,nan,recall_score,0.5,2026-05-26,3468719412
0.0,plants_ny_2017,9,rf,nan,nan,nan,rf,nan,nan,recall_score,0.5,2026-05-26,3337993899
0.0,plants_ny_2017,9,rf,nan,nan,nan,rf,nan,nan,recall_score,0.5,2026-05-26,3343910460
0.0,plants_ny_2017,9,rf,nan,nan,nan,rf,nan,nan,recall_score,0.5,2026-05-26,4177110426
0.0,plants_ny_2017,9,rf,nan,nan,nan,rf,nan,nan,recall_score,0.5,2026-05-26,3302232427
0.0,plants_ny_2017,9,rf,nan,nan,nan,rf,nan,nan,recall_score,0.5,2026-05-26,3952851141
0.0,plants_ny_2017,9,rf,nan,nan,nan,rf,nan,nan,recall_score,0.5,2026-05-26,3949455157
0.0,plants_ny_2017,9,rf,nan,nan,nan,rf,nan,nan,recall_score,0.5,2026-05-26,3985647532
0.0,plants_ny_2017,9,rf,nan,nan,nan,rf,nan,nan,recall_score,0.5,2026-05-26,3958128917
0.0,plants_ny_2017,9,rf,nan,nan,nan,rf,nan,nan,recall_score,0.5,2026-05-26,2641289538
0.0,plants_ny_2017,9,rf,nan,nan,nan,rf,nan,nan,recall_score,0.5,2026-05-26,3925182111
0.0,plants_ny_2017,9,rf,nan,nan,nan,rf,nan,nan,recall_score,0.5,2026-05-26,3955517921
0.0,plants_ny_2017,9,rf,nan,nan,nan,rf,nan,nan,recall_score,0.5,2026-05-26,3988645525
0.0,plants_ny_2017,9,rf,nan,nan,nan,rf,nan,nan,recall_score,0.5,2026-05-26,2013733480
0.0,plants_ny_2017,9,rf,nan,nan,nan,rf,nan,nan,recall_score,0.5,2026-05-26,4535635509
0.0,plants_ny_2017,9,rf,nan,nan,nan,rf,nan,nan,recall_score,0.5,2026-05-26,2873906624
0.0,plants_ny_2017,9,rf,nan,nan,nan,rf,nan,nan,recall_score,0.5,2026-05-26,2447841947
0.0,plants_ny_2017,9,rf,nan,nan,nan,rf,nan,nan,recall_score,0.5,2026-05-26,3960990945
0.0,plants_ny_2017,9,rf,nan,nan,nan,rf,nan,nan,recall_score,0.5,2026-05-26,3961245039
0.0,plants_ny_2017,9,rf,nan,nan,nan,rf,nan,nan,recall_score,0.5,2026-05-26,3343955525
0.0,plants_ny_2017,9,rf,nan,nan,nan,rf,nan,nan,recall_score,0.5,2026-05-26,3956155237
0.0,plants_ny_2017,9,rf,nan,nan,nan,rf,nan,nan,recall_score,0.5,2026-05-26,3985612363
0.0,plants_ny_2017,9,rf,nan,nan,nan,rf,nan,nan,recall_score,0.5,2026-05-26,3999198247
0.0,plants_ny_2017,9,rf,nan,nan,nan,rf,nan,nan,recall_score,0.5,2026-05-26,5215926335
0.0,plants_ny_2017,9,rf,nan,nan,nan,rf,nan,nan,recall_score,0.5,2026-05-26,3949548205
0.0,plants_ny_2017,9,rf,nan,nan,nan,rf,nan,nan,recall_score,0.5,2026-05-26,3743024050
0.0,plants_ny_2017,9,rf,nan,nan,nan,rf,nan,nan,recall_score,0.5,2026-05-26,3743172979
0.0,plants_ny_2017,9,rf,nan,nan,nan,rf,nan,nan,recall_score,0.5,2026-05-26,3415955653
0.0,plants_ny_2017,9,rf,nan,nan,nan,rf,nan,nan,recall_score,0.5,2026-05-26,3773459581
0.0,plants_ny_2017,9,rf,nan,nan,nan,rf,nan,nan,recall_score,0.5,2026-05-26,2620028627
0.0,plants_ny_2017,9,rf,nan,nan,nan,rf,nan,nan,recall_score,0.5,2026-05-26,2883164594
0.0,plants_ny_2017,9,rf,nan,nan,nan,rf,nan,nan,recall_score,0.5,2026-05-26,3465998602
0.0,plants_ny_2017,9,rf,nan,nan,nan,rf,nan,nan,recall_score,0.5,2026-05-26,3892408364
0.0,plants_ny_2017,9,rf,nan,nan,nan,rf,nan,nan,recall_score,0.5,2026-05-26,2868183388
0.0,plants_ny_2017,9,rf,nan,nan,nan,rf,nan,nan,recall_score,0.5,2026-05-26,2456508175
0.0,plants_ny_2017,9,rf,nan,nan,nan,rf,nan,nan,recall_score,0.5,2026-05-26,3956661052
0.0,plants_ny_2017,9,rf,nan,nan,nan,rf,nan,nan,recall_score,0.5,2026-05-26,3954746973
0.0,plants_ny_2017,9,rf,nan,nan,nan,rf,nan,nan,recall_score,0.5,2026-05-26,4527953376
0.0,plants_ny_2017,9,rf,nan,nan,nan,rf,nan,nan,recall_score,0.5,2026-05-26,2898516739
0.0,plants_ny_2017,9,rf,nan,nan,nan,rf,nan,nan,recall_score,0.5,2026-05-26,3772470423
0.0,plants_ny_2017,9,rf,nan,nan,nan,rf,nan,nan,recall_score,0.5,2026-05-26,2813862527
0.0,plants_ny_2017,9,rf,nan,nan,nan,rf,nan,nan,recall_score,0.5,2026-05-26,2868342116
0.0,plants_ny_2017,9,rf,nan,nan,nan,rf,nan,nan,recall_score,0.5,2026-05-26,2641489504
0.0,plants_ny_2017,9,rf,nan,nan,nan,rf,nan,nan,recall_score,0.5,2026-05-26,4901369040
0.0,plants_ny_2017,9,rf,nan,nan,nan,rf,nan,nan,recall_score,0.5,2026-05-26,3759622659
0.0,plants_ny_2017,9,rf,nan,nan,nan,rf,nan,nan,recall_score,0.5,2026-05-26,4076229585
0.0,plants_ny_2017,9,rf,nan,nan,nan,rf,nan,nan,recall_score,0.5,2026-05-26,3956144585
0.0,plants_ny_2017,9,rf,nan,nan,nan,rf,nan,nan,recall_score,0.5,2026-05-26,4420677349
0.0,plants_ny_2017,9,rf,nan,nan,nan,rf,nan,nan,recall_score,0.5,2026-05-26,2634278672
0.0,plants_ny_2017,9,rf,nan,nan,nan,rf,nan,nan,recall_score,0.5,2026-05-26,3953249105
0.0,plants_ny_2017,9,rf,nan,nan,nan,rf,nan,nan,recall_score,0.5,2026-05-26,3455964646
0.0,plants_ny_2017,9,rf,nan,nan,nan,rf,nan,nan,recall_score,0.5,2026-05-26,2873859731
0.0,plants_ny_2017,9,rf,nan,nan,nan,rf,nan,nan,recall_score,0.5,2026-05-26,2898516157
0.0,plants_ny_2017,9,rf,nan,nan,nan,rf,nan,nan,recall_score,0.5,2026-05-26,3859054753
0.0,plants_ny_2017,9,rf,nan,nan,nan,rf,nan,nan,recall_score,0.5,2026-05-26,2619991738
0.0,plants_ny_2017,9,rf,nan,nan,nan,rf,nan,nan,recall_score,0.5,2026-05-26,3008441467
0.0,plants_ny_2017,9,rf,nan,nan,nan,rf,nan,nan,recall_score,0.5,2026-05-26,3355269315
0.0,plants_ny_2017,9,rf,nan,nan,nan,rf,nan,nan,recall_score,0.5,2026-05-26,2868243816
0.0,plants_ny_2017,9,rf,nan,nan,nan,rf,nan,nan,recall_score,0.5,2026-05-26,3953015366
0.0,plants_ny_2017,9,rf,nan,nan,nan,rf,nan,nan,recall_score,0.5,2026-05-26,3333248827
0.0,plants_ny_2017,9,rf,nan,nan,nan,rf,nan,nan,recall_score,0.5,2026-05-26,4535879444
0.0,plants_ny_2017,9,rf,nan,nan,nan,rf,nan,nan,recall_score,0.5,2026-05-26,3759094904
0.0,plants_ny_2017,9,rf,nan,nan,nan,rf,nan,nan,recall_score,0.5,2026-05-26,2882944542
0.0,plants_ny_2017,9,rf,nan,nan,nan,rf,nan,nan,recall_score,0.5,2026-05-26,3963280062
0.0,plants_ny_2017,9,rf,nan,nan,nan,rf,nan,nan,recall_score,0.5,2026-05-26,3337778590
0.0,plants_ny_2017,9,rf,nan,nan,nan,rf,nan,nan,recall_score,0.5,2026-05-26,2873775204
0.0,plants_ny_2017,9,rf,nan,nan,nan,rf,nan,nan,recall_score,0.5,2026-05-26,3952038638
0.0,plants_ny_2017,9,rf,nan,nan,nan,rf,nan,nan,recall_score,0.5,2026-05-26,4599763571
0.0,plants_ny_2017,9,rf,nan,nan,nan,rf,nan,nan,recall_score,0.5,2026-05-26,4528213393
0.0,plants_ny_2017,9,rf,nan,nan,nan,rf,nan,nan,recall_score,0.5,2026-05-26,3957180617
0.0,plants_ny_2017,9,rf,nan,nan,nan,rf,nan,nan,recall_score,0.5,2026-05-26,2597876182
0.0,plants_ny_2017,9,rf,nan,nan,nan,rf,nan,nan,recall_score,0.5,2026-05-26,3415384643
0.0,plants_ny_2017,9,rf,nan,nan,nan,rf,nan,nan,recall_score,0.5,2026-05-26,3337565740
0.0,plants_ny_2017,9,rf,nan,nan,nan,rf,nan,nan,recall_score,0.5,2026-05-26,6129826336
0.0,plants_ny_2017,9,rf,nan,nan,nan,rf,nan,nan,recall_score,0.5,2026-05-26,3301904776
0.0,plants_ny_2017,9,rf,nan,nan,nan,rf,nan,nan,recall_score,0.5,2026-05-26,3705573336
0.0,plants_ny_2017,9,rf,nan,nan,nan,rf,nan,nan,recall_score,0.5,2026-05-26,2013732776
0.0,plants_ny_2017,9,rf,nan,nan,nan,rf,nan,nan,recall_score,0.5,2026-05-26,3958795751
0.0,plants_ny_2017,9,rf,nan,nan,nan,rf,nan,nan,recall_score,0.5,2026-05-26,3327754343
0.0,plants_ny_2017,9,rf,nan,nan,nan,rf,nan,nan,recall_score,0.5,2026-05-26,2597878199
0.0,plants_ny_2017,9,rf,nan,nan,nan,rf,nan,nan,recall_score,0.5,2026-05-26,2366059391
0.0,plants_ny_2017,9,rf,nan,nan,nan,rf,nan,nan,recall_score,0.5,2026-05-26,4921840325
0.0,plants_ny_2017,9,rf,nan,nan,nan,rf,nan,nan,recall_score,0.5,2026-05-26,2013732936
0.0,plants_ny_2017,9,rf,nan,nan,nan,rf,nan,nan,recall_score,0.5,2026-05-26,2850900221
0.0,plants_ny_2017,9,rf,nan,nan,nan,rf,nan,nan,recall_score,0.5,2026-05-26,3956871439
0.0,plants_ny_2017,9,rf,nan,nan,nan,rf,nan,nan,recall_score,0.5,2026-05-26,2988472451
0.0,plants_ny_2017,9,rf,nan,nan,nan,rf,nan,nan,recall_score,0.5,2026-05-26,3954521675
0.0,plants_ny_2017,9,rf,nan,nan,nan,rf,nan,nan,recall_score,0.5,2026-05-26,3333084885
0.0,plants_ny_2017,9,rf,nan,nan,nan,rf,nan,nan,recall_score,0.5,2026-05-26,2882925599
0.0,plants_ny_2017,9,rf,nan,nan,nan,rf,nan,nan,recall_score,0.5,2026-05-26,4076296424
0.0,plants_ny_2017,9,rf,nan,nan,nan,rf,nan,nan,recall_score,0.5,2026-05-26,2873763614
0.0,plants_ny_2017,9,rf,nan,nan,nan,rf,nan,nan,recall_score,0.5,2026-05-26,4177195399
0.0,plants_ny_2017,9,rf,nan,nan,nan,rf,nan,nan,recall_score,0.5,2026-05-26,6179302730
0.0,plants_ny_2017,9,rf,nan,nan,nan,rf,nan,nan,recall_score,0.5,2026-05-26,3959481665
0.0,plants_ny_2017,9,rf,nan,nan,nan,rf,nan,nan,recall_score,0.5,2026-05-26,4046239462
0.0,plants_ny_2017,9,rf,nan,nan,nan,rf,nan,nan,recall_score,0.5,2026-05-26,3888715724
0.0,plants_ny_2017,9,rf,nan,nan,nan,rf,nan,nan,recall_score,0.5,2026-05-26,2873953899
0.0,plants_ny_2017,9,rf,nan,nan,nan,rf,nan,nan,recall_score,0.5,2026-05-26,3947440320
0.0,plants_ny_2017,9,rf,nan,nan,nan,rf,nan,nan,recall_score,0.5,2026-05-26,4458747562
0.0,plants_ny_2017,9,rf,nan,nan,nan,rf,nan,nan,recall_score,0.5,2026-05-26,3915427072
0.0,plants_ny_2017,9,rf,nan,nan,nan,rf,nan,nan,recall_score,0.5,2026-05-26,3415655424
0.0,plants_ny_2017,9,rf,nan,nan,nan,rf,nan,nan,recall_score,0.5,2026-05-26,2013732635
0.0,plants_ny_2017,9,rf,nan,nan,nan,rf,nan,nan,recall_score,0.5,2026-05-26,3951628856
0.0,plants_ny_2017,9,rf,nan,nan,nan,rf,nan,nan,recall_score,0.5,2026-05-26,3888714707
0.0,plants_ny_2017,9,rf,nan,nan,nan,rf,nan,nan,recall_score,0.5,2026-05-26,3784799328
0.0,plants_ny_2017,9,rf,nan,nan,nan,rf,nan,nan,recall_score,0.5,2026-05-26,3985643493
0.0,plants_ny_2017,9,rf,nan,nan,nan,rf,nan,nan,recall_score,0.5,2026-05-26,2028445150
0.0,plants_ny_2017,9,rf,nan,nan,nan,rf,nan,nan,recall_score,0.5,2026-05-26,4524889580
0.0,plants_ny_2017,9,rf,nan,nan,nan,rf,nan,nan,recall_score,0.5,2026-05-26,3335103972
0.0,plants_ny_2017,9,rf,nan,nan,nan,rf,nan,nan,recall_score,0.5,2026-05-26,2634082173
0.0,plants_ny_2017,9,rf,nan,nan,nan,rf,nan,nan,recall_score,0.5,2026-05-26,4076253494
0.0,plants_ny_2017,9,rf,nan,nan,nan,rf,nan,nan,recall_score,0.5,2026-05-26,5076758770
0.0,plants_ny_2017,9,rf,nan,nan,nan,rf,nan,nan,recall_score,0.5,2026-05-26,3355057505
0.0,plants_ny_2017,9,rf,nan,nan,nan,rf,nan,nan,recall_score,0.5,2026-05-26,3415479445
0.0,plants_ny_2017,9,rf,nan,nan,nan,rf,nan,nan,recall_score,0.5,2026-05-26,3966733014
0.0,plants_ny_2017,9,rf,nan,nan,nan,rf,nan,nan,recall_score,0.5,2026-05-26,4420953401
0.0,plants_ny_2017,9,rf,nan,nan,nan,rf,nan,nan,recall_score,0.5,2026-05-26,3759188926
0.0,plants_ny_2017,9,rf,nan,nan,nan,rf,nan,nan,recall_score,0.5,2026-05-26,3949896397
0.0,plants_ny_2017,9,rf,nan,nan,nan,rf,nan,nan,recall_score,0.5,2026-05-26,3301836915
0.0,plants_ny_2017,9,rf,nan,nan,nan,rf,nan,nan,recall_score,0.5,2026-05-26,4111803374
0.0,plants_ny_2017,9,rf,nan,nan,nan,rf,nan,nan,recall_score,0.5,2026-05-26,2873850869
0.0,plants_ny_2017,9,rf,nan,nan,nan,rf,nan,nan,recall_score,0.5,2026-05-26,3948964192
0.0,plants_ny_2017,9,rf,nan,nan,nan,rf,nan,nan,recall_score,0.5,2026-05-26,2028445147
0.0,plants_ny_2017,9,rf,nan,nan,nan,rf,nan,nan,recall_score,0.5,2026-05-26,2802558651
0.0,plants_ny_2017,9,rf,nan,nan,nan,rf,nan,nan,recall_score,0.5,2026-05-26,4029047447
0.0,plants_ny_2017,9,rf,nan,nan,nan,rf,nan,nan,recall_score,0.5,2026-05-26,2874012336
0.0,plants_ny_2017,9,rf,nan,nan,nan,rf,nan,nan,recall_score,0.5,2026-05-26,3860259967
0.0,plants_ny_2017,9,rf,nan,nan,nan,rf,nan,nan,recall_score,0.5,2026-05-26,3994043599
0.0,plants_ny_2017,9,rf,nan,nan,nan,rf,nan,nan,recall_score,0.5,2026-05-26,2873777949
0.0,plants_ny_2017,9,rf,nan,nan,nan,rf,nan,nan,recall_score,0.5,2026-05-26,3956843233
0.0,plants_ny_2017,9,rf,nan,nan,nan,rf,nan,nan,recall_score,0.5,2026-05-26,3925108092
0.0,plants_ny_2017,9,rf,nan,nan,nan,rf,nan,nan,recall_score,0.5,2026-05-26,3949303121
0.0,plants_ny_2017,9,rf,nan,nan,nan,rf,nan,nan,recall_score,0.5,2026-05-26,2634316107
0.0,plants_ny_2017,9,rf,nan,nan,nan,rf,nan,nan,recall_score,0.5,2026-05-26,4872233169
0.0,plants_ny_2017,9,rf,nan,nan,nan,rf,nan,nan,recall_score,0.5,2026-05-26,2620038202
0.0,plants_ny_2017,9,rf,nan,nan,nan,rf,nan,nan,recall_score,0.5,2026-05-26,3998367991
0.0,plants_ny_2017,9,rf,nan,nan,nan,rf,nan,nan,recall_score,0.5,2026-05-26,5086908643
0.0,plants_ny_2017,9,rf,nan,nan,nan,rf,nan,nan,recall_score,0.5,2026-05-26,3337545066
0.0,plants_ny_2017,9,rf,nan,nan,nan,rf,nan,nan,recall_score,0.5,2026-05-26,2868307644
0.0,plants_ny_2017,9,rf,nan,nan,nan,rf,nan,nan,recall_score,0.5,2026-05-26,2423037307
0.0,plants_ny_2017,9,rf,nan,nan,nan,rf,nan,nan,recall_score,0.5,2026-05-26,3759200740
0.0,plants_ny_2017,9,rf,nan,nan,nan,rf,nan,nan,recall_score,0.5,2026-05-26,3912432969
0.0,plants_ny_2017,9,rf,nan,nan,nan,rf,nan,nan,recall_score,0.5,2026-05-26,3998808540
0.0,plants_ny_2017,9,rf,nan,nan,nan,rf,nan,nan,recall_score,0.5,2026-05-26,3743319869
0.0,plants_ny_2017,9,rf,nan,nan,nan,rf,nan,nan,recall_score,0.5,2026-05-26,3994054390
0.0,plants_ny_2017,9,rf,nan,nan,nan,rf,nan,nan,recall_score,0.5,2026-05-26,3955628078
0.0,plants_ny_2017,9,rf,nan,nan,nan,rf,nan,nan,recall_score,0.5,2026-05-26,2609173865
0.0,plants_ny_2017,9,rf,nan,nan,nan,rf,nan,nan,recall_score,0.5,2026-05-26,2397648532
0.0,plants_ny_2017,9,rf,nan,nan,nan,rf,nan,nan,recall_score,0.5,2026-05-26,3307175959
0.0,plants_ny_2017,9,rf,nan,nan,nan,rf,nan,nan,recall_score,0.5,2026-05-26,3956681096
0.0,plants_ny_2017,9,rf,nan,nan,nan,rf,nan,nan,recall_score,0.5,2026-05-26,3999188987
0.0,plants_ny_2017,9,rf,nan,nan,nan,rf,nan,nan,recall_score,0.5,2026-05-26,3953738539
0.0,plants_ny_2017,9,rf,nan,nan,nan,rf,nan,nan,recall_score,0.5,2026-05-26,3407995956
0.0,plants_ny_2017,9,rf,nan,nan,nan,rf,nan,nan,recall_score,0.5,2026-05-26,5761134977
0.0,plants_ny_2017,9,rf,nan,nan,nan,rf,nan,nan,recall_score,0.5,2026-05-26,2603327880
0.0,plants_ny_2017,9,rf,nan,nan,nan,rf,nan,nan,recall_score,0.5,2026-05-26,2641520886
0.0,plants_ny_2017,9,rf,nan,nan,nan,rf,nan,nan,recall_score,0.5,2026-05-26,3044634517
0.0,plants_ny_2017,9,rf,nan,nan,nan,rf,nan,nan,recall_score,0.5,2026-05-26,3951699634
0.0,plants_ny_2017,9,rf,nan,nan,nan,rf,nan,nan,recall_score,0.5,2026-05-26,4872222583
0.0,plants_ny_2017,9,rf,nan,nan,nan,rf,nan,nan,recall_score,0.5,2026-05-26,2626123802
0.0,plants_ny_2017,9,rf,nan,nan,nan,rf,nan,nan,recall_score,0.5,2026-05-26,3957759481
0.0,plants_ny_2017,9,rf,nan,nan,nan,rf,nan,nan,recall_score,0.5,2026-05-26,3455227759
0.0,plants_ny_2017,9,rf,nan,nan,nan,rf,nan,nan,recall_score,0.5,2026-05-26,2013732777
0.0,plants_ny_2017,9,rf,nan,nan,nan,rf,nan,nan,recall_score,0.5,2026-05-26,2814040955
0.0,plants_ny_2017,9,rf,nan,nan,nan,rf,nan,nan,recall_score,0.5,2026-05-26,3881562333
0.0,plants_ny_2017,9,rf,nan,nan,nan,rf,nan,nan,recall_score,0.5,2026-05-26,4046577393
0.0,plants_ny_2017,9,rf,nan,nan,nan,rf,nan,nan,recall_score,0.5,2026-05-26,4420827343
0.0,plants_ny_2017,9,rf,nan,nan,nan,rf,nan,nan,recall_score,0.5,2026-05-26,1847412370
0.0,plants_ny_2017,9,rf,nan,nan,nan,rf,nan,nan,recall_score,0.5,2026-05-26,4076242631
0.0,plants_ny_2017,9,rf,nan,nan,nan,rf,nan,nan,recall_score,0.5,2026-05-26,3959288308
0.0,plants_ny_2017,9,rf,nan,nan,nan,rf,nan,nan,recall_score,0.5,2026-05-26,3960251206
0.0,plants_ny_2017,9,rf,nan,nan,nan,rf,nan,nan,recall_score,0.5,2026-05-26,4420914357
0.0,plants_ny_2017,9,rf,nan,nan,nan,rf,nan,nan,recall_score,0.5,2026-05-26,3966594058
0.0,plants_ny_2017,9,rf,nan,nan,nan,rf,nan,nan,recall_score,0.5,2026-05-26,3314230566
0.0,plants_ny_2017,9,rf,nan,nan,nan,rf,nan,nan,recall_score,0.5,2026-05-26,3954160107
0.0,plants_ny_2017,9,rf,nan,nan,nan,rf,nan,nan,recall_score,0.5,2026-05-26,2609137204
0.0,plants_ny_2017,9,rf,nan,nan,nan,rf,nan,nan,recall_score,0.5,2026-05-26,4528157436
0.0,plants_ny_2017,9,rf,nan,nan,nan,rf,nan,nan,recall_score,0.5,2026-05-26,3764533417
0.0,plants_ny_2017,9,rf,nan,nan,nan,rf,nan,nan,recall_score,0.5,2026-05-26,4436076465
0.0,plants_ny_2017,9,rf,nan,nan,nan,rf,nan,nan,recall_score,0.5,2026-05-26,3337736494
0.0,plants_ny_2017,9,rf,nan,nan,nan,rf,nan,nan,recall_score,0.5,2026-05-26,3949454189
0.0,plants_ny_2017,9,rf,nan,nan,nan,rf,nan,nan,recall_score,0.5,2026-05-26,3079801738
0.0,plants_ny_2017,9,rf,nan,nan,nan,rf,nan,nan,recall_score,0.5,2026-05-26,4510200490
0.0,plants_ny_2017,9,rf,nan,nan,nan,rf,nan,nan,recall_score,0.5,2026-05-26,4075660476
0.0,plants_ny_2017,9,rf,nan,nan,nan,rf,nan,nan,recall_score,0.5,2026-05-26,2868192397
0.0,plants_ny_2017,9,rf,nan,nan,nan,rf,nan,nan,recall_score,0.5,2026-05-26,3018085526
0.0,plants_ny_2017,9,rf,nan,nan,nan,rf,nan,nan,recall_score,0.5,2026-05-26,3785074333
0.0,plants_ny_2017,9,rf,nan,nan,nan,rf,nan,nan,recall_score,0.5,2026-05-26,4046514391
0.0,plants_ny_2017,9,rf,nan,nan,nan,rf,nan,nan,recall_score,0.5,2026-05-26,4921429336
0.0,plants_ny_2017,9,rf,nan,nan,nan,rf,nan,nan,recall_score,0.5,2026-05-26,3415660496
0.0,plants_ny_2017,9,rf,nan,nan,nan,rf,nan,nan,recall_score,0.5,2026-05-26,3415427507
0.0,plants_ny_2017,9,rf,nan,nan,nan,rf,nan,nan,recall_score,0.5,2026-05-26,3008425463
0.0,plants_ny_2017,9,rf,nan,nan,nan,rf,nan,nan,recall_score,0.5,2026-05-26,5086876650
0.0,plants_ny_2017,9,rf,nan,nan,nan,rf,nan,nan,recall_score,0.5,2026-05-26,2980808506
0.0,plants_ny_2017,9,rf,nan,nan,nan,rf,nan,nan,recall_score,0.5,2026-05-26,2860130748
0.0,plants_ny_2017,9,rf,nan,nan,nan,rf,nan,nan,recall_score,0.5,2026-05-26,4014892369
0.0,plants_ny_2017,9,rf,nan,nan,nan,rf,nan,nan,recall_score,0.5,2026-05-26,5231058323
0.0,plants_ny_2017,9,rf,nan,nan,nan,rf,nan,nan,recall_score,0.5,2026-05-26,2626294636
0.0,plants_ny_2017,9,rf,nan,nan,nan,rf,nan,nan,recall_score,0.5,2026-05-26,3014082027
0.0,plants_ny_2017,9,rf,nan,nan,nan,rf,nan,nan,recall_score,0.5,2026-05-26,3952596364
0.0,plants_ny_2017,9,rf,nan,nan,nan,rf,nan,nan,recall_score,0.5,2026-05-26,3712512348
0.0,plants_ny_2017,9,rf,nan,nan,nan,rf,nan,nan,recall_score,0.5,2026-05-26,3061623404
0.0,plants_ny_2017,9,rf,nan,nan,nan,rf,nan,nan,recall_score,0.5,2026-05-26,4528169424
0.0,plants_ny_2017,9,rf,nan,nan,nan,rf,nan,nan,recall_score,0.5,2026-05-26,3333070939
0.0,plants_ny_2017,9,rf,nan,nan,nan,rf,nan,nan,recall_score,0.5,2026-05-26,4950557614
0.0,plants_ny_2017,9,rf,nan,nan,nan,rf,nan,nan,recall_score,0.5,2026-05-26,2873912850
0.0,plants_ny_2017,9,rf,nan,nan,nan,rf,nan,nan,recall_score,0.5,2026-05-26,3117851029
0.0,plants_ny_2017,9,rf,nan,nan,nan,rf,nan,nan,recall_score,0.5,2026-05-26,2873955778
0.0,plants_ny_2017,9,rf,nan,nan,nan,rf,nan,nan,recall_score,0.5,2026-05-26,3079533130
0.0,plants_ny_2017,9,rf,nan,nan,nan,rf,nan,nan,recall_score,0.5,2026-05-26,2252044867
0.0,plants_ny_2017,9,rf,nan,nan,nan,rf,nan,nan,recall_score,0.5,2026-05-26,2873731714
0.0,plants_ny_2017,9,rf,nan,nan,nan,rf,nan,nan,recall_score,0.5,2026-05-26,3956603466
0.0,plants_ny_2017,9,rf,nan,nan,nan,rf,nan,nan,recall_score,0.5,2026-05-26,2901572505
0.0,plants_ny_2017,9,rf,nan,nan,nan,rf,nan,nan,recall_score,0.5,2026-05-26,3391394377
0.0,plants_ny_2017,9,rf,nan,nan,nan,rf,nan,nan,recall_score,0.5,2026-05-26,2873775491
0.0,plants_ny_2017,9,rf,nan,nan,nan,rf,nan,nan,recall_score,0.5,2026-05-26,2641392339
0.0,plants_ny_2017,9,rf,nan,nan,nan,rf,nan,nan,recall_score,0.5,2026-05-26,2856800484
0.0,plants_ny_2017,9,rf,nan,nan,nan,rf,nan,nan,recall_score,0.5,2026-05-26,2963952417
0.0,plants_ny_2017,9,rf,nan,nan,nan,rf,nan,nan,recall_score,0.5,2026-05-26,2873717827
0.0,plants_ny_2017,9,rf,nan,nan,nan,rf,nan,nan,recall_score,0.5,2026-05-26,5230931328
0.0,plants_ny_2017,9,rf,nan,nan,nan,rf,nan,nan,recall_score,0.5,2026-05-26,5062453921
0.0,plants_ny_2017,9,rf,nan,nan,nan,rf,nan,nan,recall_score,0.5,2026-05-26,4952346032
0.0,plants_ny_2017,9,rf,nan,nan,nan,rf,nan,nan,recall_score,0.5,2026-05-26,3953935990
0.0,plants_ny_2017,9,rf,nan,nan,nan,rf,nan,nan,recall_score,0.5,2026-05-26,2814058717
0.0,plants_ny_2017,9,rf,nan,nan,nan,rf,nan,nan,recall_score,0.5,2026-05-26,2862326007
0.0,plants_ny_2017,9,rf,nan,nan,nan,rf,nan,nan,recall_score,0.5,2026-05-26,4535774445
0.0,plants_ny_2017,9,rf,nan,nan,nan,rf,nan,nan,recall_score,0.5,2026-05-26,2596238191
0.0,plants_ny_2017,9,rf,nan,nan,nan,rf,nan,nan,recall_score,0.5,2026-05-26,3785026340
0.0,plants_ny_2017,9,rf,nan,nan,nan,rf,nan,nan,recall_score,0.5,2026-05-26,2252042327
0.0,plants_ny_2017,9,rf,nan,nan,nan,rf,nan,nan,recall_score,0.5,2026-05-26,2252044288
0.0,plants_ny_2017,9,rf,nan,nan,nan,rf,nan,nan,recall_score,0.5,2026-05-26,2641529211
0.0,plants_ny_2017,9,rf,nan,nan,nan,rf,nan,nan,recall_score,0.5,2026-05-26,2856846457
0.0,plants_ny_2017,9,rf,nan,nan,nan,rf,nan,nan,recall_score,0.5,2026-05-26,3455221280
0.0,plants_ny_2017,9,rf,nan,nan,nan,rf,nan,nan,recall_score,0.5,2026-05-26,2883164424
0.0,plants_ny_2017,9,rf,nan,nan,nan,rf,nan,nan,recall_score,0.5,2026-05-26,2641413278
0.0,plants_ny_2017,9,rf,nan,nan,nan,rf,nan,nan,recall_score,0.5,2026-05-26,2864865797
0.0,plants_ny_2017,9,rf,nan,nan,nan,rf,nan,nan,recall_score,0.5,2026-05-26,2873970909
0.0,plants_ny_2017,9,rf,nan,nan,nan,rf,nan,nan,recall_score,0.5,2026-05-26,2873903604
0.0,plants_ny_2017,9,rf,nan,nan,nan,rf,nan,nan,recall_score,0.5,2026-05-26,2873978641
0.0,plants_ny_2017,9,rf,nan,nan,nan,rf,nan,nan,recall_score,0.5,2026-05-26,2873780643
0.0,plants_ny_2017,9,rf,nan,nan,nan,rf,nan,nan,recall_score,0.5,2026-05-26,3044862036
0.0,plants_ny_2017,9,rf,nan,nan,nan,rf,nan,nan,recall_score,0.5,2026-05-26,2429558347
0.0,plants_ny_2017,9,rf,nan,nan,nan,rf,nan,nan,recall_score,0.5,2026-05-26,2873750737
0.0,plants_ny_2017,9,rf,nan,nan,nan,rf,nan,nan,recall_score,0.5,2026-05-26,2873896057
0.0,plants_ny_2017,9,rf,nan,nan,nan,rf,nan,nan,recall_score,0.5,2026-05-26,2634423128
0.0,plants_ny_2017,9,rf,nan,nan,nan,rf,nan,nan,recall_score,0.5,2026-05-26,2283173429
0.0,plants_ny_2017,9,rf,nan,nan,nan,rf,nan,nan,recall_score,0.5,2026-05-26,3955271575
0.0,plants_ny_2017,9,rf,nan,nan,nan,rf,nan,nan,recall_score,0.5,2026-05-26,3881779021
0.0,plants_ny_2017,9,rf,nan,nan,nan,rf,nan,nan,recall_score,0.5,2026-05-26,2641449396
0.0,plants_ny_2017,9,rf,nan,nan,nan,rf,nan,nan,recall_score,0.5,2026-05-26,5062478881
0.0,plants_ny_2017,9,rf,nan,nan,nan,rf,nan,nan,recall_score,0.5,2026-05-26,3415594611
0.0,plants_ny_2017,9,rf,nan,nan,nan,rf,nan,nan,recall_score,0.5,2026-05-26,4507766518
0.0,plants_ny_2017,9,rf,nan,nan,nan,rf,nan,nan,recall_score,0.5,2026-05-26,2859960665
0.0,plants_ny_2017,9,rf,nan,nan,nan,rf,nan,nan,recall_score,0.5,2026-05-26,3455202912
0.0,plants_ny_2017,9,rf,nan,nan,nan,rf,nan,nan,recall_score,0.5,2026-05-26,2862492531
0.0,plants_ny_2017,9,rf,nan,nan,nan,rf,nan,nan,recall_score,0.5,2026-05-26,4528135535
0.0,plants_ny_2017,9,rf,nan,nan,nan,rf,nan,nan,recall_score,0.5,2026-05-26,2826413627
0.0,plants_ny_2017,9,rf,nan,nan,nan,rf,nan,nan,recall_score,0.5,2026-05-26,5838304880
0.0,plants_ny_2017,9,rf,nan,nan,nan,rf,nan,nan,recall_score,0.5,2026-05-26,4950049010
0.0,plants_ny_2017,9,rf,nan,nan,nan,rf,nan,nan,recall_score,0.5,2026-05-26,3017997497
0.0,plants_ny_2017,9,rf,nan,nan,nan,rf,nan,nan,recall_score,0.5,2026-05-26,4424166351
0.0,plants_ny_2017,9,rf,nan,nan,nan,rf,nan,nan,recall_score,0.5,2026-05-26,5230829327
0.0,plants_ny_2017,9,rf,nan,nan,nan,rf,nan,nan,recall_score,0.5,2026-05-26,5076770424
0.0,plants_ny_2017,9,rf,nan,nan,nan,rf,nan,nan,recall_score,0.5,2026-05-26,2641528222
0.0,plants_ny_2017,9,rf,nan,nan,nan,rf,nan,nan,recall_score,0.5,2026-05-26,2818568503
0.0,plants_ny_2017,9,rf,nan,nan,nan,rf,nan,nan,recall_score,0.5,2026-05-26,3858226578
0.0,plants_ny_2017,9,rf,nan,nan,nan,rf,nan,nan,recall_score,0.5,2026-05-26,2883168515
0.0,plants_ny_2017,9,rf,nan,nan,nan,rf,nan,nan,recall_score,0.5,2026-05-26,2814052565
0.0,plants_ny_2017,9,rf,nan,nan,nan,rf,nan,nan,recall_score,0.5,2026-05-26,3333122901
0.0,plants_ny_2017,9,rf,nan,nan,nan,rf,nan,nan,recall_score,0.5,2026-05-26,2634377589
0.0,plants_ny_2017,9,rf,nan,nan,nan,rf,nan,nan,recall_score,0.5,2026-05-26,2873834807
0.0,plants_ny_2017,9,rf,nan,nan,nan,rf,nan,nan,recall_score,0.5,2026-05-26,3455402003
0.0,plants_ny_2017,9,rf,nan,nan,nan,rf,nan,nan,recall_score,0.5,2026-05-26,3008453546
0.0,plants_ny_2017,9,rf,nan,nan,nan,rf,nan,nan,recall_score,0.5,2026-05-26,2818834502
0.0,plants_ny_2017,9,rf,nan,nan,nan,rf,nan,nan,recall_score,0.5,2026-05-26,2901604538
0.0,plants_ny_2017,9,rf,nan,nan,nan,rf,nan,nan,recall_score,0.5,2026-05-26,2311400387
0.0,plants_ny_2017,9,rf,nan,nan,nan,rf,nan,nan,recall_score,0.5,2026-05-26,3759093478
0.0,plants_ny_2017,9,rf,nan,nan,nan,rf,nan,nan,recall_score,0.5,2026-05-26,3044760364
0.0,plants_ny_2017,9,rf,nan,nan,nan,rf,nan,nan,recall_score,0.5,2026-05-26,3097289701
0.0,plants_ny_2017,9,rf,nan,nan,nan,rf,nan,nan,recall_score,0.5,2026-05-26,1901045278
0.0,plants_ny_2017,9,rf,nan,nan,nan,rf,nan,nan,recall_score,0.5,2026-05-26,3952322518
0.0,plants_ny_2017,9,rf,nan,nan,nan,rf,nan,nan,recall_score,0.5,2026-05-26,4076242411
0.0,plants_ny_2017,9,rf,nan,nan,nan,rf,nan,nan,recall_score,0.5,2026-05-26,2980991461
0.0,plants_ny_2017,9,rf,nan,nan,nan,rf,nan,nan,recall_score,0.5,2026-05-26,3957501297
0.0,plants_ny_2017,9,rf,nan,nan,nan,rf,nan,nan,recall_score,0.5,2026-05-26,3415512010
0.0,plants_ny_2017,9,rf,nan,nan,nan,rf,nan,nan,recall_score,0.5,2026-05-26,2873904410
0.0,plants_ny_2017,9,rf,nan,nan,nan,rf,nan,nan,recall_score,0.5,2026-05-26,2883174383
0.0,plants_ny_2017,9,rf,nan,nan,nan,rf,nan,nan,recall_score,0.5,2026-05-26,4009738340
0.0,plants_ny_2017,9,rf,nan,nan,nan,rf,nan,nan,recall_score,0.5,2026-05-26,4528135390
0.0,plants_ny_2017,9,rf,nan,nan,nan,rf,nan,nan,recall_score,0.5,2026-05-26,3456320449
0.0,plants_ny_2017,9,rf,nan,nan,nan,rf,nan,nan,recall_score,0.5,2026-05-26,5838356649
0.0,plants_ny_2017,9,rf,nan,nan,nan,rf,nan,nan,recall_score,0.5,2026-05-26,2882955403
0.0,plants_ny_2017,9,rf,nan,nan,nan,rf,nan,nan,recall_score,0.5,2026-05-26,2873888833
0.0,plants_ny_2017,9,rf,nan,nan,nan,rf,nan,nan,recall_score,0.5,2026-05-26,4903941806
0.0,plants_ny_2017,9,rf,nan,nan,nan,rf,nan,nan,recall_score,0.5,2026-05-26,3058857526
0.0,plants_ny_2017,9,rf,nan,nan,nan,rf,nan,nan,recall_score,0.5,2026-05-26,2873937134
0.0,plants_ny_2017,9,rf,nan,nan,nan,rf,nan,nan,recall_score,0.5,2026-05-26,3059050363
0.0,plants_ny_2017,9,rf,nan,nan,nan,rf,nan,nan,recall_score,0.5,2026-05-26,1839208797
0.0,plants_ny_2017,9,rf,nan,nan,nan,rf,nan,nan,recall_score,0.5,2026-05-26,2873772824
0.0,plants_ny_2017,9,rf,nan,nan,nan,rf,nan,nan,recall_score,0.5,2026-05-26,4950057946
0.0,plants_ny_2017,9,rf,nan,nan,nan,rf,nan,nan,recall_score,0.5,2026-05-26,2429558103
0.0,plants_ny_2017,9,rf,nan,nan,nan,rf,nan,nan,recall_score,0.5,2026-05-26,2984441324
0.0,plants_ny_2017,9,rf,nan,nan,nan,rf,nan,nan,recall_score,0.5,2026-05-26,2856690495
0.0,plants_ny_2017,9,rf,nan,nan,nan,rf,nan,nan,recall_score,0.5,2026-05-26,5188141486
0.0,plants_ny_2017,9,rf,nan,nan,nan,rf,nan,nan,recall_score,0.5,2026-05-26,4171155343
0.0,plants_ny_2017,9,rf,nan,nan,nan,rf,nan,nan,recall_score,0.5,2026-05-26,2826366116
0.0,plants_ny_2017,9,rf,nan,nan,nan,rf,nan,nan,recall_score,0.5,2026-05-26,2984444467
0.0,plants_ny_2017,9,rf,nan,nan,nan,rf,nan,nan,recall_score,0.5,2026-05-26,2988411648
0.0,plants_ny_2017,9,rf,nan,nan,nan,rf,nan,nan,recall_score,0.5,2026-05-26,4528140431
0.0,plants_ny_2017,9,rf,nan,nan,nan,rf,nan,nan,recall_score,0.5,2026-05-26,1899791040
0.0,plants_ny_2017,9,rf,nan,nan,nan,rf,nan,nan,recall_score,0.5,2026-05-26,2898511518
0.0,plants_ny_2017,9,rf,nan,nan,nan,rf,nan,nan,recall_score,0.5,2026-05-26,2641500226
0.0,plants_ny_2017,9,rf,nan,nan,nan,rf,nan,nan,recall_score,0.5,2026-05-26,3985757489
0.0,plants_ny_2017,9,rf,nan,nan,nan,rf,nan,nan,recall_score,0.5,2026-05-26,2563454917
0.0,plants_ny_2017,9,rf,nan,nan,nan,rf,nan,nan,recall_score,0.5,2026-05-26,4600016345
0.0,plants_ny_2017,9,rf,nan,nan,nan,rf,nan,nan,recall_score,0.5,2026-05-26,2868092011
0.0,plants_ny_2017,9,rf,nan,nan,nan,rf,nan,nan,recall_score,0.5,2026-05-26,3415631881
0.0,plants_ny_2017,9,rf,nan,nan,nan,rf,nan,nan,recall_score,0.5,2026-05-26,2873912844
0.0,plants_ny_2017,9,rf,nan,nan,nan,rf,nan,nan,recall_score,0.5,2026-05-26,3416029157
0.0,plants_ny_2017,9,rf,nan,nan,nan,rf,nan,nan,recall_score,0.5,2026-05-26,2883073537
0.0,plants_ny_2017,9,rf,nan,nan,nan,rf,nan,nan,recall_score,0.5,2026-05-26,2856841476
0.0,plants_ny_2017,9,rf,nan,nan,nan,rf,nan,nan,recall_score,0.5,2026-05-26,3892401372
0.0,plants_ny_2017,9,rf,nan,nan,nan,rf,nan,nan,recall_score,0.5,2026-05-26,2873960673
0.0,plants_ny_2017,9,rf,nan,nan,nan,rf,nan,nan,recall_score,0.5,2026-05-26,4075609428
0.0,plants_ny_2017,9,rf,nan,nan,nan,rf,nan,nan,recall_score,0.5,2026-05-26,4950170246
0.0,plants_ny_2017,9,rf,nan,nan,nan,rf,nan,nan,recall_score,0.5,2026-05-26,3044606689
0.0,plants_ny_2017,9,rf,nan,nan,nan,rf,nan,nan,recall_score,0.5,2026-05-26,3985994785
0.0,plants_ny_2017,9,rf,nan,nan,nan,rf,nan,nan,recall_score,0.5,2026-05-26,2422941010
0.0,plants_ny_2017,9,rf,nan,nan,nan,rf,nan,nan,recall_score,0.5,2026-05-26,2873810805
0.0,plants_ny_2017,9,rf,nan,nan,nan,rf,nan,nan,recall_score,0.5,2026-05-26,5217319380
0.0,plants_ny_2017,9,rf,nan,nan,nan,rf,nan,nan,recall_score,0.5,2026-05-26,4438661407
0.0,plants_ny_2017,9,rf,nan,nan,nan,rf,nan,nan,recall_score,0.5,2026-05-26,2873895780
0.0,plants_ny_2017,9,rf,nan,nan,nan,rf,nan,nan,recall_score,0.5,2026-05-26,3466093477
0.0,plants_ny_2017,9,rf,nan,nan,nan,rf,nan,nan,recall_score,0.5,2026-05-26,3966527283
0.0,plants_ny_2017,9,rf,nan,nan,nan,rf,nan,nan,recall_score,0.5,2026-05-26,3455307615
0.0,plants_ny_2017,9,rf,nan,nan,nan,rf,nan,nan,recall_score,0.5,2026-05-26,3956541309
0.0,plants_ny_2017,9,rf,nan,nan,nan,rf,nan,nan,recall_score,0.5,2026-05-26,2868343059
0.0,plants_ny_2017,9,rf,nan,nan,nan,rf,nan,nan,recall_score,0.5,2026-05-26,3039390690
0.0,plants_ny_2017,9,rf,nan,nan,nan,rf,nan,nan,recall_score,0.5,2026-05-26,2818707638
0.0,plants_ny_2017,9,rf,nan,nan,nan,rf,nan,nan,recall_score,0.5,2026-05-26,2873906619
0.0,plants_ny_2017,9,rf,nan,nan,nan,rf,nan,nan,recall_score,0.5,2026-05-26,3957719057
0.0,plants_ny_2017,9,rf,nan,nan,nan,rf,nan,nan,recall_score,0.5,2026-05-26,2283174074
0.0,plants_ny_2017,9,rf,nan,nan,nan,rf,nan,nan,recall_score,0.5,2026-05-26,4028601407
0.0,plants_ny_2017,9,rf,nan,nan,nan,rf,nan,nan,recall_score,0.5,2026-05-26,3902137812
0.0,plants_ny_2017,9,rf,nan,nan,nan,rf,nan,nan,recall_score,0.5,2026-05-26,4162026339
0.0,plants_ny_2017,9,rf,nan,nan,nan,rf,nan,nan,recall_score,0.5,2026-05-26,2873880124
0.0,plants_ny_2017,9,rf,nan,nan,nan,rf,nan,nan,recall_score,0.5,2026-05-26,4516623424
0.0,plants_ny_2017,9,rf,nan,nan,nan,rf,nan,nan,recall_score,0.5,2026-05-26,2823343523
0.0,plants_ny_2017,9,rf,nan,nan,nan,rf,nan,nan,recall_score,0.5,2026-05-26,4952784407
0.0,plants_ny_2017,9,rf,nan,nan,nan,rf,nan,nan,recall_score,0.5,2026-05-26,5076767459
0.0,plants_ny_2017,9,rf,nan,nan,nan,rf,nan,nan,recall_score,0.5,2026-05-26,2619976955
0.0,plants_ny_2017,9,rf,nan,nan,nan,rf,nan,nan,recall_score,0.5,2026-05-26,4901966468
0.0,plants_ny_2017,9,rf,nan,nan,nan,rf,nan,nan,recall_score,0.5,2026-05-26,3407985452
0.0,plants_ny_2017,9,rf,nan,nan,nan,rf,nan,nan,recall_score,0.5,2026-05-26,2898475521
0.0,plants_ny_2017,9,rf,nan,nan,nan,rf,nan,nan,recall_score,0.5,2026-05-26,3747029372
0.0,plants_ny_2017,9,rf,nan,nan,nan,rf,nan,nan,recall_score,0.5,2026-05-26,3947649391
0.0,plants_ny_2017,9,rf,nan,nan,nan,rf,nan,nan,recall_score,0.5,2026-05-26,2873787549
0.0,plants_ny_2017,9,rf,nan,nan,nan,rf,nan,nan,recall_score,0.5,2026-05-26,3325559441
0.0,plants_ny_2017,9,rf,nan,nan,nan,rf,nan,nan,recall_score,0.5,2026-05-26,3355007736
0.0,plants_ny_2017,9,rf,nan,nan,nan,rf,nan,nan,recall_score,0.5,2026-05-26,3399416104
0.0,plants_ny_2017,9,rf,nan,nan,nan,rf,nan,nan,recall_score,0.5,2026-05-26,2641400054
0.0,plants_ny_2017,9,rf,nan,nan,nan,rf,nan,nan,recall_score,0.5,2026-05-26,3455396122
0.0,plants_ny_2017,9,rf,nan,nan,nan,rf,nan,nan,recall_score,0.5,2026-05-26,3954454605
0.0,plants_ny_2017,9,rf,nan,nan,nan,rf,nan,nan,recall_score,0.5,2026-05-26,2802779389
0.0,plants_ny_2017,9,rf,nan,nan,nan,rf,nan,nan,recall_score,0.5,2026-05-26,3959396692
0.0,plants_ny_2017,9,rf,nan,nan,nan,rf,nan,nan,recall_score,0.5,2026-05-26,3355818039
0.0,plants_ny_2017,9,rf,nan,nan,nan,rf,nan,nan,recall_score,0.5,2026-05-26,3335416365
0.0,plants_ny_2017,9,rf,nan,nan,nan,rf,nan,nan,recall_score,0.5,2026-05-26,5837795318
0.0,plants_ny_2017,9,rf,nan,nan,nan,rf,nan,nan,recall_score,0.5,2026-05-26,2883092752
0.0,plants_ny_2017,9,rf,nan,nan,nan,rf,nan,nan,recall_score,0.5,2026-05-26,2873759803
0.0,plants_ny_2017,9,rf,nan,nan,nan,rf,nan,nan,recall_score,0.5,2026-05-26,3949158036
0.0,plants_ny_2017,9,rf,nan,nan,nan,rf,nan,nan,recall_score,0.5,2026-05-26,3958291168
0.0,plants_ny_2017,9,rf,nan,nan,nan,rf,nan,nan,recall_score,0.5,2026-05-26,3872911523
0.0,plants_ny_2017,9,rf,nan,nan,nan,rf,nan,nan,recall_score,0.5,2026-05-26,2963809477
0.0,plants_ny_2017,9,rf,nan,nan,nan,rf,nan,nan,recall_score,0.5,2026-05-26,3902076498
0.0,plants_ny_2017,9,rf,nan,nan,nan,rf,nan,nan,recall_score,0.5,2026-05-26,4076241748
0.0,plants_ny_2017,9,rf,nan,nan,nan,rf,nan,nan,recall_score,0.5,2026-05-26,5076743420
0.0,plants_ny_2017,9,rf,nan,nan,nan,rf,nan,nan,recall_score,0.5,2026-05-26,4075733525
0.0,plants_ny_2017,9,rf,nan,nan,nan,rf,nan,nan,recall_score,0.5,2026-05-26,2873867830
0.0,plants_ny_2017,9,rf,nan,nan,nan,rf,nan,nan,recall_score,0.5,2026-05-26,2901594646
0.0,plants_ny_2017,9,rf,nan,nan,nan,rf,nan,nan,recall_score,0.5,2026-05-26,2873937744
0.0,plants_ny_2017,9,rf,nan,nan,nan,rf,nan,nan,recall_score,0.5,2026-05-26,2611348439
0.0,plants_ny_2017,9,rf,nan,nan,nan,rf,nan,nan,recall_score,0.5,2026-05-26,2873835814
0.0,plants_ny_2017,9,rf,nan,nan,nan,rf,nan,nan,recall_score,0.5,2026-05-26,4009795353
0.0,plants_ny_2017,9,rf,nan,nan,nan,rf,nan,nan,recall_score,0.5,2026-05-26,3384237108
0.0,plants_ny_2017,9,rf,nan,nan,nan,rf,nan,nan,recall_score,0.5,2026-05-26,3399123093
0.0,plants_ny_2017,9,rf,nan,nan,nan,rf,nan,nan,recall_score,0.5,2026-05-26,4901798226
0.0,plants_ny_2017,9,rf,nan,nan,nan,rf,nan,nan,recall_score,0.5,2026-05-26,4506244337
0.0,plants_ny_2017,9,rf,nan,nan,nan,rf,nan,nan,recall_score,0.5,2026-05-26,2859934580
0.0,plants_ny_2017,9,rf,nan,nan,nan,rf,nan,nan,recall_score,0.5,2026-05-26,2283175485
0.0,plants_ny_2017,9,rf,nan,nan,nan,rf,nan,nan,recall_score,0.5,2026-05-26,3956600857
0.0,plants_ny_2017,9,rf,nan,nan,nan,rf,nan,nan,recall_score,0.5,2026-05-26,5109386588
0.0,plants_ny_2017,9,rf,nan,nan,nan,rf,nan,nan,recall_score,0.5,2026-05-26,3743262342
0.0,plants_ny_2017,9,rf,nan,nan,nan,rf,nan,nan,recall_score,0.5,2026-05-26,2813968364
0.0,plants_ny_2017,9,rf,nan,nan,nan,rf,nan,nan,recall_score,0.5,2026-05-26,3759101466
0.0,plants_ny_2017,9,rf,nan,nan,nan,rf,nan,nan,recall_score,0.5,2026-05-26,5837934263
0.0,plants_ny_2017,9,rf,nan,nan,nan,rf,nan,nan,recall_score,0.5,2026-05-26,3355338024
0.0,plants_ny_2017,9,rf,nan,nan,nan,rf,nan,nan,recall_score,0.5,2026-05-26,3058917559
0.0,plants_ny_2017,9,rf,nan,nan,nan,rf,nan,nan,recall_score,0.5,2026-05-26,2873809806
0.0,plants_ny_2017,9,rf,nan,nan,nan,rf,nan,nan,recall_score,0.5,2026-05-26,2873792808
0.0,plants_ny_2017,9,rf,nan,nan,nan,rf,nan,nan,recall_score,0.5,2026-05-26,3008467473
0.0,plants_ny_2017,9,rf,nan,nan,nan,rf,nan,nan,recall_score,0.5,2026-05-26,2873882670
0.0,plants_ny_2017,9,rf,nan,nan,nan,rf,nan,nan,recall_score,0.5,2026-05-26,2873870682
0.0,plants_ny_2017,9,rf,nan,nan,nan,rf,nan,nan,recall_score,0.5,2026-05-26,2366090011
0.0,plants_ny_2017,9,rf,nan,nan,nan,rf,nan,nan,recall_score,0.5,2026-05-26,2883148492
0.0,plants_ny_2017,9,rf,nan,nan,nan,rf,nan,nan,recall_score,0.5,2026-05-26,3307433634
0.0,plants_ny_2017,9,rf,nan,nan,nan,rf,nan,nan,recall_score,0.5,2026-05-26,3961028348
0.0,plants_ny_2017,9,rf,nan,nan,nan,rf,nan,nan,recall_score,0.5,2026-05-26,2873715801
0.0,plants_ny_2017,9,rf,nan,nan,nan,rf,nan,nan,recall_score,0.5,2026-05-26,3415419508
0.0,plants_ny_2017,9,rf,nan,nan,nan,rf,nan,nan,recall_score,0.5,2026-05-26,3743130375
0.0,plants_ny_2017,9,rf,nan,nan,nan,rf,nan,nan,recall_score,0.5,2026-05-26,2873756048
0.0,plants_ny_2017,9,rf,nan,nan,nan,rf,nan,nan,recall_score,0.5,2026-05-26,2873875567
0.0,plants_ny_2017,9,rf,nan,nan,nan,rf,nan,nan,recall_score,0.5,2026-05-26,3915462373
0.0,plants_ny_2017,9,rf,nan,nan,nan,rf,nan,nan,recall_score,0.5,2026-05-26,2873949019
0.0,plants_ny_2017,9,rf,nan,nan,nan,rf,nan,nan,recall_score,0.5,2026-05-26,3712543353
0.0,plants_ny_2017,9,rf,nan,nan,nan,rf,nan,nan,recall_score,0.5,2026-05-26,2873760785
0.0,plants_ny_2017,9,rf,nan,nan,nan,rf,nan,nan,recall_score,0.5,2026-05-26,3398646110
0.0,plants_ny_2017,9,rf,nan,nan,nan,rf,nan,nan,recall_score,0.5,2026-05-26,3953949917
0.0,plants_ny_2017,9,rf,nan,nan,nan,rf,nan,nan,recall_score,0.5,2026-05-26,3881573703
0.0,plants_ny_2017,9,rf,nan,nan,nan,rf,nan,nan,recall_score,0.5,2026-05-26,3391686851
0.0,plants_ny_2017,9,rf,nan,nan,nan,rf,nan,nan,recall_score,0.5,2026-05-26,2429301395
0.0,plants_ny_2017,9,rf,nan,nan,nan,rf,nan,nan,recall_score,0.5,2026-05-26,2860143686
0.0,plants_ny_2017,9,rf,nan,nan,nan,rf,nan,nan,recall_score,0.5,2026-05-26,4028825397
0.0,plants_ny_2017,9,rf,nan,nan,nan,rf,nan,nan,recall_score,0.5,2026-05-26,3966548716
0.0,plants_ny_2017,9,rf,nan,nan,nan,rf,nan,nan,recall_score,0.5,2026-05-26,2873811038
0.0,plants_ny_2017,9,rf,nan,nan,nan,rf,nan,nan,recall_score,0.5,2026-05-26,3859031596
0.0,plants_ny_2017,9,rf,nan,nan,nan,rf,nan,nan,recall_score,0.5,2026-05-26,2814243950
0.0,plants_ny_2017,9,rf,nan,nan,nan,rf,nan,nan,recall_score,0.5,2026-05-26,3384385635
0.0,plants_ny_2017,9,rf,nan,nan,nan,rf,nan,nan,recall_score,0.5,2026-05-26,2873794888
0.0,plants_ny_2017,9,rf,nan,nan,nan,rf,nan,nan,recall_score,0.5,2026-05-26,3912090462
0.0,plants_ny_2017,9,rf,nan,nan,nan,rf,nan,nan,recall_score,0.5,2026-05-26,3966415700
0.0,plants_ny_2017,9,rf,nan,nan,nan,rf,nan,nan,recall_score,0.5,2026-05-26,4153542375
0.0,plants_ny_2017,9,rf,nan,nan,nan,rf,nan,nan,recall_score,0.5,2026-05-26,3455803428
0.0,plants_ny_2017,9,rf,nan,nan,nan,rf,nan,nan,recall_score,0.5,2026-05-26,3343816487
0.0,plants_ny_2017,9,rf,nan,nan,nan,rf,nan,nan,recall_score,0.5,2026-05-26,3859558157
0.0,plants_ny_2017,9,rf,nan,nan,nan,rf,nan,nan,recall_score,0.5,2026-05-26,2873762750
0.0,plants_ny_2017,9,rf,nan,nan,nan,rf,nan,nan,recall_score,0.5,2026-05-26,5076752710
0.0,plants_ny_2017,9,rf,nan,nan,nan,rf,nan,nan,recall_score,0.5,2026-05-26,3923227489
0.0,plants_ny_2017,9,rf,nan,nan,nan,rf,nan,nan,recall_score,0.5,2026-05-26,2873891724
0.0,plants_ny_2017,9,rf,nan,nan,nan,rf,nan,nan,recall_score,0.5,2026-05-26,2873845691
0.0,plants_ny_2017,9,rf,nan,nan,nan,rf,nan,nan,recall_score,0.5,2026-05-26,2873976634
0.0,plants_ny_2017,9,rf,nan,nan,nan,rf,nan,nan,recall_score,0.5,2026-05-26,3957953670
0.0,plants_ny_2017,9,rf,nan,nan,nan,rf,nan,nan,recall_score,0.5,2026-05-26,2873843942
0.0,plants_ny_2017,9,rf,nan,nan,nan,rf,nan,nan,recall_score,0.5,2026-05-26,2873972787
0.0,plants_ny_2017,9,rf,nan,nan,nan,rf,nan,nan,recall_score,0.5,2026-05-26,2873845583
0.0,plants_ny_2017,9,rf,nan,nan,nan,rf,nan,nan,recall_score,0.5,2026-05-26,4028790446
0.0,plants_ny_2017,9,rf,nan,nan,nan,rf,nan,nan,recall_score,0.5,2026-05-26,2814197738
0.0,plants_ny_2017,9,rf,nan,nan,nan,rf,nan,nan,recall_score,0.5,2026-05-26,2859938104
0.0,plants_ny_2017,9,rf,nan,nan,nan,rf,nan,nan,recall_score,0.5,2026-05-26,2873869765
0.0,plants_ny_2017,9,rf,nan,nan,nan,rf,nan,nan,recall_score,0.5,2026-05-26,4465400553
0.0,plants_ny_2017,9,rf,nan,nan,nan,rf,nan,nan,recall_score,0.5,2026-05-26,2873731800
0.0,plants_ny_2017,9,rf,nan,nan,nan,rf,nan,nan,recall_score,0.5,2026-05-26,2868348443
0.0,plants_ny_2017,9,rf,nan,nan,nan,rf,nan,nan,recall_score,0.5,2026-05-26,2873847890
0.0,plants_ny_2017,9,rf,nan,nan,nan,rf,nan,nan,recall_score,0.5,2026-05-26,2873882740
0.0,plants_ny_2017,9,rf,nan,nan,nan,rf,nan,nan,recall_score,0.5,2026-05-26,3335449593
0.0,plants_ny_2017,9,rf,nan,nan,nan,rf,nan,nan,recall_score,0.5,2026-05-26,3956272855
0.0,plants_ny_2017,9,rf,nan,nan,nan,rf,nan,nan,recall_score,0.5,2026-05-26,2818771968
0.0,plants_ny_2017,9,rf,nan,nan,nan,rf,nan,nan,recall_score,0.5,2026-05-26,3044782658
0.0,plants_ny_2017,9,rf,nan,nan,nan,rf,nan,nan,recall_score,0.5,2026-05-26,2883073382
0.0,plants_ny_2017,9,rf,nan,nan,nan,rf,nan,nan,recall_score,0.5,2026-05-26,5839982274
0.0,plants_ny_2017,9,rf,nan,nan,nan,rf,nan,nan,recall_score,0.5,2026-05-26,3018000539
0.0,plants_ny_2017,9,rf,nan,nan,nan,rf,nan,nan,recall_score,0.5,2026-05-26,2898530717
0.0,plants_ny_2017,9,rf,nan,nan,nan,rf,nan,nan,recall_score,0.5,2026-05-26,2813897385
0.0,plants_ny_2017,9,rf,nan,nan,nan,rf,nan,nan,recall_score,0.5,2026-05-26,2868368029
0.0,plants_ny_2017,9,rf,nan,nan,nan,rf,nan,nan,recall_score,0.5,2026-05-26,2984459507
0.0,plants_ny_2017,9,rf,nan,nan,nan,rf,nan,nan,recall_score,0.5,2026-05-26,3958764137
0.0,plants_ny_2017,9,rf,nan,nan,nan,rf,nan,nan,recall_score,0.5,2026-05-26,2873938718
0.0,plants_ny_2017,9,rf,nan,nan,nan,rf,nan,nan,recall_score,0.5,2026-05-26,2252020120
0.0,plants_ny_2017,9,rf,nan,nan,nan,rf,nan,nan,recall_score,0.5,2026-05-26,3873186026
0.0,plants_ny_2017,9,rf,nan,nan,nan,rf,nan,nan,recall_score,0.5,2026-05-26,5076744480
0.0,plants_ny_2017,9,rf,nan,nan,nan,rf,nan,nan,recall_score,0.5,2026-05-26,3307475742
0.0,plants_ny_2017,9,rf,nan,nan,nan,rf,nan,nan,recall_score,0.5,2026-05-26,2873897538
0.0,plants_ny_2017,9,rf,nan,nan,nan,rf,nan,nan,recall_score,0.5,2026-05-26,2873833773
0.0,plants_ny_2017,9,rf,nan,nan,nan,rf,nan,nan,recall_score,0.5,2026-05-26,3966601798
0.0,plants_ny_2017,9,rf,nan,nan,nan,rf,nan,nan,recall_score,0.5,2026-05-26,3998172797
0.0,plants_ny_2017,9,rf,nan,nan,nan,rf,nan,nan,recall_score,0.5,2026-05-26,2873953623
0.0,plants_ny_2017,9,rf,nan,nan,nan,rf,nan,nan,recall_score,0.5,2026-05-26,3998788236
0.0,plants_ny_2017,9,rf,nan,nan,nan,rf,nan,nan,recall_score,0.5,2026-05-26,3399148102
0.0,plants_ny_2017,9,rf,nan,nan,nan,rf,nan,nan,recall_score,0.5,2026-05-26,3465934438
0.0,plants_ny_2017,9,rf,nan,nan,nan,rf,nan,nan,recall_score,0.5,2026-05-26,2641601513
0.0,plants_ny_2017,9,rf,nan,nan,nan,rf,nan,nan,recall_score,0.5,2026-05-26,3872943178
0.0,plants_ny_2017,9,rf,nan,nan,nan,rf,nan,nan,recall_score,0.5,2026-05-26,1880482025
0.0,plants_ny_2017,9,rf,nan,nan,nan,rf,nan,nan,recall_score,0.5,2026-05-26,3911975702
0.0,plants_ny_2017,9,rf,nan,nan,nan,rf,nan,nan,recall_score,0.5,2026-05-26,3952568196
0.0,plants_ny_2017,9,rf,nan,nan,nan,rf,nan,nan,recall_score,0.5,2026-05-26,4500474469
0.0,plants_ny_2017,9,rf,nan,nan,nan,rf,nan,nan,recall_score,0.5,2026-05-26,2294441114
0.0,plants_ny_2017,9,rf,nan,nan,nan,rf,nan,nan,recall_score,0.5,2026-05-26,3314209149
0.0,plants_ny_2017,9,rf,nan,nan,nan,rf,nan,nan,recall_score,0.5,2026-05-26,3954712302
0.0,plants_ny_2017,9,rf,nan,nan,nan,rf,nan,nan,recall_score,0.5,2026-05-26,2456498176
0.0,plants_ny_2017,9,rf,nan,nan,nan,rf,nan,nan,recall_score,0.5,2026-05-26,5215697344
0.0,plants_ny_2017,9,rf,nan,nan,nan,rf,nan,nan,recall_score,0.5,2026-05-26,1890049891
0.0,plants_ny_2017,9,rf,nan,nan,nan,rf,nan,nan,recall_score,0.5,2026-05-26,4028706673
0.0,plants_ny_2017,9,rf,nan,nan,nan,rf,nan,nan,recall_score,0.5,2026-05-26,2444994804
0.0,plants_ny_2017,9,rf,nan,nan,nan,rf,nan,nan,recall_score,0.5,2026-05-26,2823067983
0.0,plants_ny_2017,9,rf,nan,nan,nan,rf,nan,nan,recall_score,0.5,2026-05-26,3860071832
0.0,plants_ny_2017,9,rf,nan,nan,nan,rf,nan,nan,recall_score,0.5,2026-05-26,5206075815
0.0,plants_ny_2017,9,rf,nan,nan,nan,rf,nan,nan,recall_score,0.5,2026-05-26,2273244668
0.0,plants_ny_2017,9,rf,nan,nan,nan,rf,nan,nan,recall_score,0.5,2026-05-26,3301858339
0.0,plants_ny_2017,9,rf,nan,nan,nan,rf,nan,nan,recall_score,0.5,2026-05-26,3985777907
0.0,plants_ny_2017,9,rf,nan,nan,nan,rf,nan,nan,recall_score,0.5,2026-05-26,3455890112
0.0,plants_ny_2017,9,rf,nan,nan,nan,rf,nan,nan,recall_score,0.5,2026-05-26,3858296720
0.0,plants_ny_2017,9,rf,nan,nan,nan,rf,nan,nan,recall_score,0.5,2026-05-26,3998454397
0.0,plants_ny_2017,9,rf,nan,nan,nan,rf,nan,nan,recall_score,0.5,2026-05-26,2999158449
0.0,plants_ny_2017,9,rf,nan,nan,nan,rf,nan,nan,recall_score,0.5,2026-05-26,5892635607
0.0,plants_ny_2017,9,rf,nan,nan,nan,rf,nan,nan,recall_score,0.5,2026-05-26,2850746452
0.0,plants_ny_2017,9,rf,nan,nan,nan,rf,nan,nan,recall_score,0.5,2026-05-26,3952152577
0.0,plants_ny_2017,9,rf,nan,nan,nan,rf,nan,nan,recall_score,0.5,2026-05-26,3953473597
0.0,plants_ny_2017,9,rf,nan,nan,nan,rf,nan,nan,recall_score,0.5,2026-05-26,5206026775
0.0,plants_ny_2017,9,rf,nan,nan,nan,rf,nan,nan,recall_score,0.5,2026-05-26,3957891115
0.0,plants_ny_2017,9,rf,nan,nan,nan,rf,nan,nan,recall_score,0.5,2026-05-26,5216051971
0.0,plants_ny_2017,9,rf,nan,nan,nan,rf,nan,nan,recall_score,0.5,2026-05-26,4936228572
0.0,plants_ny_2017,9,rf,nan,nan,nan,rf,nan,nan,recall_score,0.5,2026-05-26,3112297420
0.0,plants_ny_2017,9,rf,nan,nan,nan,rf,nan,nan,recall_score,0.5,2026-05-26,4516179956
0.0,plants_ny_2017,9,rf,nan,nan,nan,rf,nan,nan,recall_score,0.5,2026-05-26,2984494333
0.0,plants_ny_2017,9,rf,nan,nan,nan,rf,nan,nan,recall_score,0.5,2026-05-26,3337447543
0.0,plants_ny_2017,9,rf,nan,nan,nan,rf,nan,nan,recall_score,0.5,2026-05-26,2850983915
0.0,plants_ny_2017,9,rf,nan,nan,nan,rf,nan,nan,recall_score,0.5,2026-05-26,2882951424
0.0,plants_ny_2017,9,rf,nan,nan,nan,rf,nan,nan,recall_score,0.5,2026-05-26,2283207094
0.0,plants_ny_2017,9,rf,nan,nan,nan,rf,nan,nan,recall_score,0.5,2026-05-26,2802876778
0.0,plants_ny_2017,9,rf,nan,nan,nan,rf,nan,nan,recall_score,0.5,2026-05-26,3955199636
0.0,plants_ny_2017,9,rf,nan,nan,nan,rf,nan,nan,recall_score,0.5,2026-05-26,4510033423
0.0,plants_ny_2017,9,rf,nan,nan,nan,rf,nan,nan,recall_score,0.5,2026-05-26,3966630586
0.0,plants_ny_2017,9,rf,nan,nan,nan,rf,nan,nan,recall_score,0.5,2026-05-26,2251949593
0.0,plants_ny_2017,9,rf,nan,nan,nan,rf,nan,nan,recall_score,0.5,2026-05-26,3385021659
0.0,plants_ny_2017,9,rf,nan,nan,nan,rf,nan,nan,recall_score,0.5,2026-05-26,2850560889
0.0,plants_ny_2017,9,rf,nan,nan,nan,rf,nan,nan,recall_score,0.5,2026-05-26,5076755461
0.0,plants_ny_2017,9,rf,nan,nan,nan,rf,nan,nan,recall_score,0.5,2026-05-26,4903951998
0.0,plants_ny_2017,9,rf,nan,nan,nan,rf,nan,nan,recall_score,0.5,2026-05-26,3956261895
0.0,plants_ny_2017,9,rf,nan,nan,nan,rf,nan,nan,recall_score,0.5,2026-05-26,3384960648
0.0,plants_ny_2017,9,rf,nan,nan,nan,rf,nan,nan,recall_score,0.5,2026-05-26,2294629980
0.0,plants_ny_2017,9,rf,nan,nan,nan,rf,nan,nan,recall_score,0.5,2026-05-26,1880481959
0.0,plants_ny_2017,9,rf,nan,nan,nan,rf,nan,nan,recall_score,0.5,2026-05-26,2397474932
0.0,plants_ny_2017,9,rf,nan,nan,nan,rf,nan,nan,recall_score,0.5,2026-05-26,5206085818
0.0,plants_ny_2017,9,rf,nan,nan,nan,rf,nan,nan,recall_score,0.5,2026-05-26,3889099463
0.0,plants_ny_2017,9,rf,nan,nan,nan,rf,nan,nan,recall_score,0.5,2026-05-26,2873946458
0.0,plants_ny_2017,9,rf,nan,nan,nan,rf,nan,nan,recall_score,0.5,2026-05-26,2294456289
0.0,plants_ny_2017,9,rf,nan,nan,nan,rf,nan,nan,recall_score,0.5,2026-05-26,3988506053
0.0,plants_ny_2017,9,rf,nan,nan,nan,rf,nan,nan,recall_score,0.5,2026-05-26,3988438946
0.0,plants_ny_2017,9,rf,nan,nan,nan,rf,nan,nan,recall_score,0.5,2026-05-26,5109340255
0.0,plants_ny_2017,9,rf,nan,nan,nan,rf,nan,nan,recall_score,0.5,2026-05-26,3954086564
0.0,plants_ny_2017,9,rf,nan,nan,nan,rf,nan,nan,recall_score,0.5,2026-05-26,3391663538
0.0,plants_ny_2017,9,rf,nan,nan,nan,rf,nan,nan,recall_score,0.5,2026-05-26,4028603490
0.0,plants_ny_2017,9,rf,nan,nan,nan,rf,nan,nan,recall_score,0.5,2026-05-26,3985639602
0.0,plants_ny_2017,9,rf,nan,nan,nan,rf,nan,nan,recall_score,0.5,2026-05-26,2850624878
0.0,plants_ny_2017,9,rf,nan,nan,nan,rf,nan,nan,recall_score,0.5,2026-05-26,2963886378
0.0,plants_ny_2017,9,rf,nan,nan,nan,rf,nan,nan,recall_score,0.5,2026-05-26,5206794811
0.0,plants_ny_2017,9,rf,nan,nan,nan,rf,nan,nan,recall_score,0.5,2026-05-26,2647923286
0.0,plants_ny_2017,9,rf,nan,nan,nan,rf,nan,nan,recall_score,0.5,2026-05-26,3956820746
0.0,plants_ny_2017,9,rf,nan,nan,nan,rf,nan,nan,recall_score,0.5,2026-05-26,2529254352
0.0,plants_ny_2017,9,rf,nan,nan,nan,rf,nan,nan,recall_score,0.5,2026-05-26,3952465051
0.0,plants_ny_2017,9,rf,nan,nan,nan,rf,nan,nan,recall_score,0.5,2026-05-26,4133840322
0.0,plants_ny_2017,9,rf,nan,nan,nan,rf,nan,nan,recall_score,0.5,2026-05-26,2273243269
0.0,plants_ny_2017,9,rf,nan,nan,nan,rf,nan,nan,recall_score,0.5,2026-05-26,3889235430
0.0,plants_ny_2017,9,rf,nan,nan,nan,rf,nan,nan,recall_score,0.5,2026-05-26,5167264005
0.0,plants_ny_2017,9,rf,nan,nan,nan,rf,nan,nan,recall_score,0.5,2026-05-26,3999143460
0.0,plants_ny_2017,9,rf,nan,nan,nan,rf,nan,nan,recall_score,0.5,2026-05-26,3999024284
0.0,plants_ny_2017,9,rf,nan,nan,nan,rf,nan,nan,recall_score,0.5,2026-05-26,2826476178
0.0,plants_ny_2017,9,rf,nan,nan,nan,rf,nan,nan,recall_score,0.5,2026-05-26,3988450012
0.0,plants_ny_2017,9,rf,nan,nan,nan,rf,nan,nan,recall_score,0.5,2026-05-26,1703220701
0.0,plants_ny_2017,9,rf,nan,nan,nan,rf,nan,nan,recall_score,0.5,2026-05-26,3858191712
0.0,plants_ny_2017,9,rf,nan,nan,nan,rf,nan,nan,recall_score,0.5,2026-05-26,2331906609
0.0,plants_ny_2017,9,rf,nan,nan,nan,rf,nan,nan,recall_score,0.5,2026-05-26,3966541924
0.0,plants_ny_2017,9,rf,nan,nan,nan,rf,nan,nan,recall_score,0.5,2026-05-26,2331905771
0.0,plants_ny_2017,9,rf,nan,nan,nan,rf,nan,nan,recall_score,0.5,2026-05-26,3455710938
0.0,plants_ny_2017,9,rf,nan,nan,nan,rf,nan,nan,recall_score,0.5,2026-05-26,3858260700
0.0,plants_ny_2017,9,rf,nan,nan,nan,rf,nan,nan,recall_score,0.5,2026-05-26,2850982420
0.0,plants_ny_2017,9,rf,nan,nan,nan,rf,nan,nan,recall_score,0.5,2026-05-26,2826322182
0.0,plants_ny_2017,9,rf,nan,nan,nan,rf,nan,nan,recall_score,0.5,2026-05-26,2252006040
0.0,plants_ny_2017,9,rf,nan,nan,nan,rf,nan,nan,recall_score,0.5,2026-05-26,5838183340
0.0,plants_ny_2017,9,rf,nan,nan,nan,rf,nan,nan,recall_score,0.5,2026-05-26,4903806318
0.0,plants_ny_2017,9,rf,nan,nan,nan,rf,nan,nan,recall_score,0.5,2026-05-26,3952758312
0.0,plants_ny_2017,9,rf,nan,nan,nan,rf,nan,nan,recall_score,0.5,2026-05-26,5062519715
0.0,plants_ny_2017,9,rf,nan,nan,nan,rf,nan,nan,recall_score,0.5,2026-05-26,5076743645
0.0,plants_ny_2017,9,rf,nan,nan,nan,rf,nan,nan,recall_score,0.5,2026-05-26,1847571653
0.0,plants_ny_2017,9,rf,nan,nan,nan,rf,nan,nan,recall_score,0.5,2026-05-26,2331902062
0.0,plants_ny_2017,9,rf,nan,nan,nan,rf,nan,nan,recall_score,0.5,2026-05-26,2626507487
0.0,plants_ny_2017,9,rf,nan,nan,nan,rf,nan,nan,recall_score,0.5,2026-05-26,3307490919
0.0,plants_ny_2017,9,rf,nan,nan,nan,rf,nan,nan,recall_score,0.5,2026-05-26,1702455111
0.0,plants_ny_2017,9,rf,nan,nan,nan,rf,nan,nan,recall_score,0.5,2026-05-26,3330509516
0.0,plants_ny_2017,9,rf,nan,nan,nan,rf,nan,nan,recall_score,0.5,2026-05-26,2851267221
0.0,plants_ny_2017,9,rf,nan,nan,nan,rf,nan,nan,recall_score,0.5,2026-05-26,3955062664
0.0,plants_ny_2017,9,rf,nan,nan,nan,rf,nan,nan,recall_score,0.5,2026-05-26,3959103623
0.0,plants_ny_2017,9,rf,nan,nan,nan,rf,nan,nan,recall_score,0.5,2026-05-26,3958711871
0.0,plants_ny_2017,9,rf,nan,nan,nan,rf,nan,nan,recall_score,0.5,2026-05-26,3955963060
0.0,plants_ny_2017,9,rf,nan,nan,nan,rf,nan,nan,recall_score,0.5,2026-05-26,4165572336
0.0,plants_ny_2017,9,rf,nan,nan,nan,rf,nan,nan,recall_score,0.5,2026-05-26,4516238767
0.0,plants_ny_2017,9,rf,nan,nan,nan,rf,nan,nan,recall_score,0.5,2026-05-26,3954408350
0.0,plants_ny_2017,9,rf,nan,nan,nan,rf,nan,nan,recall_score,0.5,2026-05-26,2242945012
0.0,plants_ny_2017,9,rf,nan,nan,nan,rf,nan,nan,recall_score,0.5,2026-05-26,2244324762
0.0,plants_ny_2017,9,rf,nan,nan,nan,rf,nan,nan,recall_score,0.5,2026-05-26,2999095479
0.0,plants_ny_2017,9,rf,nan,nan,nan,rf,nan,nan,recall_score,0.5,2026-05-26,3112562432
0.0,plants_ny_2017,9,rf,nan,nan,nan,rf,nan,nan,recall_score,0.5,2026-05-26,3986014599
0.0,plants_ny_2017,9,rf,nan,nan,nan,rf,nan,nan,recall_score,0.5,2026-05-26,2826336226
0.0,plants_ny_2017,9,rf,nan,nan,nan,rf,nan,nan,recall_score,0.5,2026-05-26,3998819510
0.0,plants_ny_2017,9,rf,nan,nan,nan,rf,nan,nan,recall_score,0.5,2026-05-26,2826527240
0.0,plants_ny_2017,9,rf,nan,nan,nan,rf,nan,nan,recall_score,0.5,2026-05-26,1946197139
0.0,plants_ny_2017,9,rf,nan,nan,nan,rf,nan,nan,recall_score,0.5,2026-05-26,2579245673
0.0,plants_ny_2017,9,rf,nan,nan,nan,rf,nan,nan,recall_score,0.5,2026-05-26,5206597745
0.0,plants_ny_2017,9,rf,nan,nan,nan,rf,nan,nan,recall_score,0.5,2026-05-26,3952058740
0.0,plants_ny_2017,9,rf,nan,nan,nan,rf,nan,nan,recall_score,0.5,2026-05-26,5167838372
0.0,plants_ny_2017,9,rf,nan,nan,nan,rf,nan,nan,recall_score,0.5,2026-05-26,2850951898
0.0,plants_ny_2017,9,rf,nan,nan,nan,rf,nan,nan,recall_score,0.5,2026-05-26,5206786818
0.0,plants_ny_2017,9,rf,nan,nan,nan,rf,nan,nan,recall_score,0.5,2026-05-26,3988526495
0.0,plants_ny_2017,9,rf,nan,nan,nan,rf,nan,nan,recall_score,0.5,2026-05-26,2429400568
0.0,plants_ny_2017,9,rf,nan,nan,nan,rf,nan,nan,recall_score,0.5,2026-05-26,2445045500
0.0,plants_ny_2017,9,rf,nan,nan,nan,rf,nan,nan,recall_score,0.5,2026-05-26,3947656948
0.0,plants_ny_2017,9,rf,nan,nan,nan,rf,nan,nan,recall_score,0.5,2026-05-26,2573819303
0.0,plants_ny_2017,9,rf,nan,nan,nan,rf,nan,nan,recall_score,0.5,2026-05-26,5206763749
0.0,plants_ny_2017,9,rf,nan,nan,nan,rf,nan,nan,recall_score,0.5,2026-05-26,2429254392
0.0,plants_ny_2017,9,rf,nan,nan,nan,rf,nan,nan,recall_score,0.5,2026-05-26,2856726552
0.0,plants_ny_2017,9,rf,nan,nan,nan,rf,nan,nan,recall_score,0.5,2026-05-26,5892358968
0.0,plants_ny_2017,9,rf,nan,nan,nan,rf,nan,nan,recall_score,0.5,2026-05-26,3415799574
0.0,plants_ny_2017,9,rf,nan,nan,nan,rf,nan,nan,recall_score,0.5,2026-05-26,3889092408
0.0,plants_ny_2017,9,rf,nan,nan,nan,rf,nan,nan,recall_score,0.5,2026-05-26,5206037765
0.0,plants_ny_2017,9,rf,nan,nan,nan,rf,nan,nan,recall_score,0.5,2026-05-26,4018230352
0.0,plants_ny_2017,9,rf,nan,nan,nan,rf,nan,nan,recall_score,0.5,2026-05-26,4936877158
0.0,plants_ny_2017,9,rf,nan,nan,nan,rf,nan,nan,recall_score,0.5,2026-05-26,3873692856
0.0,plants_ny_2017,9,rf,nan,nan,nan,rf,nan,nan,recall_score,0.5,2026-05-26,2283208117
0.0,plants_ny_2017,9,rf,nan,nan,nan,rf,nan,nan,recall_score,0.5,2026-05-26,2999097453
0.0,plants_ny_2017,9,rf,nan,nan,nan,rf,nan,nan,recall_score,0.5,2026-05-26,4006648321
0.0,plants_ny_2017,9,rf,nan,nan,nan,rf,nan,nan,recall_score,0.5,2026-05-26,1323002489
0.0,plants_ny_2017,9,rf,nan,nan,nan,rf,nan,nan,recall_score,0.5,2026-05-26,1890049882
0.0,plants_ny_2017,9,rf,nan,nan,nan,rf,nan,nan,recall_score,0.5,2026-05-26,2860188469
0.0,plants_ny_2017,9,rf,nan,nan,nan,rf,nan,nan,recall_score,0.5,2026-05-26,3468973492
0.0,plants_ny_2017,9,rf,nan,nan,nan,rf,nan,nan,recall_score,0.5,2026-05-26,4075767508
0.0,plants_ny_2017,9,rf,nan,nan,nan,rf,nan,nan,recall_score,0.5,2026-05-26,5062489753
0.0,plants_ny_2017,9,rf,nan,nan,nan,rf,nan,nan,recall_score,0.5,2026-05-26,3892341745
0.0,plants_ny_2017,9,rf,nan,nan,nan,rf,nan,nan,recall_score,0.5,2026-05-26,4028768670
0.0,plants_ny_2017,9,rf,nan,nan,nan,rf,nan,nan,recall_score,0.5,2026-05-26,3902101951
0.0,plants_ny_2017,9,rf,nan,nan,nan,rf,nan,nan,recall_score,0.5,2026-05-26,3881580337
0.0,plants_ny_2017,9,rf,nan,nan,nan,rf,nan,nan,recall_score,0.5,2026-05-26,6179466513
0.0,plants_ny_2017,9,rf,nan,nan,nan,rf,nan,nan,recall_score,0.5,2026-05-26,1831093445
0.0,plants_ny_2017,9,rf,nan,nan,nan,rf,nan,nan,recall_score,0.5,2026-05-26,3947594371
0.0,plants_ny_2017,9,rf,nan,nan,nan,rf,nan,nan,recall_score,0.5,2026-05-26,3468838434
0.0,plants_ny_2017,9,rf,nan,nan,nan,rf,nan,nan,recall_score,0.5,2026-05-26,3314298641
0.0,plants_ny_2017,9,rf,nan,nan,nan,rf,nan,nan,recall_score,0.5,2026-05-26,5292182099
0.0,plants_ny_2017,9,rf,nan,nan,nan,rf,nan,nan,recall_score,0.5,2026-05-26,3384075334
0.0,plants_ny_2017,9,rf,nan,nan,nan,rf,nan,nan,recall_score,0.5,2026-05-26,5167006785
0.0,plants_ny_2017,9,rf,nan,nan,nan,rf,nan,nan,recall_score,0.5,2026-05-26,3398704659
0.0,plants_ny_2017,9,rf,nan,nan,nan,rf,nan,nan,recall_score,0.5,2026-05-26,5892870268
0.0,plants_ny_2017,9,rf,nan,nan,nan,rf,nan,nan,recall_score,0.5,2026-05-26,3031812251
0.0,plants_ny_2017,9,rf,nan,nan,nan,rf,nan,nan,recall_score,0.5,2026-05-26,3859323776
0.0,plants_ny_2017,9,rf,nan,nan,nan,rf,nan,nan,recall_score,0.5,2026-05-26,3764258303
0.0,plants_ny_2017,9,rf,nan,nan,nan,rf,nan,nan,recall_score,0.5,2026-05-26,3747064330
0.0,plants_ny_2017,9,rf,nan,nan,nan,rf,nan,nan,recall_score,0.5,2026-05-26,3031877681
0.0,plants_ny_2017,9,rf,nan,nan,nan,rf,nan,nan,recall_score,0.5,2026-05-26,4075737498
0.0,plants_ny_2017,9,rf,nan,nan,nan,rf,nan,nan,recall_score,0.5,2026-05-26,2465105264
0.0,plants_ny_2017,9,rf,nan,nan,nan,rf,nan,nan,recall_score,0.5,2026-05-26,3031839284
0.0,plants_ny_2017,9,rf,nan,nan,nan,rf,nan,nan,recall_score,0.5,2026-05-26,1831093605
0.0,plants_ny_2017,9,rf,nan,nan,nan,rf,nan,nan,recall_score,0.5,2026-05-26,2873846598
0.0,plants_ny_2017,9,rf,nan,nan,nan,rf,nan,nan,recall_score,0.5,2026-05-26,3408102446
0.0,plants_ny_2017,9,rf,nan,nan,nan,rf,nan,nan,recall_score,0.5,2026-05-26,3958298862
0.0,plants_ny_2017,9,rf,nan,nan,nan,rf,nan,nan,recall_score,0.5,2026-05-26,3986019573
0.0,plants_ny_2017,9,rf,nan,nan,nan,rf,nan,nan,recall_score,0.5,2026-05-26,3998332570
0.0,plants_ny_2017,9,rf,nan,nan,nan,rf,nan,nan,recall_score,0.5,2026-05-26,3958178116
0.0,plants_ny_2017,9,rf,nan,nan,nan,rf,nan,nan,recall_score,0.5,2026-05-26,4527933340
0.0,plants_ny_2017,9,rf,nan,nan,nan,rf,nan,nan,recall_score,0.5,2026-05-26,2988663527
0.0,plants_ny_2017,9,rf,nan,nan,nan,rf,nan,nan,recall_score,0.5,2026-05-26,2862326535
0.0,plants_ny_2017,9,rf,nan,nan,nan,rf,nan,nan,recall_score,0.5,2026-05-26,2331875493
0.0,plants_ny_2017,9,rf,nan,nan,nan,rf,nan,nan,recall_score,0.5,2026-05-26,3314148675
0.0,plants_ny_2017,9,rf,nan,nan,nan,rf,nan,nan,recall_score,0.5,2026-05-26,4165833985
0.0,plants_ny_2017,9,rf,nan,nan,nan,rf,nan,nan,recall_score,0.5,2026-05-26,3031817268
0.0,plants_ny_2017,9,rf,nan,nan,nan,rf,nan,nan,recall_score,0.5,2026-05-26,2596128990
0.0,plants_ny_2017,9,rf,nan,nan,nan,rf,nan,nan,recall_score,0.5,2026-05-26,5889583746
0.0,plants_ny_2017,9,rf,nan,nan,nan,rf,nan,nan,recall_score,0.5,2026-05-26,3947607321
0.0,plants_ny_2017,9,rf,nan,nan,nan,rf,nan,nan,recall_score,0.5,2026-05-26,5206547795
0.0,plants_ny_2017,9,rf,nan,nan,nan,rf,nan,nan,recall_score,0.5,2026-05-26,3465894448
0.0,plants_ny_2017,9,rf,nan,nan,nan,rf,nan,nan,recall_score,0.5,2026-05-26,3764288313
0.0,plants_ny_2017,9,rf,nan,nan,nan,rf,nan,nan,recall_score,0.5,2026-05-26,2265800113
0.0,plants_ny_2017,9,rf,nan,nan,nan,rf,nan,nan,recall_score,0.5,2026-05-26,3743273375
0.0,plants_ny_2017,9,rf,nan,nan,nan,rf,nan,nan,recall_score,0.5,2026-05-26,2988722538
0.0,plants_ny_2017,9,rf,nan,nan,nan,rf,nan,nan,recall_score,0.5,2026-05-26,3903279292
0.0,plants_ny_2017,9,rf,nan,nan,nan,rf,nan,nan,recall_score,0.5,2026-05-26,3314228657
0.0,plants_ny_2017,9,rf,nan,nan,nan,rf,nan,nan,recall_score,0.5,2026-05-26,3118335335
0.0,plants_ny_2017,9,rf,nan,nan,nan,rf,nan,nan,recall_score,0.5,2026-05-26,3858373576
0.0,plants_ny_2017,9,rf,nan,nan,nan,rf,nan,nan,recall_score,0.5,2026-05-26,2813872814
0.0,plants_ny_2017,9,rf,nan,nan,nan,rf,nan,nan,recall_score,0.5,2026-05-26,3956841112
0.0,plants_ny_2017,9,rf,nan,nan,nan,rf,nan,nan,recall_score,0.5,2026-05-26,2814236431
0.0,plants_ny_2017,9,rf,nan,nan,nan,rf,nan,nan,recall_score,0.5,2026-05-26,5904061337
0.0,plants_ny_2017,9,rf,nan,nan,nan,rf,nan,nan,recall_score,0.5,2026-05-26,2984409464
0.0,plants_ny_2017,9,rf,nan,nan,nan,rf,nan,nan,recall_score,0.5,2026-05-26,4438800417
0.0,plants_ny_2017,9,rf,nan,nan,nan,rf,nan,nan,recall_score,0.5,2026-05-26,4436374470
0.0,plants_ny_2017,9,rf,nan,nan,nan,rf,nan,nan,recall_score,0.5,2026-05-26,3398768617
0.0,plants_ny_2017,9,rf,nan,nan,nan,rf,nan,nan,recall_score,0.5,2026-05-26,3881671325
0.0,plants_ny_2017,9,rf,nan,nan,nan,rf,nan,nan,recall_score,0.5,2026-05-26,1806323552
0.0,plants_ny_2017,9,rf,nan,nan,nan,rf,nan,nan,recall_score,0.5,2026-05-26,6163211752
0.0,plants_ny_2017,9,rf,nan,nan,nan,rf,nan,nan,recall_score,0.5,2026-05-26,2860164446
0.0,plants_ny_2017,9,rf,nan,nan,nan,rf,nan,nan,recall_score,0.5,2026-05-26,4535606664
0.0,plants_ny_2017,9,rf,nan,nan,nan,rf,nan,nan,recall_score,0.5,2026-05-26,4535610640
0.0,plants_ny_2017,9,rf,nan,nan,nan,rf,nan,nan,recall_score,0.5,2026-05-26,2862305528
0.0,plants_ny_2017,9,rf,nan,nan,nan,rf,nan,nan,recall_score,0.5,2026-05-26,3384407051
0.0,plants_ny_2017,9,rf,nan,nan,nan,rf,nan,nan,recall_score,0.5,2026-05-26,5076716560
0.0,plants_ny_2017,9,rf,nan,nan,nan,rf,nan,nan,recall_score,0.5,2026-05-26,2366102304
0.0,plants_ny_2017,9,rf,nan,nan,nan,rf,nan,nan,recall_score,0.5,2026-05-26,3384956196
0.0,plants_ny_2017,9,rf,nan,nan,nan,rf,nan,nan,recall_score,0.5,2026-05-26,4438933334
0.0,plants_ny_2017,9,rf,nan,nan,nan,rf,nan,nan,recall_score,0.5,2026-05-26,2366102056
0.0,plants_ny_2017,9,rf,nan,nan,nan,rf,nan,nan,recall_score,0.5,2026-05-26,1831123029
0.0,plants_ny_2017,9,rf,nan,nan,nan,rf,nan,nan,recall_score,0.5,2026-05-26,4527917366
0.0,plants_ny_2017,9,rf,nan,nan,nan,rf,nan,nan,recall_score,0.5,2026-05-26,3953418942
0.0,plants_ny_2017,9,rf,nan,nan,nan,rf,nan,nan,recall_score,0.5,2026-05-26,4516551263
0.0,plants_ny_2017,9,rf,nan,nan,nan,rf,nan,nan,recall_score,0.5,2026-05-26,3314192836
0.0,plants_ny_2017,9,rf,nan,nan,nan,rf,nan,nan,recall_score,0.5,2026-05-26,1847571692
0.0,plants_ny_2017,9,rf,nan,nan,nan,rf,nan,nan,recall_score,0.5,2026-05-26,2366102375
0.0,plants_ny_2017,9,rf,nan,nan,nan,rf,nan,nan,recall_score,0.5,2026-05-26,2856582462
0.0,plants_ny_2017,9,rf,nan,nan,nan,rf,nan,nan,recall_score,0.5,2026-05-26,3456474903
0.0,plants_ny_2017,9,rf,nan,nan,nan,rf,nan,nan,recall_score,0.5,2026-05-26,3953993774
0.0,plants_ny_2017,9,rf,nan,nan,nan,rf,nan,nan,recall_score,0.5,2026-05-26,2366102325
0.0,plants_ny_2017,9,rf,nan,nan,nan,rf,nan,nan,recall_score,0.5,2026-05-26,2610999401
0.0,plants_ny_2017,9,rf,nan,nan,nan,rf,nan,nan,recall_score,0.5,2026-05-26,2422879029
0.0,plants_ny_2017,9,rf,nan,nan,nan,rf,nan,nan,recall_score,0.5,2026-05-26,2273245263
0.0,plants_ny_2017,9,rf,nan,nan,nan,rf,nan,nan,recall_score,0.5,2026-05-26,3954087427
0.0,plants_ny_2017,9,rf,nan,nan,nan,rf,nan,nan,recall_score,0.5,2026-05-26,3956028423
0.0,plants_ny_2017,9,rf,nan,nan,nan,rf,nan,nan,recall_score,0.5,2026-05-26,5230022335
0.0,plants_ny_2017,9,rf,nan,nan,nan,rf,nan,nan,recall_score,0.5,2026-05-26,2273245607
0.0,plants_ny_2017,9,rf,nan,nan,nan,rf,nan,nan,recall_score,0.5,2026-05-26,3335537626
0.0,plants_ny_2017,9,rf,nan,nan,nan,rf,nan,nan,recall_score,0.5,2026-05-26,3955325862
0.0,plants_ny_2017,9,rf,nan,nan,nan,rf,nan,nan,recall_score,0.5,2026-05-26,1640032272
0.0,plants_ny_2017,9,rf,nan,nan,nan,rf,nan,nan,recall_score,0.5,2026-05-26,4919695441
0.0,plants_ny_2017,9,rf,nan,nan,nan,rf,nan,nan,recall_score,0.5,2026-05-26,3314507821
0.0,plants_ny_2017,9,rf,nan,nan,nan,rf,nan,nan,recall_score,0.5,2026-05-26,1913166464
0.0,plants_ny_2017,9,rf,nan,nan,nan,rf,nan,nan,recall_score,0.5,2026-05-26,1847571703
0.0,plants_ny_2017,9,rf,nan,nan,nan,rf,nan,nan,recall_score,0.5,2026-05-26,4424498483
0.0,plants_ny_2017,9,rf,nan,nan,nan,rf,nan,nan,recall_score,0.5,2026-05-26,3468882478
0.0,plants_ny_2017,9,rf,nan,nan,nan,rf,nan,nan,recall_score,0.5,2026-05-26,3998095402
0.0,plants_ny_2017,9,rf,nan,nan,nan,rf,nan,nan,recall_score,0.5,2026-05-26,3468661354
0.0,plants_ny_2017,9,rf,nan,nan,nan,rf,nan,nan,recall_score,0.5,2026-05-26,3985686877
0.0,plants_ny_2017,9,rf,nan,nan,nan,rf,nan,nan,recall_score,0.5,2026-05-26,3314213835
0.0,plants_ny_2017,9,rf,nan,nan,nan,rf,nan,nan,recall_score,0.5,2026-05-26,4138198587
0.0,plants_ny_2017,9,rf,nan,nan,nan,rf,nan,nan,recall_score,0.5,2026-05-26,4440722445
0.0,plants_ny_2017,9,rf,nan,nan,nan,rf,nan,nan,recall_score,0.5,2026-05-26,1571063491
0.0,plants_ny_2017,9,rf,nan,nan,nan,rf,nan,nan,recall_score,0.5,2026-05-26,4424156416
0.0,plants_ny_2017,9,rf,nan,nan,nan,rf,nan,nan,recall_score,0.5,2026-05-26,3860807563
0.0,plants_ny_2017,9,rf,nan,nan,nan,rf,nan,nan,recall_score,0.5,2026-05-26,2873786330
0.0,plants_ny_2017,9,rf,nan,nan,nan,rf,nan,nan,recall_score,0.5,2026-05-26,4600031316
0.0,plants_ny_2017,9,rf,nan,nan,nan,rf,nan,nan,recall_score,0.5,2026-05-26,5932336593
0.0,plants_ny_2017,9,rf,nan,nan,nan,rf,nan,nan,recall_score,0.5,2026-05-26,2460058351
0.0,plants_ny_2017,9,rf,nan,nan,nan,rf,nan,nan,recall_score,0.5,2026-05-26,5109250257
0.0,plants_ny_2017,9,rf,nan,nan,nan,rf,nan,nan,recall_score,0.5,2026-05-26,3858894025
0.0,plants_ny_2017,9,rf,nan,nan,nan,rf,nan,nan,recall_score,0.5,2026-05-26,2460059372
0.0,plants_ny_2017,9,rf,nan,nan,nan,rf,nan,nan,recall_score,0.5,2026-05-26,2460025056
0.0,plants_ny_2017,9,rf,nan,nan,nan,rf,nan,nan,recall_score,0.5,2026-05-26,1850905464
0.0,plants_ny_2017,9,rf,nan,nan,nan,rf,nan,nan,recall_score,0.5,2026-05-26,2873808408
0.0,plants_ny_2017,9,rf,nan,nan,nan,rf,nan,nan,recall_score,0.5,2026-05-26,3881751330
0.0,plants_ny_2017,9,rf,nan,nan,nan,rf,nan,nan,recall_score,0.5,2026-05-26,1850905463
0.0,plants_ny_2017,9,rf,nan,nan,nan,rf,nan,nan,recall_score,0.5,2026-05-26,1847617730
0.0,plants_ny_2017,9,rf,nan,nan,nan,rf,nan,nan,recall_score,0.5,2026-05-26,2294627388
0.0,plants_ny_2017,9,rf,nan,nan,nan,rf,nan,nan,recall_score,0.5,2026-05-26,3998790721
0.0,plants_ny_2017,9,rf,nan,nan,nan,rf,nan,nan,recall_score,0.5,2026-05-26,5076743440
0.0,plants_ny_2017,9,rf,nan,nan,nan,rf,nan,nan,recall_score,0.5,2026-05-26,2460005050
0.0,plants_ny_2017,9,rf,nan,nan,nan,rf,nan,nan,recall_score,0.5,2026-05-26,1848759520
0.0,plants_ny_2017,9,rf,nan,nan,nan,rf,nan,nan,recall_score,0.5,2026-05-26,2873756732
0.0,plants_ny_2017,9,rf,nan,nan,nan,rf,nan,nan,recall_score,0.5,2026-05-26,3355044864
0.0,plants_ny_2017,9,rf,nan,nan,nan,rf,nan,nan,recall_score,0.5,2026-05-26,5076732394
0.0,plants_ny_2017,9,rf,nan,nan,nan,rf,nan,nan,recall_score,0.5,2026-05-26,1847617754
0.0,plants_ny_2017,9,rf,nan,nan,nan,rf,nan,nan,recall_score,0.5,2026-05-26,2981085499
0.0,plants_ny_2017,9,rf,nan,nan,nan,rf,nan,nan,recall_score,0.5,2026-05-26,4009712471
0.0,plants_ny_2017,9,rf,nan,nan,nan,rf,nan,nan,recall_score,0.5,2026-05-26,3881832410
0.0,plants_ny_2017,9,rf,nan,nan,nan,rf,nan,nan,recall_score,0.5,2026-05-26,2460078564
0.0,plants_ny_2017,9,rf,nan,nan,nan,rf,nan,nan,recall_score,0.5,2026-05-26,4982066692
0.0,plants_ny_2017,9,rf,nan,nan,nan,rf,nan,nan,recall_score,0.5,2026-05-26,3986154534
0.0,plants_ny_2017,9,rf,nan,nan,nan,rf,nan,nan,recall_score,0.5,2026-05-26,3764396665
0.0,plants_ny_2017,9,rf,nan,nan,nan,rf,nan,nan,recall_score,0.5,2026-05-26,3881873468
0.0,plants_ny_2017,9,rf,nan,nan,nan,rf,nan,nan,recall_score,0.5,2026-05-26,3881556433
0.0,plants_ny_2017,9,rf,nan,nan,nan,rf,nan,nan,recall_score,0.5,2026-05-26,5076726370
0.0,plants_ny_2017,9,rf,nan,nan,nan,rf,nan,nan,recall_score,0.5,2026-05-26,5831041257
0.0,plants_ny_2017,9,rf,nan,nan,nan,rf,nan,nan,accuracy_perobs,0.5,2026-05-26,4424113412
0.0,plants_ny_2017,9,rf,nan,nan,nan,rf,nan,nan,accuracy_perobs,0.5,2026-05-26,3955128906
0.0,plants_ny_2017,9,rf,nan,nan,nan,rf,nan,nan,accuracy_perobs,0.5,2026-05-26,3959913523
0.0,plants_ny_2017,9,rf,nan,nan,nan,rf,nan,nan,accuracy_perobs,0.5,2026-05-26,5109426762
0.0,plants_ny_2017,9,rf,nan,nan,nan,rf,nan,nan,accuracy_perobs,0.5,2026-05-26,2429283484
0.0,plants_ny_2017,9,rf,nan,nan,nan,rf,nan,nan,accuracy_perobs,0.5,2026-05-26,3416206149
0.0,plants_ny_2017,9,rf,nan,nan,nan,rf,nan,nan,accuracy_perobs,0.5,2026-05-26,3953364878
0.0,plants_ny_2017,9,rf,nan,nan,nan,rf,nan,nan,accuracy_perobs,0.5,2026-05-26,2429284126
0.0,plants_ny_2017,9,rf,nan,nan,nan,rf,nan,nan,accuracy_perobs,0.5,2026-05-26,4424374460
0.0,plants_ny_2017,9,rf,nan,nan,nan,rf,nan,nan,accuracy_perobs,0.5,2026-05-26,4424120502
0.0,plants_ny_2017,9,rf,nan,nan,nan,rf,nan,nan,accuracy_perobs,0.5,2026-05-26,4424391448
0.0,plants_ny_2017,9,rf,nan,nan,nan,rf,nan,nan,accuracy_perobs,0.5,2026-05-26,3456564241
0.0,plants_ny_2017,9,rf,nan,nan,nan,rf,nan,nan,accuracy_perobs,0.5,2026-05-26,3959322440
0.0,plants_ny_2017,9,rf,nan,nan,nan,rf,nan,nan,accuracy_perobs,0.5,2026-05-26,4424135402
0.0,plants_ny_2017,9,rf,nan,nan,nan,rf,nan,nan,accuracy_perobs,0.5,2026-05-26,2013733486
0.0,plants_ny_2017,9,rf,nan,nan,nan,rf,nan,nan,accuracy_perobs,0.5,2026-05-26,4424605507
0.0,plants_ny_2017,9,rf,nan,nan,nan,rf,nan,nan,accuracy_perobs,0.5,2026-05-26,4018530386
0.0,plants_ny_2017,9,rf,nan,nan,nan,rf,nan,nan,accuracy_perobs,0.5,2026-05-26,4424113413
0.0,plants_ny_2017,9,rf,nan,nan,nan,rf,nan,nan,accuracy_perobs,0.5,2026-05-26,3997987418
0.0,plants_ny_2017,9,rf,nan,nan,nan,rf,nan,nan,accuracy_perobs,0.5,2026-05-26,3998672137
0.0,plants_ny_2017,9,rf,nan,nan,nan,rf,nan,nan,accuracy_perobs,0.5,2026-05-26,3955504393
0.0,plants_ny_2017,9,rf,nan,nan,nan,rf,nan,nan,accuracy_perobs,0.5,2026-05-26,3957789933
0.0,plants_ny_2017,9,rf,nan,nan,nan,rf,nan,nan,accuracy_perobs,0.5,2026-05-26,4987612835
0.0,plants_ny_2017,9,rf,nan,nan,nan,rf,nan,nan,accuracy_perobs,0.5,2026-05-26,3958387602
0.0,plants_ny_2017,9,rf,nan,nan,nan,rf,nan,nan,accuracy_perobs,0.5,2026-05-26,3314500624
0.0,plants_ny_2017,9,rf,nan,nan,nan,rf,nan,nan,accuracy_perobs,0.5,2026-05-26,3455785580
0.0,plants_ny_2017,9,rf,nan,nan,nan,rf,nan,nan,accuracy_perobs,0.5,2026-05-26,4145625387
0.0,plants_ny_2017,9,rf,nan,nan,nan,rf,nan,nan,accuracy_perobs,0.5,2026-05-26,2999200920
0.0,plants_ny_2017,9,rf,nan,nan,nan,rf,nan,nan,accuracy_perobs,0.5,2026-05-26,2573966183
0.0,plants_ny_2017,9,rf,nan,nan,nan,rf,nan,nan,accuracy_perobs,0.5,2026-05-26,4921691790
0.0,plants_ny_2017,9,rf,nan,nan,nan,rf,nan,nan,accuracy_perobs,0.5,2026-05-26,3860179004
0.0,plants_ny_2017,9,rf,nan,nan,nan,rf,nan,nan,accuracy_perobs,0.5,2026-05-26,2999195348
0.0,plants_ny_2017,9,rf,nan,nan,nan,rf,nan,nan,accuracy_perobs,0.5,2026-05-26,2976236779
0.0,plants_ny_2017,9,rf,nan,nan,nan,rf,nan,nan,accuracy_perobs,0.5,2026-05-26,3954826030
0.0,plants_ny_2017,9,rf,nan,nan,nan,rf,nan,nan,accuracy_perobs,0.5,2026-05-26,3998433925
0.0,plants_ny_2017,9,rf,nan,nan,nan,rf,nan,nan,accuracy_perobs,0.5,2026-05-26,5830460027
0.0,plants_ny_2017,9,rf,nan,nan,nan,rf,nan,nan,accuracy_perobs,0.5,2026-05-26,3416175423
0.0,plants_ny_2017,9,rf,nan,nan,nan,rf,nan,nan,accuracy_perobs,0.5,2026-05-26,4028657383
0.0,plants_ny_2017,9,rf,nan,nan,nan,rf,nan,nan,accuracy_perobs,0.5,2026-05-26,3953927268
0.0,plants_ny_2017,9,rf,nan,nan,nan,rf,nan,nan,accuracy_perobs,0.5,2026-05-26,3958077159
0.0,plants_ny_2017,9,rf,nan,nan,nan,rf,nan,nan,accuracy_perobs,0.5,2026-05-26,3325693565
0.0,plants_ny_2017,9,rf,nan,nan,nan,rf,nan,nan,accuracy_perobs,0.5,2026-05-26,4525055377
0.0,plants_ny_2017,9,rf,nan,nan,nan,rf,nan,nan,accuracy_perobs,0.5,2026-05-26,2540740425
0.0,plants_ny_2017,9,rf,nan,nan,nan,rf,nan,nan,accuracy_perobs,0.5,2026-05-26,3456228231
0.0,plants_ny_2017,9,rf,nan,nan,nan,rf,nan,nan,accuracy_perobs,0.5,2026-05-26,2975051194
0.0,plants_ny_2017,9,rf,nan,nan,nan,rf,nan,nan,accuracy_perobs,0.5,2026-05-26,4516188797
0.0,plants_ny_2017,9,rf,nan,nan,nan,rf,nan,nan,accuracy_perobs,0.5,2026-05-26,5109326269
0.0,plants_ny_2017,9,rf,nan,nan,nan,rf,nan,nan,accuracy_perobs,0.5,2026-05-26,5086863449
0.0,plants_ny_2017,9,rf,nan,nan,nan,rf,nan,nan,accuracy_perobs,0.5,2026-05-26,3952686877
0.0,plants_ny_2017,9,rf,nan,nan,nan,rf,nan,nan,accuracy_perobs,0.5,2026-05-26,3759129757
0.0,plants_ny_2017,9,rf,nan,nan,nan,rf,nan,nan,accuracy_perobs,0.5,2026-05-26,1802618975
0.0,plants_ny_2017,9,rf,nan,nan,nan,rf,nan,nan,accuracy_perobs,0.5,2026-05-26,5892788878
0.0,plants_ny_2017,9,rf,nan,nan,nan,rf,nan,nan,accuracy_perobs,0.5,2026-05-26,3955278315
0.0,plants_ny_2017,9,rf,nan,nan,nan,rf,nan,nan,accuracy_perobs,0.5,2026-05-26,2013733637
0.0,plants_ny_2017,9,rf,nan,nan,nan,rf,nan,nan,accuracy_perobs,0.5,2026-05-26,4465367373
0.0,plants_ny_2017,9,rf,nan,nan,nan,rf,nan,nan,accuracy_perobs,0.5,2026-05-26,2429283793
0.0,plants_ny_2017,9,rf,nan,nan,nan,rf,nan,nan,accuracy_perobs,0.5,2026-05-26,4028774430
0.0,plants_ny_2017,9,rf,nan,nan,nan,rf,nan,nan,accuracy_perobs,0.5,2026-05-26,3998408350
0.0,plants_ny_2017,9,rf,nan,nan,nan,rf,nan,nan,accuracy_perobs,0.5,2026-05-26,3953902960
0.0,plants_ny_2017,9,rf,nan,nan,nan,rf,nan,nan,accuracy_perobs,0.5,2026-05-26,5109353857
0.0,plants_ny_2017,9,rf,nan,nan,nan,rf,nan,nan,accuracy_perobs,0.5,2026-05-26,3952644408
0.0,plants_ny_2017,9,rf,nan,nan,nan,rf,nan,nan,accuracy_perobs,0.5,2026-05-26,2901802355
0.0,plants_ny_2017,9,rf,nan,nan,nan,rf,nan,nan,accuracy_perobs,0.5,2026-05-26,5109431615
0.0,plants_ny_2017,9,rf,nan,nan,nan,rf,nan,nan,accuracy_perobs,0.5,2026-05-26,5109239558
0.0,plants_ny_2017,9,rf,nan,nan,nan,rf,nan,nan,accuracy_perobs,0.5,2026-05-26,3960052730
0.0,plants_ny_2017,9,rf,nan,nan,nan,rf,nan,nan,accuracy_perobs,0.5,2026-05-26,2422893441
0.0,plants_ny_2017,9,rf,nan,nan,nan,rf,nan,nan,accuracy_perobs,0.5,2026-05-26,3902235166
0.0,plants_ny_2017,9,rf,nan,nan,nan,rf,nan,nan,accuracy_perobs,0.5,2026-05-26,1671726164
0.0,plants_ny_2017,9,rf,nan,nan,nan,rf,nan,nan,accuracy_perobs,0.5,2026-05-26,3915600812
0.0,plants_ny_2017,9,rf,nan,nan,nan,rf,nan,nan,accuracy_perobs,0.5,2026-05-26,4413486515
0.0,plants_ny_2017,9,rf,nan,nan,nan,rf,nan,nan,accuracy_perobs,0.5,2026-05-26,3956373648
0.0,plants_ny_2017,9,rf,nan,nan,nan,rf,nan,nan,accuracy_perobs,0.5,2026-05-26,3773159046
0.0,plants_ny_2017,9,rf,nan,nan,nan,rf,nan,nan,accuracy_perobs,0.5,2026-05-26,2350319834
0.0,plants_ny_2017,9,rf,nan,nan,nan,rf,nan,nan,accuracy_perobs,0.5,2026-05-26,3957171399
0.0,plants_ny_2017,9,rf,nan,nan,nan,rf,nan,nan,accuracy_perobs,0.5,2026-05-26,2294434324
0.0,plants_ny_2017,9,rf,nan,nan,nan,rf,nan,nan,accuracy_perobs,0.5,2026-05-26,1847640020
0.0,plants_ny_2017,9,rf,nan,nan,nan,rf,nan,nan,accuracy_perobs,0.5,2026-05-26,4522460301
0.0,plants_ny_2017,9,rf,nan,nan,nan,rf,nan,nan,accuracy_perobs,0.5,2026-05-26,3998411801
0.0,plants_ny_2017,9,rf,nan,nan,nan,rf,nan,nan,accuracy_perobs,0.5,2026-05-26,2013733665
0.0,plants_ny_2017,9,rf,nan,nan,nan,rf,nan,nan,accuracy_perobs,0.5,2026-05-26,3954217989
0.0,plants_ny_2017,9,rf,nan,nan,nan,rf,nan,nan,accuracy_perobs,0.5,2026-05-26,3986084565
0.0,plants_ny_2017,9,rf,nan,nan,nan,rf,nan,nan,accuracy_perobs,0.5,2026-05-26,3327904333
0.0,plants_ny_2017,9,rf,nan,nan,nan,rf,nan,nan,accuracy_perobs,0.5,2026-05-26,4011660624
0.0,plants_ny_2017,9,rf,nan,nan,nan,rf,nan,nan,accuracy_perobs,0.5,2026-05-26,3772616467
0.0,plants_ny_2017,9,rf,nan,nan,nan,rf,nan,nan,accuracy_perobs,0.5,2026-05-26,3985874012
0.0,plants_ny_2017,9,rf,nan,nan,nan,rf,nan,nan,accuracy_perobs,0.5,2026-05-26,3325601387
0.0,plants_ny_2017,9,rf,nan,nan,nan,rf,nan,nan,accuracy_perobs,0.5,2026-05-26,3985764571
0.0,plants_ny_2017,9,rf,nan,nan,nan,rf,nan,nan,accuracy_perobs,0.5,2026-05-26,3958065080
0.0,plants_ny_2017,9,rf,nan,nan,nan,rf,nan,nan,accuracy_perobs,0.5,2026-05-26,3772525282
0.0,plants_ny_2017,9,rf,nan,nan,nan,rf,nan,nan,accuracy_perobs,0.5,2026-05-26,3337375634
0.0,plants_ny_2017,9,rf,nan,nan,nan,rf,nan,nan,accuracy_perobs,0.5,2026-05-26,3986138576
0.0,plants_ny_2017,9,rf,nan,nan,nan,rf,nan,nan,accuracy_perobs,0.5,2026-05-26,3456913421
0.0,plants_ny_2017,9,rf,nan,nan,nan,rf,nan,nan,accuracy_perobs,0.5,2026-05-26,3773396453
0.0,plants_ny_2017,9,rf,nan,nan,nan,rf,nan,nan,accuracy_perobs,0.5,2026-05-26,3456713780
0.0,plants_ny_2017,9,rf,nan,nan,nan,rf,nan,nan,accuracy_perobs,0.5,2026-05-26,3773441474
0.0,plants_ny_2017,9,rf,nan,nan,nan,rf,nan,nan,accuracy_perobs,0.5,2026-05-26,5076750412
0.0,plants_ny_2017,9,rf,nan,nan,nan,rf,nan,nan,accuracy_perobs,0.5,2026-05-26,3985945802
0.0,plants_ny_2017,9,rf,nan,nan,nan,rf,nan,nan,accuracy_perobs,0.5,2026-05-26,3325610427
0.0,plants_ny_2017,9,rf,nan,nan,nan,rf,nan,nan,accuracy_perobs,0.5,2026-05-26,3957894498
0.0,plants_ny_2017,9,rf,nan,nan,nan,rf,nan,nan,accuracy_perobs,0.5,2026-05-26,3985623602
0.0,plants_ny_2017,9,rf,nan,nan,nan,rf,nan,nan,accuracy_perobs,0.5,2026-05-26,3952051566
0.0,plants_ny_2017,9,rf,nan,nan,nan,rf,nan,nan,accuracy_perobs,0.5,2026-05-26,3985778586
0.0,plants_ny_2017,9,rf,nan,nan,nan,rf,nan,nan,accuracy_perobs,0.5,2026-05-26,4015204496
0.0,plants_ny_2017,9,rf,nan,nan,nan,rf,nan,nan,accuracy_perobs,0.5,2026-05-26,3985916840
0.0,plants_ny_2017,9,rf,nan,nan,nan,rf,nan,nan,accuracy_perobs,0.5,2026-05-26,3398669664
0.0,plants_ny_2017,9,rf,nan,nan,nan,rf,nan,nan,accuracy_perobs,0.5,2026-05-26,3455478192
0.0,plants_ny_2017,9,rf,nan,nan,nan,rf,nan,nan,accuracy_perobs,0.5,2026-05-26,3455574670
0.0,plants_ny_2017,9,rf,nan,nan,nan,rf,nan,nan,accuracy_perobs,0.5,2026-05-26,3985795743
0.0,plants_ny_2017,9,rf,nan,nan,nan,rf,nan,nan,accuracy_perobs,0.5,2026-05-26,3985800569
0.0,plants_ny_2017,9,rf,nan,nan,nan,rf,nan,nan,accuracy_perobs,0.5,2026-05-26,3773577328
0.0,plants_ny_2017,9,rf,nan,nan,nan,rf,nan,nan,accuracy_perobs,0.5,2026-05-26,3985681560
0.0,plants_ny_2017,9,rf,nan,nan,nan,rf,nan,nan,accuracy_perobs,0.5,2026-05-26,3456981405
0.0,plants_ny_2017,9,rf,nan,nan,nan,rf,nan,nan,accuracy_perobs,0.5,2026-05-26,3858868583
0.0,plants_ny_2017,9,rf,nan,nan,nan,rf,nan,nan,accuracy_perobs,0.5,2026-05-26,3743111581
0.0,plants_ny_2017,9,rf,nan,nan,nan,rf,nan,nan,accuracy_perobs,0.5,2026-05-26,3743278359
0.0,plants_ny_2017,9,rf,nan,nan,nan,rf,nan,nan,accuracy_perobs,0.5,2026-05-26,3772562883
0.0,plants_ny_2017,9,rf,nan,nan,nan,rf,nan,nan,accuracy_perobs,0.5,2026-05-26,3986177584
0.0,plants_ny_2017,9,rf,nan,nan,nan,rf,nan,nan,accuracy_perobs,0.5,2026-05-26,3772949928
0.0,plants_ny_2017,9,rf,nan,nan,nan,rf,nan,nan,accuracy_perobs,0.5,2026-05-26,3954503960
0.0,plants_ny_2017,9,rf,nan,nan,nan,rf,nan,nan,accuracy_perobs,0.5,2026-05-26,3039145589
0.0,plants_ny_2017,9,rf,nan,nan,nan,rf,nan,nan,accuracy_perobs,0.5,2026-05-26,3888851539
0.0,plants_ny_2017,9,rf,nan,nan,nan,rf,nan,nan,accuracy_perobs,0.5,2026-05-26,3314173155
0.0,plants_ny_2017,9,rf,nan,nan,nan,rf,nan,nan,accuracy_perobs,0.5,2026-05-26,3988564229
0.0,plants_ny_2017,9,rf,nan,nan,nan,rf,nan,nan,accuracy_perobs,0.5,2026-05-26,3325612363
0.0,plants_ny_2017,9,rf,nan,nan,nan,rf,nan,nan,accuracy_perobs,0.5,2026-05-26,1880615451
0.0,plants_ny_2017,9,rf,nan,nan,nan,rf,nan,nan,accuracy_perobs,0.5,2026-05-26,3859882755
0.0,plants_ny_2017,9,rf,nan,nan,nan,rf,nan,nan,accuracy_perobs,0.5,2026-05-26,3773526004
0.0,plants_ny_2017,9,rf,nan,nan,nan,rf,nan,nan,accuracy_perobs,0.5,2026-05-26,3355769601
0.0,plants_ny_2017,9,rf,nan,nan,nan,rf,nan,nan,accuracy_perobs,0.5,2026-05-26,3705811332
0.0,plants_ny_2017,9,rf,nan,nan,nan,rf,nan,nan,accuracy_perobs,0.5,2026-05-26,3772492729
0.0,plants_ny_2017,9,rf,nan,nan,nan,rf,nan,nan,accuracy_perobs,0.5,2026-05-26,5167559395
0.0,plants_ny_2017,9,rf,nan,nan,nan,rf,nan,nan,accuracy_perobs,0.5,2026-05-26,3455760533
0.0,plants_ny_2017,9,rf,nan,nan,nan,rf,nan,nan,accuracy_perobs,0.5,2026-05-26,4465600668
0.0,plants_ny_2017,9,rf,nan,nan,nan,rf,nan,nan,accuracy_perobs,0.5,2026-05-26,5076778543
0.0,plants_ny_2017,9,rf,nan,nan,nan,rf,nan,nan,accuracy_perobs,0.5,2026-05-26,5104246478
0.0,plants_ny_2017,9,rf,nan,nan,nan,rf,nan,nan,accuracy_perobs,0.5,2026-05-26,3499505516
0.0,plants_ny_2017,9,rf,nan,nan,nan,rf,nan,nan,accuracy_perobs,0.5,2026-05-26,3888893187
0.0,plants_ny_2017,9,rf,nan,nan,nan,rf,nan,nan,accuracy_perobs,0.5,2026-05-26,2984428559
0.0,plants_ny_2017,9,rf,nan,nan,nan,rf,nan,nan,accuracy_perobs,0.5,2026-05-26,5076776611
0.0,plants_ny_2017,9,rf,nan,nan,nan,rf,nan,nan,accuracy_perobs,0.5,2026-05-26,3321120230
0.0,plants_ny_2017,9,rf,nan,nan,nan,rf,nan,nan,accuracy_perobs,0.5,2026-05-26,3321041447
0.0,plants_ny_2017,9,rf,nan,nan,nan,rf,nan,nan,accuracy_perobs,0.5,2026-05-26,3889069305
0.0,plants_ny_2017,9,rf,nan,nan,nan,rf,nan,nan,accuracy_perobs,0.5,2026-05-26,4522483509
0.0,plants_ny_2017,9,rf,nan,nan,nan,rf,nan,nan,accuracy_perobs,0.5,2026-05-26,3468773467
0.0,plants_ny_2017,9,rf,nan,nan,nan,rf,nan,nan,accuracy_perobs,0.5,2026-05-26,3888840364
0.0,plants_ny_2017,9,rf,nan,nan,nan,rf,nan,nan,accuracy_perobs,0.5,2026-05-26,3321050414
0.0,plants_ny_2017,9,rf,nan,nan,nan,rf,nan,nan,accuracy_perobs,0.5,2026-05-26,4028656441
0.0,plants_ny_2017,9,rf,nan,nan,nan,rf,nan,nan,accuracy_perobs,0.5,2026-05-26,3963225383
0.0,plants_ny_2017,9,rf,nan,nan,nan,rf,nan,nan,accuracy_perobs,0.5,2026-05-26,3320983434
0.0,plants_ny_2017,9,rf,nan,nan,nan,rf,nan,nan,accuracy_perobs,0.5,2026-05-26,3888716270
0.0,plants_ny_2017,9,rf,nan,nan,nan,rf,nan,nan,accuracy_perobs,0.5,2026-05-26,3889195356
0.0,plants_ny_2017,9,rf,nan,nan,nan,rf,nan,nan,accuracy_perobs,0.5,2026-05-26,4510020681
0.0,plants_ny_2017,9,rf,nan,nan,nan,rf,nan,nan,accuracy_perobs,0.5,2026-05-26,3321245441
0.0,plants_ny_2017,9,rf,nan,nan,nan,rf,nan,nan,accuracy_perobs,0.5,2026-05-26,4982309479
0.0,plants_ny_2017,9,rf,nan,nan,nan,rf,nan,nan,accuracy_perobs,0.5,2026-05-26,3712438371
0.0,plants_ny_2017,9,rf,nan,nan,nan,rf,nan,nan,accuracy_perobs,0.5,2026-05-26,3961007705
0.0,plants_ny_2017,9,rf,nan,nan,nan,rf,nan,nan,accuracy_perobs,0.5,2026-05-26,3952264161
0.0,plants_ny_2017,9,rf,nan,nan,nan,rf,nan,nan,accuracy_perobs,0.5,2026-05-26,3873378084
0.0,plants_ny_2017,9,rf,nan,nan,nan,rf,nan,nan,accuracy_perobs,0.5,2026-05-26,4936806712
0.0,plants_ny_2017,9,rf,nan,nan,nan,rf,nan,nan,accuracy_perobs,0.5,2026-05-26,4518942513
0.0,plants_ny_2017,9,rf,nan,nan,nan,rf,nan,nan,accuracy_perobs,0.5,2026-05-26,3902077558
0.0,plants_ny_2017,9,rf,nan,nan,nan,rf,nan,nan,accuracy_perobs,0.5,2026-05-26,3947479767
0.0,plants_ny_2017,9,rf,nan,nan,nan,rf,nan,nan,accuracy_perobs,0.5,2026-05-26,3333246474
0.0,plants_ny_2017,9,rf,nan,nan,nan,rf,nan,nan,accuracy_perobs,0.5,2026-05-26,3321246415
0.0,plants_ny_2017,9,rf,nan,nan,nan,rf,nan,nan,accuracy_perobs,0.5,2026-05-26,3321163273
0.0,plants_ny_2017,9,rf,nan,nan,nan,rf,nan,nan,accuracy_perobs,0.5,2026-05-26,4165583349
0.0,plants_ny_2017,9,rf,nan,nan,nan,rf,nan,nan,accuracy_perobs,0.5,2026-05-26,4936488744
0.0,plants_ny_2017,9,rf,nan,nan,nan,rf,nan,nan,accuracy_perobs,0.5,2026-05-26,4028779075
0.0,plants_ny_2017,9,rf,nan,nan,nan,rf,nan,nan,accuracy_perobs,0.5,2026-05-26,4936704764
0.0,plants_ny_2017,9,rf,nan,nan,nan,rf,nan,nan,accuracy_perobs,0.5,2026-05-26,5076768524
0.0,plants_ny_2017,9,rf,nan,nan,nan,rf,nan,nan,accuracy_perobs,0.5,2026-05-26,3456780548
0.0,plants_ny_2017,9,rf,nan,nan,nan,rf,nan,nan,accuracy_perobs,0.5,2026-05-26,3321241433
0.0,plants_ny_2017,9,rf,nan,nan,nan,rf,nan,nan,accuracy_perobs,0.5,2026-05-26,2574146390
0.0,plants_ny_2017,9,rf,nan,nan,nan,rf,nan,nan,accuracy_perobs,0.5,2026-05-26,2873855550
0.0,plants_ny_2017,9,rf,nan,nan,nan,rf,nan,nan,accuracy_perobs,0.5,2026-05-26,2873774761
0.0,plants_ny_2017,9,rf,nan,nan,nan,rf,nan,nan,accuracy_perobs,0.5,2026-05-26,2981003834
0.0,plants_ny_2017,9,rf,nan,nan,nan,rf,nan,nan,accuracy_perobs,0.5,2026-05-26,2992837646
0.0,plants_ny_2017,9,rf,nan,nan,nan,rf,nan,nan,accuracy_perobs,0.5,2026-05-26,2873801811
0.0,plants_ny_2017,9,rf,nan,nan,nan,rf,nan,nan,accuracy_perobs,0.5,2026-05-26,2981093887
0.0,plants_ny_2017,9,rf,nan,nan,nan,rf,nan,nan,accuracy_perobs,0.5,2026-05-26,3468935518
0.0,plants_ny_2017,9,rf,nan,nan,nan,rf,nan,nan,accuracy_perobs,0.5,2026-05-26,4424438388
0.0,plants_ny_2017,9,rf,nan,nan,nan,rf,nan,nan,accuracy_perobs,0.5,2026-05-26,3954511732
0.0,plants_ny_2017,9,rf,nan,nan,nan,rf,nan,nan,accuracy_perobs,0.5,2026-05-26,3952117121
0.0,plants_ny_2017,9,rf,nan,nan,nan,rf,nan,nan,accuracy_perobs,0.5,2026-05-26,3994256709
0.0,plants_ny_2017,9,rf,nan,nan,nan,rf,nan,nan,accuracy_perobs,0.5,2026-05-26,2992675642
0.0,plants_ny_2017,9,rf,nan,nan,nan,rf,nan,nan,accuracy_perobs,0.5,2026-05-26,2873773538
0.0,plants_ny_2017,9,rf,nan,nan,nan,rf,nan,nan,accuracy_perobs,0.5,2026-05-26,2873893551
0.0,plants_ny_2017,9,rf,nan,nan,nan,rf,nan,nan,accuracy_perobs,0.5,2026-05-26,3955326298
0.0,plants_ny_2017,9,rf,nan,nan,nan,rf,nan,nan,accuracy_perobs,0.5,2026-05-26,2873934665
0.0,plants_ny_2017,9,rf,nan,nan,nan,rf,nan,nan,accuracy_perobs,0.5,2026-05-26,2862537868
0.0,plants_ny_2017,9,rf,nan,nan,nan,rf,nan,nan,accuracy_perobs,0.5,2026-05-26,2873873859
0.0,plants_ny_2017,9,rf,nan,nan,nan,rf,nan,nan,accuracy_perobs,0.5,2026-05-26,5086914881
0.0,plants_ny_2017,9,rf,nan,nan,nan,rf,nan,nan,accuracy_perobs,0.5,2026-05-26,2873860830
0.0,plants_ny_2017,9,rf,nan,nan,nan,rf,nan,nan,accuracy_perobs,0.5,2026-05-26,2873751604
0.0,plants_ny_2017,9,rf,nan,nan,nan,rf,nan,nan,accuracy_perobs,0.5,2026-05-26,3873100003
0.0,plants_ny_2017,9,rf,nan,nan,nan,rf,nan,nan,accuracy_perobs,0.5,2026-05-26,4034792638
0.0,plants_ny_2017,9,rf,nan,nan,nan,rf,nan,nan,accuracy_perobs,0.5,2026-05-26,3873057601
0.0,plants_ny_2017,9,rf,nan,nan,nan,rf,nan,nan,accuracy_perobs,0.5,2026-05-26,3383873775
0.0,plants_ny_2017,9,rf,nan,nan,nan,rf,nan,nan,accuracy_perobs,0.5,2026-05-26,2992704629
0.0,plants_ny_2017,9,rf,nan,nan,nan,rf,nan,nan,accuracy_perobs,0.5,2026-05-26,2873885838
0.0,plants_ny_2017,9,rf,nan,nan,nan,rf,nan,nan,accuracy_perobs,0.5,2026-05-26,3953359284
0.0,plants_ny_2017,9,rf,nan,nan,nan,rf,nan,nan,accuracy_perobs,0.5,2026-05-26,3881787338
0.0,plants_ny_2017,9,rf,nan,nan,nan,rf,nan,nan,accuracy_perobs,0.5,2026-05-26,3746998427
0.0,plants_ny_2017,9,rf,nan,nan,nan,rf,nan,nan,accuracy_perobs,0.5,2026-05-26,2873763612
0.0,plants_ny_2017,9,rf,nan,nan,nan,rf,nan,nan,accuracy_perobs,0.5,2026-05-26,3953020878
0.0,plants_ny_2017,9,rf,nan,nan,nan,rf,nan,nan,accuracy_perobs,0.5,2026-05-26,2883041959
0.0,plants_ny_2017,9,rf,nan,nan,nan,rf,nan,nan,accuracy_perobs,0.5,2026-05-26,2873963673
0.0,plants_ny_2017,9,rf,nan,nan,nan,rf,nan,nan,accuracy_perobs,0.5,2026-05-26,3759778365
0.0,plants_ny_2017,9,rf,nan,nan,nan,rf,nan,nan,accuracy_perobs,0.5,2026-05-26,2981086888
0.0,plants_ny_2017,9,rf,nan,nan,nan,rf,nan,nan,accuracy_perobs,0.5,2026-05-26,2873767540
0.0,plants_ny_2017,9,rf,nan,nan,nan,rf,nan,nan,accuracy_perobs,0.5,2026-05-26,2873845577
0.0,plants_ny_2017,9,rf,nan,nan,nan,rf,nan,nan,accuracy_perobs,0.5,2026-05-26,2988299664
0.0,plants_ny_2017,9,rf,nan,nan,nan,rf,nan,nan,accuracy_perobs,0.5,2026-05-26,3958233092
0.0,plants_ny_2017,9,rf,nan,nan,nan,rf,nan,nan,accuracy_perobs,0.5,2026-05-26,2366085777
0.0,plants_ny_2017,9,rf,nan,nan,nan,rf,nan,nan,accuracy_perobs,0.5,2026-05-26,4145608336
0.0,plants_ny_2017,9,rf,nan,nan,nan,rf,nan,nan,accuracy_perobs,0.5,2026-05-26,4006752367
0.0,plants_ny_2017,9,rf,nan,nan,nan,rf,nan,nan,accuracy_perobs,0.5,2026-05-26,3859183310
0.0,plants_ny_2017,9,rf,nan,nan,nan,rf,nan,nan,accuracy_perobs,0.5,2026-05-26,3902890481
0.0,plants_ny_2017,9,rf,nan,nan,nan,rf,nan,nan,accuracy_perobs,0.5,2026-05-26,2366085619
0.0,plants_ny_2017,9,rf,nan,nan,nan,rf,nan,nan,accuracy_perobs,0.5,2026-05-26,3468773489
0.0,plants_ny_2017,9,rf,nan,nan,nan,rf,nan,nan,accuracy_perobs,0.5,2026-05-26,3954518799
0.0,plants_ny_2017,9,rf,nan,nan,nan,rf,nan,nan,accuracy_perobs,0.5,2026-05-26,3953159899
0.0,plants_ny_2017,9,rf,nan,nan,nan,rf,nan,nan,accuracy_perobs,0.5,2026-05-26,1092892270
0.0,plants_ny_2017,9,rf,nan,nan,nan,rf,nan,nan,accuracy_perobs,0.5,2026-05-26,3959650413
0.0,plants_ny_2017,9,rf,nan,nan,nan,rf,nan,nan,accuracy_perobs,0.5,2026-05-26,2366111236
0.0,plants_ny_2017,9,rf,nan,nan,nan,rf,nan,nan,accuracy_perobs,0.5,2026-05-26,3952191075
0.0,plants_ny_2017,9,rf,nan,nan,nan,rf,nan,nan,accuracy_perobs,0.5,2026-05-26,2563458007
0.0,plants_ny_2017,9,rf,nan,nan,nan,rf,nan,nan,accuracy_perobs,0.5,2026-05-26,2859891557
0.0,plants_ny_2017,9,rf,nan,nan,nan,rf,nan,nan,accuracy_perobs,0.5,2026-05-26,3466030836
0.0,plants_ny_2017,9,rf,nan,nan,nan,rf,nan,nan,accuracy_perobs,0.5,2026-05-26,3999033872
0.0,plants_ny_2017,9,rf,nan,nan,nan,rf,nan,nan,accuracy_perobs,0.5,2026-05-26,3416068996
0.0,plants_ny_2017,9,rf,nan,nan,nan,rf,nan,nan,accuracy_perobs,0.5,2026-05-26,3872899678
0.0,plants_ny_2017,9,rf,nan,nan,nan,rf,nan,nan,accuracy_perobs,0.5,2026-05-26,3952506718
0.0,plants_ny_2017,9,rf,nan,nan,nan,rf,nan,nan,accuracy_perobs,0.5,2026-05-26,3953818964
0.0,plants_ny_2017,9,rf,nan,nan,nan,rf,nan,nan,accuracy_perobs,0.5,2026-05-26,2366112471
0.0,plants_ny_2017,9,rf,nan,nan,nan,rf,nan,nan,accuracy_perobs,0.5,2026-05-26,3881433791
0.0,plants_ny_2017,9,rf,nan,nan,nan,rf,nan,nan,accuracy_perobs,0.5,2026-05-26,2641345522
0.0,plants_ny_2017,9,rf,nan,nan,nan,rf,nan,nan,accuracy_perobs,0.5,2026-05-26,2873814788
0.0,plants_ny_2017,9,rf,nan,nan,nan,rf,nan,nan,accuracy_perobs,0.5,2026-05-26,3337681834
0.0,plants_ny_2017,9,rf,nan,nan,nan,rf,nan,nan,accuracy_perobs,0.5,2026-05-26,2826245445
0.0,plants_ny_2017,9,rf,nan,nan,nan,rf,nan,nan,accuracy_perobs,0.5,2026-05-26,4458609398
0.0,plants_ny_2017,9,rf,nan,nan,nan,rf,nan,nan,accuracy_perobs,0.5,2026-05-26,3956275626
0.0,plants_ny_2017,9,rf,nan,nan,nan,rf,nan,nan,accuracy_perobs,0.5,2026-05-26,3005175573
0.0,plants_ny_2017,9,rf,nan,nan,nan,rf,nan,nan,accuracy_perobs,0.5,2026-05-26,3415820432
0.0,plants_ny_2017,9,rf,nan,nan,nan,rf,nan,nan,accuracy_perobs,0.5,2026-05-26,3005123571
0.0,plants_ny_2017,9,rf,nan,nan,nan,rf,nan,nan,accuracy_perobs,0.5,2026-05-26,2422951101
0.0,plants_ny_2017,9,rf,nan,nan,nan,rf,nan,nan,accuracy_perobs,0.5,2026-05-26,3998162143
0.0,plants_ny_2017,9,rf,nan,nan,nan,rf,nan,nan,accuracy_perobs,0.5,2026-05-26,2873800681
0.0,plants_ny_2017,9,rf,nan,nan,nan,rf,nan,nan,accuracy_perobs,0.5,2026-05-26,3951671456
0.0,plants_ny_2017,9,rf,nan,nan,nan,rf,nan,nan,accuracy_perobs,0.5,2026-05-26,4153812383
0.0,plants_ny_2017,9,rf,nan,nan,nan,rf,nan,nan,accuracy_perobs,0.5,2026-05-26,3039326814
0.0,plants_ny_2017,9,rf,nan,nan,nan,rf,nan,nan,accuracy_perobs,0.5,2026-05-26,2868308403
0.0,plants_ny_2017,9,rf,nan,nan,nan,rf,nan,nan,accuracy_perobs,0.5,2026-05-26,2873743913
0.0,plants_ny_2017,9,rf,nan,nan,nan,rf,nan,nan,accuracy_perobs,0.5,2026-05-26,3998927252
0.0,plants_ny_2017,9,rf,nan,nan,nan,rf,nan,nan,accuracy_perobs,0.5,2026-05-26,4054766339
0.0,plants_ny_2017,9,rf,nan,nan,nan,rf,nan,nan,accuracy_perobs,0.5,2026-05-26,2429237387
0.0,plants_ny_2017,9,rf,nan,nan,nan,rf,nan,nan,accuracy_perobs,0.5,2026-05-26,2873716703
0.0,plants_ny_2017,9,rf,nan,nan,nan,rf,nan,nan,accuracy_perobs,0.5,2026-05-26,3960258916
0.0,plants_ny_2017,9,rf,nan,nan,nan,rf,nan,nan,accuracy_perobs,0.5,2026-05-26,4153932372
0.0,plants_ny_2017,9,rf,nan,nan,nan,rf,nan,nan,accuracy_perobs,0.5,2026-05-26,3881461771
0.0,plants_ny_2017,9,rf,nan,nan,nan,rf,nan,nan,accuracy_perobs,0.5,2026-05-26,3902680601
0.0,plants_ny_2017,9,rf,nan,nan,nan,rf,nan,nan,accuracy_perobs,0.5,2026-05-26,2366101218
0.0,plants_ny_2017,9,rf,nan,nan,nan,rf,nan,nan,accuracy_perobs,0.5,2026-05-26,3960273825
0.0,plants_ny_2017,9,rf,nan,nan,nan,rf,nan,nan,accuracy_perobs,0.5,2026-05-26,1584399301
0.0,plants_ny_2017,9,rf,nan,nan,nan,rf,nan,nan,accuracy_perobs,0.5,2026-05-26,2980784841
0.0,plants_ny_2017,9,rf,nan,nan,nan,rf,nan,nan,accuracy_perobs,0.5,2026-05-26,3860427680
0.0,plants_ny_2017,9,rf,nan,nan,nan,rf,nan,nan,accuracy_perobs,0.5,2026-05-26,3998839146
0.0,plants_ny_2017,9,rf,nan,nan,nan,rf,nan,nan,accuracy_perobs,0.5,2026-05-26,2366064988
0.0,plants_ny_2017,9,rf,nan,nan,nan,rf,nan,nan,accuracy_perobs,0.5,2026-05-26,3109272448
0.0,plants_ny_2017,9,rf,nan,nan,nan,rf,nan,nan,accuracy_perobs,0.5,2026-05-26,4852424341
0.0,plants_ny_2017,9,rf,nan,nan,nan,rf,nan,nan,accuracy_perobs,0.5,2026-05-26,2802743212
0.0,plants_ny_2017,9,rf,nan,nan,nan,rf,nan,nan,accuracy_perobs,0.5,2026-05-26,2626148518
0.0,plants_ny_2017,9,rf,nan,nan,nan,rf,nan,nan,accuracy_perobs,0.5,2026-05-26,2988331841
0.0,plants_ny_2017,9,rf,nan,nan,nan,rf,nan,nan,accuracy_perobs,0.5,2026-05-26,3416033613
0.0,plants_ny_2017,9,rf,nan,nan,nan,rf,nan,nan,accuracy_perobs,0.5,2026-05-26,4852022502
0.0,plants_ny_2017,9,rf,nan,nan,nan,rf,nan,nan,accuracy_perobs,0.5,2026-05-26,3953208758
0.0,plants_ny_2017,9,rf,nan,nan,nan,rf,nan,nan,accuracy_perobs,0.5,2026-05-26,2873806781
0.0,plants_ny_2017,9,rf,nan,nan,nan,rf,nan,nan,accuracy_perobs,0.5,2026-05-26,2273325216
0.0,plants_ny_2017,9,rf,nan,nan,nan,rf,nan,nan,accuracy_perobs,0.5,2026-05-26,6130451392
0.0,plants_ny_2017,9,rf,nan,nan,nan,rf,nan,nan,accuracy_perobs,0.5,2026-05-26,3860417600
0.0,plants_ny_2017,9,rf,nan,nan,nan,rf,nan,nan,accuracy_perobs,0.5,2026-05-26,3959886168
0.0,plants_ny_2017,9,rf,nan,nan,nan,rf,nan,nan,accuracy_perobs,0.5,2026-05-26,3951437097
0.0,plants_ny_2017,9,rf,nan,nan,nan,rf,nan,nan,accuracy_perobs,0.5,2026-05-26,3957996522
0.0,plants_ny_2017,9,rf,nan,nan,nan,rf,nan,nan,accuracy_perobs,0.5,2026-05-26,2873789902
0.0,plants_ny_2017,9,rf,nan,nan,nan,rf,nan,nan,accuracy_perobs,0.5,2026-05-26,2563472917
0.0,plants_ny_2017,9,rf,nan,nan,nan,rf,nan,nan,accuracy_perobs,0.5,2026-05-26,4018301340
0.0,plants_ny_2017,9,rf,nan,nan,nan,rf,nan,nan,accuracy_perobs,0.5,2026-05-26,3957131865
0.0,plants_ny_2017,9,rf,nan,nan,nan,rf,nan,nan,accuracy_perobs,0.5,2026-05-26,4171381418
0.0,plants_ny_2017,9,rf,nan,nan,nan,rf,nan,nan,accuracy_perobs,0.5,2026-05-26,3337455367
0.0,plants_ny_2017,9,rf,nan,nan,nan,rf,nan,nan,accuracy_perobs,0.5,2026-05-26,3044609709
0.0,plants_ny_2017,9,rf,nan,nan,nan,rf,nan,nan,accuracy_perobs,0.5,2026-05-26,2873953656
0.0,plants_ny_2017,9,rf,nan,nan,nan,rf,nan,nan,accuracy_perobs,0.5,2026-05-26,3455462593
0.0,plants_ny_2017,9,rf,nan,nan,nan,rf,nan,nan,accuracy_perobs,0.5,2026-05-26,2366087194
0.0,plants_ny_2017,9,rf,nan,nan,nan,rf,nan,nan,accuracy_perobs,0.5,2026-05-26,3705527388
0.0,plants_ny_2017,9,rf,nan,nan,nan,rf,nan,nan,accuracy_perobs,0.5,2026-05-26,2802703556
0.0,plants_ny_2017,9,rf,nan,nan,nan,rf,nan,nan,accuracy_perobs,0.5,2026-05-26,3947191131
0.0,plants_ny_2017,9,rf,nan,nan,nan,rf,nan,nan,accuracy_perobs,0.5,2026-05-26,3954160079
0.0,plants_ny_2017,9,rf,nan,nan,nan,rf,nan,nan,accuracy_perobs,0.5,2026-05-26,3335165269
0.0,plants_ny_2017,9,rf,nan,nan,nan,rf,nan,nan,accuracy_perobs,0.5,2026-05-26,4596756463
0.0,plants_ny_2017,9,rf,nan,nan,nan,rf,nan,nan,accuracy_perobs,0.5,2026-05-26,3998223035
0.0,plants_ny_2017,9,rf,nan,nan,nan,rf,nan,nan,accuracy_perobs,0.5,2026-05-26,2980796839
0.0,plants_ny_2017,9,rf,nan,nan,nan,rf,nan,nan,accuracy_perobs,0.5,2026-05-26,2975827144
0.0,plants_ny_2017,9,rf,nan,nan,nan,rf,nan,nan,accuracy_perobs,0.5,2026-05-26,3952306422
0.0,plants_ny_2017,9,rf,nan,nan,nan,rf,nan,nan,accuracy_perobs,0.5,2026-05-26,3956342840
0.0,plants_ny_2017,9,rf,nan,nan,nan,rf,nan,nan,accuracy_perobs,0.5,2026-05-26,5154213438
0.0,plants_ny_2017,9,rf,nan,nan,nan,rf,nan,nan,accuracy_perobs,0.5,2026-05-26,3902969359
0.0,plants_ny_2017,9,rf,nan,nan,nan,rf,nan,nan,accuracy_perobs,0.5,2026-05-26,3960214537
0.0,plants_ny_2017,9,rf,nan,nan,nan,rf,nan,nan,accuracy_perobs,0.5,2026-05-26,3953725266
0.0,plants_ny_2017,9,rf,nan,nan,nan,rf,nan,nan,accuracy_perobs,0.5,2026-05-26,4516606537
0.0,plants_ny_2017,9,rf,nan,nan,nan,rf,nan,nan,accuracy_perobs,0.5,2026-05-26,3952087393
0.0,plants_ny_2017,9,rf,nan,nan,nan,rf,nan,nan,accuracy_perobs,0.5,2026-05-26,2366112773
0.0,plants_ny_2017,9,rf,nan,nan,nan,rf,nan,nan,accuracy_perobs,0.5,2026-05-26,3956169265
0.0,plants_ny_2017,9,rf,nan,nan,nan,rf,nan,nan,accuracy_perobs,0.5,2026-05-26,3953433221
0.0,plants_ny_2017,9,rf,nan,nan,nan,rf,nan,nan,accuracy_perobs,0.5,2026-05-26,2366111261
0.0,plants_ny_2017,9,rf,nan,nan,nan,rf,nan,nan,accuracy_perobs,0.5,2026-05-26,3079821227
0.0,plants_ny_2017,9,rf,nan,nan,nan,rf,nan,nan,accuracy_perobs,0.5,2026-05-26,5216647329
0.0,plants_ny_2017,9,rf,nan,nan,nan,rf,nan,nan,accuracy_perobs,0.5,2026-05-26,5760689235
0.0,plants_ny_2017,9,rf,nan,nan,nan,rf,nan,nan,accuracy_perobs,0.5,2026-05-26,2873847852
0.0,plants_ny_2017,9,rf,nan,nan,nan,rf,nan,nan,accuracy_perobs,0.5,2026-05-26,2850743366
0.0,plants_ny_2017,9,rf,nan,nan,nan,rf,nan,nan,accuracy_perobs,0.5,2026-05-26,2851281356
0.0,plants_ny_2017,9,rf,nan,nan,nan,rf,nan,nan,accuracy_perobs,0.5,2026-05-26,6251859797
0.0,plants_ny_2017,9,rf,nan,nan,nan,rf,nan,nan,accuracy_perobs,0.5,2026-05-26,2868251979
0.0,plants_ny_2017,9,rf,nan,nan,nan,rf,nan,nan,accuracy_perobs,0.5,2026-05-26,2873802695
0.0,plants_ny_2017,9,rf,nan,nan,nan,rf,nan,nan,accuracy_perobs,0.5,2026-05-26,3957314948
0.0,plants_ny_2017,9,rf,nan,nan,nan,rf,nan,nan,accuracy_perobs,0.5,2026-05-26,2851293386
0.0,plants_ny_2017,9,rf,nan,nan,nan,rf,nan,nan,accuracy_perobs,0.5,2026-05-26,3079789164
0.0,plants_ny_2017,9,rf,nan,nan,nan,rf,nan,nan,accuracy_perobs,0.5,2026-05-26,2851197392
0.0,plants_ny_2017,9,rf,nan,nan,nan,rf,nan,nan,accuracy_perobs,0.5,2026-05-26,3061567799
0.0,plants_ny_2017,9,rf,nan,nan,nan,rf,nan,nan,accuracy_perobs,0.5,2026-05-26,3384342442
0.0,plants_ny_2017,9,rf,nan,nan,nan,rf,nan,nan,accuracy_perobs,0.5,2026-05-26,2851294394
0.0,plants_ny_2017,9,rf,nan,nan,nan,rf,nan,nan,accuracy_perobs,0.5,2026-05-26,4438870386
0.0,plants_ny_2017,9,rf,nan,nan,nan,rf,nan,nan,accuracy_perobs,0.5,2026-05-26,2366111608
0.0,plants_ny_2017,9,rf,nan,nan,nan,rf,nan,nan,accuracy_perobs,0.5,2026-05-26,4416636445
0.0,plants_ny_2017,9,rf,nan,nan,nan,rf,nan,nan,accuracy_perobs,0.5,2026-05-26,3858259550
0.0,plants_ny_2017,9,rf,nan,nan,nan,rf,nan,nan,accuracy_perobs,0.5,2026-05-26,2851292384
0.0,plants_ny_2017,9,rf,nan,nan,nan,rf,nan,nan,accuracy_perobs,0.5,2026-05-26,2517992038
0.0,plants_ny_2017,9,rf,nan,nan,nan,rf,nan,nan,accuracy_perobs,0.5,2026-05-26,5076712512
0.0,plants_ny_2017,9,rf,nan,nan,nan,rf,nan,nan,accuracy_perobs,0.5,2026-05-26,3058692658
0.0,plants_ny_2017,9,rf,nan,nan,nan,rf,nan,nan,accuracy_perobs,0.5,2026-05-26,3958883158
0.0,plants_ny_2017,9,rf,nan,nan,nan,rf,nan,nan,accuracy_perobs,0.5,2026-05-26,2851246387
0.0,plants_ny_2017,9,rf,nan,nan,nan,rf,nan,nan,accuracy_perobs,0.5,2026-05-26,3881701337
0.0,plants_ny_2017,9,rf,nan,nan,nan,rf,nan,nan,accuracy_perobs,0.5,2026-05-26,4046728383
0.0,plants_ny_2017,9,rf,nan,nan,nan,rf,nan,nan,accuracy_perobs,0.5,2026-05-26,3759085448
0.0,plants_ny_2017,9,rf,nan,nan,nan,rf,nan,nan,accuracy_perobs,0.5,2026-05-26,3061702662
0.0,plants_ny_2017,9,rf,nan,nan,nan,rf,nan,nan,accuracy_perobs,0.5,2026-05-26,3415567464
0.0,plants_ny_2017,9,rf,nan,nan,nan,rf,nan,nan,accuracy_perobs,0.5,2026-05-26,3957185341
0.0,plants_ny_2017,9,rf,nan,nan,nan,rf,nan,nan,accuracy_perobs,0.5,2026-05-26,3953127507
0.0,plants_ny_2017,9,rf,nan,nan,nan,rf,nan,nan,accuracy_perobs,0.5,2026-05-26,5076723599
0.0,plants_ny_2017,9,rf,nan,nan,nan,rf,nan,nan,accuracy_perobs,0.5,2026-05-26,3902061571
0.0,plants_ny_2017,9,rf,nan,nan,nan,rf,nan,nan,accuracy_perobs,0.5,2026-05-26,3061514442
0.0,plants_ny_2017,9,rf,nan,nan,nan,rf,nan,nan,accuracy_perobs,0.5,2026-05-26,4952480668
0.0,plants_ny_2017,9,rf,nan,nan,nan,rf,nan,nan,accuracy_perobs,0.5,2026-05-26,6195380536
0.0,plants_ny_2017,9,rf,nan,nan,nan,rf,nan,nan,accuracy_perobs,0.5,2026-05-26,1586949304
0.0,plants_ny_2017,9,rf,nan,nan,nan,rf,nan,nan,accuracy_perobs,0.5,2026-05-26,3008446484
0.0,plants_ny_2017,9,rf,nan,nan,nan,rf,nan,nan,accuracy_perobs,0.5,2026-05-26,3873476129
0.0,plants_ny_2017,9,rf,nan,nan,nan,rf,nan,nan,accuracy_perobs,0.5,2026-05-26,3998223440
0.0,plants_ny_2017,9,rf,nan,nan,nan,rf,nan,nan,accuracy_perobs,0.5,2026-05-26,2826543273
0.0,plants_ny_2017,9,rf,nan,nan,nan,rf,nan,nan,accuracy_perobs,0.5,2026-05-26,2851140260
0.0,plants_ny_2017,9,rf,nan,nan,nan,rf,nan,nan,accuracy_perobs,0.5,2026-05-26,3343931206
0.0,plants_ny_2017,9,rf,nan,nan,nan,rf,nan,nan,accuracy_perobs,0.5,2026-05-26,3017993505
0.0,plants_ny_2017,9,rf,nan,nan,nan,rf,nan,nan,accuracy_perobs,0.5,2026-05-26,2984569783
0.0,plants_ny_2017,9,rf,nan,nan,nan,rf,nan,nan,accuracy_perobs,0.5,2026-05-26,2862345937
0.0,plants_ny_2017,9,rf,nan,nan,nan,rf,nan,nan,accuracy_perobs,0.5,2026-05-26,2850913310
0.0,plants_ny_2017,9,rf,nan,nan,nan,rf,nan,nan,accuracy_perobs,0.5,2026-05-26,2603417031
0.0,plants_ny_2017,9,rf,nan,nan,nan,rf,nan,nan,accuracy_perobs,0.5,2026-05-26,3954435716
0.0,plants_ny_2017,9,rf,nan,nan,nan,rf,nan,nan,accuracy_perobs,0.5,2026-05-26,4926029317
0.0,plants_ny_2017,9,rf,nan,nan,nan,rf,nan,nan,accuracy_perobs,0.5,2026-05-26,2851129274
0.0,plants_ny_2017,9,rf,nan,nan,nan,rf,nan,nan,accuracy_perobs,0.5,2026-05-26,3320968431
0.0,plants_ny_2017,9,rf,nan,nan,nan,rf,nan,nan,accuracy_perobs,0.5,2026-05-26,4009846419
0.0,plants_ny_2017,9,rf,nan,nan,nan,rf,nan,nan,accuracy_perobs,0.5,2026-05-26,3113334925
0.0,plants_ny_2017,9,rf,nan,nan,nan,rf,nan,nan,accuracy_perobs,0.5,2026-05-26,3954294496
0.0,plants_ny_2017,9,rf,nan,nan,nan,rf,nan,nan,accuracy_perobs,0.5,2026-05-26,3044585607
0.0,plants_ny_2017,9,rf,nan,nan,nan,rf,nan,nan,accuracy_perobs,0.5,2026-05-26,3956834027
0.0,plants_ny_2017,9,rf,nan,nan,nan,rf,nan,nan,accuracy_perobs,0.5,2026-05-26,3760290653
0.0,plants_ny_2017,9,rf,nan,nan,nan,rf,nan,nan,accuracy_perobs,0.5,2026-05-26,4075755400
0.0,plants_ny_2017,9,rf,nan,nan,nan,rf,nan,nan,accuracy_perobs,0.5,2026-05-26,3953312293
0.0,plants_ny_2017,9,rf,nan,nan,nan,rf,nan,nan,accuracy_perobs,0.5,2026-05-26,1640046247
0.0,plants_ny_2017,9,rf,nan,nan,nan,rf,nan,nan,accuracy_perobs,0.5,2026-05-26,5006794444
0.0,plants_ny_2017,9,rf,nan,nan,nan,rf,nan,nan,accuracy_perobs,0.5,2026-05-26,3872962179
0.0,plants_ny_2017,9,rf,nan,nan,nan,rf,nan,nan,accuracy_perobs,0.5,2026-05-26,5932759594
0.0,plants_ny_2017,9,rf,nan,nan,nan,rf,nan,nan,accuracy_perobs,0.5,2026-05-26,4120898985
0.0,plants_ny_2017,9,rf,nan,nan,nan,rf,nan,nan,accuracy_perobs,0.5,2026-05-26,4528222487
0.0,plants_ny_2017,9,rf,nan,nan,nan,rf,nan,nan,accuracy_perobs,0.5,2026-05-26,3330531483
0.0,plants_ny_2017,9,rf,nan,nan,nan,rf,nan,nan,accuracy_perobs,0.5,2026-05-26,4120850445
0.0,plants_ny_2017,9,rf,nan,nan,nan,rf,nan,nan,accuracy_perobs,0.5,2026-05-26,3384859542
0.0,plants_ny_2017,9,rf,nan,nan,nan,rf,nan,nan,accuracy_perobs,0.5,2026-05-26,3957222005
0.0,plants_ny_2017,9,rf,nan,nan,nan,rf,nan,nan,accuracy_perobs,0.5,2026-05-26,4524920683
0.0,plants_ny_2017,9,rf,nan,nan,nan,rf,nan,nan,accuracy_perobs,0.5,2026-05-26,2850644162
0.0,plants_ny_2017,9,rf,nan,nan,nan,rf,nan,nan,accuracy_perobs,0.5,2026-05-26,3953571592
0.0,plants_ny_2017,9,rf,nan,nan,nan,rf,nan,nan,accuracy_perobs,0.5,2026-05-26,4145649611
0.0,plants_ny_2017,9,rf,nan,nan,nan,rf,nan,nan,accuracy_perobs,0.5,2026-05-26,3949008632
0.0,plants_ny_2017,9,rf,nan,nan,nan,rf,nan,nan,accuracy_perobs,0.5,2026-05-26,3998875473
0.0,plants_ny_2017,9,rf,nan,nan,nan,rf,nan,nan,accuracy_perobs,0.5,2026-05-26,3018122442
0.0,plants_ny_2017,9,rf,nan,nan,nan,rf,nan,nan,accuracy_perobs,0.5,2026-05-26,3986190569
0.0,plants_ny_2017,9,rf,nan,nan,nan,rf,nan,nan,accuracy_perobs,0.5,2026-05-26,4046413372
0.0,plants_ny_2017,9,rf,nan,nan,nan,rf,nan,nan,accuracy_perobs,0.5,2026-05-26,4507843383
0.0,plants_ny_2017,9,rf,nan,nan,nan,rf,nan,nan,accuracy_perobs,0.5,2026-05-26,3881596374
0.0,plants_ny_2017,9,rf,nan,nan,nan,rf,nan,nan,accuracy_perobs,0.5,2026-05-26,4527946494
0.0,plants_ny_2017,9,rf,nan,nan,nan,rf,nan,nan,accuracy_perobs,0.5,2026-05-26,3455578607
0.0,plants_ny_2017,9,rf,nan,nan,nan,rf,nan,nan,accuracy_perobs,0.5,2026-05-26,4046753575
0.0,plants_ny_2017,9,rf,nan,nan,nan,rf,nan,nan,accuracy_perobs,0.5,2026-05-26,2873957772
0.0,plants_ny_2017,9,rf,nan,nan,nan,rf,nan,nan,accuracy_perobs,0.5,2026-05-26,3956366859
0.0,plants_ny_2017,9,rf,nan,nan,nan,rf,nan,nan,accuracy_perobs,0.5,2026-05-26,5109136090
0.0,plants_ny_2017,9,rf,nan,nan,nan,rf,nan,nan,accuracy_perobs,0.5,2026-05-26,3873633212
0.0,plants_ny_2017,9,rf,nan,nan,nan,rf,nan,nan,accuracy_perobs,0.5,2026-05-26,3948999565
0.0,plants_ny_2017,9,rf,nan,nan,nan,rf,nan,nan,accuracy_perobs,0.5,2026-05-26,2851191235
0.0,plants_ny_2017,9,rf,nan,nan,nan,rf,nan,nan,accuracy_perobs,0.5,2026-05-26,2802724611
0.0,plants_ny_2017,9,rf,nan,nan,nan,rf,nan,nan,accuracy_perobs,0.5,2026-05-26,3985692390
0.0,plants_ny_2017,9,rf,nan,nan,nan,rf,nan,nan,accuracy_perobs,0.5,2026-05-26,2851057234
0.0,plants_ny_2017,9,rf,nan,nan,nan,rf,nan,nan,accuracy_perobs,0.5,2026-05-26,3118466378
0.0,plants_ny_2017,9,rf,nan,nan,nan,rf,nan,nan,accuracy_perobs,0.5,2026-05-26,3949499564
0.0,plants_ny_2017,9,rf,nan,nan,nan,rf,nan,nan,accuracy_perobs,0.5,2026-05-26,3881743494
0.0,plants_ny_2017,9,rf,nan,nan,nan,rf,nan,nan,accuracy_perobs,0.5,2026-05-26,2873953948
0.0,plants_ny_2017,9,rf,nan,nan,nan,rf,nan,nan,accuracy_perobs,0.5,2026-05-26,2984561404
0.0,plants_ny_2017,9,rf,nan,nan,nan,rf,nan,nan,accuracy_perobs,0.5,2026-05-26,4980699019
0.0,plants_ny_2017,9,rf,nan,nan,nan,rf,nan,nan,accuracy_perobs,0.5,2026-05-26,3958674828
0.0,plants_ny_2017,9,rf,nan,nan,nan,rf,nan,nan,accuracy_perobs,0.5,2026-05-26,3952386225
0.0,plants_ny_2017,9,rf,nan,nan,nan,rf,nan,nan,accuracy_perobs,0.5,2026-05-26,5109129559
0.0,plants_ny_2017,9,rf,nan,nan,nan,rf,nan,nan,accuracy_perobs,0.5,2026-05-26,2850658233
0.0,plants_ny_2017,9,rf,nan,nan,nan,rf,nan,nan,accuracy_perobs,0.5,2026-05-26,3881359466
0.0,plants_ny_2017,9,rf,nan,nan,nan,rf,nan,nan,accuracy_perobs,0.5,2026-05-26,3956722689
0.0,plants_ny_2017,9,rf,nan,nan,nan,rf,nan,nan,accuracy_perobs,0.5,2026-05-26,3954746654
0.0,plants_ny_2017,9,rf,nan,nan,nan,rf,nan,nan,accuracy_perobs,0.5,2026-05-26,3988850381
0.0,plants_ny_2017,9,rf,nan,nan,nan,rf,nan,nan,accuracy_perobs,0.5,2026-05-26,3124869844
0.0,plants_ny_2017,9,rf,nan,nan,nan,rf,nan,nan,accuracy_perobs,0.5,2026-05-26,3415812386
0.0,plants_ny_2017,9,rf,nan,nan,nan,rf,nan,nan,accuracy_perobs,0.5,2026-05-26,3915312328
0.0,plants_ny_2017,9,rf,nan,nan,nan,rf,nan,nan,accuracy_perobs,0.5,2026-05-26,2802667507
0.0,plants_ny_2017,9,rf,nan,nan,nan,rf,nan,nan,accuracy_perobs,0.5,2026-05-26,2992697099
0.0,plants_ny_2017,9,rf,nan,nan,nan,rf,nan,nan,accuracy_perobs,0.5,2026-05-26,3953163643
0.0,plants_ny_2017,9,rf,nan,nan,nan,rf,nan,nan,accuracy_perobs,0.5,2026-05-26,2366111803
0.0,plants_ny_2017,9,rf,nan,nan,nan,rf,nan,nan,accuracy_perobs,0.5,2026-05-26,2850704240
0.0,plants_ny_2017,9,rf,nan,nan,nan,rf,nan,nan,accuracy_perobs,0.5,2026-05-26,2862566022
0.0,plants_ny_2017,9,rf,nan,nan,nan,rf,nan,nan,accuracy_perobs,0.5,2026-05-26,2802671703
0.0,plants_ny_2017,9,rf,nan,nan,nan,rf,nan,nan,accuracy_perobs,0.5,2026-05-26,3985741389
0.0,plants_ny_2017,9,rf,nan,nan,nan,rf,nan,nan,accuracy_perobs,0.5,2026-05-26,3302022672
0.0,plants_ny_2017,9,rf,nan,nan,nan,rf,nan,nan,accuracy_perobs,0.5,2026-05-26,3338030512
0.0,plants_ny_2017,9,rf,nan,nan,nan,rf,nan,nan,accuracy_perobs,0.5,2026-05-26,2862557509
0.0,plants_ny_2017,9,rf,nan,nan,nan,rf,nan,nan,accuracy_perobs,0.5,2026-05-26,4919660513
0.0,plants_ny_2017,9,rf,nan,nan,nan,rf,nan,nan,accuracy_perobs,0.5,2026-05-26,1586949329
0.0,plants_ny_2017,9,rf,nan,nan,nan,rf,nan,nan,accuracy_perobs,0.5,2026-05-26,2999188196
0.0,plants_ny_2017,9,rf,nan,nan,nan,rf,nan,nan,accuracy_perobs,0.5,2026-05-26,3384644194
0.0,plants_ny_2017,9,rf,nan,nan,nan,rf,nan,nan,accuracy_perobs,0.5,2026-05-26,2873748813
0.0,plants_ny_2017,9,rf,nan,nan,nan,rf,nan,nan,accuracy_perobs,0.5,2026-05-26,3321244434
0.0,plants_ny_2017,9,rf,nan,nan,nan,rf,nan,nan,accuracy_perobs,0.5,2026-05-26,3456731618
0.0,plants_ny_2017,9,rf,nan,nan,nan,rf,nan,nan,accuracy_perobs,0.5,2026-05-26,3872903272
0.0,plants_ny_2017,9,rf,nan,nan,nan,rf,nan,nan,accuracy_perobs,0.5,2026-05-26,3859369936
0.0,plants_ny_2017,9,rf,nan,nan,nan,rf,nan,nan,accuracy_perobs,0.5,2026-05-26,3039299672
0.0,plants_ny_2017,9,rf,nan,nan,nan,rf,nan,nan,accuracy_perobs,0.5,2026-05-26,3031582063
0.0,plants_ny_2017,9,rf,nan,nan,nan,rf,nan,nan,accuracy_perobs,0.5,2026-05-26,2366154218
0.0,plants_ny_2017,9,rf,nan,nan,nan,rf,nan,nan,accuracy_perobs,0.5,2026-05-26,4011709489
0.0,plants_ny_2017,9,rf,nan,nan,nan,rf,nan,nan,accuracy_perobs,0.5,2026-05-26,4982089288
0.0,plants_ny_2017,9,rf,nan,nan,nan,rf,nan,nan,accuracy_perobs,0.5,2026-05-26,3952895824
0.0,plants_ny_2017,9,rf,nan,nan,nan,rf,nan,nan,accuracy_perobs,0.5,2026-05-26,2850851235
0.0,plants_ny_2017,9,rf,nan,nan,nan,rf,nan,nan,accuracy_perobs,0.5,2026-05-26,3958420669
0.0,plants_ny_2017,9,rf,nan,nan,nan,rf,nan,nan,accuracy_perobs,0.5,2026-05-26,4512037436
0.0,plants_ny_2017,9,rf,nan,nan,nan,rf,nan,nan,accuracy_perobs,0.5,2026-05-26,3947730461
0.0,plants_ny_2017,9,rf,nan,nan,nan,rf,nan,nan,accuracy_perobs,0.5,2026-05-26,3383965657
0.0,plants_ny_2017,9,rf,nan,nan,nan,rf,nan,nan,accuracy_perobs,0.5,2026-05-26,3307455953
0.0,plants_ny_2017,9,rf,nan,nan,nan,rf,nan,nan,accuracy_perobs,0.5,2026-05-26,2802806481
0.0,plants_ny_2017,9,rf,nan,nan,nan,rf,nan,nan,accuracy_perobs,0.5,2026-05-26,2873791902
0.0,plants_ny_2017,9,rf,nan,nan,nan,rf,nan,nan,accuracy_perobs,0.5,2026-05-26,2999132599
0.0,plants_ny_2017,9,rf,nan,nan,nan,rf,nan,nan,accuracy_perobs,0.5,2026-05-26,3330532529
0.0,plants_ny_2017,9,rf,nan,nan,nan,rf,nan,nan,accuracy_perobs,0.5,2026-05-26,3117861904
0.0,plants_ny_2017,9,rf,nan,nan,nan,rf,nan,nan,accuracy_perobs,0.5,2026-05-26,3044756340
0.0,plants_ny_2017,9,rf,nan,nan,nan,rf,nan,nan,accuracy_perobs,0.5,2026-05-26,3335573435
0.0,plants_ny_2017,9,rf,nan,nan,nan,rf,nan,nan,accuracy_perobs,0.5,2026-05-26,3456276132
0.0,plants_ny_2017,9,rf,nan,nan,nan,rf,nan,nan,accuracy_perobs,0.5,2026-05-26,3079727158
0.0,plants_ny_2017,9,rf,nan,nan,nan,rf,nan,nan,accuracy_perobs,0.5,2026-05-26,3923510357
0.0,plants_ny_2017,9,rf,nan,nan,nan,rf,nan,nan,accuracy_perobs,0.5,2026-05-26,3307420299
0.0,plants_ny_2017,9,rf,nan,nan,nan,rf,nan,nan,accuracy_perobs,0.5,2026-05-26,3954116155
0.0,plants_ny_2017,9,rf,nan,nan,nan,rf,nan,nan,accuracy_perobs,0.5,2026-05-26,4062585229
0.0,plants_ny_2017,9,rf,nan,nan,nan,rf,nan,nan,accuracy_perobs,0.5,2026-05-26,2814352941
0.0,plants_ny_2017,9,rf,nan,nan,nan,rf,nan,nan,accuracy_perobs,0.5,2026-05-26,2850850850
0.0,plants_ny_2017,9,rf,nan,nan,nan,rf,nan,nan,accuracy_perobs,0.5,2026-05-26,3957117251
0.0,plants_ny_2017,9,rf,nan,nan,nan,rf,nan,nan,accuracy_perobs,0.5,2026-05-26,4994393529
0.0,plants_ny_2017,9,rf,nan,nan,nan,rf,nan,nan,accuracy_perobs,0.5,2026-05-26,3959484505
0.0,plants_ny_2017,9,rf,nan,nan,nan,rf,nan,nan,accuracy_perobs,0.5,2026-05-26,2901586898
0.0,plants_ny_2017,9,rf,nan,nan,nan,rf,nan,nan,accuracy_perobs,0.5,2026-05-26,3958431964
0.0,plants_ny_2017,9,rf,nan,nan,nan,rf,nan,nan,accuracy_perobs,0.5,2026-05-26,3468986372
0.0,plants_ny_2017,9,rf,nan,nan,nan,rf,nan,nan,accuracy_perobs,0.5,2026-05-26,3999030971
0.0,plants_ny_2017,9,rf,nan,nan,nan,rf,nan,nan,accuracy_perobs,0.5,2026-05-26,4982007896
0.0,plants_ny_2017,9,rf,nan,nan,nan,rf,nan,nan,accuracy_perobs,0.5,2026-05-26,3953844692
0.0,plants_ny_2017,9,rf,nan,nan,nan,rf,nan,nan,accuracy_perobs,0.5,2026-05-26,4075705485
0.0,plants_ny_2017,9,rf,nan,nan,nan,rf,nan,nan,accuracy_perobs,0.5,2026-05-26,3915403362
0.0,plants_ny_2017,9,rf,nan,nan,nan,rf,nan,nan,accuracy_perobs,0.5,2026-05-26,5062505851
0.0,plants_ny_2017,9,rf,nan,nan,nan,rf,nan,nan,accuracy_perobs,0.5,2026-05-26,3398664644
0.0,plants_ny_2017,9,rf,nan,nan,nan,rf,nan,nan,accuracy_perobs,0.5,2026-05-26,3355185526
0.0,plants_ny_2017,9,rf,nan,nan,nan,rf,nan,nan,accuracy_perobs,0.5,2026-05-26,3902013743
0.0,plants_ny_2017,9,rf,nan,nan,nan,rf,nan,nan,accuracy_perobs,0.5,2026-05-26,4875002056
0.0,plants_ny_2017,9,rf,nan,nan,nan,rf,nan,nan,accuracy_perobs,0.5,2026-05-26,4987664848
0.0,plants_ny_2017,9,rf,nan,nan,nan,rf,nan,nan,accuracy_perobs,0.5,2026-05-26,3951409931
0.0,plants_ny_2017,9,rf,nan,nan,nan,rf,nan,nan,accuracy_perobs,0.5,2026-05-26,3860529538
0.0,plants_ny_2017,9,rf,nan,nan,nan,rf,nan,nan,accuracy_perobs,0.5,2026-05-26,4028692377
0.0,plants_ny_2017,9,rf,nan,nan,nan,rf,nan,nan,accuracy_perobs,0.5,2026-05-26,3956207744
0.0,plants_ny_2017,9,rf,nan,nan,nan,rf,nan,nan,accuracy_perobs,0.5,2026-05-26,4528157494
0.0,plants_ny_2017,9,rf,nan,nan,nan,rf,nan,nan,accuracy_perobs,0.5,2026-05-26,3998738616
0.0,plants_ny_2017,9,rf,nan,nan,nan,rf,nan,nan,accuracy_perobs,0.5,2026-05-26,3759728247
0.0,plants_ny_2017,9,rf,nan,nan,nan,rf,nan,nan,accuracy_perobs,0.5,2026-05-26,3314479342
0.0,plants_ny_2017,9,rf,nan,nan,nan,rf,nan,nan,accuracy_perobs,0.5,2026-05-26,3956363181
0.0,plants_ny_2017,9,rf,nan,nan,nan,rf,nan,nan,accuracy_perobs,0.5,2026-05-26,2980803565
0.0,plants_ny_2017,9,rf,nan,nan,nan,rf,nan,nan,accuracy_perobs,0.5,2026-05-26,2818696519
0.0,plants_ny_2017,9,rf,nan,nan,nan,rf,nan,nan,accuracy_perobs,0.5,2026-05-26,3957136191
0.0,plants_ny_2017,9,rf,nan,nan,nan,rf,nan,nan,accuracy_perobs,0.5,2026-05-26,3947603432
0.0,plants_ny_2017,9,rf,nan,nan,nan,rf,nan,nan,accuracy_perobs,0.5,2026-05-26,3079799200
0.0,plants_ny_2017,9,rf,nan,nan,nan,rf,nan,nan,accuracy_perobs,0.5,2026-05-26,3759800583
0.0,plants_ny_2017,9,rf,nan,nan,nan,rf,nan,nan,accuracy_perobs,0.5,2026-05-26,3952338431
0.0,plants_ny_2017,9,rf,nan,nan,nan,rf,nan,nan,accuracy_perobs,0.5,2026-05-26,3070660719
0.0,plants_ny_2017,9,rf,nan,nan,nan,rf,nan,nan,accuracy_perobs,0.5,2026-05-26,2883045025
0.0,plants_ny_2017,9,rf,nan,nan,nan,rf,nan,nan,accuracy_perobs,0.5,2026-05-26,3956455107
0.0,plants_ny_2017,9,rf,nan,nan,nan,rf,nan,nan,accuracy_perobs,0.5,2026-05-26,3953440550
0.0,plants_ny_2017,9,rf,nan,nan,nan,rf,nan,nan,accuracy_perobs,0.5,2026-05-26,3330479504
0.0,plants_ny_2017,9,rf,nan,nan,nan,rf,nan,nan,accuracy_perobs,0.5,2026-05-26,5069738682
0.0,plants_ny_2017,9,rf,nan,nan,nan,rf,nan,nan,accuracy_perobs,0.5,2026-05-26,4528182478
0.0,plants_ny_2017,9,rf,nan,nan,nan,rf,nan,nan,accuracy_perobs,0.5,2026-05-26,3957592700
0.0,plants_ny_2017,9,rf,nan,nan,nan,rf,nan,nan,accuracy_perobs,0.5,2026-05-26,2542926129
0.0,plants_ny_2017,9,rf,nan,nan,nan,rf,nan,nan,accuracy_perobs,0.5,2026-05-26,2543077716
0.0,plants_ny_2017,9,rf,nan,nan,nan,rf,nan,nan,accuracy_perobs,0.5,2026-05-26,5133179845
0.0,plants_ny_2017,9,rf,nan,nan,nan,rf,nan,nan,accuracy_perobs,0.5,2026-05-26,3466316611
0.0,plants_ny_2017,9,rf,nan,nan,nan,rf,nan,nan,accuracy_perobs,0.5,2026-05-26,3873859752
0.0,plants_ny_2017,9,rf,nan,nan,nan,rf,nan,nan,accuracy_perobs,0.5,2026-05-26,3953841663
0.0,plants_ny_2017,9,rf,nan,nan,nan,rf,nan,nan,accuracy_perobs,0.5,2026-05-26,3954414244
0.0,plants_ny_2017,9,rf,nan,nan,nan,rf,nan,nan,accuracy_perobs,0.5,2026-05-26,3902900588
0.0,plants_ny_2017,9,rf,nan,nan,nan,rf,nan,nan,accuracy_perobs,0.5,2026-05-26,4137641456
0.0,plants_ny_2017,9,rf,nan,nan,nan,rf,nan,nan,accuracy_perobs,0.5,2026-05-26,4018290776
0.0,plants_ny_2017,9,rf,nan,nan,nan,rf,nan,nan,accuracy_perobs,0.5,2026-05-26,4506415319
0.0,plants_ny_2017,9,rf,nan,nan,nan,rf,nan,nan,accuracy_perobs,0.5,2026-05-26,3124798122
0.0,plants_ny_2017,9,rf,nan,nan,nan,rf,nan,nan,accuracy_perobs,0.5,2026-05-26,3112471476
0.0,plants_ny_2017,9,rf,nan,nan,nan,rf,nan,nan,accuracy_perobs,0.5,2026-05-26,4528172478
0.0,plants_ny_2017,9,rf,nan,nan,nan,rf,nan,nan,accuracy_perobs,0.5,2026-05-26,3999140442
0.0,plants_ny_2017,9,rf,nan,nan,nan,rf,nan,nan,accuracy_perobs,0.5,2026-05-26,4145638317
0.0,plants_ny_2017,9,rf,nan,nan,nan,rf,nan,nan,accuracy_perobs,0.5,2026-05-26,3952277328
0.0,plants_ny_2017,9,rf,nan,nan,nan,rf,nan,nan,accuracy_perobs,0.5,2026-05-26,3957061558
0.0,plants_ny_2017,9,rf,nan,nan,nan,rf,nan,nan,accuracy_perobs,0.5,2026-05-26,3957618893
0.0,plants_ny_2017,9,rf,nan,nan,nan,rf,nan,nan,accuracy_perobs,0.5,2026-05-26,3325477868
0.0,plants_ny_2017,9,rf,nan,nan,nan,rf,nan,nan,accuracy_perobs,0.5,2026-05-26,3335172436
0.0,plants_ny_2017,9,rf,nan,nan,nan,rf,nan,nan,accuracy_perobs,0.5,2026-05-26,3399116016
0.0,plants_ny_2017,9,rf,nan,nan,nan,rf,nan,nan,accuracy_perobs,0.5,2026-05-26,3330421527
0.0,plants_ny_2017,9,rf,nan,nan,nan,rf,nan,nan,accuracy_perobs,0.5,2026-05-26,2641296488
0.0,plants_ny_2017,9,rf,nan,nan,nan,rf,nan,nan,accuracy_perobs,0.5,2026-05-26,4980364433
0.0,plants_ny_2017,9,rf,nan,nan,nan,rf,nan,nan,accuracy_perobs,0.5,2026-05-26,2988351581
0.0,plants_ny_2017,9,rf,nan,nan,nan,rf,nan,nan,accuracy_perobs,0.5,2026-05-26,3321055438
0.0,plants_ny_2017,9,rf,nan,nan,nan,rf,nan,nan,accuracy_perobs,0.5,2026-05-26,3070715397
0.0,plants_ny_2017,9,rf,nan,nan,nan,rf,nan,nan,accuracy_perobs,0.5,2026-05-26,3455385966
0.0,plants_ny_2017,9,rf,nan,nan,nan,rf,nan,nan,accuracy_perobs,0.5,2026-05-26,3951713138
0.0,plants_ny_2017,9,rf,nan,nan,nan,rf,nan,nan,accuracy_perobs,0.5,2026-05-26,3018096535
0.0,plants_ny_2017,9,rf,nan,nan,nan,rf,nan,nan,accuracy_perobs,0.5,2026-05-26,3743340390
0.0,plants_ny_2017,9,rf,nan,nan,nan,rf,nan,nan,accuracy_perobs,0.5,2026-05-26,3705681683
0.0,plants_ny_2017,9,rf,nan,nan,nan,rf,nan,nan,accuracy_perobs,0.5,2026-05-26,3925387521
0.0,plants_ny_2017,9,rf,nan,nan,nan,rf,nan,nan,accuracy_perobs,0.5,2026-05-26,3325896304
0.0,plants_ny_2017,9,rf,nan,nan,nan,rf,nan,nan,accuracy_perobs,0.5,2026-05-26,2992834716
0.0,plants_ny_2017,9,rf,nan,nan,nan,rf,nan,nan,accuracy_perobs,0.5,2026-05-26,2814445368
0.0,plants_ny_2017,9,rf,nan,nan,nan,rf,nan,nan,accuracy_perobs,0.5,2026-05-26,4129951330
0.0,plants_ny_2017,9,rf,nan,nan,nan,rf,nan,nan,accuracy_perobs,0.5,2026-05-26,4075637512
0.0,plants_ny_2017,9,rf,nan,nan,nan,rf,nan,nan,accuracy_perobs,0.5,2026-05-26,3337758571
0.0,plants_ny_2017,9,rf,nan,nan,nan,rf,nan,nan,accuracy_perobs,0.5,2026-05-26,4062604386
0.0,plants_ny_2017,9,rf,nan,nan,nan,rf,nan,nan,accuracy_perobs,0.5,2026-05-26,4528224440
0.0,plants_ny_2017,9,rf,nan,nan,nan,rf,nan,nan,accuracy_perobs,0.5,2026-05-26,3325558952
0.0,plants_ny_2017,9,rf,nan,nan,nan,rf,nan,nan,accuracy_perobs,0.5,2026-05-26,3947498473
0.0,plants_ny_2017,9,rf,nan,nan,nan,rf,nan,nan,accuracy_perobs,0.5,2026-05-26,3957207151
0.0,plants_ny_2017,9,rf,nan,nan,nan,rf,nan,nan,accuracy_perobs,0.5,2026-05-26,3998815145
0.0,plants_ny_2017,9,rf,nan,nan,nan,rf,nan,nan,accuracy_perobs,0.5,2026-05-26,2818557529
0.0,plants_ny_2017,9,rf,nan,nan,nan,rf,nan,nan,accuracy_perobs,0.5,2026-05-26,2619914071
0.0,plants_ny_2017,9,rf,nan,nan,nan,rf,nan,nan,accuracy_perobs,0.5,2026-05-26,3398716812
0.0,plants_ny_2017,9,rf,nan,nan,nan,rf,nan,nan,accuracy_perobs,0.5,2026-05-26,3902912460
0.0,plants_ny_2017,9,rf,nan,nan,nan,rf,nan,nan,accuracy_perobs,0.5,2026-05-26,3998412148
0.0,plants_ny_2017,9,rf,nan,nan,nan,rf,nan,nan,accuracy_perobs,0.5,2026-05-26,3302349402
0.0,plants_ny_2017,9,rf,nan,nan,nan,rf,nan,nan,accuracy_perobs,0.5,2026-05-26,3859742566
0.0,plants_ny_2017,9,rf,nan,nan,nan,rf,nan,nan,accuracy_perobs,0.5,2026-05-26,3124738126
0.0,plants_ny_2017,9,rf,nan,nan,nan,rf,nan,nan,accuracy_perobs,0.5,2026-05-26,2626240489
0.0,plants_ny_2017,9,rf,nan,nan,nan,rf,nan,nan,accuracy_perobs,0.5,2026-05-26,4111700345
0.0,plants_ny_2017,9,rf,nan,nan,nan,rf,nan,nan,accuracy_perobs,0.5,2026-05-26,3330520540
0.0,plants_ny_2017,9,rf,nan,nan,nan,rf,nan,nan,accuracy_perobs,0.5,2026-05-26,3455550160
0.0,plants_ny_2017,9,rf,nan,nan,nan,rf,nan,nan,accuracy_perobs,0.5,2026-05-26,3858205711
0.0,plants_ny_2017,9,rf,nan,nan,nan,rf,nan,nan,accuracy_perobs,0.5,2026-05-26,3998874721
0.0,plants_ny_2017,9,rf,nan,nan,nan,rf,nan,nan,accuracy_perobs,0.5,2026-05-26,3952150423
0.0,plants_ny_2017,9,rf,nan,nan,nan,rf,nan,nan,accuracy_perobs,0.5,2026-05-26,3416172329
0.0,plants_ny_2017,9,rf,nan,nan,nan,rf,nan,nan,accuracy_perobs,0.5,2026-05-26,2826209623
0.0,plants_ny_2017,9,rf,nan,nan,nan,rf,nan,nan,accuracy_perobs,0.5,2026-05-26,3302020955
0.0,plants_ny_2017,9,rf,nan,nan,nan,rf,nan,nan,accuracy_perobs,0.5,2026-05-26,3956244620
0.0,plants_ny_2017,9,rf,nan,nan,nan,rf,nan,nan,accuracy_perobs,0.5,2026-05-26,3014101840
0.0,plants_ny_2017,9,rf,nan,nan,nan,rf,nan,nan,accuracy_perobs,0.5,2026-05-26,4009663380
0.0,plants_ny_2017,9,rf,nan,nan,nan,rf,nan,nan,accuracy_perobs,0.5,2026-05-26,4516611590
0.0,plants_ny_2017,9,rf,nan,nan,nan,rf,nan,nan,accuracy_perobs,0.5,2026-05-26,4509997546
0.0,plants_ny_2017,9,rf,nan,nan,nan,rf,nan,nan,accuracy_perobs,0.5,2026-05-26,3759847625
0.0,plants_ny_2017,9,rf,nan,nan,nan,rf,nan,nan,accuracy_perobs,0.5,2026-05-26,3455962642
0.0,plants_ny_2017,9,rf,nan,nan,nan,rf,nan,nan,accuracy_perobs,0.5,2026-05-26,3335118718
0.0,plants_ny_2017,9,rf,nan,nan,nan,rf,nan,nan,accuracy_perobs,0.5,2026-05-26,3953747116
0.0,plants_ny_2017,9,rf,nan,nan,nan,rf,nan,nan,accuracy_perobs,0.5,2026-05-26,3956369289
0.0,plants_ny_2017,9,rf,nan,nan,nan,rf,nan,nan,accuracy_perobs,0.5,2026-05-26,3090859048
0.0,plants_ny_2017,9,rf,nan,nan,nan,rf,nan,nan,accuracy_perobs,0.5,2026-05-26,5063747331
0.0,plants_ny_2017,9,rf,nan,nan,nan,rf,nan,nan,accuracy_perobs,0.5,2026-05-26,4165612415
0.0,plants_ny_2017,9,rf,nan,nan,nan,rf,nan,nan,accuracy_perobs,0.5,2026-05-26,3952049197
0.0,plants_ny_2017,9,rf,nan,nan,nan,rf,nan,nan,accuracy_perobs,0.5,2026-05-26,5908806321
0.0,plants_ny_2017,9,rf,nan,nan,nan,rf,nan,nan,accuracy_perobs,0.5,2026-05-26,3499481397
0.0,plants_ny_2017,9,rf,nan,nan,nan,rf,nan,nan,accuracy_perobs,0.5,2026-05-26,3959455648
0.0,plants_ny_2017,9,rf,nan,nan,nan,rf,nan,nan,accuracy_perobs,0.5,2026-05-26,2980877551
0.0,plants_ny_2017,9,rf,nan,nan,nan,rf,nan,nan,accuracy_perobs,0.5,2026-05-26,3330746561
0.0,plants_ny_2017,9,rf,nan,nan,nan,rf,nan,nan,accuracy_perobs,0.5,2026-05-26,5062506887
0.0,plants_ny_2017,9,rf,nan,nan,nan,rf,nan,nan,accuracy_perobs,0.5,2026-05-26,5076719517
0.0,plants_ny_2017,9,rf,nan,nan,nan,rf,nan,nan,accuracy_perobs,0.5,2026-05-26,3998510978
0.0,plants_ny_2017,9,rf,nan,nan,nan,rf,nan,nan,accuracy_perobs,0.5,2026-05-26,3468698545
0.0,plants_ny_2017,9,rf,nan,nan,nan,rf,nan,nan,accuracy_perobs,0.5,2026-05-26,4046374453
0.0,plants_ny_2017,9,rf,nan,nan,nan,rf,nan,nan,accuracy_perobs,0.5,2026-05-26,3952279586
0.0,plants_ny_2017,9,rf,nan,nan,nan,rf,nan,nan,accuracy_perobs,0.5,2026-05-26,4009884828
0.0,plants_ny_2017,9,rf,nan,nan,nan,rf,nan,nan,accuracy_perobs,0.5,2026-05-26,3044835715
0.0,plants_ny_2017,9,rf,nan,nan,nan,rf,nan,nan,accuracy_perobs,0.5,2026-05-26,3330801571
0.0,plants_ny_2017,9,rf,nan,nan,nan,rf,nan,nan,accuracy_perobs,0.5,2026-05-26,3337648389
0.0,plants_ny_2017,9,rf,nan,nan,nan,rf,nan,nan,accuracy_perobs,0.5,2026-05-26,2641516940
0.0,plants_ny_2017,9,rf,nan,nan,nan,rf,nan,nan,accuracy_perobs,0.5,2026-05-26,4528179395
0.0,plants_ny_2017,9,rf,nan,nan,nan,rf,nan,nan,accuracy_perobs,0.5,2026-05-26,2294610837
0.0,plants_ny_2017,9,rf,nan,nan,nan,rf,nan,nan,accuracy_perobs,0.5,2026-05-26,3960019510
0.0,plants_ny_2017,9,rf,nan,nan,nan,rf,nan,nan,accuracy_perobs,0.5,2026-05-26,4015276693
0.0,plants_ny_2017,9,rf,nan,nan,nan,rf,nan,nan,accuracy_perobs,0.5,2026-05-26,3959560670
0.0,plants_ny_2017,9,rf,nan,nan,nan,rf,nan,nan,accuracy_perobs,0.5,2026-05-26,3070542173
0.0,plants_ny_2017,9,rf,nan,nan,nan,rf,nan,nan,accuracy_perobs,0.5,2026-05-26,4527943496
0.0,plants_ny_2017,9,rf,nan,nan,nan,rf,nan,nan,accuracy_perobs,0.5,2026-05-26,3925497437
0.0,plants_ny_2017,9,rf,nan,nan,nan,rf,nan,nan,accuracy_perobs,0.5,2026-05-26,3031600123
0.0,plants_ny_2017,9,rf,nan,nan,nan,rf,nan,nan,accuracy_perobs,0.5,2026-05-26,3124725655
0.0,plants_ny_2017,9,rf,nan,nan,nan,rf,nan,nan,accuracy_perobs,0.5,2026-05-26,4522460314
0.0,plants_ny_2017,9,rf,nan,nan,nan,rf,nan,nan,accuracy_perobs,0.5,2026-05-26,3759594478
0.0,plants_ny_2017,9,rf,nan,nan,nan,rf,nan,nan,accuracy_perobs,0.5,2026-05-26,3952431385
0.0,plants_ny_2017,9,rf,nan,nan,nan,rf,nan,nan,accuracy_perobs,0.5,2026-05-26,2429562776
0.0,plants_ny_2017,9,rf,nan,nan,nan,rf,nan,nan,accuracy_perobs,0.5,2026-05-26,2563466968
0.0,plants_ny_2017,9,rf,nan,nan,nan,rf,nan,nan,accuracy_perobs,0.5,2026-05-26,3951486539
0.0,plants_ny_2017,9,rf,nan,nan,nan,rf,nan,nan,accuracy_perobs,0.5,2026-05-26,3961018720
0.0,plants_ny_2017,9,rf,nan,nan,nan,rf,nan,nan,accuracy_perobs,0.5,2026-05-26,3337406464
0.0,plants_ny_2017,9,rf,nan,nan,nan,rf,nan,nan,accuracy_perobs,0.5,2026-05-26,2862375454
0.0,plants_ny_2017,9,rf,nan,nan,nan,rf,nan,nan,accuracy_perobs,0.5,2026-05-26,2898265377
0.0,plants_ny_2017,9,rf,nan,nan,nan,rf,nan,nan,accuracy_perobs,0.5,2026-05-26,3952964616
0.0,plants_ny_2017,9,rf,nan,nan,nan,rf,nan,nan,accuracy_perobs,0.5,2026-05-26,3892524171
0.0,plants_ny_2017,9,rf,nan,nan,nan,rf,nan,nan,accuracy_perobs,0.5,2026-05-26,3952818094
0.0,plants_ny_2017,9,rf,nan,nan,nan,rf,nan,nan,accuracy_perobs,0.5,2026-05-26,3302150387
0.0,plants_ny_2017,9,rf,nan,nan,nan,rf,nan,nan,accuracy_perobs,0.5,2026-05-26,5908850553
0.0,plants_ny_2017,9,rf,nan,nan,nan,rf,nan,nan,accuracy_perobs,0.5,2026-05-26,3998684628
0.0,plants_ny_2017,9,rf,nan,nan,nan,rf,nan,nan,accuracy_perobs,0.5,2026-05-26,2802681756
0.0,plants_ny_2017,9,rf,nan,nan,nan,rf,nan,nan,accuracy_perobs,0.5,2026-05-26,2429562986
0.0,plants_ny_2017,9,rf,nan,nan,nan,rf,nan,nan,accuracy_perobs,0.5,2026-05-26,4987566288
0.0,plants_ny_2017,9,rf,nan,nan,nan,rf,nan,nan,accuracy_perobs,0.5,2026-05-26,3953374349
0.0,plants_ny_2017,9,rf,nan,nan,nan,rf,nan,nan,accuracy_perobs,0.5,2026-05-26,3354994546
0.0,plants_ny_2017,9,rf,nan,nan,nan,rf,nan,nan,accuracy_perobs,0.5,2026-05-26,4075601397
0.0,plants_ny_2017,9,rf,nan,nan,nan,rf,nan,nan,accuracy_perobs,0.5,2026-05-26,2860105065
0.0,plants_ny_2017,9,rf,nan,nan,nan,rf,nan,nan,accuracy_perobs,0.5,2026-05-26,3955407845
0.0,plants_ny_2017,9,rf,nan,nan,nan,rf,nan,nan,accuracy_perobs,0.5,2026-05-26,3952662148
0.0,plants_ny_2017,9,rf,nan,nan,nan,rf,nan,nan,accuracy_perobs,0.5,2026-05-26,3955991445
0.0,plants_ny_2017,9,rf,nan,nan,nan,rf,nan,nan,accuracy_perobs,0.5,2026-05-26,5932813344
0.0,plants_ny_2017,9,rf,nan,nan,nan,rf,nan,nan,accuracy_perobs,0.5,2026-05-26,3951438890
0.0,plants_ny_2017,9,rf,nan,nan,nan,rf,nan,nan,accuracy_perobs,0.5,2026-05-26,2988314561
0.0,plants_ny_2017,9,rf,nan,nan,nan,rf,nan,nan,accuracy_perobs,0.5,2026-05-26,3773798423
0.0,plants_ny_2017,9,rf,nan,nan,nan,rf,nan,nan,accuracy_perobs,0.5,2026-05-26,2366083555
0.0,plants_ny_2017,9,rf,nan,nan,nan,rf,nan,nan,accuracy_perobs,0.5,2026-05-26,2429561048
0.0,plants_ny_2017,9,rf,nan,nan,nan,rf,nan,nan,accuracy_perobs,0.5,2026-05-26,3960117837
0.0,plants_ny_2017,9,rf,nan,nan,nan,rf,nan,nan,accuracy_perobs,0.5,2026-05-26,3956647690
0.0,plants_ny_2017,9,rf,nan,nan,nan,rf,nan,nan,accuracy_perobs,0.5,2026-05-26,2641493471
0.0,plants_ny_2017,9,rf,nan,nan,nan,rf,nan,nan,accuracy_perobs,0.5,2026-05-26,2517959106
0.0,plants_ny_2017,9,rf,nan,nan,nan,rf,nan,nan,accuracy_perobs,0.5,2026-05-26,3952456890
0.0,plants_ny_2017,9,rf,nan,nan,nan,rf,nan,nan,accuracy_perobs,0.5,2026-05-26,4171361396
0.0,plants_ny_2017,9,rf,nan,nan,nan,rf,nan,nan,accuracy_perobs,0.5,2026-05-26,3759186508
0.0,plants_ny_2017,9,rf,nan,nan,nan,rf,nan,nan,accuracy_perobs,0.5,2026-05-26,3112445387
0.0,plants_ny_2017,9,rf,nan,nan,nan,rf,nan,nan,accuracy_perobs,0.5,2026-05-26,2429560759
0.0,plants_ny_2017,9,rf,nan,nan,nan,rf,nan,nan,accuracy_perobs,0.5,2026-05-26,2429561793
0.0,plants_ny_2017,9,rf,nan,nan,nan,rf,nan,nan,accuracy_perobs,0.5,2026-05-26,4535631433
0.0,plants_ny_2017,9,rf,nan,nan,nan,rf,nan,nan,accuracy_perobs,0.5,2026-05-26,4528150401
0.0,plants_ny_2017,9,rf,nan,nan,nan,rf,nan,nan,accuracy_perobs,0.5,2026-05-26,3952774684
0.0,plants_ny_2017,9,rf,nan,nan,nan,rf,nan,nan,accuracy_perobs,0.5,2026-05-26,4987812738
0.0,plants_ny_2017,9,rf,nan,nan,nan,rf,nan,nan,accuracy_perobs,0.5,2026-05-26,3892431489
0.0,plants_ny_2017,9,rf,nan,nan,nan,rf,nan,nan,accuracy_perobs,0.5,2026-05-26,3951776560
0.0,plants_ny_2017,9,rf,nan,nan,nan,rf,nan,nan,accuracy_perobs,0.5,2026-05-26,3959877042
0.0,plants_ny_2017,9,rf,nan,nan,nan,rf,nan,nan,accuracy_perobs,0.5,2026-05-26,3039421157
0.0,plants_ny_2017,9,rf,nan,nan,nan,rf,nan,nan,accuracy_perobs,0.5,2026-05-26,5076772428
0.0,plants_ny_2017,9,rf,nan,nan,nan,rf,nan,nan,accuracy_perobs,0.5,2026-05-26,3953800499
0.0,plants_ny_2017,9,rf,nan,nan,nan,rf,nan,nan,accuracy_perobs,0.5,2026-05-26,3903029632
0.0,plants_ny_2017,9,rf,nan,nan,nan,rf,nan,nan,accuracy_perobs,0.5,2026-05-26,3959024204
0.0,plants_ny_2017,9,rf,nan,nan,nan,rf,nan,nan,accuracy_perobs,0.5,2026-05-26,3383939110
0.0,plants_ny_2017,9,rf,nan,nan,nan,rf,nan,nan,accuracy_perobs,0.5,2026-05-26,2366113689
0.0,plants_ny_2017,9,rf,nan,nan,nan,rf,nan,nan,accuracy_perobs,0.5,2026-05-26,4527925398
0.0,plants_ny_2017,9,rf,nan,nan,nan,rf,nan,nan,accuracy_perobs,0.5,2026-05-26,2803097675
0.0,plants_ny_2017,9,rf,nan,nan,nan,rf,nan,nan,accuracy_perobs,0.5,2026-05-26,3902331376
0.0,plants_ny_2017,9,rf,nan,nan,nan,rf,nan,nan,accuracy_perobs,0.5,2026-05-26,4516350732
0.0,plants_ny_2017,9,rf,nan,nan,nan,rf,nan,nan,accuracy_perobs,0.5,2026-05-26,2397506624
0.0,plants_ny_2017,9,rf,nan,nan,nan,rf,nan,nan,accuracy_perobs,0.5,2026-05-26,3860726682
0.0,plants_ny_2017,9,rf,nan,nan,nan,rf,nan,nan,accuracy_perobs,0.5,2026-05-26,3333248983
0.0,plants_ny_2017,9,rf,nan,nan,nan,rf,nan,nan,accuracy_perobs,0.5,2026-05-26,3959501621
0.0,plants_ny_2017,9,rf,nan,nan,nan,rf,nan,nan,accuracy_perobs,0.5,2026-05-26,3953234085
0.0,plants_ny_2017,9,rf,nan,nan,nan,rf,nan,nan,accuracy_perobs,0.5,2026-05-26,3998227394
0.0,plants_ny_2017,9,rf,nan,nan,nan,rf,nan,nan,accuracy_perobs,0.5,2026-05-26,3957515047
0.0,plants_ny_2017,9,rf,nan,nan,nan,rf,nan,nan,accuracy_perobs,0.5,2026-05-26,4980661338
0.0,plants_ny_2017,9,rf,nan,nan,nan,rf,nan,nan,accuracy_perobs,0.5,2026-05-26,1850955245
0.0,plants_ny_2017,9,rf,nan,nan,nan,rf,nan,nan,accuracy_perobs,0.5,2026-05-26,3959346635
0.0,plants_ny_2017,9,rf,nan,nan,nan,rf,nan,nan,accuracy_perobs,0.5,2026-05-26,3391314851
0.0,plants_ny_2017,9,rf,nan,nan,nan,rf,nan,nan,accuracy_perobs,0.5,2026-05-26,3873084334
0.0,plants_ny_2017,9,rf,nan,nan,nan,rf,nan,nan,accuracy_perobs,0.5,2026-05-26,2963864694
0.0,plants_ny_2017,9,rf,nan,nan,nan,rf,nan,nan,accuracy_perobs,0.5,2026-05-26,2868084347
0.0,plants_ny_2017,9,rf,nan,nan,nan,rf,nan,nan,accuracy_perobs,0.5,2026-05-26,3986148350
0.0,plants_ny_2017,9,rf,nan,nan,nan,rf,nan,nan,accuracy_perobs,0.5,2026-05-26,3759834685
0.0,plants_ny_2017,9,rf,nan,nan,nan,rf,nan,nan,accuracy_perobs,0.5,2026-05-26,3958713192
0.0,plants_ny_2017,9,rf,nan,nan,nan,rf,nan,nan,accuracy_perobs,0.5,2026-05-26,3859563714
0.0,plants_ny_2017,9,rf,nan,nan,nan,rf,nan,nan,accuracy_perobs,0.5,2026-05-26,3925405358
0.0,plants_ny_2017,9,rf,nan,nan,nan,rf,nan,nan,accuracy_perobs,0.5,2026-05-26,4982066628
0.0,plants_ny_2017,9,rf,nan,nan,nan,rf,nan,nan,accuracy_perobs,0.5,2026-05-26,3959579594
0.0,plants_ny_2017,9,rf,nan,nan,nan,rf,nan,nan,accuracy_perobs,0.5,2026-05-26,3957036135
0.0,plants_ny_2017,9,rf,nan,nan,nan,rf,nan,nan,accuracy_perobs,0.5,2026-05-26,3956461341
0.0,plants_ny_2017,9,rf,nan,nan,nan,rf,nan,nan,accuracy_perobs,0.5,2026-05-26,2633952578
0.0,plants_ny_2017,9,rf,nan,nan,nan,rf,nan,nan,accuracy_perobs,0.5,2026-05-26,3955341596
0.0,plants_ny_2017,9,rf,nan,nan,nan,rf,nan,nan,accuracy_perobs,0.5,2026-05-26,3952487218
0.0,plants_ny_2017,9,rf,nan,nan,nan,rf,nan,nan,accuracy_perobs,0.5,2026-05-26,3998865693
0.0,plants_ny_2017,9,rf,nan,nan,nan,rf,nan,nan,accuracy_perobs,0.5,2026-05-26,2802852598
0.0,plants_ny_2017,9,rf,nan,nan,nan,rf,nan,nan,accuracy_perobs,0.5,2026-05-26,3956610453
0.0,plants_ny_2017,9,rf,nan,nan,nan,rf,nan,nan,accuracy_perobs,0.5,2026-05-26,3343895973
0.0,plants_ny_2017,9,rf,nan,nan,nan,rf,nan,nan,accuracy_perobs,0.5,2026-05-26,3915283683
0.0,plants_ny_2017,9,rf,nan,nan,nan,rf,nan,nan,accuracy_perobs,0.5,2026-05-26,2988278168
0.0,plants_ny_2017,9,rf,nan,nan,nan,rf,nan,nan,accuracy_perobs,0.5,2026-05-26,3391487853
0.0,plants_ny_2017,9,rf,nan,nan,nan,rf,nan,nan,accuracy_perobs,0.5,2026-05-26,3956278822
0.0,plants_ny_2017,9,rf,nan,nan,nan,rf,nan,nan,accuracy_perobs,0.5,2026-05-26,3998039655
0.0,plants_ny_2017,9,rf,nan,nan,nan,rf,nan,nan,accuracy_perobs,0.5,2026-05-26,3044761708
0.0,plants_ny_2017,9,rf,nan,nan,nan,rf,nan,nan,accuracy_perobs,0.5,2026-05-26,2397551084
0.0,plants_ny_2017,9,rf,nan,nan,nan,rf,nan,nan,accuracy_perobs,0.5,2026-05-26,2901803531
0.0,plants_ny_2017,9,rf,nan,nan,nan,rf,nan,nan,accuracy_perobs,0.5,2026-05-26,3743024343
0.0,plants_ny_2017,9,rf,nan,nan,nan,rf,nan,nan,accuracy_perobs,0.5,2026-05-26,3952624392
0.0,plants_ny_2017,9,rf,nan,nan,nan,rf,nan,nan,accuracy_perobs,0.5,2026-05-26,3949785518
0.0,plants_ny_2017,9,rf,nan,nan,nan,rf,nan,nan,accuracy_perobs,0.5,2026-05-26,3997990858
0.0,plants_ny_2017,9,rf,nan,nan,nan,rf,nan,nan,accuracy_perobs,0.5,2026-05-26,3952798424
0.0,plants_ny_2017,9,rf,nan,nan,nan,rf,nan,nan,accuracy_perobs,0.5,2026-05-26,3044915649
0.0,plants_ny_2017,9,rf,nan,nan,nan,rf,nan,nan,accuracy_perobs,0.5,2026-05-26,4034977398
0.0,plants_ny_2017,9,rf,nan,nan,nan,rf,nan,nan,accuracy_perobs,0.5,2026-05-26,2465120501
0.0,plants_ny_2017,9,rf,nan,nan,nan,rf,nan,nan,accuracy_perobs,0.5,2026-05-26,3343916359
0.0,plants_ny_2017,9,rf,nan,nan,nan,rf,nan,nan,accuracy_perobs,0.5,2026-05-26,3031589718
0.0,plants_ny_2017,9,rf,nan,nan,nan,rf,nan,nan,accuracy_perobs,0.5,2026-05-26,3952003865
0.0,plants_ny_2017,9,rf,nan,nan,nan,rf,nan,nan,accuracy_perobs,0.5,2026-05-26,3986019349
0.0,plants_ny_2017,9,rf,nan,nan,nan,rf,nan,nan,accuracy_perobs,0.5,2026-05-26,3925434428
0.0,plants_ny_2017,9,rf,nan,nan,nan,rf,nan,nan,accuracy_perobs,0.5,2026-05-26,3960173889
0.0,plants_ny_2017,9,rf,nan,nan,nan,rf,nan,nan,accuracy_perobs,0.5,2026-05-26,4925815840
0.0,plants_ny_2017,9,rf,nan,nan,nan,rf,nan,nan,accuracy_perobs,0.5,2026-05-26,6163037819
0.0,plants_ny_2017,9,rf,nan,nan,nan,rf,nan,nan,accuracy_perobs,0.5,2026-05-26,2397550159
0.0,plants_ny_2017,9,rf,nan,nan,nan,rf,nan,nan,accuracy_perobs,0.5,2026-05-26,4035016456
0.0,plants_ny_2017,9,rf,nan,nan,nan,rf,nan,nan,accuracy_perobs,0.5,2026-05-26,3391418435
0.0,plants_ny_2017,9,rf,nan,nan,nan,rf,nan,nan,accuracy_perobs,0.5,2026-05-26,2429234157
0.0,plants_ny_2017,9,rf,nan,nan,nan,rf,nan,nan,accuracy_perobs,0.5,2026-05-26,2397555624
0.0,plants_ny_2017,9,rf,nan,nan,nan,rf,nan,nan,accuracy_perobs,0.5,2026-05-26,3314230379
0.0,plants_ny_2017,9,rf,nan,nan,nan,rf,nan,nan,accuracy_perobs,0.5,2026-05-26,3952439229
0.0,plants_ny_2017,9,rf,nan,nan,nan,rf,nan,nan,accuracy_perobs,0.5,2026-05-26,3743329322
0.0,plants_ny_2017,9,rf,nan,nan,nan,rf,nan,nan,accuracy_perobs,0.5,2026-05-26,3949669176
0.0,plants_ny_2017,9,rf,nan,nan,nan,rf,nan,nan,accuracy_perobs,0.5,2026-05-26,3958940307
0.0,plants_ny_2017,9,rf,nan,nan,nan,rf,nan,nan,accuracy_perobs,0.5,2026-05-26,4987615129
0.0,plants_ny_2017,9,rf,nan,nan,nan,rf,nan,nan,accuracy_perobs,0.5,2026-05-26,3998422617
0.0,plants_ny_2017,9,rf,nan,nan,nan,rf,nan,nan,accuracy_perobs,0.5,2026-05-26,4129809435
0.0,plants_ny_2017,9,rf,nan,nan,nan,rf,nan,nan,accuracy_perobs,0.5,2026-05-26,2294633433
0.0,plants_ny_2017,9,rf,nan,nan,nan,rf,nan,nan,accuracy_perobs,0.5,2026-05-26,3915458433
0.0,plants_ny_2017,9,rf,nan,nan,nan,rf,nan,nan,accuracy_perobs,0.5,2026-05-26,2862522238
0.0,plants_ny_2017,9,rf,nan,nan,nan,rf,nan,nan,accuracy_perobs,0.5,2026-05-26,3712523344
0.0,plants_ny_2017,9,rf,nan,nan,nan,rf,nan,nan,accuracy_perobs,0.5,2026-05-26,5837834791
0.0,plants_ny_2017,9,rf,nan,nan,nan,rf,nan,nan,accuracy_perobs,0.5,2026-05-26,3955996920
0.0,plants_ny_2017,9,rf,nan,nan,nan,rf,nan,nan,accuracy_perobs,0.5,2026-05-26,2883093221
0.0,plants_ny_2017,9,rf,nan,nan,nan,rf,nan,nan,accuracy_perobs,0.5,2026-05-26,3712500321
0.0,plants_ny_2017,9,rf,nan,nan,nan,rf,nan,nan,accuracy_perobs,0.5,2026-05-26,3956999546
0.0,plants_ny_2017,9,rf,nan,nan,nan,rf,nan,nan,accuracy_perobs,0.5,2026-05-26,2422883124
0.0,plants_ny_2017,9,rf,nan,nan,nan,rf,nan,nan,accuracy_perobs,0.5,2026-05-26,2862498202
0.0,plants_ny_2017,9,rf,nan,nan,nan,rf,nan,nan,accuracy_perobs,0.5,2026-05-26,3337922801
0.0,plants_ny_2017,9,rf,nan,nan,nan,rf,nan,nan,accuracy_perobs,0.5,2026-05-26,2397598900
0.0,plants_ny_2017,9,rf,nan,nan,nan,rf,nan,nan,accuracy_perobs,0.5,2026-05-26,2397550367
0.0,plants_ny_2017,9,rf,nan,nan,nan,rf,nan,nan,accuracy_perobs,0.5,2026-05-26,3998290495
0.0,plants_ny_2017,9,rf,nan,nan,nan,rf,nan,nan,accuracy_perobs,0.5,2026-05-26,3902076105
0.0,plants_ny_2017,9,rf,nan,nan,nan,rf,nan,nan,accuracy_perobs,0.5,2026-05-26,5109356657
0.0,plants_ny_2017,9,rf,nan,nan,nan,rf,nan,nan,accuracy_perobs,0.5,2026-05-26,3955990191
0.0,plants_ny_2017,9,rf,nan,nan,nan,rf,nan,nan,accuracy_perobs,0.5,2026-05-26,1640075626
0.0,plants_ny_2017,9,rf,nan,nan,nan,rf,nan,nan,accuracy_perobs,0.5,2026-05-26,2366112482
0.0,plants_ny_2017,9,rf,nan,nan,nan,rf,nan,nan,accuracy_perobs,0.5,2026-05-26,3455257043
0.0,plants_ny_2017,9,rf,nan,nan,nan,rf,nan,nan,accuracy_perobs,0.5,2026-05-26,3384677691
0.0,plants_ny_2017,9,rf,nan,nan,nan,rf,nan,nan,accuracy_perobs,0.5,2026-05-26,3384861376
0.0,plants_ny_2017,9,rf,nan,nan,nan,rf,nan,nan,accuracy_perobs,0.5,2026-05-26,3407902532
0.0,plants_ny_2017,9,rf,nan,nan,nan,rf,nan,nan,accuracy_perobs,0.5,2026-05-26,5109293765
0.0,plants_ny_2017,9,rf,nan,nan,nan,rf,nan,nan,accuracy_perobs,0.5,2026-05-26,2862328226
0.0,plants_ny_2017,9,rf,nan,nan,nan,rf,nan,nan,accuracy_perobs,0.5,2026-05-26,3321040352
0.0,plants_ny_2017,9,rf,nan,nan,nan,rf,nan,nan,accuracy_perobs,0.5,2026-05-26,3384709694
0.0,plants_ny_2017,9,rf,nan,nan,nan,rf,nan,nan,accuracy_perobs,0.5,2026-05-26,2882964244
0.0,plants_ny_2017,9,rf,nan,nan,nan,rf,nan,nan,accuracy_perobs,0.5,2026-05-26,4507770348
0.0,plants_ny_2017,9,rf,nan,nan,nan,rf,nan,nan,accuracy_perobs,0.5,2026-05-26,2447836848
0.0,plants_ny_2017,9,rf,nan,nan,nan,rf,nan,nan,accuracy_perobs,0.5,2026-05-26,2626171419
0.0,plants_ny_2017,9,rf,nan,nan,nan,rf,nan,nan,accuracy_perobs,0.5,2026-05-26,3952984337
0.0,plants_ny_2017,9,rf,nan,nan,nan,rf,nan,nan,accuracy_perobs,0.5,2026-05-26,3333142128
0.0,plants_ny_2017,9,rf,nan,nan,nan,rf,nan,nan,accuracy_perobs,0.5,2026-05-26,3954594705
0.0,plants_ny_2017,9,rf,nan,nan,nan,rf,nan,nan,accuracy_perobs,0.5,2026-05-26,5109382909
0.0,plants_ny_2017,9,rf,nan,nan,nan,rf,nan,nan,accuracy_perobs,0.5,2026-05-26,4987489652
0.0,plants_ny_2017,9,rf,nan,nan,nan,rf,nan,nan,accuracy_perobs,0.5,2026-05-26,2882958896
0.0,plants_ny_2017,9,rf,nan,nan,nan,rf,nan,nan,accuracy_perobs,0.5,2026-05-26,3953837751
0.0,plants_ny_2017,9,rf,nan,nan,nan,rf,nan,nan,accuracy_perobs,0.5,2026-05-26,3384735517
0.0,plants_ny_2017,9,rf,nan,nan,nan,rf,nan,nan,accuracy_perobs,0.5,2026-05-26,3113396431
0.0,plants_ny_2017,9,rf,nan,nan,nan,rf,nan,nan,accuracy_perobs,0.5,2026-05-26,4518990396
0.0,plants_ny_2017,9,rf,nan,nan,nan,rf,nan,nan,accuracy_perobs,0.5,2026-05-26,5908978084
0.0,plants_ny_2017,9,rf,nan,nan,nan,rf,nan,nan,accuracy_perobs,0.5,2026-05-26,6130601400
0.0,plants_ny_2017,9,rf,nan,nan,nan,rf,nan,nan,accuracy_perobs,0.5,2026-05-26,4987691682
0.0,plants_ny_2017,9,rf,nan,nan,nan,rf,nan,nan,accuracy_perobs,0.5,2026-05-26,2882931121
0.0,plants_ny_2017,9,rf,nan,nan,nan,rf,nan,nan,accuracy_perobs,0.5,2026-05-26,3959636860
0.0,plants_ny_2017,9,rf,nan,nan,nan,rf,nan,nan,accuracy_perobs,0.5,2026-05-26,4034742110
0.0,plants_ny_2017,9,rf,nan,nan,nan,rf,nan,nan,accuracy_perobs,0.5,2026-05-26,3998999807
0.0,plants_ny_2017,9,rf,nan,nan,nan,rf,nan,nan,accuracy_perobs,0.5,2026-05-26,3998311297
0.0,plants_ny_2017,9,rf,nan,nan,nan,rf,nan,nan,accuracy_perobs,0.5,2026-05-26,2882953083
0.0,plants_ny_2017,9,rf,nan,nan,nan,rf,nan,nan,accuracy_perobs,0.5,2026-05-26,3859611510
0.0,plants_ny_2017,9,rf,nan,nan,nan,rf,nan,nan,accuracy_perobs,0.5,2026-05-26,5759677834
0.0,plants_ny_2017,9,rf,nan,nan,nan,rf,nan,nan,accuracy_perobs,0.5,2026-05-26,2397553143
0.0,plants_ny_2017,9,rf,nan,nan,nan,rf,nan,nan,accuracy_perobs,0.5,2026-05-26,3384866692
0.0,plants_ny_2017,9,rf,nan,nan,nan,rf,nan,nan,accuracy_perobs,0.5,2026-05-26,2803038905
0.0,plants_ny_2017,9,rf,nan,nan,nan,rf,nan,nan,accuracy_perobs,0.5,2026-05-26,3764369635
0.0,plants_ny_2017,9,rf,nan,nan,nan,rf,nan,nan,accuracy_perobs,0.5,2026-05-26,2868109530
0.0,plants_ny_2017,9,rf,nan,nan,nan,rf,nan,nan,accuracy_perobs,0.5,2026-05-26,3923641732
0.0,plants_ny_2017,9,rf,nan,nan,nan,rf,nan,nan,accuracy_perobs,0.5,2026-05-26,3398716493
0.0,plants_ny_2017,9,rf,nan,nan,nan,rf,nan,nan,accuracy_perobs,0.5,2026-05-26,4527973408
0.0,plants_ny_2017,9,rf,nan,nan,nan,rf,nan,nan,accuracy_perobs,0.5,2026-05-26,2813932410
0.0,plants_ny_2017,9,rf,nan,nan,nan,rf,nan,nan,accuracy_perobs,0.5,2026-05-26,3355054417
0.0,plants_ny_2017,9,rf,nan,nan,nan,rf,nan,nan,accuracy_perobs,0.5,2026-05-26,5086892855
0.0,plants_ny_2017,9,rf,nan,nan,nan,rf,nan,nan,accuracy_perobs,0.5,2026-05-26,3994089345
0.0,plants_ny_2017,9,rf,nan,nan,nan,rf,nan,nan,accuracy_perobs,0.5,2026-05-26,2862369198
0.0,plants_ny_2017,9,rf,nan,nan,nan,rf,nan,nan,accuracy_perobs,0.5,2026-05-26,3954949992
0.0,plants_ny_2017,9,rf,nan,nan,nan,rf,nan,nan,accuracy_perobs,0.5,2026-05-26,2868107513
0.0,plants_ny_2017,9,rf,nan,nan,nan,rf,nan,nan,accuracy_perobs,0.5,2026-05-26,2984410328
0.0,plants_ny_2017,9,rf,nan,nan,nan,rf,nan,nan,accuracy_perobs,0.5,2026-05-26,3384316717
0.0,plants_ny_2017,9,rf,nan,nan,nan,rf,nan,nan,accuracy_perobs,0.5,2026-05-26,2331882872
0.0,plants_ny_2017,9,rf,nan,nan,nan,rf,nan,nan,accuracy_perobs,0.5,2026-05-26,2397555327
0.0,plants_ny_2017,9,rf,nan,nan,nan,rf,nan,nan,accuracy_perobs,0.5,2026-05-26,1880499173
0.0,plants_ny_2017,9,rf,nan,nan,nan,rf,nan,nan,accuracy_perobs,0.5,2026-05-26,4987550787
0.0,plants_ny_2017,9,rf,nan,nan,nan,rf,nan,nan,accuracy_perobs,0.5,2026-05-26,2397554763
0.0,plants_ny_2017,9,rf,nan,nan,nan,rf,nan,nan,accuracy_perobs,0.5,2026-05-26,3383981658
0.0,plants_ny_2017,9,rf,nan,nan,nan,rf,nan,nan,accuracy_perobs,0.5,2026-05-26,3079745651
0.0,plants_ny_2017,9,rf,nan,nan,nan,rf,nan,nan,accuracy_perobs,0.5,2026-05-26,3912335383
0.0,plants_ny_2017,9,rf,nan,nan,nan,rf,nan,nan,accuracy_perobs,0.5,2026-05-26,3959873147
0.0,plants_ny_2017,9,rf,nan,nan,nan,rf,nan,nan,accuracy_perobs,0.5,2026-05-26,3952277400
0.0,plants_ny_2017,9,rf,nan,nan,nan,rf,nan,nan,accuracy_perobs,0.5,2026-05-26,3954350636
0.0,plants_ny_2017,9,rf,nan,nan,nan,rf,nan,nan,accuracy_perobs,0.5,2026-05-26,4519084648
0.0,plants_ny_2017,9,rf,nan,nan,nan,rf,nan,nan,accuracy_perobs,0.5,2026-05-26,3985740502
0.0,plants_ny_2017,9,rf,nan,nan,nan,rf,nan,nan,accuracy_perobs,0.5,2026-05-26,3384821467
0.0,plants_ny_2017,9,rf,nan,nan,nan,rf,nan,nan,accuracy_perobs,0.5,2026-05-26,3959613643
0.0,plants_ny_2017,9,rf,nan,nan,nan,rf,nan,nan,accuracy_perobs,0.5,2026-05-26,2814100437
0.0,plants_ny_2017,9,rf,nan,nan,nan,rf,nan,nan,accuracy_perobs,0.5,2026-05-26,3307413420
0.0,plants_ny_2017,9,rf,nan,nan,nan,rf,nan,nan,accuracy_perobs,0.5,2026-05-26,3109315172
0.0,plants_ny_2017,9,rf,nan,nan,nan,rf,nan,nan,accuracy_perobs,0.5,2026-05-26,3955195890
0.0,plants_ny_2017,9,rf,nan,nan,nan,rf,nan,nan,accuracy_perobs,0.5,2026-05-26,5935623996
0.0,plants_ny_2017,9,rf,nan,nan,nan,rf,nan,nan,accuracy_perobs,0.5,2026-05-26,2294544792
0.0,plants_ny_2017,9,rf,nan,nan,nan,rf,nan,nan,accuracy_perobs,0.5,2026-05-26,2868105093
0.0,plants_ny_2017,9,rf,nan,nan,nan,rf,nan,nan,accuracy_perobs,0.5,2026-05-26,3958290894
0.0,plants_ny_2017,9,rf,nan,nan,nan,rf,nan,nan,accuracy_perobs,0.5,2026-05-26,3998646519
0.0,plants_ny_2017,9,rf,nan,nan,nan,rf,nan,nan,accuracy_perobs,0.5,2026-05-26,3985631488
0.0,plants_ny_2017,9,rf,nan,nan,nan,rf,nan,nan,accuracy_perobs,0.5,2026-05-26,3743034381
0.0,plants_ny_2017,9,rf,nan,nan,nan,rf,nan,nan,accuracy_perobs,0.5,2026-05-26,3954589316
0.0,plants_ny_2017,9,rf,nan,nan,nan,rf,nan,nan,accuracy_perobs,0.5,2026-05-26,3925427006
0.0,plants_ny_2017,9,rf,nan,nan,nan,rf,nan,nan,accuracy_perobs,0.5,2026-05-26,3955677508
0.0,plants_ny_2017,9,rf,nan,nan,nan,rf,nan,nan,accuracy_perobs,0.5,2026-05-26,4424394395
0.0,plants_ny_2017,9,rf,nan,nan,nan,rf,nan,nan,accuracy_perobs,0.5,2026-05-26,3955479272
0.0,plants_ny_2017,9,rf,nan,nan,nan,rf,nan,nan,accuracy_perobs,0.5,2026-05-26,3956266446
0.0,plants_ny_2017,9,rf,nan,nan,nan,rf,nan,nan,accuracy_perobs,0.5,2026-05-26,3999091068
0.0,plants_ny_2017,9,rf,nan,nan,nan,rf,nan,nan,accuracy_perobs,0.5,2026-05-26,3415409386
0.0,plants_ny_2017,9,rf,nan,nan,nan,rf,nan,nan,accuracy_perobs,0.5,2026-05-26,3957325928
0.0,plants_ny_2017,9,rf,nan,nan,nan,rf,nan,nan,accuracy_perobs,0.5,2026-05-26,2397534513
0.0,plants_ny_2017,9,rf,nan,nan,nan,rf,nan,nan,accuracy_perobs,0.5,2026-05-26,5837877006
0.0,plants_ny_2017,9,rf,nan,nan,nan,rf,nan,nan,accuracy_perobs,0.5,2026-05-26,3961382909
0.0,plants_ny_2017,9,rf,nan,nan,nan,rf,nan,nan,accuracy_perobs,0.5,2026-05-26,3858229262
0.0,plants_ny_2017,9,rf,nan,nan,nan,rf,nan,nan,accuracy_perobs,0.5,2026-05-26,3109274096
0.0,plants_ny_2017,9,rf,nan,nan,nan,rf,nan,nan,accuracy_perobs,0.5,2026-05-26,3955249773
0.0,plants_ny_2017,9,rf,nan,nan,nan,rf,nan,nan,accuracy_perobs,0.5,2026-05-26,3952795398
0.0,plants_ny_2017,9,rf,nan,nan,nan,rf,nan,nan,accuracy_perobs,0.5,2026-05-26,3998327224
0.0,plants_ny_2017,9,rf,nan,nan,nan,rf,nan,nan,accuracy_perobs,0.5,2026-05-26,3956911143
0.0,plants_ny_2017,9,rf,nan,nan,nan,rf,nan,nan,accuracy_perobs,0.5,2026-05-26,2988335849
0.0,plants_ny_2017,9,rf,nan,nan,nan,rf,nan,nan,accuracy_perobs,0.5,2026-05-26,3955926495
0.0,plants_ny_2017,9,rf,nan,nan,nan,rf,nan,nan,accuracy_perobs,0.5,2026-05-26,3112586560
0.0,plants_ny_2017,9,rf,nan,nan,nan,rf,nan,nan,accuracy_perobs,0.5,2026-05-26,3902092882
0.0,plants_ny_2017,9,rf,nan,nan,nan,rf,nan,nan,accuracy_perobs,0.5,2026-05-26,2273246643
0.0,plants_ny_2017,9,rf,nan,nan,nan,rf,nan,nan,accuracy_perobs,0.5,2026-05-26,3802501010
0.0,plants_ny_2017,9,rf,nan,nan,nan,rf,nan,nan,accuracy_perobs,0.5,2026-05-26,3112399550
0.0,plants_ny_2017,9,rf,nan,nan,nan,rf,nan,nan,accuracy_perobs,0.5,2026-05-26,3301890614
0.0,plants_ny_2017,9,rf,nan,nan,nan,rf,nan,nan,accuracy_perobs,0.5,2026-05-26,3954224542
0.0,plants_ny_2017,9,rf,nan,nan,nan,rf,nan,nan,accuracy_perobs,0.5,2026-05-26,3952678043
0.0,plants_ny_2017,9,rf,nan,nan,nan,rf,nan,nan,accuracy_perobs,0.5,2026-05-26,2977247065
0.0,plants_ny_2017,9,rf,nan,nan,nan,rf,nan,nan,accuracy_perobs,0.5,2026-05-26,3325876495
0.0,plants_ny_2017,9,rf,nan,nan,nan,rf,nan,nan,accuracy_perobs,0.5,2026-05-26,3985830560
0.0,plants_ny_2017,9,rf,nan,nan,nan,rf,nan,nan,accuracy_perobs,0.5,2026-05-26,2397571846
0.0,plants_ny_2017,9,rf,nan,nan,nan,rf,nan,nan,accuracy_perobs,0.5,2026-05-26,2397574089
0.0,plants_ny_2017,9,rf,nan,nan,nan,rf,nan,nan,accuracy_perobs,0.5,2026-05-26,3956562427
0.0,plants_ny_2017,9,rf,nan,nan,nan,rf,nan,nan,accuracy_perobs,0.5,2026-05-26,3355101428
0.0,plants_ny_2017,9,rf,nan,nan,nan,rf,nan,nan,accuracy_perobs,0.5,2026-05-26,3337584494
0.0,plants_ny_2017,9,rf,nan,nan,nan,rf,nan,nan,accuracy_perobs,0.5,2026-05-26,4507601382
0.0,plants_ny_2017,9,rf,nan,nan,nan,rf,nan,nan,accuracy_perobs,0.5,2026-05-26,3953962240
0.0,plants_ny_2017,9,rf,nan,nan,nan,rf,nan,nan,accuracy_perobs,0.5,2026-05-26,3998118469
0.0,plants_ny_2017,9,rf,nan,nan,nan,rf,nan,nan,accuracy_perobs,0.5,2026-05-26,3892498668
0.0,plants_ny_2017,9,rf,nan,nan,nan,rf,nan,nan,accuracy_perobs,0.5,2026-05-26,3955414014
0.0,plants_ny_2017,9,rf,nan,nan,nan,rf,nan,nan,accuracy_perobs,0.5,2026-05-26,4028653375
0.0,plants_ny_2017,9,rf,nan,nan,nan,rf,nan,nan,accuracy_perobs,0.5,2026-05-26,5292902462
0.0,plants_ny_2017,9,rf,nan,nan,nan,rf,nan,nan,accuracy_perobs,0.5,2026-05-26,2977332767
0.0,plants_ny_2017,9,rf,nan,nan,nan,rf,nan,nan,accuracy_perobs,0.5,2026-05-26,2823238480
0.0,plants_ny_2017,9,rf,nan,nan,nan,rf,nan,nan,accuracy_perobs,0.5,2026-05-26,3959230264
0.0,plants_ny_2017,9,rf,nan,nan,nan,rf,nan,nan,accuracy_perobs,0.5,2026-05-26,3953842006
0.0,plants_ny_2017,9,rf,nan,nan,nan,rf,nan,nan,accuracy_perobs,0.5,2026-05-26,5076775353
0.0,plants_ny_2017,9,rf,nan,nan,nan,rf,nan,nan,accuracy_perobs,0.5,2026-05-26,2397471117
0.0,plants_ny_2017,9,rf,nan,nan,nan,rf,nan,nan,accuracy_perobs,0.5,2026-05-26,3956157395
0.0,plants_ny_2017,9,rf,nan,nan,nan,rf,nan,nan,accuracy_perobs,0.5,2026-05-26,3957399700
0.0,plants_ny_2017,9,rf,nan,nan,nan,rf,nan,nan,accuracy_perobs,0.5,2026-05-26,3952315647
0.0,plants_ny_2017,9,rf,nan,nan,nan,rf,nan,nan,accuracy_perobs,0.5,2026-05-26,2626376457
0.0,plants_ny_2017,9,rf,nan,nan,nan,rf,nan,nan,accuracy_perobs,0.5,2026-05-26,3999199737
0.0,plants_ny_2017,9,rf,nan,nan,nan,rf,nan,nan,accuracy_perobs,0.5,2026-05-26,2984516470
0.0,plants_ny_2017,9,rf,nan,nan,nan,rf,nan,nan,accuracy_perobs,0.5,2026-05-26,5282585160
0.0,plants_ny_2017,9,rf,nan,nan,nan,rf,nan,nan,accuracy_perobs,0.5,2026-05-26,2814033109
0.0,plants_ny_2017,9,rf,nan,nan,nan,rf,nan,nan,accuracy_perobs,0.5,2026-05-26,3953653781
0.0,plants_ny_2017,9,rf,nan,nan,nan,rf,nan,nan,accuracy_perobs,0.5,2026-05-26,1931500099
0.0,plants_ny_2017,9,rf,nan,nan,nan,rf,nan,nan,accuracy_perobs,0.5,2026-05-26,3468670331
0.0,plants_ny_2017,9,rf,nan,nan,nan,rf,nan,nan,accuracy_perobs,0.5,2026-05-26,3044705567
0.0,plants_ny_2017,9,rf,nan,nan,nan,rf,nan,nan,accuracy_perobs,0.5,2026-05-26,2634574091
0.0,plants_ny_2017,9,rf,nan,nan,nan,rf,nan,nan,accuracy_perobs,0.5,2026-05-26,2963855377
0.0,plants_ny_2017,9,rf,nan,nan,nan,rf,nan,nan,accuracy_perobs,0.5,2026-05-26,3999178352
0.0,plants_ny_2017,9,rf,nan,nan,nan,rf,nan,nan,accuracy_perobs,0.5,2026-05-26,4424137316
0.0,plants_ny_2017,9,rf,nan,nan,nan,rf,nan,nan,accuracy_perobs,0.5,2026-05-26,4162216329
0.0,plants_ny_2017,9,rf,nan,nan,nan,rf,nan,nan,accuracy_perobs,0.5,2026-05-26,3958044086
0.0,plants_ny_2017,9,rf,nan,nan,nan,rf,nan,nan,accuracy_perobs,0.5,2026-05-26,2366123774
0.0,plants_ny_2017,9,rf,nan,nan,nan,rf,nan,nan,accuracy_perobs,0.5,2026-05-26,2451589275
0.0,plants_ny_2017,9,rf,nan,nan,nan,rf,nan,nan,accuracy_perobs,0.5,2026-05-26,3873481843
0.0,plants_ny_2017,9,rf,nan,nan,nan,rf,nan,nan,accuracy_perobs,0.5,2026-05-26,3873757809
0.0,plants_ny_2017,9,rf,nan,nan,nan,rf,nan,nan,accuracy_perobs,0.5,2026-05-26,2826410565
0.0,plants_ny_2017,9,rf,nan,nan,nan,rf,nan,nan,accuracy_perobs,0.5,2026-05-26,5076752359
0.0,plants_ny_2017,9,rf,nan,nan,nan,rf,nan,nan,accuracy_perobs,0.5,2026-05-26,3873466586
0.0,plants_ny_2017,9,rf,nan,nan,nan,rf,nan,nan,accuracy_perobs,0.5,2026-05-26,4507861373
0.0,plants_ny_2017,9,rf,nan,nan,nan,rf,nan,nan,accuracy_perobs,0.5,2026-05-26,2818514518
0.0,plants_ny_2017,9,rf,nan,nan,nan,rf,nan,nan,accuracy_perobs,0.5,2026-05-26,4987681816
0.0,plants_ny_2017,9,rf,nan,nan,nan,rf,nan,nan,accuracy_perobs,0.5,2026-05-26,3466329727
0.0,plants_ny_2017,9,rf,nan,nan,nan,rf,nan,nan,accuracy_perobs,0.5,2026-05-26,4438871505
0.0,plants_ny_2017,9,rf,nan,nan,nan,rf,nan,nan,accuracy_perobs,0.5,2026-05-26,3953974437
0.0,plants_ny_2017,9,rf,nan,nan,nan,rf,nan,nan,accuracy_perobs,0.5,2026-05-26,4527971405
0.0,plants_ny_2017,9,rf,nan,nan,nan,rf,nan,nan,accuracy_perobs,0.5,2026-05-26,3302178683
0.0,plants_ny_2017,9,rf,nan,nan,nan,rf,nan,nan,accuracy_perobs,0.5,2026-05-26,4096410312
0.0,plants_ny_2017,9,rf,nan,nan,nan,rf,nan,nan,accuracy_perobs,0.5,2026-05-26,2823158419
0.0,plants_ny_2017,9,rf,nan,nan,nan,rf,nan,nan,accuracy_perobs,0.5,2026-05-26,3858288485
0.0,plants_ny_2017,9,rf,nan,nan,nan,rf,nan,nan,accuracy_perobs,0.5,2026-05-26,5837834794
0.0,plants_ny_2017,9,rf,nan,nan,nan,rf,nan,nan,accuracy_perobs,0.5,2026-05-26,3712461328
0.0,plants_ny_2017,9,rf,nan,nan,nan,rf,nan,nan,accuracy_perobs,0.5,2026-05-26,3873216721
0.0,plants_ny_2017,9,rf,nan,nan,nan,rf,nan,nan,accuracy_perobs,0.5,2026-05-26,3333123739
0.0,plants_ny_2017,9,rf,nan,nan,nan,rf,nan,nan,accuracy_perobs,0.5,2026-05-26,2818561503
0.0,plants_ny_2017,9,rf,nan,nan,nan,rf,nan,nan,accuracy_perobs,0.5,2026-05-26,2641594444
0.0,plants_ny_2017,9,rf,nan,nan,nan,rf,nan,nan,accuracy_perobs,0.5,2026-05-26,4516489039
0.0,plants_ny_2017,9,rf,nan,nan,nan,rf,nan,nan,accuracy_perobs,0.5,2026-05-26,1847617765
0.0,plants_ny_2017,9,rf,nan,nan,nan,rf,nan,nan,accuracy_perobs,0.5,2026-05-26,2814078131
0.0,plants_ny_2017,9,rf,nan,nan,nan,rf,nan,nan,accuracy_perobs,0.5,2026-05-26,3355032388
0.0,plants_ny_2017,9,rf,nan,nan,nan,rf,nan,nan,accuracy_perobs,0.5,2026-05-26,3355516640
0.0,plants_ny_2017,9,rf,nan,nan,nan,rf,nan,nan,accuracy_perobs,0.5,2026-05-26,2814033110
0.0,plants_ny_2017,9,rf,nan,nan,nan,rf,nan,nan,accuracy_perobs,0.5,2026-05-26,3874206302
0.0,plants_ny_2017,9,rf,nan,nan,nan,rf,nan,nan,accuracy_perobs,0.5,2026-05-26,2242926971
0.0,plants_ny_2017,9,rf,nan,nan,nan,rf,nan,nan,accuracy_perobs,0.5,2026-05-26,2873874180
0.0,plants_ny_2017,9,rf,nan,nan,nan,rf,nan,nan,accuracy_perobs,0.5,2026-05-26,3873403754
0.0,plants_ny_2017,9,rf,nan,nan,nan,rf,nan,nan,accuracy_perobs,0.5,2026-05-26,5837965318
0.0,plants_ny_2017,9,rf,nan,nan,nan,rf,nan,nan,accuracy_perobs,0.5,2026-05-26,3058719518
0.0,plants_ny_2017,9,rf,nan,nan,nan,rf,nan,nan,accuracy_perobs,0.5,2026-05-26,2826391600
0.0,plants_ny_2017,9,rf,nan,nan,nan,rf,nan,nan,accuracy_perobs,0.5,2026-05-26,2813988335
0.0,plants_ny_2017,9,rf,nan,nan,nan,rf,nan,nan,accuracy_perobs,0.5,2026-05-26,3384297917
0.0,plants_ny_2017,9,rf,nan,nan,nan,rf,nan,nan,accuracy_perobs,0.5,2026-05-26,2823307483
0.0,plants_ny_2017,9,rf,nan,nan,nan,rf,nan,nan,accuracy_perobs,0.5,2026-05-26,2641595512
0.0,plants_ny_2017,9,rf,nan,nan,nan,rf,nan,nan,accuracy_perobs,0.5,2026-05-26,3873463510
0.0,plants_ny_2017,9,rf,nan,nan,nan,rf,nan,nan,accuracy_perobs,0.5,2026-05-26,3355478396
0.0,plants_ny_2017,9,rf,nan,nan,nan,rf,nan,nan,accuracy_perobs,0.5,2026-05-26,4596773836
0.0,plants_ny_2017,9,rf,nan,nan,nan,rf,nan,nan,accuracy_perobs,0.5,2026-05-26,3956209138
0.0,plants_ny_2017,9,rf,nan,nan,nan,rf,nan,nan,accuracy_perobs,0.5,2026-05-26,3881874679
0.0,plants_ny_2017,9,rf,nan,nan,nan,rf,nan,nan,accuracy_perobs,0.5,2026-05-26,4516533448
0.0,plants_ny_2017,9,rf,nan,nan,nan,rf,nan,nan,accuracy_perobs,0.5,2026-05-26,3333250710
0.0,plants_ny_2017,9,rf,nan,nan,nan,rf,nan,nan,accuracy_perobs,0.5,2026-05-26,2252021007
0.0,plants_ny_2017,9,rf,nan,nan,nan,rf,nan,nan,accuracy_perobs,0.5,2026-05-26,3044597588
0.0,plants_ny_2017,9,rf,nan,nan,nan,rf,nan,nan,accuracy_perobs,0.5,2026-05-26,2814239399
0.0,plants_ny_2017,9,rf,nan,nan,nan,rf,nan,nan,accuracy_perobs,0.5,2026-05-26,3456961901
0.0,plants_ny_2017,9,rf,nan,nan,nan,rf,nan,nan,accuracy_perobs,0.5,2026-05-26,2366102341
0.0,plants_ny_2017,9,rf,nan,nan,nan,rf,nan,nan,accuracy_perobs,0.5,2026-05-26,2826264435
0.0,plants_ny_2017,9,rf,nan,nan,nan,rf,nan,nan,accuracy_perobs,0.5,2026-05-26,2252019125
0.0,plants_ny_2017,9,rf,nan,nan,nan,rf,nan,nan,accuracy_perobs,0.5,2026-05-26,2826309449
0.0,plants_ny_2017,9,rf,nan,nan,nan,rf,nan,nan,accuracy_perobs,0.5,2026-05-26,3044557547
0.0,plants_ny_2017,9,rf,nan,nan,nan,rf,nan,nan,accuracy_perobs,0.5,2026-05-26,3044896562
0.0,plants_ny_2017,9,rf,nan,nan,nan,rf,nan,nan,accuracy_perobs,0.5,2026-05-26,3881786514
0.0,plants_ny_2017,9,rf,nan,nan,nan,rf,nan,nan,accuracy_perobs,0.5,2026-05-26,2818531496
0.0,plants_ny_2017,9,rf,nan,nan,nan,rf,nan,nan,accuracy_perobs,0.5,2026-05-26,2252018236
0.0,plants_ny_2017,9,rf,nan,nan,nan,rf,nan,nan,accuracy_perobs,0.5,2026-05-26,2818546505
0.0,plants_ny_2017,9,rf,nan,nan,nan,rf,nan,nan,accuracy_perobs,0.5,2026-05-26,5760632288
0.0,plants_ny_2017,9,rf,nan,nan,nan,rf,nan,nan,accuracy_perobs,0.5,2026-05-26,1847617736
0.0,plants_ny_2017,9,rf,nan,nan,nan,rf,nan,nan,accuracy_perobs,0.5,2026-05-26,4936563945
0.0,plants_ny_2017,9,rf,nan,nan,nan,rf,nan,nan,accuracy_perobs,0.5,2026-05-26,2242955395
0.0,plants_ny_2017,9,rf,nan,nan,nan,rf,nan,nan,accuracy_perobs,0.5,2026-05-26,3955751216
0.0,plants_ny_2017,9,rf,nan,nan,nan,rf,nan,nan,accuracy_perobs,0.5,2026-05-26,5076719415
0.0,plants_ny_2017,9,rf,nan,nan,nan,rf,nan,nan,accuracy_perobs,0.5,2026-05-26,4921972389
0.0,plants_ny_2017,9,rf,nan,nan,nan,rf,nan,nan,accuracy_perobs,0.5,2026-05-26,3881878550
0.0,plants_ny_2017,9,rf,nan,nan,nan,rf,nan,nan,accuracy_perobs,0.5,2026-05-26,3860193247
0.0,plants_ny_2017,9,rf,nan,nan,nan,rf,nan,nan,accuracy_perobs,0.5,2026-05-26,2422841558
0.0,plants_ny_2017,9,rf,nan,nan,nan,rf,nan,nan,accuracy_perobs,0.5,2026-05-26,3058785510
0.0,plants_ny_2017,9,rf,nan,nan,nan,rf,nan,nan,accuracy_perobs,0.5,2026-05-26,3873016834
0.0,plants_ny_2017,9,rf,nan,nan,nan,rf,nan,nan,accuracy_perobs,0.5,2026-05-26,4982288930
0.0,plants_ny_2017,9,rf,nan,nan,nan,rf,nan,nan,accuracy_perobs,0.5,2026-05-26,3873351173
0.0,plants_ny_2017,9,rf,nan,nan,nan,rf,nan,nan,accuracy_perobs,0.5,2026-05-26,2984555327
0.0,plants_ny_2017,9,rf,nan,nan,nan,rf,nan,nan,accuracy_perobs,0.5,2026-05-26,2269220136
0.0,plants_ny_2017,9,rf,nan,nan,nan,rf,nan,nan,accuracy_perobs,0.5,2026-05-26,3881469877
0.0,plants_ny_2017,9,rf,nan,nan,nan,rf,nan,nan,accuracy_perobs,0.5,2026-05-26,3958078105
0.0,plants_ny_2017,9,rf,nan,nan,nan,rf,nan,nan,accuracy_perobs,0.5,2026-05-26,3959923790
0.0,plants_ny_2017,9,rf,nan,nan,nan,rf,nan,nan,accuracy_perobs,0.5,2026-05-26,3954270841
0.0,plants_ny_2017,9,rf,nan,nan,nan,rf,nan,nan,accuracy_perobs,0.5,2026-05-26,3949244745
0.0,plants_ny_2017,9,rf,nan,nan,nan,rf,nan,nan,accuracy_perobs,0.5,2026-05-26,3953404417
0.0,plants_ny_2017,9,rf,nan,nan,nan,rf,nan,nan,accuracy_perobs,0.5,2026-05-26,3008543385
0.0,plants_ny_2017,9,rf,nan,nan,nan,rf,nan,nan,accuracy_perobs,0.5,2026-05-26,3958637443
0.0,plants_ny_2017,9,rf,nan,nan,nan,rf,nan,nan,accuracy_perobs,0.5,2026-05-26,4527970623
0.0,plants_ny_2017,9,rf,nan,nan,nan,rf,nan,nan,accuracy_perobs,0.5,2026-05-26,3747287475
0.0,plants_ny_2017,9,rf,nan,nan,nan,rf,nan,nan,accuracy_perobs,0.5,2026-05-26,3955115329
0.0,plants_ny_2017,9,rf,nan,nan,nan,rf,nan,nan,accuracy_perobs,0.5,2026-05-26,3955085000
0.0,plants_ny_2017,9,rf,nan,nan,nan,rf,nan,nan,accuracy_perobs,0.5,2026-05-26,3998317809
0.0,plants_ny_2017,9,rf,nan,nan,nan,rf,nan,nan,accuracy_perobs,0.5,2026-05-26,2988311499
0.0,plants_ny_2017,9,rf,nan,nan,nan,rf,nan,nan,accuracy_perobs,0.5,2026-05-26,3954835629
0.0,plants_ny_2017,9,rf,nan,nan,nan,rf,nan,nan,accuracy_perobs,0.5,2026-05-26,3985724242
0.0,plants_ny_2017,9,rf,nan,nan,nan,rf,nan,nan,accuracy_perobs,0.5,2026-05-26,3958151770
0.0,plants_ny_2017,9,rf,nan,nan,nan,rf,nan,nan,accuracy_perobs,0.5,2026-05-26,2850678996
0.0,plants_ny_2017,9,rf,nan,nan,nan,rf,nan,nan,accuracy_perobs,0.5,2026-05-26,3307274653
0.0,plants_ny_2017,9,rf,nan,nan,nan,rf,nan,nan,accuracy_perobs,0.5,2026-05-26,3343840351
0.0,plants_ny_2017,9,rf,nan,nan,nan,rf,nan,nan,accuracy_perobs,0.5,2026-05-26,4516419370
0.0,plants_ny_2017,9,rf,nan,nan,nan,rf,nan,nan,accuracy_perobs,0.5,2026-05-26,3957130842
0.0,plants_ny_2017,9,rf,nan,nan,nan,rf,nan,nan,accuracy_perobs,0.5,2026-05-26,3959112274
0.0,plants_ny_2017,9,rf,nan,nan,nan,rf,nan,nan,accuracy_perobs,0.5,2026-05-26,3952675673
0.0,plants_ny_2017,9,rf,nan,nan,nan,rf,nan,nan,accuracy_perobs,0.5,2026-05-26,3456553009
0.0,plants_ny_2017,9,rf,nan,nan,nan,rf,nan,nan,accuracy_perobs,0.5,2026-05-26,3956459843
0.0,plants_ny_2017,9,rf,nan,nan,nan,rf,nan,nan,accuracy_perobs,0.5,2026-05-26,4018281472
0.0,plants_ny_2017,9,rf,nan,nan,nan,rf,nan,nan,accuracy_perobs,0.5,2026-05-26,2851222173
0.0,plants_ny_2017,9,rf,nan,nan,nan,rf,nan,nan,accuracy_perobs,0.5,2026-05-26,3955061583
0.0,plants_ny_2017,9,rf,nan,nan,nan,rf,nan,nan,accuracy_perobs,0.5,2026-05-26,3952055622
0.0,plants_ny_2017,9,rf,nan,nan,nan,rf,nan,nan,accuracy_perobs,0.5,2026-05-26,2999203337
0.0,plants_ny_2017,9,rf,nan,nan,nan,rf,nan,nan,accuracy_perobs,0.5,2026-05-26,4516390969
0.0,plants_ny_2017,9,rf,nan,nan,nan,rf,nan,nan,accuracy_perobs,0.5,2026-05-26,3958742480
0.0,plants_ny_2017,9,rf,nan,nan,nan,rf,nan,nan,accuracy_perobs,0.5,2026-05-26,2901559340
0.0,plants_ny_2017,9,rf,nan,nan,nan,rf,nan,nan,accuracy_perobs,0.5,2026-05-26,2826383607
0.0,plants_ny_2017,9,rf,nan,nan,nan,rf,nan,nan,accuracy_perobs,0.5,2026-05-26,3330452956
0.0,plants_ny_2017,9,rf,nan,nan,nan,rf,nan,nan,accuracy_perobs,0.5,2026-05-26,2447832216
0.0,plants_ny_2017,9,rf,nan,nan,nan,rf,nan,nan,accuracy_perobs,0.5,2026-05-26,3998280026
0.0,plants_ny_2017,9,rf,nan,nan,nan,rf,nan,nan,accuracy_perobs,0.5,2026-05-26,3951765114
0.0,plants_ny_2017,9,rf,nan,nan,nan,rf,nan,nan,accuracy_perobs,0.5,2026-05-26,4936462453
0.0,plants_ny_2017,9,rf,nan,nan,nan,rf,nan,nan,accuracy_perobs,0.5,2026-05-26,2963810335
0.0,plants_ny_2017,9,rf,nan,nan,nan,rf,nan,nan,accuracy_perobs,0.5,2026-05-26,5932438984
0.0,plants_ny_2017,9,rf,nan,nan,nan,rf,nan,nan,accuracy_perobs,0.5,2026-05-26,3889195436
0.0,plants_ny_2017,9,rf,nan,nan,nan,rf,nan,nan,accuracy_perobs,0.5,2026-05-26,3957034482
0.0,plants_ny_2017,9,rf,nan,nan,nan,rf,nan,nan,accuracy_perobs,0.5,2026-05-26,3330721985
0.0,plants_ny_2017,9,rf,nan,nan,nan,rf,nan,nan,accuracy_perobs,0.5,2026-05-26,4465359647
0.0,plants_ny_2017,9,rf,nan,nan,nan,rf,nan,nan,accuracy_perobs,0.5,2026-05-26,2283170862
0.0,plants_ny_2017,9,rf,nan,nan,nan,rf,nan,nan,accuracy_perobs,0.5,2026-05-26,3355317083
0.0,plants_ny_2017,9,rf,nan,nan,nan,rf,nan,nan,accuracy_perobs,0.5,2026-05-26,3330505965
0.0,plants_ny_2017,9,rf,nan,nan,nan,rf,nan,nan,accuracy_perobs,0.5,2026-05-26,4076286520
0.0,plants_ny_2017,9,rf,nan,nan,nan,rf,nan,nan,accuracy_perobs,0.5,2026-05-26,4516357456
0.0,plants_ny_2017,9,rf,nan,nan,nan,rf,nan,nan,accuracy_perobs,0.5,2026-05-26,3956976062
0.0,plants_ny_2017,9,rf,nan,nan,nan,rf,nan,nan,accuracy_perobs,0.5,2026-05-26,1850963789
0.0,plants_ny_2017,9,rf,nan,nan,nan,rf,nan,nan,accuracy_perobs,0.5,2026-05-26,3859803575
0.0,plants_ny_2017,9,rf,nan,nan,nan,rf,nan,nan,accuracy_perobs,0.5,2026-05-26,2397651159
0.0,plants_ny_2017,9,rf,nan,nan,nan,rf,nan,nan,accuracy_perobs,0.5,2026-05-26,4519327330
0.0,plants_ny_2017,9,rf,nan,nan,nan,rf,nan,nan,accuracy_perobs,0.5,2026-05-26,4413488528
0.0,plants_ny_2017,9,rf,nan,nan,nan,rf,nan,nan,accuracy_perobs,0.5,2026-05-26,3031591009
0.0,plants_ny_2017,9,rf,nan,nan,nan,rf,nan,nan,accuracy_perobs,0.5,2026-05-26,3384209016
0.0,plants_ny_2017,9,rf,nan,nan,nan,rf,nan,nan,accuracy_perobs,0.5,2026-05-26,3455737547
0.0,plants_ny_2017,9,rf,nan,nan,nan,rf,nan,nan,accuracy_perobs,0.5,2026-05-26,5838325439
0.0,plants_ny_2017,9,rf,nan,nan,nan,rf,nan,nan,accuracy_perobs,0.5,2026-05-26,3469008560
0.0,plants_ny_2017,9,rf,nan,nan,nan,rf,nan,nan,accuracy_perobs,0.5,2026-05-26,3468870472
0.0,plants_ny_2017,9,rf,nan,nan,nan,rf,nan,nan,accuracy_perobs,0.5,2026-05-26,2444983973
0.0,plants_ny_2017,9,rf,nan,nan,nan,rf,nan,nan,accuracy_perobs,0.5,2026-05-26,4908505116
0.0,plants_ny_2017,9,rf,nan,nan,nan,rf,nan,nan,accuracy_perobs,0.5,2026-05-26,3959779432
0.0,plants_ny_2017,9,rf,nan,nan,nan,rf,nan,nan,accuracy_perobs,0.5,2026-05-26,4516636705
0.0,plants_ny_2017,9,rf,nan,nan,nan,rf,nan,nan,accuracy_perobs,0.5,2026-05-26,3355426478
0.0,plants_ny_2017,9,rf,nan,nan,nan,rf,nan,nan,accuracy_perobs,0.5,2026-05-26,2517952060
0.0,plants_ny_2017,9,rf,nan,nan,nan,rf,nan,nan,accuracy_perobs,0.5,2026-05-26,3384879974
0.0,plants_ny_2017,9,rf,nan,nan,nan,rf,nan,nan,accuracy_perobs,0.5,2026-05-26,3712455447
0.0,plants_ny_2017,9,rf,nan,nan,nan,rf,nan,nan,accuracy_perobs,0.5,2026-05-26,3802638799
0.0,plants_ny_2017,9,rf,nan,nan,nan,rf,nan,nan,accuracy_perobs,0.5,2026-05-26,2988292224
0.0,plants_ny_2017,9,rf,nan,nan,nan,rf,nan,nan,accuracy_perobs,0.5,2026-05-26,3953472981
0.0,plants_ny_2017,9,rf,nan,nan,nan,rf,nan,nan,accuracy_perobs,0.5,2026-05-26,3398772790
0.0,plants_ny_2017,9,rf,nan,nan,nan,rf,nan,nan,accuracy_perobs,0.5,2026-05-26,5217066350
0.0,plants_ny_2017,9,rf,nan,nan,nan,rf,nan,nan,accuracy_perobs,0.5,2026-05-26,3902078610
0.0,plants_ny_2017,9,rf,nan,nan,nan,rf,nan,nan,accuracy_perobs,0.5,2026-05-26,3456328631
0.0,plants_ny_2017,9,rf,nan,nan,nan,rf,nan,nan,accuracy_perobs,0.5,2026-05-26,3456062518
0.0,plants_ny_2017,9,rf,nan,nan,nan,rf,nan,nan,accuracy_perobs,0.5,2026-05-26,4018555450
0.0,plants_ny_2017,9,rf,nan,nan,nan,rf,nan,nan,accuracy_perobs,0.5,2026-05-26,3399180831
0.0,plants_ny_2017,9,rf,nan,nan,nan,rf,nan,nan,accuracy_perobs,0.5,2026-05-26,2963843407
0.0,plants_ny_2017,9,rf,nan,nan,nan,rf,nan,nan,accuracy_perobs,0.5,2026-05-26,3951628414
0.0,plants_ny_2017,9,rf,nan,nan,nan,rf,nan,nan,accuracy_perobs,0.5,2026-05-26,3333384472
0.0,plants_ny_2017,9,rf,nan,nan,nan,rf,nan,nan,accuracy_perobs,0.5,2026-05-26,2851220205
0.0,plants_ny_2017,9,rf,nan,nan,nan,rf,nan,nan,accuracy_perobs,0.5,2026-05-26,4522547531
0.0,plants_ny_2017,9,rf,nan,nan,nan,rf,nan,nan,accuracy_perobs,0.5,2026-05-26,3320956071
0.0,plants_ny_2017,9,rf,nan,nan,nan,rf,nan,nan,accuracy_perobs,0.5,2026-05-26,2456593022
0.0,plants_ny_2017,9,rf,nan,nan,nan,rf,nan,nan,accuracy_perobs,0.5,2026-05-26,2311334183
0.0,plants_ny_2017,9,rf,nan,nan,nan,rf,nan,nan,accuracy_perobs,0.5,2026-05-26,3325670023
0.0,plants_ny_2017,9,rf,nan,nan,nan,rf,nan,nan,accuracy_perobs,0.5,2026-05-26,3325579989
0.0,plants_ny_2017,9,rf,nan,nan,nan,rf,nan,nan,accuracy_perobs,0.5,2026-05-26,3325839078
0.0,plants_ny_2017,9,rf,nan,nan,nan,rf,nan,nan,accuracy_perobs,0.5,2026-05-26,2814184613
0.0,plants_ny_2017,9,rf,nan,nan,nan,rf,nan,nan,accuracy_perobs,0.5,2026-05-26,5140376141
0.0,plants_ny_2017,9,rf,nan,nan,nan,rf,nan,nan,accuracy_perobs,0.5,2026-05-26,3321134196
0.0,plants_ny_2017,9,rf,nan,nan,nan,rf,nan,nan,accuracy_perobs,0.5,2026-05-26,3330723714
0.0,plants_ny_2017,9,rf,nan,nan,nan,rf,nan,nan,accuracy_perobs,0.5,2026-05-26,2422912178
0.0,plants_ny_2017,9,rf,nan,nan,nan,rf,nan,nan,accuracy_perobs,0.5,2026-05-26,3325792475
0.0,plants_ny_2017,9,rf,nan,nan,nan,rf,nan,nan,accuracy_perobs,0.5,2026-05-26,2422911567
0.0,plants_ny_2017,9,rf,nan,nan,nan,rf,nan,nan,accuracy_perobs,0.5,2026-05-26,2445052509
0.0,plants_ny_2017,9,rf,nan,nan,nan,rf,nan,nan,accuracy_perobs,0.5,2026-05-26,2859955486
0.0,plants_ny_2017,9,rf,nan,nan,nan,rf,nan,nan,accuracy_perobs,0.5,2026-05-26,3858697657
0.0,plants_ny_2017,9,rf,nan,nan,nan,rf,nan,nan,accuracy_perobs,0.5,2026-05-26,4527933661
0.0,plants_ny_2017,9,rf,nan,nan,nan,rf,nan,nan,accuracy_perobs,0.5,2026-05-26,2265878321
0.0,plants_ny_2017,9,rf,nan,nan,nan,rf,nan,nan,accuracy_perobs,0.5,2026-05-26,3321282329
0.0,plants_ny_2017,9,rf,nan,nan,nan,rf,nan,nan,accuracy_perobs,0.5,2026-05-26,3860281676
0.0,plants_ny_2017,9,rf,nan,nan,nan,rf,nan,nan,accuracy_perobs,0.5,2026-05-26,3355238571
0.0,plants_ny_2017,9,rf,nan,nan,nan,rf,nan,nan,accuracy_perobs,0.5,2026-05-26,2265832912
0.0,plants_ny_2017,9,rf,nan,nan,nan,rf,nan,nan,accuracy_perobs,0.5,2026-05-26,2447842371
0.0,plants_ny_2017,9,rf,nan,nan,nan,rf,nan,nan,accuracy_perobs,0.5,2026-05-26,3383917789
0.0,plants_ny_2017,9,rf,nan,nan,nan,rf,nan,nan,accuracy_perobs,0.5,2026-05-26,3320891220
0.0,plants_ny_2017,9,rf,nan,nan,nan,rf,nan,nan,accuracy_perobs,0.5,2026-05-26,5086885467
0.0,plants_ny_2017,9,rf,nan,nan,nan,rf,nan,nan,accuracy_perobs,0.5,2026-05-26,3320940157
0.0,plants_ny_2017,9,rf,nan,nan,nan,rf,nan,nan,accuracy_perobs,0.5,2026-05-26,3321020352
0.0,plants_ny_2017,9,rf,nan,nan,nan,rf,nan,nan,accuracy_perobs,0.5,2026-05-26,3858506628
0.0,plants_ny_2017,9,rf,nan,nan,nan,rf,nan,nan,accuracy_perobs,0.5,2026-05-26,2423060972
0.0,plants_ny_2017,9,rf,nan,nan,nan,rf,nan,nan,accuracy_perobs,0.5,2026-05-26,3759163640
0.0,plants_ny_2017,9,rf,nan,nan,nan,rf,nan,nan,accuracy_perobs,0.5,2026-05-26,2422848189
0.0,plants_ny_2017,9,rf,nan,nan,nan,rf,nan,nan,accuracy_perobs,0.5,2026-05-26,3321127226
0.0,plants_ny_2017,9,rf,nan,nan,nan,rf,nan,nan,accuracy_perobs,0.5,2026-05-26,2265834075
0.0,plants_ny_2017,9,rf,nan,nan,nan,rf,nan,nan,accuracy_perobs,0.5,2026-05-26,3335441283
0.0,plants_ny_2017,9,rf,nan,nan,nan,rf,nan,nan,accuracy_perobs,0.5,2026-05-26,2422908117
0.0,plants_ny_2017,9,rf,nan,nan,nan,rf,nan,nan,accuracy_perobs,0.5,2026-05-26,3325568037
0.0,plants_ny_2017,9,rf,nan,nan,nan,rf,nan,nan,accuracy_perobs,0.5,2026-05-26,3955467336
0.0,plants_ny_2017,9,rf,nan,nan,nan,rf,nan,nan,accuracy_perobs,0.5,2026-05-26,3325547536
0.0,plants_ny_2017,9,rf,nan,nan,nan,rf,nan,nan,accuracy_perobs,0.5,2026-05-26,5215974361
0.0,plants_ny_2017,9,rf,nan,nan,nan,rf,nan,nan,accuracy_perobs,0.5,2026-05-26,3320957204
0.0,plants_ny_2017,9,rf,nan,nan,nan,rf,nan,nan,accuracy_perobs,0.5,2026-05-26,3355093339
0.0,plants_ny_2017,9,rf,nan,nan,nan,rf,nan,nan,accuracy_perobs,0.5,2026-05-26,3860238663
0.0,plants_ny_2017,9,rf,nan,nan,nan,rf,nan,nan,accuracy_perobs,0.5,2026-05-26,2447840644
0.0,plants_ny_2017,9,rf,nan,nan,nan,rf,nan,nan,accuracy_perobs,0.5,2026-05-26,3858698018
0.0,plants_ny_2017,9,rf,nan,nan,nan,rf,nan,nan,accuracy_perobs,0.5,2026-05-26,3325529976
0.0,plants_ny_2017,9,rf,nan,nan,nan,rf,nan,nan,accuracy_perobs,0.5,2026-05-26,3321014318
0.0,plants_ny_2017,9,rf,nan,nan,nan,rf,nan,nan,accuracy_perobs,0.5,2026-05-26,3327768592
0.0,plants_ny_2017,9,rf,nan,nan,nan,rf,nan,nan,accuracy_perobs,0.5,2026-05-26,3330518946
0.0,plants_ny_2017,9,rf,nan,nan,nan,rf,nan,nan,accuracy_perobs,0.5,2026-05-26,3325470992
0.0,plants_ny_2017,9,rf,nan,nan,nan,rf,nan,nan,accuracy_perobs,0.5,2026-05-26,4442509490
0.0,plants_ny_2017,9,rf,nan,nan,nan,rf,nan,nan,accuracy_perobs,0.5,2026-05-26,3858613733
0.0,plants_ny_2017,9,rf,nan,nan,nan,rf,nan,nan,accuracy_perobs,0.5,2026-05-26,3014068533
0.0,plants_ny_2017,9,rf,nan,nan,nan,rf,nan,nan,accuracy_perobs,0.5,2026-05-26,3327675600
0.0,plants_ny_2017,9,rf,nan,nan,nan,rf,nan,nan,accuracy_perobs,0.5,2026-05-26,3321255374
0.0,plants_ny_2017,9,rf,nan,nan,nan,rf,nan,nan,accuracy_perobs,0.5,2026-05-26,3320979314
0.0,plants_ny_2017,9,rf,nan,nan,nan,rf,nan,nan,accuracy_perobs,0.5,2026-05-26,3859484992
0.0,plants_ny_2017,9,rf,nan,nan,nan,rf,nan,nan,accuracy_perobs,0.5,2026-05-26,3335420262
0.0,plants_ny_2017,9,rf,nan,nan,nan,rf,nan,nan,accuracy_perobs,0.5,2026-05-26,3873531941
0.0,plants_ny_2017,9,rf,nan,nan,nan,rf,nan,nan,accuracy_perobs,0.5,2026-05-26,3044832689
0.0,plants_ny_2017,9,rf,nan,nan,nan,rf,nan,nan,accuracy_perobs,0.5,2026-05-26,3320905175
0.0,plants_ny_2017,9,rf,nan,nan,nan,rf,nan,nan,accuracy_perobs,0.5,2026-05-26,4424249443
0.0,plants_ny_2017,9,rf,nan,nan,nan,rf,nan,nan,accuracy_perobs,0.5,2026-05-26,3712752411
0.0,plants_ny_2017,9,rf,nan,nan,nan,rf,nan,nan,accuracy_perobs,0.5,2026-05-26,2269225795
0.0,plants_ny_2017,9,rf,nan,nan,nan,rf,nan,nan,accuracy_perobs,0.5,2026-05-26,3321246338
0.0,plants_ny_2017,9,rf,nan,nan,nan,rf,nan,nan,accuracy_perobs,0.5,2026-05-26,3335164256
0.0,plants_ny_2017,9,rf,nan,nan,nan,rf,nan,nan,accuracy_perobs,0.5,2026-05-26,2265878225
0.0,plants_ny_2017,9,rf,nan,nan,nan,rf,nan,nan,accuracy_perobs,0.5,2026-05-26,3321221354
0.0,plants_ny_2017,9,rf,nan,nan,nan,rf,nan,nan,accuracy_perobs,0.5,2026-05-26,2397621080
0.0,plants_ny_2017,9,rf,nan,nan,nan,rf,nan,nan,accuracy_perobs,0.5,2026-05-26,5140229152
0.0,plants_ny_2017,9,rf,nan,nan,nan,rf,nan,nan,accuracy_perobs,0.5,2026-05-26,3956110299
0.0,plants_ny_2017,9,rf,nan,nan,nan,rf,nan,nan,accuracy_perobs,0.5,2026-05-26,3321321461
0.0,plants_ny_2017,9,rf,nan,nan,nan,rf,nan,nan,accuracy_perobs,0.5,2026-05-26,2422909098
0.0,plants_ny_2017,9,rf,nan,nan,nan,rf,nan,nan,accuracy_perobs,0.5,2026-05-26,3330621846
0.0,plants_ny_2017,9,rf,nan,nan,nan,rf,nan,nan,accuracy_perobs,0.5,2026-05-26,5838283189
0.0,plants_ny_2017,9,rf,nan,nan,nan,rf,nan,nan,accuracy_perobs,0.5,2026-05-26,2445025486
0.0,plants_ny_2017,9,rf,nan,nan,nan,rf,nan,nan,accuracy_perobs,0.5,2026-05-26,2422908332
0.0,plants_ny_2017,9,rf,nan,nan,nan,rf,nan,nan,accuracy_perobs,0.5,2026-05-26,3335109274
0.0,plants_ny_2017,9,rf,nan,nan,nan,rf,nan,nan,accuracy_perobs,0.5,2026-05-26,2883110527
0.0,plants_ny_2017,9,rf,nan,nan,nan,rf,nan,nan,accuracy_perobs,0.5,2026-05-26,3031955480
0.0,plants_ny_2017,9,rf,nan,nan,nan,rf,nan,nan,accuracy_perobs,0.5,2026-05-26,3858950706
0.0,plants_ny_2017,9,rf,nan,nan,nan,rf,nan,nan,accuracy_perobs,0.5,2026-05-26,3384266822
0.0,plants_ny_2017,9,rf,nan,nan,nan,rf,nan,nan,accuracy_perobs,0.5,2026-05-26,3998087634
0.0,plants_ny_2017,9,rf,nan,nan,nan,rf,nan,nan,accuracy_perobs,0.5,2026-05-26,3383882820
0.0,plants_ny_2017,9,rf,nan,nan,nan,rf,nan,nan,accuracy_perobs,0.5,2026-05-26,4014938432
0.0,plants_ny_2017,9,rf,nan,nan,nan,rf,nan,nan,accuracy_perobs,0.5,2026-05-26,2294423868
0.0,plants_ny_2017,9,rf,nan,nan,nan,rf,nan,nan,accuracy_perobs,0.5,2026-05-26,2422908104
0.0,plants_ny_2017,9,rf,nan,nan,nan,rf,nan,nan,accuracy_perobs,0.5,2026-05-26,4535867564
0.0,plants_ny_2017,9,rf,nan,nan,nan,rf,nan,nan,accuracy_perobs,0.5,2026-05-26,3325713988
0.0,plants_ny_2017,9,rf,nan,nan,nan,rf,nan,nan,accuracy_perobs,0.5,2026-05-26,2422910187
0.0,plants_ny_2017,9,rf,nan,nan,nan,rf,nan,nan,accuracy_perobs,0.5,2026-05-26,3343720014
0.0,plants_ny_2017,9,rf,nan,nan,nan,rf,nan,nan,accuracy_perobs,0.5,2026-05-26,3325765540
0.0,plants_ny_2017,9,rf,nan,nan,nan,rf,nan,nan,accuracy_perobs,0.5,2026-05-26,3858963643
0.0,plants_ny_2017,9,rf,nan,nan,nan,rf,nan,nan,accuracy_perobs,0.5,2026-05-26,4901799426
0.0,plants_ny_2017,9,rf,nan,nan,nan,rf,nan,nan,accuracy_perobs,0.5,2026-05-26,4076272444
0.0,plants_ny_2017,9,rf,nan,nan,nan,rf,nan,nan,accuracy_perobs,0.5,2026-05-26,3321229350
0.0,plants_ny_2017,9,rf,nan,nan,nan,rf,nan,nan,accuracy_perobs,0.5,2026-05-26,3320953196
0.0,plants_ny_2017,9,rf,nan,nan,nan,rf,nan,nan,accuracy_perobs,0.5,2026-05-26,3321168318
0.0,plants_ny_2017,9,rf,nan,nan,nan,rf,nan,nan,accuracy_perobs,0.5,2026-05-26,3321124478
0.0,plants_ny_2017,9,rf,nan,nan,nan,rf,nan,nan,accuracy_perobs,0.5,2026-05-26,2802539423
0.0,plants_ny_2017,9,rf,nan,nan,nan,rf,nan,nan,accuracy_perobs,0.5,2026-05-26,2626495385
0.0,plants_ny_2017,9,rf,nan,nan,nan,rf,nan,nan,accuracy_perobs,0.5,2026-05-26,3335137496
0.0,plants_ny_2017,9,rf,nan,nan,nan,rf,nan,nan,accuracy_perobs,0.5,2026-05-26,3330485510
0.0,plants_ny_2017,9,rf,nan,nan,nan,rf,nan,nan,accuracy_perobs,0.5,2026-05-26,3335425504
0.0,plants_ny_2017,9,rf,nan,nan,nan,rf,nan,nan,accuracy_perobs,0.5,2026-05-26,3335377453
0.0,plants_ny_2017,9,rf,nan,nan,nan,rf,nan,nan,accuracy_perobs,0.5,2026-05-26,3320892254
0.0,plants_ny_2017,9,rf,nan,nan,nan,rf,nan,nan,accuracy_perobs,0.5,2026-05-26,2456590301
0.0,plants_ny_2017,9,rf,nan,nan,nan,rf,nan,nan,accuracy_perobs,0.5,2026-05-26,3330798373
0.0,plants_ny_2017,9,rf,nan,nan,nan,rf,nan,nan,accuracy_perobs,0.5,2026-05-26,2331882958
0.0,plants_ny_2017,9,rf,nan,nan,nan,rf,nan,nan,accuracy_perobs,0.5,2026-05-26,3031913702
0.0,plants_ny_2017,9,rf,nan,nan,nan,rf,nan,nan,accuracy_perobs,0.5,2026-05-26,2350330180
0.0,plants_ny_2017,9,rf,nan,nan,nan,rf,nan,nan,accuracy_perobs,0.5,2026-05-26,3873598308
0.0,plants_ny_2017,9,rf,nan,nan,nan,rf,nan,nan,accuracy_perobs,0.5,2026-05-26,3031783632
0.0,plants_ny_2017,9,rf,nan,nan,nan,rf,nan,nan,accuracy_perobs,0.5,2026-05-26,4852784181
0.0,plants_ny_2017,9,rf,nan,nan,nan,rf,nan,nan,accuracy_perobs,0.5,2026-05-26,2456592218
0.0,plants_ny_2017,9,rf,nan,nan,nan,rf,nan,nan,accuracy_perobs,0.5,2026-05-26,3743048488
0.0,plants_ny_2017,9,rf,nan,nan,nan,rf,nan,nan,accuracy_perobs,0.5,2026-05-26,3005181826
0.0,plants_ny_2017,9,rf,nan,nan,nan,rf,nan,nan,accuracy_perobs,0.5,2026-05-26,3881376498
0.0,plants_ny_2017,9,rf,nan,nan,nan,rf,nan,nan,accuracy_perobs,0.5,2026-05-26,4528172341
0.0,plants_ny_2017,9,rf,nan,nan,nan,rf,nan,nan,accuracy_perobs,0.5,2026-05-26,2456591958
0.0,plants_ny_2017,9,rf,nan,nan,nan,rf,nan,nan,accuracy_perobs,0.5,2026-05-26,3957874003
0.0,plants_ny_2017,9,rf,nan,nan,nan,rf,nan,nan,accuracy_perobs,0.5,2026-05-26,3343732472
0.0,plants_ny_2017,9,rf,nan,nan,nan,rf,nan,nan,accuracy_perobs,0.5,2026-05-26,5837725320
0.0,plants_ny_2017,9,rf,nan,nan,nan,rf,nan,nan,accuracy_perobs,0.5,2026-05-26,3330586325
0.0,plants_ny_2017,9,rf,nan,nan,nan,rf,nan,nan,accuracy_perobs,0.5,2026-05-26,3743173459
0.0,plants_ny_2017,9,rf,nan,nan,nan,rf,nan,nan,accuracy_perobs,0.5,2026-05-26,2988513697
0.0,plants_ny_2017,9,rf,nan,nan,nan,rf,nan,nan,accuracy_perobs,0.5,2026-05-26,3773256410
0.0,plants_ny_2017,9,rf,nan,nan,nan,rf,nan,nan,accuracy_perobs,0.5,2026-05-26,4424380487
0.0,plants_ny_2017,9,rf,nan,nan,nan,rf,nan,nan,accuracy_perobs,0.5,2026-05-26,2898505859
0.0,plants_ny_2017,9,rf,nan,nan,nan,rf,nan,nan,accuracy_perobs,0.5,2026-05-26,2576250963
0.0,plants_ny_2017,9,rf,nan,nan,nan,rf,nan,nan,accuracy_perobs,0.5,2026-05-26,2611308439
0.0,plants_ny_2017,9,rf,nan,nan,nan,rf,nan,nan,accuracy_perobs,0.5,2026-05-26,2331884973
0.0,plants_ny_2017,9,rf,nan,nan,nan,rf,nan,nan,accuracy_perobs,0.5,2026-05-26,3952073213
0.0,plants_ny_2017,9,rf,nan,nan,nan,rf,nan,nan,accuracy_perobs,0.5,2026-05-26,3953863331
0.0,plants_ny_2017,9,rf,nan,nan,nan,rf,nan,nan,accuracy_perobs,0.5,2026-05-26,3954143829
0.0,plants_ny_2017,9,rf,nan,nan,nan,rf,nan,nan,accuracy_perobs,0.5,2026-05-26,3947273854
0.0,plants_ny_2017,9,rf,nan,nan,nan,rf,nan,nan,accuracy_perobs,0.5,2026-05-26,3960384706
0.0,plants_ny_2017,9,rf,nan,nan,nan,rf,nan,nan,accuracy_perobs,0.5,2026-05-26,2963829665
0.0,plants_ny_2017,9,rf,nan,nan,nan,rf,nan,nan,accuracy_perobs,0.5,2026-05-26,5932684154
0.0,plants_ny_2017,9,rf,nan,nan,nan,rf,nan,nan,accuracy_perobs,0.5,2026-05-26,3398684778
0.0,plants_ny_2017,9,rf,nan,nan,nan,rf,nan,nan,accuracy_perobs,0.5,2026-05-26,3873592057
0.0,plants_ny_2017,9,rf,nan,nan,nan,rf,nan,nan,accuracy_perobs,0.5,2026-05-26,3456074080
0.0,plants_ny_2017,9,rf,nan,nan,nan,rf,nan,nan,accuracy_perobs,0.5,2026-05-26,4987388888
0.0,plants_ny_2017,9,rf,nan,nan,nan,rf,nan,nan,accuracy_perobs,0.5,2026-05-26,3959114613
0.0,plants_ny_2017,9,rf,nan,nan,nan,rf,nan,nan,accuracy_perobs,0.5,2026-05-26,2643506885
0.0,plants_ny_2017,9,rf,nan,nan,nan,rf,nan,nan,accuracy_perobs,0.5,2026-05-26,3952195284
0.0,plants_ny_2017,9,rf,nan,nan,nan,rf,nan,nan,accuracy_perobs,0.5,2026-05-26,3956445208
0.0,plants_ny_2017,9,rf,nan,nan,nan,rf,nan,nan,accuracy_perobs,0.5,2026-05-26,2975578278
0.0,plants_ny_2017,9,rf,nan,nan,nan,rf,nan,nan,accuracy_perobs,0.5,2026-05-26,3957744235
0.0,plants_ny_2017,9,rf,nan,nan,nan,rf,nan,nan,accuracy_perobs,0.5,2026-05-26,3384267153
0.0,plants_ny_2017,9,rf,nan,nan,nan,rf,nan,nan,accuracy_perobs,0.5,2026-05-26,3872989884
0.0,plants_ny_2017,9,rf,nan,nan,nan,rf,nan,nan,accuracy_perobs,0.5,2026-05-26,3859167304
0.0,plants_ny_2017,9,rf,nan,nan,nan,rf,nan,nan,accuracy_perobs,0.5,2026-05-26,4022229553
0.0,plants_ny_2017,9,rf,nan,nan,nan,rf,nan,nan,accuracy_perobs,0.5,2026-05-26,3773638754
0.0,plants_ny_2017,9,rf,nan,nan,nan,rf,nan,nan,accuracy_perobs,0.5,2026-05-26,3985687642
0.0,plants_ny_2017,9,rf,nan,nan,nan,rf,nan,nan,accuracy_perobs,0.5,2026-05-26,3343996654
0.0,plants_ny_2017,9,rf,nan,nan,nan,rf,nan,nan,accuracy_perobs,0.5,2026-05-26,3872964171
0.0,plants_ny_2017,9,rf,nan,nan,nan,rf,nan,nan,accuracy_perobs,0.5,2026-05-26,3951507084
0.0,plants_ny_2017,9,rf,nan,nan,nan,rf,nan,nan,accuracy_perobs,0.5,2026-05-26,3889105420
0.0,plants_ny_2017,9,rf,nan,nan,nan,rf,nan,nan,accuracy_perobs,0.5,2026-05-26,3947243633
0.0,plants_ny_2017,9,rf,nan,nan,nan,rf,nan,nan,accuracy_perobs,0.5,2026-05-26,3960230597
0.0,plants_ny_2017,9,rf,nan,nan,nan,rf,nan,nan,accuracy_perobs,0.5,2026-05-26,3998744824
0.0,plants_ny_2017,9,rf,nan,nan,nan,rf,nan,nan,accuracy_perobs,0.5,2026-05-26,3860422407
0.0,plants_ny_2017,9,rf,nan,nan,nan,rf,nan,nan,accuracy_perobs,0.5,2026-05-26,3455641678
0.0,plants_ny_2017,9,rf,nan,nan,nan,rf,nan,nan,accuracy_perobs,0.5,2026-05-26,3888875492
0.0,plants_ny_2017,9,rf,nan,nan,nan,rf,nan,nan,accuracy_perobs,0.5,2026-05-26,3873610040
0.0,plants_ny_2017,9,rf,nan,nan,nan,rf,nan,nan,accuracy_perobs,0.5,2026-05-26,5062506400
0.0,plants_ny_2017,9,rf,nan,nan,nan,rf,nan,nan,accuracy_perobs,0.5,2026-05-26,3999061722
0.0,plants_ny_2017,9,rf,nan,nan,nan,rf,nan,nan,accuracy_perobs,0.5,2026-05-26,3112578786
0.0,plants_ny_2017,9,rf,nan,nan,nan,rf,nan,nan,accuracy_perobs,0.5,2026-05-26,3998198641
0.0,plants_ny_2017,9,rf,nan,nan,nan,rf,nan,nan,accuracy_perobs,0.5,2026-05-26,3952543492
0.0,plants_ny_2017,9,rf,nan,nan,nan,rf,nan,nan,accuracy_perobs,0.5,2026-05-26,2826328152
0.0,plants_ny_2017,9,rf,nan,nan,nan,rf,nan,nan,accuracy_perobs,0.5,2026-05-26,3873501409
0.0,plants_ny_2017,9,rf,nan,nan,nan,rf,nan,nan,accuracy_perobs,0.5,2026-05-26,3892283323
0.0,plants_ny_2017,9,rf,nan,nan,nan,rf,nan,nan,accuracy_perobs,0.5,2026-05-26,2999213467
0.0,plants_ny_2017,9,rf,nan,nan,nan,rf,nan,nan,accuracy_perobs,0.5,2026-05-26,1978468034
0.0,plants_ny_2017,9,rf,nan,nan,nan,rf,nan,nan,accuracy_perobs,0.5,2026-05-26,2826312141
0.0,plants_ny_2017,9,rf,nan,nan,nan,rf,nan,nan,accuracy_perobs,0.5,2026-05-26,3335093361
0.0,plants_ny_2017,9,rf,nan,nan,nan,rf,nan,nan,accuracy_perobs,0.5,2026-05-26,2826315180
0.0,plants_ny_2017,9,rf,nan,nan,nan,rf,nan,nan,accuracy_perobs,0.5,2026-05-26,3067586057
0.0,plants_ny_2017,9,rf,nan,nan,nan,rf,nan,nan,accuracy_perobs,0.5,2026-05-26,3957014967
0.0,plants_ny_2017,9,rf,nan,nan,nan,rf,nan,nan,accuracy_perobs,0.5,2026-05-26,3391502462
0.0,plants_ny_2017,9,rf,nan,nan,nan,rf,nan,nan,accuracy_perobs,0.5,2026-05-26,2860096461
0.0,plants_ny_2017,9,rf,nan,nan,nan,rf,nan,nan,accuracy_perobs,0.5,2026-05-26,3998348237
0.0,plants_ny_2017,9,rf,nan,nan,nan,rf,nan,nan,accuracy_perobs,0.5,2026-05-26,2814088693
0.0,plants_ny_2017,9,rf,nan,nan,nan,rf,nan,nan,accuracy_perobs,0.5,2026-05-26,4527938484
0.0,plants_ny_2017,9,rf,nan,nan,nan,rf,nan,nan,accuracy_perobs,0.5,2026-05-26,3956386897
0.0,plants_ny_2017,9,rf,nan,nan,nan,rf,nan,nan,accuracy_perobs,0.5,2026-05-26,3892305327
0.0,plants_ny_2017,9,rf,nan,nan,nan,rf,nan,nan,accuracy_perobs,0.5,2026-05-26,2850971903
0.0,plants_ny_2017,9,rf,nan,nan,nan,rf,nan,nan,accuracy_perobs,0.5,2026-05-26,3957561505
0.0,plants_ny_2017,9,rf,nan,nan,nan,rf,nan,nan,accuracy_perobs,0.5,2026-05-26,2826523180
0.0,plants_ny_2017,9,rf,nan,nan,nan,rf,nan,nan,accuracy_perobs,0.5,2026-05-26,2826544083
0.0,plants_ny_2017,9,rf,nan,nan,nan,rf,nan,nan,accuracy_perobs,0.5,2026-05-26,3384326500
0.0,plants_ny_2017,9,rf,nan,nan,nan,rf,nan,nan,accuracy_perobs,0.5,2026-05-26,2814408706
0.0,plants_ny_2017,9,rf,nan,nan,nan,rf,nan,nan,accuracy_perobs,0.5,2026-05-26,3952674603
0.0,plants_ny_2017,9,rf,nan,nan,nan,rf,nan,nan,accuracy_perobs,0.5,2026-05-26,4852867183
0.0,plants_ny_2017,9,rf,nan,nan,nan,rf,nan,nan,accuracy_perobs,0.5,2026-05-26,3031951180
0.0,plants_ny_2017,9,rf,nan,nan,nan,rf,nan,nan,accuracy_perobs,0.5,2026-05-26,3948977575
0.0,plants_ny_2017,9,rf,nan,nan,nan,rf,nan,nan,accuracy_perobs,0.5,2026-05-26,3952254661
0.0,plants_ny_2017,9,rf,nan,nan,nan,rf,nan,nan,accuracy_perobs,0.5,2026-05-26,3415359747
0.0,plants_ny_2017,9,rf,nan,nan,nan,rf,nan,nan,accuracy_perobs,0.5,2026-05-26,3952672488
0.0,plants_ny_2017,9,rf,nan,nan,nan,rf,nan,nan,accuracy_perobs,0.5,2026-05-26,4846776474
0.0,plants_ny_2017,9,rf,nan,nan,nan,rf,nan,nan,accuracy_perobs,0.5,2026-05-26,3952991738
0.0,plants_ny_2017,9,rf,nan,nan,nan,rf,nan,nan,accuracy_perobs,0.5,2026-05-26,4527922644
0.0,plants_ny_2017,9,rf,nan,nan,nan,rf,nan,nan,accuracy_perobs,0.5,2026-05-26,3067762136
0.0,plants_ny_2017,9,rf,nan,nan,nan,rf,nan,nan,accuracy_perobs,0.5,2026-05-26,3952313874
0.0,plants_ny_2017,9,rf,nan,nan,nan,rf,nan,nan,accuracy_perobs,0.5,2026-05-26,2826505197
0.0,plants_ny_2017,9,rf,nan,nan,nan,rf,nan,nan,accuracy_perobs,0.5,2026-05-26,3415394424
0.0,plants_ny_2017,9,rf,nan,nan,nan,rf,nan,nan,accuracy_perobs,0.5,2026-05-26,3952137958
0.0,plants_ny_2017,9,rf,nan,nan,nan,rf,nan,nan,accuracy_perobs,0.5,2026-05-26,3112793930
0.0,plants_ny_2017,9,rf,nan,nan,nan,rf,nan,nan,accuracy_perobs,0.5,2026-05-26,3952638601
0.0,plants_ny_2017,9,rf,nan,nan,nan,rf,nan,nan,accuracy_perobs,0.5,2026-05-26,2826542168
0.0,plants_ny_2017,9,rf,nan,nan,nan,rf,nan,nan,accuracy_perobs,0.5,2026-05-26,2826469134
0.0,plants_ny_2017,9,rf,nan,nan,nan,rf,nan,nan,accuracy_perobs,0.5,2026-05-26,2826503176
0.0,plants_ny_2017,9,rf,nan,nan,nan,rf,nan,nan,accuracy_perobs,0.5,2026-05-26,4852717223
0.0,plants_ny_2017,9,rf,nan,nan,nan,rf,nan,nan,accuracy_perobs,0.5,2026-05-26,3957610224
0.0,plants_ny_2017,9,rf,nan,nan,nan,rf,nan,nan,accuracy_perobs,0.5,2026-05-26,3954314671
0.0,plants_ny_2017,9,rf,nan,nan,nan,rf,nan,nan,accuracy_perobs,0.5,2026-05-26,1850946027
0.0,plants_ny_2017,9,rf,nan,nan,nan,rf,nan,nan,accuracy_perobs,0.5,2026-05-26,2826307126
0.0,plants_ny_2017,9,rf,nan,nan,nan,rf,nan,nan,accuracy_perobs,0.5,2026-05-26,3860164631
0.0,plants_ny_2017,9,rf,nan,nan,nan,rf,nan,nan,accuracy_perobs,0.5,2026-05-26,3956067742
0.0,plants_ny_2017,9,rf,nan,nan,nan,rf,nan,nan,accuracy_perobs,0.5,2026-05-26,3915404707
0.0,plants_ny_2017,9,rf,nan,nan,nan,rf,nan,nan,accuracy_perobs,0.5,2026-05-26,2465092849
0.0,plants_ny_2017,9,rf,nan,nan,nan,rf,nan,nan,accuracy_perobs,0.5,2026-05-26,3961396559
0.0,plants_ny_2017,9,rf,nan,nan,nan,rf,nan,nan,accuracy_perobs,0.5,2026-05-26,2999121436
0.0,plants_ny_2017,9,rf,nan,nan,nan,rf,nan,nan,accuracy_perobs,0.5,2026-05-26,2273208062
0.0,plants_ny_2017,9,rf,nan,nan,nan,rf,nan,nan,accuracy_perobs,0.5,2026-05-26,3759519018
0.0,plants_ny_2017,9,rf,nan,nan,nan,rf,nan,nan,accuracy_perobs,0.5,2026-05-26,3859229684
0.0,plants_ny_2017,9,rf,nan,nan,nan,rf,nan,nan,accuracy_perobs,0.5,2026-05-26,2397575473
0.0,plants_ny_2017,9,rf,nan,nan,nan,rf,nan,nan,accuracy_perobs,0.5,2026-05-26,3959091269
0.0,plants_ny_2017,9,rf,nan,nan,nan,rf,nan,nan,accuracy_perobs,0.5,2026-05-26,2397575891
0.0,plants_ny_2017,9,rf,nan,nan,nan,rf,nan,nan,accuracy_perobs,0.5,2026-05-26,2802773472
0.0,plants_ny_2017,9,rf,nan,nan,nan,rf,nan,nan,accuracy_perobs,0.5,2026-05-26,4430424478
0.0,plants_ny_2017,9,rf,nan,nan,nan,rf,nan,nan,accuracy_perobs,0.5,2026-05-26,2251920801
0.0,plants_ny_2017,9,rf,nan,nan,nan,rf,nan,nan,accuracy_perobs,0.5,2026-05-26,4430879486
0.0,plants_ny_2017,9,rf,nan,nan,nan,rf,nan,nan,accuracy_perobs,0.5,2026-05-26,1850946682
0.0,plants_ny_2017,9,rf,nan,nan,nan,rf,nan,nan,accuracy_perobs,0.5,2026-05-26,3330621393
0.0,plants_ny_2017,9,rf,nan,nan,nan,rf,nan,nan,accuracy_perobs,0.5,2026-05-26,2465112708
0.0,plants_ny_2017,9,rf,nan,nan,nan,rf,nan,nan,accuracy_perobs,0.5,2026-05-26,4102659325
0.0,plants_ny_2017,9,rf,nan,nan,nan,rf,nan,nan,accuracy_perobs,0.5,2026-05-26,2540754713
0.0,plants_ny_2017,9,rf,nan,nan,nan,rf,nan,nan,accuracy_perobs,0.5,2026-05-26,2397574556
0.0,plants_ny_2017,9,rf,nan,nan,nan,rf,nan,nan,accuracy_perobs,0.5,2026-05-26,3330446426
0.0,plants_ny_2017,9,rf,nan,nan,nan,rf,nan,nan,accuracy_perobs,0.5,2026-05-26,4417231675
0.0,plants_ny_2017,9,rf,nan,nan,nan,rf,nan,nan,accuracy_perobs,0.5,2026-05-26,2802926429
0.0,plants_ny_2017,9,rf,nan,nan,nan,rf,nan,nan,accuracy_perobs,0.5,2026-05-26,2251921566
0.0,plants_ny_2017,9,rf,nan,nan,nan,rf,nan,nan,accuracy_perobs,0.5,2026-05-26,1850946828
0.0,plants_ny_2017,9,rf,nan,nan,nan,rf,nan,nan,accuracy_perobs,0.5,2026-05-26,2397577288
0.0,plants_ny_2017,9,rf,nan,nan,nan,rf,nan,nan,accuracy_perobs,0.5,2026-05-26,4145583369
0.0,plants_ny_2017,9,rf,nan,nan,nan,rf,nan,nan,accuracy_perobs,0.5,2026-05-26,2963896323
0.0,plants_ny_2017,9,rf,nan,nan,nan,rf,nan,nan,accuracy_perobs,0.5,2026-05-26,2251922768
0.0,plants_ny_2017,9,rf,nan,nan,nan,rf,nan,nan,accuracy_perobs,0.5,2026-05-26,2397575813
0.0,plants_ny_2017,9,rf,nan,nan,nan,rf,nan,nan,accuracy_perobs,0.5,2026-05-26,4512079391
0.0,plants_ny_2017,9,rf,nan,nan,nan,rf,nan,nan,accuracy_perobs,0.5,2026-05-26,3044788730
0.0,plants_ny_2017,9,rf,nan,nan,nan,rf,nan,nan,accuracy_perobs,0.5,2026-05-26,2802570421
0.0,plants_ny_2017,9,rf,nan,nan,nan,rf,nan,nan,accuracy_perobs,0.5,2026-05-26,1850946653
0.0,plants_ny_2017,9,rf,nan,nan,nan,rf,nan,nan,accuracy_perobs,0.5,2026-05-26,3302431583
0.0,plants_ny_2017,9,rf,nan,nan,nan,rf,nan,nan,accuracy_perobs,0.5,2026-05-26,2397574500
0.0,plants_ny_2017,9,rf,nan,nan,nan,rf,nan,nan,accuracy_perobs,0.5,2026-05-26,4440615544
0.0,plants_ny_2017,9,rf,nan,nan,nan,rf,nan,nan,accuracy_perobs,0.5,2026-05-26,1880472572
0.0,plants_ny_2017,9,rf,nan,nan,nan,rf,nan,nan,accuracy_perobs,0.5,2026-05-26,4506237329
0.0,plants_ny_2017,9,rf,nan,nan,nan,rf,nan,nan,accuracy_perobs,0.5,2026-05-26,2251921361
0.0,plants_ny_2017,9,rf,nan,nan,nan,rf,nan,nan,accuracy_perobs,0.5,2026-05-26,3881579124
0.0,plants_ny_2017,9,rf,nan,nan,nan,rf,nan,nan,accuracy_perobs,0.5,2026-05-26,4413368524
0.0,plants_ny_2017,9,rf,nan,nan,nan,rf,nan,nan,accuracy_perobs,0.5,2026-05-26,2574170533
0.0,plants_ny_2017,9,rf,nan,nan,nan,rf,nan,nan,accuracy_perobs,0.5,2026-05-26,4162210448
0.0,plants_ny_2017,9,rf,nan,nan,nan,rf,nan,nan,accuracy_perobs,0.5,2026-05-26,2574275557
0.0,plants_ny_2017,9,rf,nan,nan,nan,rf,nan,nan,accuracy_perobs,0.5,2026-05-26,3952381690
0.0,plants_ny_2017,9,rf,nan,nan,nan,rf,nan,nan,accuracy_perobs,0.5,2026-05-26,3959323498
0.0,plants_ny_2017,9,rf,nan,nan,nan,rf,nan,nan,accuracy_perobs,0.5,2026-05-26,3044603546
0.0,plants_ny_2017,9,rf,nan,nan,nan,rf,nan,nan,accuracy_perobs,0.5,2026-05-26,4512022562
0.0,plants_ny_2017,9,rf,nan,nan,nan,rf,nan,nan,accuracy_perobs,0.5,2026-05-26,3321145338
0.0,plants_ny_2017,9,rf,nan,nan,nan,rf,nan,nan,accuracy_perobs,0.5,2026-05-26,3058905520
0.0,plants_ny_2017,9,rf,nan,nan,nan,rf,nan,nan,accuracy_perobs,0.5,2026-05-26,3335154346
0.0,plants_ny_2017,9,rf,nan,nan,nan,rf,nan,nan,accuracy_perobs,0.5,2026-05-26,2814236235
0.0,plants_ny_2017,9,rf,nan,nan,nan,rf,nan,nan,accuracy_perobs,0.5,2026-05-26,3321286334
0.0,plants_ny_2017,9,rf,nan,nan,nan,rf,nan,nan,accuracy_perobs,0.5,2026-05-26,2814411771
0.0,plants_ny_2017,9,rf,nan,nan,nan,rf,nan,nan,accuracy_perobs,0.5,2026-05-26,2814123219
0.0,plants_ny_2017,9,rf,nan,nan,nan,rf,nan,nan,accuracy_perobs,0.5,2026-05-26,2826350583
0.0,plants_ny_2017,9,rf,nan,nan,nan,rf,nan,nan,accuracy_perobs,0.5,2026-05-26,2814277991
0.0,plants_ny_2017,9,rf,nan,nan,nan,rf,nan,nan,accuracy_perobs,0.5,2026-05-26,3499476507
0.0,plants_ny_2017,9,rf,nan,nan,nan,rf,nan,nan,accuracy_perobs,0.5,2026-05-26,3320926194
0.0,plants_ny_2017,9,rf,nan,nan,nan,rf,nan,nan,accuracy_perobs,0.5,2026-05-26,2814206998
0.0,plants_ny_2017,9,rf,nan,nan,nan,rf,nan,nan,accuracy_perobs,0.5,2026-05-26,3321119247
0.0,plants_ny_2017,9,rf,nan,nan,nan,rf,nan,nan,accuracy_perobs,0.5,2026-05-26,2826179574
0.0,plants_ny_2017,9,rf,nan,nan,nan,rf,nan,nan,accuracy_perobs,0.5,2026-05-26,2813930172
0.0,plants_ny_2017,9,rf,nan,nan,nan,rf,nan,nan,accuracy_perobs,0.5,2026-05-26,2818669474
0.0,plants_ny_2017,9,rf,nan,nan,nan,rf,nan,nan,accuracy_perobs,0.5,2026-05-26,5837648935
0.0,plants_ny_2017,9,rf,nan,nan,nan,rf,nan,nan,accuracy_perobs,0.5,2026-05-26,3742987335
0.0,plants_ny_2017,9,rf,nan,nan,nan,rf,nan,nan,accuracy_perobs,0.5,2026-05-26,3321074231
0.0,plants_ny_2017,9,rf,nan,nan,nan,rf,nan,nan,accuracy_perobs,0.5,2026-05-26,3109014406
0.0,plants_ny_2017,9,rf,nan,nan,nan,rf,nan,nan,accuracy_perobs,0.5,2026-05-26,3320838219
0.0,plants_ny_2017,9,rf,nan,nan,nan,rf,nan,nan,accuracy_perobs,0.5,2026-05-26,5238077323
0.0,plants_ny_2017,9,rf,nan,nan,nan,rf,nan,nan,accuracy_perobs,0.5,2026-05-26,3860658246
0.0,plants_ny_2017,9,rf,nan,nan,nan,rf,nan,nan,accuracy_perobs,0.5,2026-05-26,3321076194
0.0,plants_ny_2017,9,rf,nan,nan,nan,rf,nan,nan,accuracy_perobs,0.5,2026-05-26,2826208585
0.0,plants_ny_2017,9,rf,nan,nan,nan,rf,nan,nan,accuracy_perobs,0.5,2026-05-26,2814208490
0.0,plants_ny_2017,9,rf,nan,nan,nan,rf,nan,nan,accuracy_perobs,0.5,2026-05-26,4525038426
0.0,plants_ny_2017,9,rf,nan,nan,nan,rf,nan,nan,accuracy_perobs,0.5,2026-05-26,2422935047
0.0,plants_ny_2017,9,rf,nan,nan,nan,rf,nan,nan,accuracy_perobs,0.5,2026-05-26,3355400576
0.0,plants_ny_2017,9,rf,nan,nan,nan,rf,nan,nan,accuracy_perobs,0.5,2026-05-26,3456724014
0.0,plants_ny_2017,9,rf,nan,nan,nan,rf,nan,nan,accuracy_perobs,0.5,2026-05-26,2818611429
0.0,plants_ny_2017,9,rf,nan,nan,nan,rf,nan,nan,accuracy_perobs,0.5,2026-05-26,3335087345
0.0,plants_ny_2017,9,rf,nan,nan,nan,rf,nan,nan,accuracy_perobs,0.5,2026-05-26,3889219608
0.0,plants_ny_2017,9,rf,nan,nan,nan,rf,nan,nan,accuracy_perobs,0.5,2026-05-26,2814052200
0.0,plants_ny_2017,9,rf,nan,nan,nan,rf,nan,nan,accuracy_perobs,0.5,2026-05-26,3330455556
0.0,plants_ny_2017,9,rf,nan,nan,nan,rf,nan,nan,accuracy_perobs,0.5,2026-05-26,2860137424
0.0,plants_ny_2017,9,rf,nan,nan,nan,rf,nan,nan,accuracy_perobs,0.5,2026-05-26,3335198479
0.0,plants_ny_2017,9,rf,nan,nan,nan,rf,nan,nan,accuracy_perobs,0.5,2026-05-26,2864572405
0.0,plants_ny_2017,9,rf,nan,nan,nan,rf,nan,nan,accuracy_perobs,0.5,2026-05-26,3321321345
0.0,plants_ny_2017,9,rf,nan,nan,nan,rf,nan,nan,accuracy_perobs,0.5,2026-05-26,2813918893
0.0,plants_ny_2017,9,rf,nan,nan,nan,rf,nan,nan,accuracy_perobs,0.5,2026-05-26,2814145201
0.0,plants_ny_2017,9,rf,nan,nan,nan,rf,nan,nan,accuracy_perobs,0.5,2026-05-26,3955155334
0.0,plants_ny_2017,9,rf,nan,nan,nan,rf,nan,nan,accuracy_perobs,0.5,2026-05-26,3118432727
0.0,plants_ny_2017,9,rf,nan,nan,nan,rf,nan,nan,accuracy_perobs,0.5,2026-05-26,3325783344
0.0,plants_ny_2017,9,rf,nan,nan,nan,rf,nan,nan,accuracy_perobs,0.5,2026-05-26,3355675557
0.0,plants_ny_2017,9,rf,nan,nan,nan,rf,nan,nan,accuracy_perobs,0.5,2026-05-26,2397681592
0.0,plants_ny_2017,9,rf,nan,nan,nan,rf,nan,nan,accuracy_perobs,0.5,2026-05-26,3994193338
0.0,plants_ny_2017,9,rf,nan,nan,nan,rf,nan,nan,accuracy_perobs,0.5,2026-05-26,2868299398
0.0,plants_ny_2017,9,rf,nan,nan,nan,rf,nan,nan,accuracy_perobs,0.5,2026-05-26,2814202928
0.0,plants_ny_2017,9,rf,nan,nan,nan,rf,nan,nan,accuracy_perobs,0.5,2026-05-26,4527959399
0.0,plants_ny_2017,9,rf,nan,nan,nan,rf,nan,nan,accuracy_perobs,0.5,2026-05-26,3321156283
0.0,plants_ny_2017,9,rf,nan,nan,nan,rf,nan,nan,accuracy_perobs,0.5,2026-05-26,3321045339
0.0,plants_ny_2017,9,rf,nan,nan,nan,rf,nan,nan,accuracy_perobs,0.5,2026-05-26,2397674947
0.0,plants_ny_2017,9,rf,nan,nan,nan,rf,nan,nan,accuracy_perobs,0.5,2026-05-26,3320940162
0.0,plants_ny_2017,9,rf,nan,nan,nan,rf,nan,nan,accuracy_perobs,0.5,2026-05-26,3468901367
0.0,plants_ny_2017,9,rf,nan,nan,nan,rf,nan,nan,accuracy_perobs,0.5,2026-05-26,3321120173
0.0,plants_ny_2017,9,rf,nan,nan,nan,rf,nan,nan,accuracy_perobs,0.5,2026-05-26,4014976339
0.0,plants_ny_2017,9,rf,nan,nan,nan,rf,nan,nan,accuracy_perobs,0.5,2026-05-26,3335328284
0.0,plants_ny_2017,9,rf,nan,nan,nan,rf,nan,nan,accuracy_perobs,0.5,2026-05-26,3320893260
0.0,plants_ny_2017,9,rf,nan,nan,nan,rf,nan,nan,accuracy_perobs,0.5,2026-05-26,2423105855
0.0,plants_ny_2017,9,rf,nan,nan,nan,rf,nan,nan,accuracy_perobs,0.5,2026-05-26,3320984328
0.0,plants_ny_2017,9,rf,nan,nan,nan,rf,nan,nan,accuracy_perobs,0.5,2026-05-26,3337536224
0.0,plants_ny_2017,9,rf,nan,nan,nan,rf,nan,nan,accuracy_perobs,0.5,2026-05-26,4028821439
0.0,plants_ny_2017,9,rf,nan,nan,nan,rf,nan,nan,accuracy_perobs,0.5,2026-05-26,3320893229
0.0,plants_ny_2017,9,rf,nan,nan,nan,rf,nan,nan,accuracy_perobs,0.5,2026-05-26,3468888371
0.0,plants_ny_2017,9,rf,nan,nan,nan,rf,nan,nan,accuracy_perobs,0.5,2026-05-26,2813909192
0.0,plants_ny_2017,9,rf,nan,nan,nan,rf,nan,nan,accuracy_perobs,0.5,2026-05-26,2813986238
0.0,plants_ny_2017,9,rf,nan,nan,nan,rf,nan,nan,accuracy_perobs,0.5,2026-05-26,2862369394
0.0,plants_ny_2017,9,rf,nan,nan,nan,rf,nan,nan,accuracy_perobs,0.5,2026-05-26,2814264223
0.0,plants_ny_2017,9,rf,nan,nan,nan,rf,nan,nan,accuracy_perobs,0.5,2026-05-26,3384723863
0.0,plants_ny_2017,9,rf,nan,nan,nan,rf,nan,nan,accuracy_perobs,0.5,2026-05-26,3321106210
0.0,plants_ny_2017,9,rf,nan,nan,nan,rf,nan,nan,accuracy_perobs,0.5,2026-05-26,2818539501
0.0,plants_ny_2017,9,rf,nan,nan,nan,rf,nan,nan,accuracy_perobs,0.5,2026-05-26,3321084200
0.0,plants_ny_2017,9,rf,nan,nan,nan,rf,nan,nan,accuracy_perobs,0.5,2026-05-26,2813888932
0.0,plants_ny_2017,9,rf,nan,nan,nan,rf,nan,nan,accuracy_perobs,0.5,2026-05-26,3337744943
0.0,plants_ny_2017,9,rf,nan,nan,nan,rf,nan,nan,accuracy_perobs,0.5,2026-05-26,3320987342
0.0,plants_ny_2017,9,rf,nan,nan,nan,rf,nan,nan,accuracy_perobs,0.5,2026-05-26,2813942059
0.0,plants_ny_2017,9,rf,nan,nan,nan,rf,nan,nan,accuracy_perobs,0.5,2026-05-26,2818502534
0.0,plants_ny_2017,9,rf,nan,nan,nan,rf,nan,nan,accuracy_perobs,0.5,2026-05-26,4518963334
0.0,plants_ny_2017,9,rf,nan,nan,nan,rf,nan,nan,accuracy_perobs,0.5,2026-05-26,4510221396
0.0,plants_ny_2017,9,rf,nan,nan,nan,rf,nan,nan,accuracy_perobs,0.5,2026-05-26,3924994419
0.0,plants_ny_2017,9,rf,nan,nan,nan,rf,nan,nan,accuracy_perobs,0.5,2026-05-26,3344032457
0.0,plants_ny_2017,9,rf,nan,nan,nan,rf,nan,nan,accuracy_perobs,0.5,2026-05-26,3743041330
0.0,plants_ny_2017,9,rf,nan,nan,nan,rf,nan,nan,accuracy_perobs,0.5,2026-05-26,5086901466
0.0,plants_ny_2017,9,rf,nan,nan,nan,rf,nan,nan,accuracy_perobs,0.5,2026-05-26,5760011685
0.0,plants_ny_2017,9,rf,nan,nan,nan,rf,nan,nan,accuracy_perobs,0.5,2026-05-26,3321188213
0.0,plants_ny_2017,9,rf,nan,nan,nan,rf,nan,nan,accuracy_perobs,0.5,2026-05-26,3355413572
0.0,plants_ny_2017,9,rf,nan,nan,nan,rf,nan,nan,accuracy_perobs,0.5,2026-05-26,4512045480
0.0,plants_ny_2017,9,rf,nan,nan,nan,rf,nan,nan,accuracy_perobs,0.5,2026-05-26,2813940856
0.0,plants_ny_2017,9,rf,nan,nan,nan,rf,nan,nan,accuracy_perobs,0.5,2026-05-26,3321238326
0.0,plants_ny_2017,9,rf,nan,nan,nan,rf,nan,nan,accuracy_perobs,0.5,2026-05-26,3320890222
0.0,plants_ny_2017,9,rf,nan,nan,nan,rf,nan,nan,accuracy_perobs,0.5,2026-05-26,3321252327
0.0,plants_ny_2017,9,rf,nan,nan,nan,rf,nan,nan,accuracy_perobs,0.5,2026-05-26,3383853478
0.0,plants_ny_2017,9,rf,nan,nan,nan,rf,nan,nan,accuracy_perobs,0.5,2026-05-26,5188269314
0.0,plants_ny_2017,9,rf,nan,nan,nan,rf,nan,nan,accuracy_perobs,0.5,2026-05-26,3320934299
0.0,plants_ny_2017,9,rf,nan,nan,nan,rf,nan,nan,accuracy_perobs,0.5,2026-05-26,3455738069
0.0,plants_ny_2017,9,rf,nan,nan,nan,rf,nan,nan,accuracy_perobs,0.5,2026-05-26,2423196269
0.0,plants_ny_2017,9,rf,nan,nan,nan,rf,nan,nan,accuracy_perobs,0.5,2026-05-26,3391688445
0.0,plants_ny_2017,9,rf,nan,nan,nan,rf,nan,nan,accuracy_perobs,0.5,2026-05-26,2813943200
0.0,plants_ny_2017,9,rf,nan,nan,nan,rf,nan,nan,accuracy_perobs,0.5,2026-05-26,3337809208
0.0,plants_ny_2017,9,rf,nan,nan,nan,rf,nan,nan,accuracy_perobs,0.5,2026-05-26,5838342056
0.0,plants_ny_2017,9,rf,nan,nan,nan,rf,nan,nan,accuracy_perobs,0.5,2026-05-26,3321261374
0.0,plants_ny_2017,9,rf,nan,nan,nan,rf,nan,nan,accuracy_perobs,0.5,2026-05-26,3321015304
0.0,plants_ny_2017,9,rf,nan,nan,nan,rf,nan,nan,accuracy_perobs,0.5,2026-05-26,3858221483
0.0,plants_ny_2017,9,rf,nan,nan,nan,rf,nan,nan,accuracy_perobs,0.5,2026-05-26,3456647509
0.0,plants_ny_2017,9,rf,nan,nan,nan,rf,nan,nan,accuracy_perobs,0.5,2026-05-26,3321080227
0.0,plants_ny_2017,9,rf,nan,nan,nan,rf,nan,nan,accuracy_perobs,0.5,2026-05-26,2429404770
0.0,plants_ny_2017,9,rf,nan,nan,nan,rf,nan,nan,accuracy_perobs,0.5,2026-05-26,2856814345
0.0,plants_ny_2017,9,rf,nan,nan,nan,rf,nan,nan,accuracy_perobs,0.5,2026-05-26,3321295347
0.0,plants_ny_2017,9,rf,nan,nan,nan,rf,nan,nan,accuracy_perobs,0.5,2026-05-26,3321300339
0.0,plants_ny_2017,9,rf,nan,nan,nan,rf,nan,nan,accuracy_perobs,0.5,2026-05-26,3321011343
0.0,plants_ny_2017,9,rf,nan,nan,nan,rf,nan,nan,accuracy_perobs,0.5,2026-05-26,2423122968
0.0,plants_ny_2017,9,rf,nan,nan,nan,rf,nan,nan,accuracy_perobs,0.5,2026-05-26,2818769530
0.0,plants_ny_2017,9,rf,nan,nan,nan,rf,nan,nan,accuracy_perobs,0.5,2026-05-26,4075628393
0.0,plants_ny_2017,9,rf,nan,nan,nan,rf,nan,nan,accuracy_perobs,0.5,2026-05-26,2981096403
0.0,plants_ny_2017,9,rf,nan,nan,nan,rf,nan,nan,accuracy_perobs,0.5,2026-05-26,2814250265
0.0,plants_ny_2017,9,rf,nan,nan,nan,rf,nan,nan,accuracy_perobs,0.5,2026-05-26,3325660515
0.0,plants_ny_2017,9,rf,nan,nan,nan,rf,nan,nan,accuracy_perobs,0.5,2026-05-26,2397703393
0.0,plants_ny_2017,9,rf,nan,nan,nan,rf,nan,nan,accuracy_perobs,0.5,2026-05-26,3320980419
0.0,plants_ny_2017,9,rf,nan,nan,nan,rf,nan,nan,accuracy_perobs,0.5,2026-05-26,4527951495
0.0,plants_ny_2017,9,rf,nan,nan,nan,rf,nan,nan,accuracy_perobs,0.5,2026-05-26,2641347566
0.0,plants_ny_2017,9,rf,nan,nan,nan,rf,nan,nan,accuracy_perobs,0.5,2026-05-26,2251940858
0.0,plants_ny_2017,9,rf,nan,nan,nan,rf,nan,nan,accuracy_perobs,0.5,2026-05-26,3985792381
0.0,plants_ny_2017,9,rf,nan,nan,nan,rf,nan,nan,accuracy_perobs,0.5,2026-05-26,4507607510
0.0,plants_ny_2017,9,rf,nan,nan,nan,rf,nan,nan,accuracy_perobs,0.5,2026-05-26,3959243284
0.0,plants_ny_2017,9,rf,nan,nan,nan,rf,nan,nan,accuracy_perobs,0.5,2026-05-26,2429207162
0.0,plants_ny_2017,9,rf,nan,nan,nan,rf,nan,nan,accuracy_perobs,0.5,2026-05-26,2251940283
0.0,plants_ny_2017,9,rf,nan,nan,nan,rf,nan,nan,accuracy_perobs,0.5,2026-05-26,4921568712
0.0,plants_ny_2017,9,rf,nan,nan,nan,rf,nan,nan,accuracy_perobs,0.5,2026-05-26,4994478345
0.0,plants_ny_2017,9,rf,nan,nan,nan,rf,nan,nan,accuracy_perobs,0.5,2026-05-26,4458370514
0.0,plants_ny_2017,9,rf,nan,nan,nan,rf,nan,nan,accuracy_perobs,0.5,2026-05-26,4153809318
0.0,plants_ny_2017,9,rf,nan,nan,nan,rf,nan,nan,accuracy_perobs,0.5,2026-05-26,2603511594
0.0,plants_ny_2017,9,rf,nan,nan,nan,rf,nan,nan,accuracy_perobs,0.5,2026-05-26,3384538906
0.0,plants_ny_2017,9,rf,nan,nan,nan,rf,nan,nan,accuracy_perobs,0.5,2026-05-26,3986160472
0.0,plants_ny_2017,9,rf,nan,nan,nan,rf,nan,nan,accuracy_perobs,0.5,2026-05-26,4046558532
0.0,plants_ny_2017,9,rf,nan,nan,nan,rf,nan,nan,accuracy_perobs,0.5,2026-05-26,3307137516
0.0,plants_ny_2017,9,rf,nan,nan,nan,rf,nan,nan,accuracy_perobs,0.5,2026-05-26,3985758864
0.0,plants_ny_2017,9,rf,nan,nan,nan,rf,nan,nan,accuracy_perobs,0.5,2026-05-26,3998760426
0.0,plants_ny_2017,9,rf,nan,nan,nan,rf,nan,nan,accuracy_perobs,0.5,2026-05-26,3951931916
0.0,plants_ny_2017,9,rf,nan,nan,nan,rf,nan,nan,accuracy_perobs,0.5,2026-05-26,4528200637
0.0,plants_ny_2017,9,rf,nan,nan,nan,rf,nan,nan,accuracy_perobs,0.5,2026-05-26,2963804370
0.0,plants_ny_2017,9,rf,nan,nan,nan,rf,nan,nan,accuracy_perobs,0.5,2026-05-26,4921757660
0.0,plants_ny_2017,9,rf,nan,nan,nan,rf,nan,nan,accuracy_perobs,0.5,2026-05-26,2609325971
0.0,plants_ny_2017,9,rf,nan,nan,nan,rf,nan,nan,accuracy_perobs,0.5,2026-05-26,3953021282
0.0,plants_ny_2017,9,rf,nan,nan,nan,rf,nan,nan,accuracy_perobs,0.5,2026-05-26,4924001983
0.0,plants_ny_2017,9,rf,nan,nan,nan,rf,nan,nan,accuracy_perobs,0.5,2026-05-26,2563535563
0.0,plants_ny_2017,9,rf,nan,nan,nan,rf,nan,nan,accuracy_perobs,0.5,2026-05-26,2992679619
0.0,plants_ny_2017,9,rf,nan,nan,nan,rf,nan,nan,accuracy_perobs,0.5,2026-05-26,3892511437
0.0,plants_ny_2017,9,rf,nan,nan,nan,rf,nan,nan,accuracy_perobs,0.5,2026-05-26,2465105125
0.0,plants_ny_2017,9,rf,nan,nan,nan,rf,nan,nan,accuracy_perobs,0.5,2026-05-26,4923925874
0.0,plants_ny_2017,9,rf,nan,nan,nan,rf,nan,nan,accuracy_perobs,0.5,2026-05-26,2603356280
0.0,plants_ny_2017,9,rf,nan,nan,nan,rf,nan,nan,accuracy_perobs,0.5,2026-05-26,2429292667
0.0,plants_ny_2017,9,rf,nan,nan,nan,rf,nan,nan,accuracy_perobs,0.5,2026-05-26,3335160241
0.0,plants_ny_2017,9,rf,nan,nan,nan,rf,nan,nan,accuracy_perobs,0.5,2026-05-26,2251939959
0.0,plants_ny_2017,9,rf,nan,nan,nan,rf,nan,nan,accuracy_perobs,0.5,2026-05-26,3994349597
0.0,plants_ny_2017,9,rf,nan,nan,nan,rf,nan,nan,accuracy_perobs,0.5,2026-05-26,3859308670
0.0,plants_ny_2017,9,rf,nan,nan,nan,rf,nan,nan,accuracy_perobs,0.5,2026-05-26,3957849286
0.0,plants_ny_2017,9,rf,nan,nan,nan,rf,nan,nan,accuracy_perobs,0.5,2026-05-26,1899769251
0.0,plants_ny_2017,9,rf,nan,nan,nan,rf,nan,nan,accuracy_perobs,0.5,2026-05-26,2429292786
0.0,plants_ny_2017,9,rf,nan,nan,nan,rf,nan,nan,accuracy_perobs,0.5,2026-05-26,3335171220
0.0,plants_ny_2017,9,rf,nan,nan,nan,rf,nan,nan,accuracy_perobs,0.5,2026-05-26,3335423216
0.0,plants_ny_2017,9,rf,nan,nan,nan,rf,nan,nan,accuracy_perobs,0.5,2026-05-26,3307225479
0.0,plants_ny_2017,9,rf,nan,nan,nan,rf,nan,nan,accuracy_perobs,0.5,2026-05-26,2563534367
0.0,plants_ny_2017,9,rf,nan,nan,nan,rf,nan,nan,accuracy_perobs,0.5,2026-05-26,2251940927
0.0,plants_ny_2017,9,rf,nan,nan,nan,rf,nan,nan,accuracy_perobs,0.5,2026-05-26,2563535995
0.0,plants_ny_2017,9,rf,nan,nan,nan,rf,nan,nan,accuracy_perobs,0.5,2026-05-26,2563534332
0.0,plants_ny_2017,9,rf,nan,nan,nan,rf,nan,nan,accuracy_perobs,0.5,2026-05-26,2814446543
0.0,plants_ny_2017,9,rf,nan,nan,nan,rf,nan,nan,accuracy_perobs,0.5,2026-05-26,3383851808
0.0,plants_ny_2017,9,rf,nan,nan,nan,rf,nan,nan,accuracy_perobs,0.5,2026-05-26,3953680766
0.0,plants_ny_2017,9,rf,nan,nan,nan,rf,nan,nan,accuracy_perobs,0.5,2026-05-26,4076252348
0.0,plants_ny_2017,9,rf,nan,nan,nan,rf,nan,nan,accuracy_perobs,0.5,2026-05-26,3335380364
0.0,plants_ny_2017,9,rf,nan,nan,nan,rf,nan,nan,accuracy_perobs,0.5,2026-05-26,4512069525
0.0,plants_ny_2017,9,rf,nan,nan,nan,rf,nan,nan,accuracy_perobs,0.5,2026-05-26,5908729154
0.0,plants_ny_2017,9,rf,nan,nan,nan,rf,nan,nan,accuracy_perobs,0.5,2026-05-26,4952641785
0.0,plants_ny_2017,9,rf,nan,nan,nan,rf,nan,nan,accuracy_perobs,0.5,2026-05-26,2465236159
0.0,plants_ny_2017,9,rf,nan,nan,nan,rf,nan,nan,accuracy_perobs,0.5,2026-05-26,5086959399
0.0,plants_ny_2017,9,rf,nan,nan,nan,rf,nan,nan,accuracy_perobs,0.5,2026-05-26,5844085989
0.0,plants_ny_2017,9,rf,nan,nan,nan,rf,nan,nan,accuracy_perobs,0.5,2026-05-26,3998923890
0.0,plants_ny_2017,9,rf,nan,nan,nan,rf,nan,nan,accuracy_perobs,0.5,2026-05-26,3960192727
0.0,plants_ny_2017,9,rf,nan,nan,nan,rf,nan,nan,accuracy_perobs,0.5,2026-05-26,4908393081
0.0,plants_ny_2017,9,rf,nan,nan,nan,rf,nan,nan,accuracy_perobs,0.5,2026-05-26,5932718414
0.0,plants_ny_2017,9,rf,nan,nan,nan,rf,nan,nan,accuracy_perobs,0.5,2026-05-26,3957018870
0.0,plants_ny_2017,9,rf,nan,nan,nan,rf,nan,nan,accuracy_perobs,0.5,2026-05-26,3335153214
0.0,plants_ny_2017,9,rf,nan,nan,nan,rf,nan,nan,accuracy_perobs,0.5,2026-05-26,4981952222
0.0,plants_ny_2017,9,rf,nan,nan,nan,rf,nan,nan,accuracy_perobs,0.5,2026-05-26,2856753905
0.0,plants_ny_2017,9,rf,nan,nan,nan,rf,nan,nan,accuracy_perobs,0.5,2026-05-26,2429625127
0.0,plants_ny_2017,9,rf,nan,nan,nan,rf,nan,nan,accuracy_perobs,0.5,2026-05-26,2802707070
0.0,plants_ny_2017,9,rf,nan,nan,nan,rf,nan,nan,accuracy_perobs,0.5,2026-05-26,3949105122
0.0,plants_ny_2017,9,rf,nan,nan,nan,rf,nan,nan,accuracy_perobs,0.5,2026-05-26,2429622920
0.0,plants_ny_2017,9,rf,nan,nan,nan,rf,nan,nan,accuracy_perobs,0.5,2026-05-26,4458561688
0.0,plants_ny_2017,9,rf,nan,nan,nan,rf,nan,nan,accuracy_perobs,0.5,2026-05-26,2609069095
0.0,plants_ny_2017,9,rf,nan,nan,nan,rf,nan,nan,accuracy_perobs,0.5,2026-05-26,3335298168
0.0,plants_ny_2017,9,rf,nan,nan,nan,rf,nan,nan,accuracy_perobs,0.5,2026-05-26,3881405910
0.0,plants_ny_2017,9,rf,nan,nan,nan,rf,nan,nan,accuracy_perobs,0.5,2026-05-26,4510266515
0.0,plants_ny_2017,9,rf,nan,nan,nan,rf,nan,nan,accuracy_perobs,0.5,2026-05-26,4528229353
0.0,plants_ny_2017,9,rf,nan,nan,nan,rf,nan,nan,accuracy_perobs,0.5,2026-05-26,4528223351
0.0,plants_ny_2017,9,rf,nan,nan,nan,rf,nan,nan,accuracy_perobs,0.5,2026-05-26,3998356011
0.0,plants_ny_2017,9,rf,nan,nan,nan,rf,nan,nan,accuracy_perobs,0.5,2026-05-26,3958432673
0.0,plants_ny_2017,9,rf,nan,nan,nan,rf,nan,nan,accuracy_perobs,0.5,2026-05-26,4924177505
0.0,plants_ny_2017,9,rf,nan,nan,nan,rf,nan,nan,accuracy_perobs,0.5,2026-05-26,3998466451
0.0,plants_ny_2017,9,rf,nan,nan,nan,rf,nan,nan,accuracy_perobs,0.5,2026-05-26,3959690540
0.0,plants_ny_2017,9,rf,nan,nan,nan,rf,nan,nan,accuracy_perobs,0.5,2026-05-26,3998054164
0.0,plants_ny_2017,9,rf,nan,nan,nan,rf,nan,nan,accuracy_perobs,0.5,2026-05-26,2611113862
0.0,plants_ny_2017,9,rf,nan,nan,nan,rf,nan,nan,accuracy_perobs,0.5,2026-05-26,3959269212
0.0,plants_ny_2017,9,rf,nan,nan,nan,rf,nan,nan,accuracy_perobs,0.5,2026-05-26,3958820715
0.0,plants_ny_2017,9,rf,nan,nan,nan,rf,nan,nan,accuracy_perobs,0.5,2026-05-26,5230451314
0.0,plants_ny_2017,9,rf,nan,nan,nan,rf,nan,nan,accuracy_perobs,0.5,2026-05-26,4512023387
0.0,plants_ny_2017,9,rf,nan,nan,nan,rf,nan,nan,accuracy_perobs,0.5,2026-05-26,3785045182
0.0,plants_ny_2017,9,rf,nan,nan,nan,rf,nan,nan,accuracy_perobs,0.5,2026-05-26,2609322836
0.0,plants_ny_2017,9,rf,nan,nan,nan,rf,nan,nan,accuracy_perobs,0.5,2026-05-26,3951917878
0.0,plants_ny_2017,9,rf,nan,nan,nan,rf,nan,nan,accuracy_perobs,0.5,2026-05-26,3956500129
0.0,plants_ny_2017,9,rf,nan,nan,nan,rf,nan,nan,accuracy_perobs,0.5,2026-05-26,3785140434
0.0,plants_ny_2017,9,rf,nan,nan,nan,rf,nan,nan,accuracy_perobs,0.5,2026-05-26,3953692941
0.0,plants_ny_2017,9,rf,nan,nan,nan,rf,nan,nan,accuracy_perobs,0.5,2026-05-26,3999119049
0.0,plants_ny_2017,9,rf,nan,nan,nan,rf,nan,nan,accuracy_perobs,0.5,2026-05-26,3960971759
0.0,plants_ny_2017,9,rf,nan,nan,nan,rf,nan,nan,accuracy_perobs,0.5,2026-05-26,3953298413
0.0,plants_ny_2017,9,rf,nan,nan,nan,rf,nan,nan,accuracy_perobs,0.5,2026-05-26,3384626861
0.0,plants_ny_2017,9,rf,nan,nan,nan,rf,nan,nan,accuracy_perobs,0.5,2026-05-26,3958109954
0.0,plants_ny_2017,9,rf,nan,nan,nan,rf,nan,nan,accuracy_perobs,0.5,2026-05-26,2977118023
0.0,plants_ny_2017,9,rf,nan,nan,nan,rf,nan,nan,accuracy_perobs,0.5,2026-05-26,3958010534
0.0,plants_ny_2017,9,rf,nan,nan,nan,rf,nan,nan,accuracy_perobs,0.5,2026-05-26,3949771106
0.0,plants_ny_2017,9,rf,nan,nan,nan,rf,nan,nan,accuracy_perobs,0.5,2026-05-26,3949179460
0.0,plants_ny_2017,9,rf,nan,nan,nan,rf,nan,nan,accuracy_perobs,0.5,2026-05-26,3712435417
0.0,plants_ny_2017,9,rf,nan,nan,nan,rf,nan,nan,accuracy_perobs,0.5,2026-05-26,4075726545
0.0,plants_ny_2017,9,rf,nan,nan,nan,rf,nan,nan,accuracy_perobs,0.5,2026-05-26,5760909044
0.0,plants_ny_2017,9,rf,nan,nan,nan,rf,nan,nan,accuracy_perobs,0.5,2026-05-26,3468688373
0.0,plants_ny_2017,9,rf,nan,nan,nan,rf,nan,nan,accuracy_perobs,0.5,2026-05-26,4510011640
0.0,plants_ny_2017,9,rf,nan,nan,nan,rf,nan,nan,accuracy_perobs,0.5,2026-05-26,3998470038
0.0,plants_ny_2017,9,rf,nan,nan,nan,rf,nan,nan,accuracy_perobs,0.5,2026-05-26,4516532010
0.0,plants_ny_2017,9,rf,nan,nan,nan,rf,nan,nan,accuracy_perobs,0.5,2026-05-26,3044582663
0.0,plants_ny_2017,9,rf,nan,nan,nan,rf,nan,nan,accuracy_perobs,0.5,2026-05-26,2868309346
0.0,plants_ny_2017,9,rf,nan,nan,nan,rf,nan,nan,accuracy_perobs,0.5,2026-05-26,3966645342
0.0,plants_ny_2017,9,rf,nan,nan,nan,rf,nan,nan,accuracy_perobs,0.5,2026-05-26,2988450469
0.0,plants_ny_2017,9,rf,nan,nan,nan,rf,nan,nan,accuracy_perobs,0.5,2026-05-26,3456222690
0.0,plants_ny_2017,9,rf,nan,nan,nan,rf,nan,nan,accuracy_perobs,0.5,2026-05-26,4527964531
0.0,plants_ny_2017,9,rf,nan,nan,nan,rf,nan,nan,accuracy_perobs,0.5,2026-05-26,2294436051
0.0,plants_ny_2017,9,rf,nan,nan,nan,rf,nan,nan,accuracy_perobs,0.5,2026-05-26,3985957753
0.0,plants_ny_2017,9,rf,nan,nan,nan,rf,nan,nan,accuracy_perobs,0.5,2026-05-26,5133192575
0.0,plants_ny_2017,9,rf,nan,nan,nan,rf,nan,nan,accuracy_perobs,0.5,2026-05-26,3892372566
0.0,plants_ny_2017,9,rf,nan,nan,nan,rf,nan,nan,accuracy_perobs,0.5,2026-05-26,3061755489
0.0,plants_ny_2017,9,rf,nan,nan,nan,rf,nan,nan,accuracy_perobs,0.5,2026-05-26,3747319532
0.0,plants_ny_2017,9,rf,nan,nan,nan,rf,nan,nan,accuracy_perobs,0.5,2026-05-26,5760857036
0.0,plants_ny_2017,9,rf,nan,nan,nan,rf,nan,nan,accuracy_perobs,0.5,2026-05-26,4145316361
0.0,plants_ny_2017,9,rf,nan,nan,nan,rf,nan,nan,accuracy_perobs,0.5,2026-05-26,3873224308
0.0,plants_ny_2017,9,rf,nan,nan,nan,rf,nan,nan,accuracy_perobs,0.5,2026-05-26,3456466636
0.0,plants_ny_2017,9,rf,nan,nan,nan,rf,nan,nan,accuracy_perobs,0.5,2026-05-26,3743180157
0.0,plants_ny_2017,9,rf,nan,nan,nan,rf,nan,nan,accuracy_perobs,0.5,2026-05-26,3859768809
0.0,plants_ny_2017,9,rf,nan,nan,nan,rf,nan,nan,accuracy_perobs,0.5,2026-05-26,3330469824
0.0,plants_ny_2017,9,rf,nan,nan,nan,rf,nan,nan,accuracy_perobs,0.5,2026-05-26,3302054595
0.0,plants_ny_2017,9,rf,nan,nan,nan,rf,nan,nan,accuracy_perobs,0.5,2026-05-26,3743104021
0.0,plants_ny_2017,9,rf,nan,nan,nan,rf,nan,nan,accuracy_perobs,0.5,2026-05-26,3117808454
0.0,plants_ny_2017,9,rf,nan,nan,nan,rf,nan,nan,accuracy_perobs,0.5,2026-05-26,4103165373
0.0,plants_ny_2017,9,rf,nan,nan,nan,rf,nan,nan,accuracy_perobs,0.5,2026-05-26,3956170083
0.0,plants_ny_2017,9,rf,nan,nan,nan,rf,nan,nan,accuracy_perobs,0.5,2026-05-26,2975964589
0.0,plants_ny_2017,9,rf,nan,nan,nan,rf,nan,nan,accuracy_perobs,0.5,2026-05-26,3956974578
0.0,plants_ny_2017,9,rf,nan,nan,nan,rf,nan,nan,accuracy_perobs,0.5,2026-05-26,5936190669
0.0,plants_ny_2017,9,rf,nan,nan,nan,rf,nan,nan,accuracy_perobs,0.5,2026-05-26,3743339062
0.0,plants_ny_2017,9,rf,nan,nan,nan,rf,nan,nan,accuracy_perobs,0.5,2026-05-26,3743042871
0.0,plants_ny_2017,9,rf,nan,nan,nan,rf,nan,nan,accuracy_perobs,0.5,2026-05-26,3743275144
0.0,plants_ny_2017,9,rf,nan,nan,nan,rf,nan,nan,accuracy_perobs,0.5,2026-05-26,2901508897
0.0,plants_ny_2017,9,rf,nan,nan,nan,rf,nan,nan,accuracy_perobs,0.5,2026-05-26,4863460549
0.0,plants_ny_2017,9,rf,nan,nan,nan,rf,nan,nan,accuracy_perobs,0.5,2026-05-26,3743117712
0.0,plants_ny_2017,9,rf,nan,nan,nan,rf,nan,nan,accuracy_perobs,0.5,2026-05-26,3960314247
0.0,plants_ny_2017,9,rf,nan,nan,nan,rf,nan,nan,accuracy_perobs,0.5,2026-05-26,5109262857
0.0,plants_ny_2017,9,rf,nan,nan,nan,rf,nan,nan,accuracy_perobs,0.5,2026-05-26,3321082572
0.0,plants_ny_2017,9,rf,nan,nan,nan,rf,nan,nan,accuracy_perobs,0.5,2026-05-26,3959920851
0.0,plants_ny_2017,9,rf,nan,nan,nan,rf,nan,nan,accuracy_perobs,0.5,2026-05-26,3902098754
0.0,plants_ny_2017,9,rf,nan,nan,nan,rf,nan,nan,accuracy_perobs,0.5,2026-05-26,4145625389
0.0,plants_ny_2017,9,rf,nan,nan,nan,rf,nan,nan,accuracy_perobs,0.5,2026-05-26,2645358416
0.0,plants_ny_2017,9,rf,nan,nan,nan,rf,nan,nan,accuracy_perobs,0.5,2026-05-26,3469002368
0.0,plants_ny_2017,9,rf,nan,nan,nan,rf,nan,nan,accuracy_perobs,0.5,2026-05-26,3337708873
0.0,plants_ny_2017,9,rf,nan,nan,nan,rf,nan,nan,accuracy_perobs,0.5,2026-05-26,3873675843
0.0,plants_ny_2017,9,rf,nan,nan,nan,rf,nan,nan,accuracy_perobs,0.5,2026-05-26,3743027037
0.0,plants_ny_2017,9,rf,nan,nan,nan,rf,nan,nan,accuracy_perobs,0.5,2026-05-26,5086889242
0.0,plants_ny_2017,9,rf,nan,nan,nan,rf,nan,nan,accuracy_perobs,0.5,2026-05-26,5187581330
0.0,plants_ny_2017,9,rf,nan,nan,nan,rf,nan,nan,accuracy_perobs,0.5,2026-05-26,3903230619
0.0,plants_ny_2017,9,rf,nan,nan,nan,rf,nan,nan,accuracy_perobs,0.5,2026-05-26,4076235337
0.0,plants_ny_2017,9,rf,nan,nan,nan,rf,nan,nan,accuracy_perobs,0.5,2026-05-26,3456702201
0.0,plants_ny_2017,9,rf,nan,nan,nan,rf,nan,nan,accuracy_perobs,0.5,2026-05-26,3947653229
0.0,plants_ny_2017,9,rf,nan,nan,nan,rf,nan,nan,accuracy_perobs,0.5,2026-05-26,4528229559
0.0,plants_ny_2017,9,rf,nan,nan,nan,rf,nan,nan,accuracy_perobs,0.5,2026-05-26,3743223133
0.0,plants_ny_2017,9,rf,nan,nan,nan,rf,nan,nan,accuracy_perobs,0.5,2026-05-26,3343893845
0.0,plants_ny_2017,9,rf,nan,nan,nan,rf,nan,nan,accuracy_perobs,0.5,2026-05-26,3892285556
0.0,plants_ny_2017,9,rf,nan,nan,nan,rf,nan,nan,accuracy_perobs,0.5,2026-05-26,3499478380
0.0,plants_ny_2017,9,rf,nan,nan,nan,rf,nan,nan,accuracy_perobs,0.5,2026-05-26,3343975825
0.0,plants_ny_2017,9,rf,nan,nan,nan,rf,nan,nan,accuracy_perobs,0.5,2026-05-26,3321201083
0.0,plants_ny_2017,9,rf,nan,nan,nan,rf,nan,nan,accuracy_perobs,0.5,2026-05-26,3915424389
0.0,plants_ny_2017,9,rf,nan,nan,nan,rf,nan,nan,accuracy_perobs,0.5,2026-05-26,3383857821
0.0,plants_ny_2017,9,rf,nan,nan,nan,rf,nan,nan,accuracy_perobs,0.5,2026-05-26,3892567407
0.0,plants_ny_2017,9,rf,nan,nan,nan,rf,nan,nan,accuracy_perobs,0.5,2026-05-26,3743217608
0.0,plants_ny_2017,9,rf,nan,nan,nan,rf,nan,nan,accuracy_perobs,0.5,2026-05-26,6170919816
0.0,plants_ny_2017,9,rf,nan,nan,nan,rf,nan,nan,accuracy_perobs,0.5,2026-05-26,2988558923
0.0,plants_ny_2017,9,rf,nan,nan,nan,rf,nan,nan,accuracy_perobs,0.5,2026-05-26,3743217109
0.0,plants_ny_2017,9,rf,nan,nan,nan,rf,nan,nan,accuracy_perobs,0.5,2026-05-26,3743261031
0.0,plants_ny_2017,9,rf,nan,nan,nan,rf,nan,nan,accuracy_perobs,0.5,2026-05-26,3399177638
0.0,plants_ny_2017,9,rf,nan,nan,nan,rf,nan,nan,accuracy_perobs,0.5,2026-05-26,5838032927
0.0,plants_ny_2017,9,rf,nan,nan,nan,rf,nan,nan,accuracy_perobs,0.5,2026-05-26,3415905006
0.0,plants_ny_2017,9,rf,nan,nan,nan,rf,nan,nan,accuracy_perobs,0.5,2026-05-26,3456305524
0.0,plants_ny_2017,9,rf,nan,nan,nan,rf,nan,nan,accuracy_perobs,0.5,2026-05-26,5205823328
0.0,plants_ny_2017,9,rf,nan,nan,nan,rf,nan,nan,accuracy_perobs,0.5,2026-05-26,4901133269
0.0,plants_ny_2017,9,rf,nan,nan,nan,rf,nan,nan,accuracy_perobs,0.5,2026-05-26,4075616529
0.0,plants_ny_2017,9,rf,nan,nan,nan,rf,nan,nan,accuracy_perobs,0.5,2026-05-26,4600040582
0.0,plants_ny_2017,9,rf,nan,nan,nan,rf,nan,nan,accuracy_perobs,0.5,2026-05-26,3960995546
0.0,plants_ny_2017,9,rf,nan,nan,nan,rf,nan,nan,accuracy_perobs,0.5,2026-05-26,4009727377
0.0,plants_ny_2017,9,rf,nan,nan,nan,rf,nan,nan,accuracy_perobs,0.5,2026-05-26,4075630432
0.0,plants_ny_2017,9,rf,nan,nan,nan,rf,nan,nan,accuracy_perobs,0.5,2026-05-26,3902850547
0.0,plants_ny_2017,9,rf,nan,nan,nan,rf,nan,nan,accuracy_perobs,0.5,2026-05-26,3773711199
0.0,plants_ny_2017,9,rf,nan,nan,nan,rf,nan,nan,accuracy_perobs,0.5,2026-05-26,3314182918
0.0,plants_ny_2017,9,rf,nan,nan,nan,rf,nan,nan,accuracy_perobs,0.5,2026-05-26,3307528959
0.0,plants_ny_2017,9,rf,nan,nan,nan,rf,nan,nan,accuracy_perobs,0.5,2026-05-26,3314388967
0.0,plants_ny_2017,9,rf,nan,nan,nan,rf,nan,nan,accuracy_perobs,0.5,2026-05-26,3872978976
0.0,plants_ny_2017,9,rf,nan,nan,nan,rf,nan,nan,accuracy_perobs,0.5,2026-05-26,6130780438
0.0,plants_ny_2017,9,rf,nan,nan,nan,rf,nan,nan,accuracy_perobs,0.5,2026-05-26,2864776729
0.0,plants_ny_2017,9,rf,nan,nan,nan,rf,nan,nan,accuracy_perobs,0.5,2026-05-26,3320859089
0.0,plants_ny_2017,9,rf,nan,nan,nan,rf,nan,nan,accuracy_perobs,0.5,2026-05-26,3320902040
0.0,plants_ny_2017,9,rf,nan,nan,nan,rf,nan,nan,accuracy_perobs,0.5,2026-05-26,3743127091
0.0,plants_ny_2017,9,rf,nan,nan,nan,rf,nan,nan,accuracy_perobs,0.5,2026-05-26,3986283680
0.0,plants_ny_2017,9,rf,nan,nan,nan,rf,nan,nan,accuracy_perobs,0.5,2026-05-26,3031968969
0.0,plants_ny_2017,9,rf,nan,nan,nan,rf,nan,nan,accuracy_perobs,0.5,2026-05-26,3061721466
0.0,plants_ny_2017,9,rf,nan,nan,nan,rf,nan,nan,accuracy_perobs,0.5,2026-05-26,3955756916
0.0,plants_ny_2017,9,rf,nan,nan,nan,rf,nan,nan,accuracy_perobs,0.5,2026-05-26,3743284924
0.0,plants_ny_2017,9,rf,nan,nan,nan,rf,nan,nan,accuracy_perobs,0.5,2026-05-26,3705557376
0.0,plants_ny_2017,9,rf,nan,nan,nan,rf,nan,nan,accuracy_perobs,0.5,2026-05-26,3743090165
0.0,plants_ny_2017,9,rf,nan,nan,nan,rf,nan,nan,accuracy_perobs,0.5,2026-05-26,3860487551
0.0,plants_ny_2017,9,rf,nan,nan,nan,rf,nan,nan,accuracy_perobs,0.5,2026-05-26,3743001906
0.0,plants_ny_2017,9,rf,nan,nan,nan,rf,nan,nan,accuracy_perobs,0.5,2026-05-26,3892298567
0.0,plants_ny_2017,9,rf,nan,nan,nan,rf,nan,nan,accuracy_perobs,0.5,2026-05-26,6133345067
0.0,plants_ny_2017,9,rf,nan,nan,nan,rf,nan,nan,accuracy_perobs,0.5,2026-05-26,3966707351
0.0,plants_ny_2017,9,rf,nan,nan,nan,rf,nan,nan,accuracy_perobs,0.5,2026-05-26,3330431488
0.0,plants_ny_2017,9,rf,nan,nan,nan,rf,nan,nan,accuracy_perobs,0.5,2026-05-26,2864788760
0.0,plants_ny_2017,9,rf,nan,nan,nan,rf,nan,nan,accuracy_perobs,0.5,2026-05-26,5086896260
0.0,plants_ny_2017,9,rf,nan,nan,nan,rf,nan,nan,accuracy_perobs,0.5,2026-05-26,4054832413
0.0,plants_ny_2017,9,rf,nan,nan,nan,rf,nan,nan,accuracy_perobs,0.5,2026-05-26,3314249988
0.0,plants_ny_2017,9,rf,nan,nan,nan,rf,nan,nan,accuracy_perobs,0.5,2026-05-26,6163175834
0.0,plants_ny_2017,9,rf,nan,nan,nan,rf,nan,nan,accuracy_perobs,0.5,2026-05-26,3712694437
0.0,plants_ny_2017,9,rf,nan,nan,nan,rf,nan,nan,accuracy_perobs,0.5,2026-05-26,4512039485
0.0,plants_ny_2017,9,rf,nan,nan,nan,rf,nan,nan,accuracy_perobs,0.5,2026-05-26,3859621448
0.0,plants_ny_2017,9,rf,nan,nan,nan,rf,nan,nan,accuracy_perobs,0.5,2026-05-26,2626144953
0.0,plants_ny_2017,9,rf,nan,nan,nan,rf,nan,nan,accuracy_perobs,0.5,2026-05-26,3902068078
0.0,plants_ny_2017,9,rf,nan,nan,nan,rf,nan,nan,accuracy_perobs,0.5,2026-05-26,3743311564
0.0,plants_ny_2017,9,rf,nan,nan,nan,rf,nan,nan,accuracy_perobs,0.5,2026-05-26,3321176071
0.0,plants_ny_2017,9,rf,nan,nan,nan,rf,nan,nan,accuracy_perobs,0.5,2026-05-26,2237466407
0.0,plants_ny_2017,9,rf,nan,nan,nan,rf,nan,nan,accuracy_perobs,0.5,2026-05-26,2006052775
0.0,plants_ny_2017,9,rf,nan,nan,nan,rf,nan,nan,accuracy_perobs,0.5,2026-05-26,3759197625
0.0,plants_ny_2017,9,rf,nan,nan,nan,rf,nan,nan,accuracy_perobs,0.5,2026-05-26,3338092837
0.0,plants_ny_2017,9,rf,nan,nan,nan,rf,nan,nan,accuracy_perobs,0.5,2026-05-26,4075612580
0.0,plants_ny_2017,9,rf,nan,nan,nan,rf,nan,nan,accuracy_perobs,0.5,2026-05-26,4075568541
0.0,plants_ny_2017,9,rf,nan,nan,nan,rf,nan,nan,accuracy_perobs,0.5,2026-05-26,2013733047
0.0,plants_ny_2017,9,rf,nan,nan,nan,rf,nan,nan,accuracy_perobs,0.5,2026-05-26,3355474053
0.0,plants_ny_2017,9,rf,nan,nan,nan,rf,nan,nan,accuracy_perobs,0.5,2026-05-26,3455355741
0.0,plants_ny_2017,9,rf,nan,nan,nan,rf,nan,nan,accuracy_perobs,0.5,2026-05-26,3743261956
0.0,plants_ny_2017,9,rf,nan,nan,nan,rf,nan,nan,accuracy_perobs,0.5,2026-05-26,3988711341
0.0,plants_ny_2017,9,rf,nan,nan,nan,rf,nan,nan,accuracy_perobs,0.5,2026-05-26,2626394279
0.0,plants_ny_2017,9,rf,nan,nan,nan,rf,nan,nan,accuracy_perobs,0.5,2026-05-26,3947064257
0.0,plants_ny_2017,9,rf,nan,nan,nan,rf,nan,nan,accuracy_perobs,0.5,2026-05-26,2864753772
0.0,plants_ny_2017,9,rf,nan,nan,nan,rf,nan,nan,accuracy_perobs,0.5,2026-05-26,4440836556
0.0,plants_ny_2017,9,rf,nan,nan,nan,rf,nan,nan,accuracy_perobs,0.5,2026-05-26,3302058097
0.0,plants_ny_2017,9,rf,nan,nan,nan,rf,nan,nan,accuracy_perobs,0.5,2026-05-26,3743181002
0.0,plants_ny_2017,9,rf,nan,nan,nan,rf,nan,nan,accuracy_perobs,0.5,2026-05-26,3456002819
0.0,plants_ny_2017,9,rf,nan,nan,nan,rf,nan,nan,accuracy_perobs,0.5,2026-05-26,1305173109
0.0,plants_ny_2017,9,rf,nan,nan,nan,rf,nan,nan,accuracy_perobs,0.5,2026-05-26,2626434562
0.0,plants_ny_2017,9,rf,nan,nan,nan,rf,nan,nan,accuracy_perobs,0.5,2026-05-26,3953731148
0.0,plants_ny_2017,9,rf,nan,nan,nan,rf,nan,nan,accuracy_perobs,0.5,2026-05-26,3998627007
0.0,plants_ny_2017,9,rf,nan,nan,nan,rf,nan,nan,accuracy_perobs,0.5,2026-05-26,5007876709
0.0,plants_ny_2017,9,rf,nan,nan,nan,rf,nan,nan,accuracy_perobs,0.5,2026-05-26,4600039736
0.0,plants_ny_2017,9,rf,nan,nan,nan,rf,nan,nan,accuracy_perobs,0.5,2026-05-26,3455490668
0.0,plants_ny_2017,9,rf,nan,nan,nan,rf,nan,nan,accuracy_perobs,0.5,2026-05-26,4096407443
0.0,plants_ny_2017,9,rf,nan,nan,nan,rf,nan,nan,accuracy_perobs,0.5,2026-05-26,2988408926
0.0,plants_ny_2017,9,rf,nan,nan,nan,rf,nan,nan,accuracy_perobs,0.5,2026-05-26,3705428470
0.0,plants_ny_2017,9,rf,nan,nan,nan,rf,nan,nan,accuracy_perobs,0.5,2026-05-26,3314262968
0.0,plants_ny_2017,9,rf,nan,nan,nan,rf,nan,nan,accuracy_perobs,0.5,2026-05-26,4076287323
0.0,plants_ny_2017,9,rf,nan,nan,nan,rf,nan,nan,accuracy_perobs,0.5,2026-05-26,3747096396
0.0,plants_ny_2017,9,rf,nan,nan,nan,rf,nan,nan,accuracy_perobs,0.5,2026-05-26,3955855510
0.0,plants_ny_2017,9,rf,nan,nan,nan,rf,nan,nan,accuracy_perobs,0.5,2026-05-26,3337848942
0.0,plants_ny_2017,9,rf,nan,nan,nan,rf,nan,nan,accuracy_perobs,0.5,2026-05-26,3902231109
0.0,plants_ny_2017,9,rf,nan,nan,nan,rf,nan,nan,accuracy_perobs,0.5,2026-05-26,3743063020
0.0,plants_ny_2017,9,rf,nan,nan,nan,rf,nan,nan,accuracy_perobs,0.5,2026-05-26,4438650577
0.0,plants_ny_2017,9,rf,nan,nan,nan,rf,nan,nan,accuracy_perobs,0.5,2026-05-26,2984433511
0.0,plants_ny_2017,9,rf,nan,nan,nan,rf,nan,nan,accuracy_perobs,0.5,2026-05-26,3743343160
0.0,plants_ny_2017,9,rf,nan,nan,nan,rf,nan,nan,accuracy_perobs,0.5,2026-05-26,4458356369
0.0,plants_ny_2017,9,rf,nan,nan,nan,rf,nan,nan,accuracy_perobs,0.5,2026-05-26,2013733500
0.0,plants_ny_2017,9,rf,nan,nan,nan,rf,nan,nan,accuracy_perobs,0.5,2026-05-26,3952358481
0.0,plants_ny_2017,9,rf,nan,nan,nan,rf,nan,nan,accuracy_perobs,0.5,2026-05-26,3873950555
0.0,plants_ny_2017,9,rf,nan,nan,nan,rf,nan,nan,accuracy_perobs,0.5,2026-05-26,3764340990
0.0,plants_ny_2017,9,rf,nan,nan,nan,rf,nan,nan,accuracy_perobs,0.5,2026-05-26,3344134309
0.0,plants_ny_2017,9,rf,nan,nan,nan,rf,nan,nan,accuracy_perobs,0.5,2026-05-26,6133241442
0.0,plants_ny_2017,9,rf,nan,nan,nan,rf,nan,nan,accuracy_perobs,0.5,2026-05-26,3892600555
0.0,plants_ny_2017,9,rf,nan,nan,nan,rf,nan,nan,accuracy_perobs,0.5,2026-05-26,2542905908
0.0,plants_ny_2017,9,rf,nan,nan,nan,rf,nan,nan,accuracy_perobs,0.5,2026-05-26,3456149826
0.0,plants_ny_2017,9,rf,nan,nan,nan,rf,nan,nan,accuracy_perobs,0.5,2026-05-26,3321037527
0.0,plants_ny_2017,9,rf,nan,nan,nan,rf,nan,nan,accuracy_perobs,0.5,2026-05-26,3888892940
0.0,plants_ny_2017,9,rf,nan,nan,nan,rf,nan,nan,accuracy_perobs,0.5,2026-05-26,3039130435
0.0,plants_ny_2017,9,rf,nan,nan,nan,rf,nan,nan,accuracy_perobs,0.5,2026-05-26,4009759377
0.0,plants_ny_2017,9,rf,nan,nan,nan,rf,nan,nan,accuracy_perobs,0.5,2026-05-26,4516509668
0.0,plants_ny_2017,9,rf,nan,nan,nan,rf,nan,nan,accuracy_perobs,0.5,2026-05-26,3951908759
0.0,plants_ny_2017,9,rf,nan,nan,nan,rf,nan,nan,accuracy_perobs,0.5,2026-05-26,3321069544
0.0,plants_ny_2017,9,rf,nan,nan,nan,rf,nan,nan,accuracy_perobs,0.5,2026-05-26,3873295483
0.0,plants_ny_2017,9,rf,nan,nan,nan,rf,nan,nan,accuracy_perobs,0.5,2026-05-26,3415476705
0.0,plants_ny_2017,9,rf,nan,nan,nan,rf,nan,nan,accuracy_perobs,0.5,2026-05-26,3383836816
0.0,plants_ny_2017,9,rf,nan,nan,nan,rf,nan,nan,accuracy_perobs,0.5,2026-05-26,2977665327
0.0,plants_ny_2017,9,rf,nan,nan,nan,rf,nan,nan,accuracy_perobs,0.5,2026-05-26,3499376440
0.0,plants_ny_2017,9,rf,nan,nan,nan,rf,nan,nan,accuracy_perobs,0.5,2026-05-26,3957652922
0.0,plants_ny_2017,9,rf,nan,nan,nan,rf,nan,nan,accuracy_perobs,0.5,2026-05-26,5076752674
0.0,plants_ny_2017,9,rf,nan,nan,nan,rf,nan,nan,accuracy_perobs,0.5,2026-05-26,3892491932
0.0,plants_ny_2017,9,rf,nan,nan,nan,rf,nan,nan,accuracy_perobs,0.5,2026-05-26,4067181465
0.0,plants_ny_2017,9,rf,nan,nan,nan,rf,nan,nan,accuracy_perobs,0.5,2026-05-26,2868113423
0.0,plants_ny_2017,9,rf,nan,nan,nan,rf,nan,nan,accuracy_perobs,0.5,2026-05-26,3955125866
0.0,plants_ny_2017,9,rf,nan,nan,nan,rf,nan,nan,accuracy_perobs,0.5,2026-05-26,4528178505
0.0,plants_ny_2017,9,rf,nan,nan,nan,rf,nan,nan,accuracy_perobs,0.5,2026-05-26,3951592098
0.0,plants_ny_2017,9,rf,nan,nan,nan,rf,nan,nan,accuracy_perobs,0.5,2026-05-26,3999162769
0.0,plants_ny_2017,9,rf,nan,nan,nan,rf,nan,nan,accuracy_perobs,0.5,2026-05-26,3320860516
0.0,plants_ny_2017,9,rf,nan,nan,nan,rf,nan,nan,accuracy_perobs,0.5,2026-05-26,3960168322
0.0,plants_ny_2017,9,rf,nan,nan,nan,rf,nan,nan,accuracy_perobs,0.5,2026-05-26,3325534811
0.0,plants_ny_2017,9,rf,nan,nan,nan,rf,nan,nan,accuracy_perobs,0.5,2026-05-26,4062564400
0.0,plants_ny_2017,9,rf,nan,nan,nan,rf,nan,nan,accuracy_perobs,0.5,2026-05-26,3958474166
0.0,plants_ny_2017,9,rf,nan,nan,nan,rf,nan,nan,accuracy_perobs,0.5,2026-05-26,3320884547
0.0,plants_ny_2017,9,rf,nan,nan,nan,rf,nan,nan,accuracy_perobs,0.5,2026-05-26,3888802993
0.0,plants_ny_2017,9,rf,nan,nan,nan,rf,nan,nan,accuracy_perobs,0.5,2026-05-26,3415831615
0.0,plants_ny_2017,9,rf,nan,nan,nan,rf,nan,nan,accuracy_perobs,0.5,2026-05-26,2975077899
0.0,plants_ny_2017,9,rf,nan,nan,nan,rf,nan,nan,accuracy_perobs,0.5,2026-05-26,2646525147
0.0,plants_ny_2017,9,rf,nan,nan,nan,rf,nan,nan,accuracy_perobs,0.5,2026-05-26,3325685769
0.0,plants_ny_2017,9,rf,nan,nan,nan,rf,nan,nan,accuracy_perobs,0.5,2026-05-26,3915272335
0.0,plants_ny_2017,9,rf,nan,nan,nan,rf,nan,nan,accuracy_perobs,0.5,2026-05-26,4062720384
0.0,plants_ny_2017,9,rf,nan,nan,nan,rf,nan,nan,accuracy_perobs,0.5,2026-05-26,3343811503
0.0,plants_ny_2017,9,rf,nan,nan,nan,rf,nan,nan,accuracy_perobs,0.5,2026-05-26,3955200465
0.0,plants_ny_2017,9,rf,nan,nan,nan,rf,nan,nan,accuracy_perobs,0.5,2026-05-26,2901879375
0.0,plants_ny_2017,9,rf,nan,nan,nan,rf,nan,nan,accuracy_perobs,0.5,2026-05-26,3958269257
0.0,plants_ny_2017,9,rf,nan,nan,nan,rf,nan,nan,accuracy_perobs,0.5,2026-05-26,3999036549
0.0,plants_ny_2017,9,rf,nan,nan,nan,rf,nan,nan,accuracy_perobs,0.5,2026-05-26,2901914363
0.0,plants_ny_2017,9,rf,nan,nan,nan,rf,nan,nan,accuracy_perobs,0.5,2026-05-26,4528213625
0.0,plants_ny_2017,9,rf,nan,nan,nan,rf,nan,nan,accuracy_perobs,0.5,2026-05-26,3117762997
0.0,plants_ny_2017,9,rf,nan,nan,nan,rf,nan,nan,accuracy_perobs,0.5,2026-05-26,4076251730
0.0,plants_ny_2017,9,rf,nan,nan,nan,rf,nan,nan,accuracy_perobs,0.5,2026-05-26,3456635637
0.0,plants_ny_2017,9,rf,nan,nan,nan,rf,nan,nan,accuracy_perobs,0.5,2026-05-26,4507599340
0.0,plants_ny_2017,9,rf,nan,nan,nan,rf,nan,nan,accuracy_perobs,0.5,2026-05-26,5839985418
0.0,plants_ny_2017,9,rf,nan,nan,nan,rf,nan,nan,accuracy_perobs,0.5,2026-05-26,3953780544
0.0,plants_ny_2017,9,rf,nan,nan,nan,rf,nan,nan,accuracy_perobs,0.5,2026-05-26,3953760145
0.0,plants_ny_2017,9,rf,nan,nan,nan,rf,nan,nan,accuracy_perobs,0.5,2026-05-26,3902505144
0.0,plants_ny_2017,9,rf,nan,nan,nan,rf,nan,nan,accuracy_perobs,0.5,2026-05-26,4527943511
0.0,plants_ny_2017,9,rf,nan,nan,nan,rf,nan,nan,accuracy_perobs,0.5,2026-05-26,3747314413
0.0,plants_ny_2017,9,rf,nan,nan,nan,rf,nan,nan,accuracy_perobs,0.5,2026-05-26,3954595054
0.0,plants_ny_2017,9,rf,nan,nan,nan,rf,nan,nan,accuracy_perobs,0.5,2026-05-26,3958521630
0.0,plants_ny_2017,9,rf,nan,nan,nan,rf,nan,nan,accuracy_perobs,0.5,2026-05-26,4171363528
0.0,plants_ny_2017,9,rf,nan,nan,nan,rf,nan,nan,accuracy_perobs,0.5,2026-05-26,3956232913
0.0,plants_ny_2017,9,rf,nan,nan,nan,rf,nan,nan,accuracy_perobs,0.5,2026-05-26,3953832144
0.0,plants_ny_2017,9,rf,nan,nan,nan,rf,nan,nan,accuracy_perobs,0.5,2026-05-26,3881373423
0.0,plants_ny_2017,9,rf,nan,nan,nan,rf,nan,nan,accuracy_perobs,0.5,2026-05-26,3912039697
0.0,plants_ny_2017,9,rf,nan,nan,nan,rf,nan,nan,accuracy_perobs,0.5,2026-05-26,3960187739
0.0,plants_ny_2017,9,rf,nan,nan,nan,rf,nan,nan,accuracy_perobs,0.5,2026-05-26,3760304993
0.0,plants_ny_2017,9,rf,nan,nan,nan,rf,nan,nan,accuracy_perobs,0.5,2026-05-26,3956370387
0.0,plants_ny_2017,9,rf,nan,nan,nan,rf,nan,nan,accuracy_perobs,0.5,2026-05-26,3958230004
0.0,plants_ny_2017,9,rf,nan,nan,nan,rf,nan,nan,accuracy_perobs,0.5,2026-05-26,3958479807
0.0,plants_ny_2017,9,rf,nan,nan,nan,rf,nan,nan,accuracy_perobs,0.5,2026-05-26,3117787393
0.0,plants_ny_2017,9,rf,nan,nan,nan,rf,nan,nan,accuracy_perobs,0.5,2026-05-26,3958556894
0.0,plants_ny_2017,9,rf,nan,nan,nan,rf,nan,nan,accuracy_perobs,0.5,2026-05-26,2901574269
0.0,plants_ny_2017,9,rf,nan,nan,nan,rf,nan,nan,accuracy_perobs,0.5,2026-05-26,2634091772
0.0,plants_ny_2017,9,rf,nan,nan,nan,rf,nan,nan,accuracy_perobs,0.5,2026-05-26,2597769715
0.0,plants_ny_2017,9,rf,nan,nan,nan,rf,nan,nan,accuracy_perobs,0.5,2026-05-26,2992735429
0.0,plants_ny_2017,9,rf,nan,nan,nan,rf,nan,nan,accuracy_perobs,0.5,2026-05-26,3998509748
0.0,plants_ny_2017,9,rf,nan,nan,nan,rf,nan,nan,accuracy_perobs,0.5,2026-05-26,2603427160
0.0,plants_ny_2017,9,rf,nan,nan,nan,rf,nan,nan,accuracy_perobs,0.5,2026-05-26,3954823449
0.0,plants_ny_2017,9,rf,nan,nan,nan,rf,nan,nan,accuracy_perobs,0.5,2026-05-26,3953031880
0.0,plants_ny_2017,9,rf,nan,nan,nan,rf,nan,nan,accuracy_perobs,0.5,2026-05-26,3955058929
0.0,plants_ny_2017,9,rf,nan,nan,nan,rf,nan,nan,accuracy_perobs,0.5,2026-05-26,3902628847
0.0,plants_ny_2017,9,rf,nan,nan,nan,rf,nan,nan,accuracy_perobs,0.5,2026-05-26,3321001513
0.0,plants_ny_2017,9,rf,nan,nan,nan,rf,nan,nan,accuracy_perobs,0.5,2026-05-26,3330626734
0.0,plants_ny_2017,9,rf,nan,nan,nan,rf,nan,nan,accuracy_perobs,0.5,2026-05-26,2873871395
0.0,plants_ny_2017,9,rf,nan,nan,nan,rf,nan,nan,accuracy_perobs,0.5,2026-05-26,3998011745
0.0,plants_ny_2017,9,rf,nan,nan,nan,rf,nan,nan,accuracy_perobs,0.5,2026-05-26,3951920795
0.0,plants_ny_2017,9,rf,nan,nan,nan,rf,nan,nan,accuracy_perobs,0.5,2026-05-26,3859456561
0.0,plants_ny_2017,9,rf,nan,nan,nan,rf,nan,nan,accuracy_perobs,0.5,2026-05-26,3415916602
0.0,plants_ny_2017,9,rf,nan,nan,nan,rf,nan,nan,accuracy_perobs,0.5,2026-05-26,3966468595
0.0,plants_ny_2017,9,rf,nan,nan,nan,rf,nan,nan,accuracy_perobs,0.5,2026-05-26,3958578351
0.0,plants_ny_2017,9,rf,nan,nan,nan,rf,nan,nan,accuracy_perobs,0.5,2026-05-26,3321271544
0.0,plants_ny_2017,9,rf,nan,nan,nan,rf,nan,nan,accuracy_perobs,0.5,2026-05-26,5230376340
0.0,plants_ny_2017,9,rf,nan,nan,nan,rf,nan,nan,accuracy_perobs,0.5,2026-05-26,3953934810
0.0,plants_ny_2017,9,rf,nan,nan,nan,rf,nan,nan,accuracy_perobs,0.5,2026-05-26,4424237421
0.0,plants_ny_2017,9,rf,nan,nan,nan,rf,nan,nan,accuracy_perobs,0.5,2026-05-26,3957231560
0.0,plants_ny_2017,9,rf,nan,nan,nan,rf,nan,nan,accuracy_perobs,0.5,2026-05-26,2597702667
0.0,plants_ny_2017,9,rf,nan,nan,nan,rf,nan,nan,accuracy_perobs,0.5,2026-05-26,3005182458
0.0,plants_ny_2017,9,rf,nan,nan,nan,rf,nan,nan,accuracy_perobs,0.5,2026-05-26,3759718426
0.0,plants_ny_2017,9,rf,nan,nan,nan,rf,nan,nan,accuracy_perobs,0.5,2026-05-26,2974337303
0.0,plants_ny_2017,9,rf,nan,nan,nan,rf,nan,nan,accuracy_perobs,0.5,2026-05-26,3858332427
0.0,plants_ny_2017,9,rf,nan,nan,nan,rf,nan,nan,accuracy_perobs,0.5,2026-05-26,3959675908
0.0,plants_ny_2017,9,rf,nan,nan,nan,rf,nan,nan,accuracy_perobs,0.5,2026-05-26,4507600344
0.0,plants_ny_2017,9,rf,nan,nan,nan,rf,nan,nan,accuracy_perobs,0.5,2026-05-26,3958698702
0.0,plants_ny_2017,9,rf,nan,nan,nan,rf,nan,nan,accuracy_perobs,0.5,2026-05-26,3355014674
0.0,plants_ny_2017,9,rf,nan,nan,nan,rf,nan,nan,accuracy_perobs,0.5,2026-05-26,3321026566
0.0,plants_ny_2017,9,rf,nan,nan,nan,rf,nan,nan,accuracy_perobs,0.5,2026-05-26,3998361625
0.0,plants_ny_2017,9,rf,nan,nan,nan,rf,nan,nan,accuracy_perobs,0.5,2026-05-26,3468982354
0.0,plants_ny_2017,9,rf,nan,nan,nan,rf,nan,nan,accuracy_perobs,0.5,2026-05-26,3321305584
0.0,plants_ny_2017,9,rf,nan,nan,nan,rf,nan,nan,accuracy_perobs,0.5,2026-05-26,3321222546
0.0,plants_ny_2017,9,rf,nan,nan,nan,rf,nan,nan,accuracy_perobs,0.5,2026-05-26,2597864582
0.0,plants_ny_2017,9,rf,nan,nan,nan,rf,nan,nan,accuracy_perobs,0.5,2026-05-26,3955245785
0.0,plants_ny_2017,9,rf,nan,nan,nan,rf,nan,nan,accuracy_perobs,0.5,2026-05-26,3337719955
0.0,plants_ny_2017,9,rf,nan,nan,nan,rf,nan,nan,accuracy_perobs,0.5,2026-05-26,3957007533
0.0,plants_ny_2017,9,rf,nan,nan,nan,rf,nan,nan,accuracy_perobs,0.5,2026-05-26,3764483265
0.0,plants_ny_2017,9,rf,nan,nan,nan,rf,nan,nan,accuracy_perobs,0.5,2026-05-26,3957207847
0.0,plants_ny_2017,9,rf,nan,nan,nan,rf,nan,nan,accuracy_perobs,0.5,2026-05-26,2976431965
0.0,plants_ny_2017,9,rf,nan,nan,nan,rf,nan,nan,accuracy_perobs,0.5,2026-05-26,3953150454
0.0,plants_ny_2017,9,rf,nan,nan,nan,rf,nan,nan,accuracy_perobs,0.5,2026-05-26,2826156614
0.0,plants_ny_2017,9,rf,nan,nan,nan,rf,nan,nan,accuracy_perobs,0.5,2026-05-26,1901034499
0.0,plants_ny_2017,9,rf,nan,nan,nan,rf,nan,nan,accuracy_perobs,0.5,2026-05-26,3903018842
0.0,plants_ny_2017,9,rf,nan,nan,nan,rf,nan,nan,accuracy_perobs,0.5,2026-05-26,3321263526
0.0,plants_ny_2017,9,rf,nan,nan,nan,rf,nan,nan,accuracy_perobs,0.5,2026-05-26,3952534068
0.0,plants_ny_2017,9,rf,nan,nan,nan,rf,nan,nan,accuracy_perobs,0.5,2026-05-26,2823283379
0.0,plants_ny_2017,9,rf,nan,nan,nan,rf,nan,nan,accuracy_perobs,0.5,2026-05-26,3953218651
0.0,plants_ny_2017,9,rf,nan,nan,nan,rf,nan,nan,accuracy_perobs,0.5,2026-05-26,2597868625
0.0,plants_ny_2017,9,rf,nan,nan,nan,rf,nan,nan,accuracy_perobs,0.5,2026-05-26,2980836345
0.0,plants_ny_2017,9,rf,nan,nan,nan,rf,nan,nan,accuracy_perobs,0.5,2026-05-26,3321014543
0.0,plants_ny_2017,9,rf,nan,nan,nan,rf,nan,nan,accuracy_perobs,0.5,2026-05-26,2883066364
0.0,plants_ny_2017,9,rf,nan,nan,nan,rf,nan,nan,accuracy_perobs,0.5,2026-05-26,3466240398
0.0,plants_ny_2017,9,rf,nan,nan,nan,rf,nan,nan,accuracy_perobs,0.5,2026-05-26,3321015540
0.0,plants_ny_2017,9,rf,nan,nan,nan,rf,nan,nan,accuracy_perobs,0.5,2026-05-26,6187968648
0.0,plants_ny_2017,9,rf,nan,nan,nan,rf,nan,nan,accuracy_perobs,0.5,2026-05-26,2603310886
0.0,plants_ny_2017,9,rf,nan,nan,nan,rf,nan,nan,accuracy_perobs,0.5,2026-05-26,3998406673
0.0,plants_ny_2017,9,rf,nan,nan,nan,rf,nan,nan,accuracy_perobs,0.5,2026-05-26,3321266570
0.0,plants_ny_2017,9,rf,nan,nan,nan,rf,nan,nan,accuracy_perobs,0.5,2026-05-26,2634377685
0.0,plants_ny_2017,9,rf,nan,nan,nan,rf,nan,nan,accuracy_perobs,0.5,2026-05-26,3966389322
0.0,plants_ny_2017,9,rf,nan,nan,nan,rf,nan,nan,accuracy_perobs,0.5,2026-05-26,3321302536
0.0,plants_ny_2017,9,rf,nan,nan,nan,rf,nan,nan,accuracy_perobs,0.5,2026-05-26,3958033664
0.0,plants_ny_2017,9,rf,nan,nan,nan,rf,nan,nan,accuracy_perobs,0.5,2026-05-26,3321019586
0.0,plants_ny_2017,9,rf,nan,nan,nan,rf,nan,nan,accuracy_perobs,0.5,2026-05-26,2596115209
0.0,plants_ny_2017,9,rf,nan,nan,nan,rf,nan,nan,accuracy_perobs,0.5,2026-05-26,3124904362
0.0,plants_ny_2017,9,rf,nan,nan,nan,rf,nan,nan,accuracy_perobs,0.5,2026-05-26,3330465368
0.0,plants_ny_2017,9,rf,nan,nan,nan,rf,nan,nan,accuracy_perobs,0.5,2026-05-26,3859115229
0.0,plants_ny_2017,9,rf,nan,nan,nan,rf,nan,nan,accuracy_perobs,0.5,2026-05-26,3889185429
0.0,plants_ny_2017,9,rf,nan,nan,nan,rf,nan,nan,accuracy_perobs,0.5,2026-05-26,3468719412
0.0,plants_ny_2017,9,rf,nan,nan,nan,rf,nan,nan,accuracy_perobs,0.5,2026-05-26,3337993899
0.0,plants_ny_2017,9,rf,nan,nan,nan,rf,nan,nan,accuracy_perobs,0.5,2026-05-26,3343910460
0.0,plants_ny_2017,9,rf,nan,nan,nan,rf,nan,nan,accuracy_perobs,0.5,2026-05-26,4177110426
0.0,plants_ny_2017,9,rf,nan,nan,nan,rf,nan,nan,accuracy_perobs,0.5,2026-05-26,3302232427
0.0,plants_ny_2017,9,rf,nan,nan,nan,rf,nan,nan,accuracy_perobs,0.5,2026-05-26,3952851141
0.0,plants_ny_2017,9,rf,nan,nan,nan,rf,nan,nan,accuracy_perobs,0.5,2026-05-26,3949455157
0.0,plants_ny_2017,9,rf,nan,nan,nan,rf,nan,nan,accuracy_perobs,0.5,2026-05-26,3985647532
0.0,plants_ny_2017,9,rf,nan,nan,nan,rf,nan,nan,accuracy_perobs,0.5,2026-05-26,3958128917
0.0,plants_ny_2017,9,rf,nan,nan,nan,rf,nan,nan,accuracy_perobs,0.5,2026-05-26,2641289538
0.0,plants_ny_2017,9,rf,nan,nan,nan,rf,nan,nan,accuracy_perobs,0.5,2026-05-26,3925182111
0.0,plants_ny_2017,9,rf,nan,nan,nan,rf,nan,nan,accuracy_perobs,0.5,2026-05-26,3955517921
0.0,plants_ny_2017,9,rf,nan,nan,nan,rf,nan,nan,accuracy_perobs,0.5,2026-05-26,3988645525
0.0,plants_ny_2017,9,rf,nan,nan,nan,rf,nan,nan,accuracy_perobs,0.5,2026-05-26,2013733480
0.0,plants_ny_2017,9,rf,nan,nan,nan,rf,nan,nan,accuracy_perobs,0.5,2026-05-26,4535635509
0.0,plants_ny_2017,9,rf,nan,nan,nan,rf,nan,nan,accuracy_perobs,0.5,2026-05-26,2873906624
0.0,plants_ny_2017,9,rf,nan,nan,nan,rf,nan,nan,accuracy_perobs,0.5,2026-05-26,2447841947
0.0,plants_ny_2017,9,rf,nan,nan,nan,rf,nan,nan,accuracy_perobs,0.5,2026-05-26,3960990945
0.0,plants_ny_2017,9,rf,nan,nan,nan,rf,nan,nan,accuracy_perobs,0.5,2026-05-26,3961245039
0.0,plants_ny_2017,9,rf,nan,nan,nan,rf,nan,nan,accuracy_perobs,0.5,2026-05-26,3343955525
0.0,plants_ny_2017,9,rf,nan,nan,nan,rf,nan,nan,accuracy_perobs,0.5,2026-05-26,3956155237
0.0,plants_ny_2017,9,rf,nan,nan,nan,rf,nan,nan,accuracy_perobs,0.5,2026-05-26,3985612363
0.0,plants_ny_2017,9,rf,nan,nan,nan,rf,nan,nan,accuracy_perobs,0.5,2026-05-26,3999198247
0.0,plants_ny_2017,9,rf,nan,nan,nan,rf,nan,nan,accuracy_perobs,0.5,2026-05-26,5215926335
0.0,plants_ny_2017,9,rf,nan,nan,nan,rf,nan,nan,accuracy_perobs,0.5,2026-05-26,3949548205
0.0,plants_ny_2017,9,rf,nan,nan,nan,rf,nan,nan,accuracy_perobs,0.5,2026-05-26,3743024050
0.0,plants_ny_2017,9,rf,nan,nan,nan,rf,nan,nan,accuracy_perobs,0.5,2026-05-26,3743172979
0.0,plants_ny_2017,9,rf,nan,nan,nan,rf,nan,nan,accuracy_perobs,0.5,2026-05-26,3415955653
0.0,plants_ny_2017,9,rf,nan,nan,nan,rf,nan,nan,accuracy_perobs,0.5,2026-05-26,3773459581
0.0,plants_ny_2017,9,rf,nan,nan,nan,rf,nan,nan,accuracy_perobs,0.5,2026-05-26,2620028627
0.0,plants_ny_2017,9,rf,nan,nan,nan,rf,nan,nan,accuracy_perobs,0.5,2026-05-26,2883164594
0.0,plants_ny_2017,9,rf,nan,nan,nan,rf,nan,nan,accuracy_perobs,0.5,2026-05-26,3465998602
0.0,plants_ny_2017,9,rf,nan,nan,nan,rf,nan,nan,accuracy_perobs,0.5,2026-05-26,3892408364
0.0,plants_ny_2017,9,rf,nan,nan,nan,rf,nan,nan,accuracy_perobs,0.5,2026-05-26,2868183388
0.0,plants_ny_2017,9,rf,nan,nan,nan,rf,nan,nan,accuracy_perobs,0.5,2026-05-26,2456508175
0.0,plants_ny_2017,9,rf,nan,nan,nan,rf,nan,nan,accuracy_perobs,0.5,2026-05-26,3956661052
0.0,plants_ny_2017,9,rf,nan,nan,nan,rf,nan,nan,accuracy_perobs,0.5,2026-05-26,3954746973
0.0,plants_ny_2017,9,rf,nan,nan,nan,rf,nan,nan,accuracy_perobs,0.5,2026-05-26,4527953376
0.0,plants_ny_2017,9,rf,nan,nan,nan,rf,nan,nan,accuracy_perobs,0.5,2026-05-26,2898516739
0.0,plants_ny_2017,9,rf,nan,nan,nan,rf,nan,nan,accuracy_perobs,0.5,2026-05-26,3772470423
0.0,plants_ny_2017,9,rf,nan,nan,nan,rf,nan,nan,accuracy_perobs,0.5,2026-05-26,2813862527
0.0,plants_ny_2017,9,rf,nan,nan,nan,rf,nan,nan,accuracy_perobs,0.5,2026-05-26,2868342116
0.0,plants_ny_2017,9,rf,nan,nan,nan,rf,nan,nan,accuracy_perobs,0.5,2026-05-26,2641489504
0.0,plants_ny_2017,9,rf,nan,nan,nan,rf,nan,nan,accuracy_perobs,0.5,2026-05-26,4901369040
0.0,plants_ny_2017,9,rf,nan,nan,nan,rf,nan,nan,accuracy_perobs,0.5,2026-05-26,3759622659
0.0,plants_ny_2017,9,rf,nan,nan,nan,rf,nan,nan,accuracy_perobs,0.5,2026-05-26,4076229585
0.0,plants_ny_2017,9,rf,nan,nan,nan,rf,nan,nan,accuracy_perobs,0.5,2026-05-26,3956144585
0.0,plants_ny_2017,9,rf,nan,nan,nan,rf,nan,nan,accuracy_perobs,0.5,2026-05-26,4420677349
0.0,plants_ny_2017,9,rf,nan,nan,nan,rf,nan,nan,accuracy_perobs,0.5,2026-05-26,2634278672
0.0,plants_ny_2017,9,rf,nan,nan,nan,rf,nan,nan,accuracy_perobs,0.5,2026-05-26,3953249105
0.0,plants_ny_2017,9,rf,nan,nan,nan,rf,nan,nan,accuracy_perobs,0.5,2026-05-26,3455964646
0.0,plants_ny_2017,9,rf,nan,nan,nan,rf,nan,nan,accuracy_perobs,0.5,2026-05-26,2873859731
0.0,plants_ny_2017,9,rf,nan,nan,nan,rf,nan,nan,accuracy_perobs,0.5,2026-05-26,2898516157
0.0,plants_ny_2017,9,rf,nan,nan,nan,rf,nan,nan,accuracy_perobs,0.5,2026-05-26,3859054753
0.0,plants_ny_2017,9,rf,nan,nan,nan,rf,nan,nan,accuracy_perobs,0.5,2026-05-26,2619991738
0.0,plants_ny_2017,9,rf,nan,nan,nan,rf,nan,nan,accuracy_perobs,0.5,2026-05-26,3008441467
0.0,plants_ny_2017,9,rf,nan,nan,nan,rf,nan,nan,accuracy_perobs,0.5,2026-05-26,3355269315
0.0,plants_ny_2017,9,rf,nan,nan,nan,rf,nan,nan,accuracy_perobs,0.5,2026-05-26,2868243816
0.0,plants_ny_2017,9,rf,nan,nan,nan,rf,nan,nan,accuracy_perobs,0.5,2026-05-26,3953015366
0.0,plants_ny_2017,9,rf,nan,nan,nan,rf,nan,nan,accuracy_perobs,0.5,2026-05-26,3333248827
0.0,plants_ny_2017,9,rf,nan,nan,nan,rf,nan,nan,accuracy_perobs,0.5,2026-05-26,4535879444
0.0,plants_ny_2017,9,rf,nan,nan,nan,rf,nan,nan,accuracy_perobs,0.5,2026-05-26,3759094904
0.0,plants_ny_2017,9,rf,nan,nan,nan,rf,nan,nan,accuracy_perobs,0.5,2026-05-26,2882944542
0.0,plants_ny_2017,9,rf,nan,nan,nan,rf,nan,nan,accuracy_perobs,0.5,2026-05-26,3963280062
0.0,plants_ny_2017,9,rf,nan,nan,nan,rf,nan,nan,accuracy_perobs,0.5,2026-05-26,3337778590
0.0,plants_ny_2017,9,rf,nan,nan,nan,rf,nan,nan,accuracy_perobs,0.5,2026-05-26,2873775204
0.0,plants_ny_2017,9,rf,nan,nan,nan,rf,nan,nan,accuracy_perobs,0.5,2026-05-26,3952038638
0.0,plants_ny_2017,9,rf,nan,nan,nan,rf,nan,nan,accuracy_perobs,0.5,2026-05-26,4599763571
0.0,plants_ny_2017,9,rf,nan,nan,nan,rf,nan,nan,accuracy_perobs,0.5,2026-05-26,4528213393
0.0,plants_ny_2017,9,rf,nan,nan,nan,rf,nan,nan,accuracy_perobs,0.5,2026-05-26,3957180617
0.0,plants_ny_2017,9,rf,nan,nan,nan,rf,nan,nan,accuracy_perobs,0.5,2026-05-26,2597876182
0.0,plants_ny_2017,9,rf,nan,nan,nan,rf,nan,nan,accuracy_perobs,0.5,2026-05-26,3415384643
0.0,plants_ny_2017,9,rf,nan,nan,nan,rf,nan,nan,accuracy_perobs,0.5,2026-05-26,3337565740
0.0,plants_ny_2017,9,rf,nan,nan,nan,rf,nan,nan,accuracy_perobs,0.5,2026-05-26,6129826336
0.0,plants_ny_2017,9,rf,nan,nan,nan,rf,nan,nan,accuracy_perobs,0.5,2026-05-26,3301904776
0.0,plants_ny_2017,9,rf,nan,nan,nan,rf,nan,nan,accuracy_perobs,0.5,2026-05-26,3705573336
0.0,plants_ny_2017,9,rf,nan,nan,nan,rf,nan,nan,accuracy_perobs,0.5,2026-05-26,2013732776
0.0,plants_ny_2017,9,rf,nan,nan,nan,rf,nan,nan,accuracy_perobs,0.5,2026-05-26,3958795751
0.0,plants_ny_2017,9,rf,nan,nan,nan,rf,nan,nan,accuracy_perobs,0.5,2026-05-26,3327754343
0.0,plants_ny_2017,9,rf,nan,nan,nan,rf,nan,nan,accuracy_perobs,0.5,2026-05-26,2597878199
0.0,plants_ny_2017,9,rf,nan,nan,nan,rf,nan,nan,accuracy_perobs,0.5,2026-05-26,2366059391
0.0,plants_ny_2017,9,rf,nan,nan,nan,rf,nan,nan,accuracy_perobs,0.5,2026-05-26,4921840325
0.0,plants_ny_2017,9,rf,nan,nan,nan,rf,nan,nan,accuracy_perobs,0.5,2026-05-26,2013732936
0.0,plants_ny_2017,9,rf,nan,nan,nan,rf,nan,nan,accuracy_perobs,0.5,2026-05-26,2850900221
0.0,plants_ny_2017,9,rf,nan,nan,nan,rf,nan,nan,accuracy_perobs,0.5,2026-05-26,3956871439
0.0,plants_ny_2017,9,rf,nan,nan,nan,rf,nan,nan,accuracy_perobs,0.5,2026-05-26,2988472451
0.0,plants_ny_2017,9,rf,nan,nan,nan,rf,nan,nan,accuracy_perobs,0.5,2026-05-26,3954521675
0.0,plants_ny_2017,9,rf,nan,nan,nan,rf,nan,nan,accuracy_perobs,0.5,2026-05-26,3333084885
0.0,plants_ny_2017,9,rf,nan,nan,nan,rf,nan,nan,accuracy_perobs,0.5,2026-05-26,2882925599
0.0,plants_ny_2017,9,rf,nan,nan,nan,rf,nan,nan,accuracy_perobs,0.5,2026-05-26,4076296424
0.0,plants_ny_2017,9,rf,nan,nan,nan,rf,nan,nan,accuracy_perobs,0.5,2026-05-26,2873763614
0.0,plants_ny_2017,9,rf,nan,nan,nan,rf,nan,nan,accuracy_perobs,0.5,2026-05-26,4177195399
0.0,plants_ny_2017,9,rf,nan,nan,nan,rf,nan,nan,accuracy_perobs,0.5,2026-05-26,6179302730
0.0,plants_ny_2017,9,rf,nan,nan,nan,rf,nan,nan,accuracy_perobs,0.5,2026-05-26,3959481665
0.0,plants_ny_2017,9,rf,nan,nan,nan,rf,nan,nan,accuracy_perobs,0.5,2026-05-26,4046239462
0.0,plants_ny_2017,9,rf,nan,nan,nan,rf,nan,nan,accuracy_perobs,0.5,2026-05-26,3888715724
0.0,plants_ny_2017,9,rf,nan,nan,nan,rf,nan,nan,accuracy_perobs,0.5,2026-05-26,2873953899
0.0,plants_ny_2017,9,rf,nan,nan,nan,rf,nan,nan,accuracy_perobs,0.5,2026-05-26,3947440320
0.0,plants_ny_2017,9,rf,nan,nan,nan,rf,nan,nan,accuracy_perobs,0.5,2026-05-26,4458747562
0.0,plants_ny_2017,9,rf,nan,nan,nan,rf,nan,nan,accuracy_perobs,0.5,2026-05-26,3915427072
0.0,plants_ny_2017,9,rf,nan,nan,nan,rf,nan,nan,accuracy_perobs,0.5,2026-05-26,3415655424
0.0,plants_ny_2017,9,rf,nan,nan,nan,rf,nan,nan,accuracy_perobs,0.5,2026-05-26,2013732635
0.0,plants_ny_2017,9,rf,nan,nan,nan,rf,nan,nan,accuracy_perobs,0.5,2026-05-26,3951628856
0.0,plants_ny_2017,9,rf,nan,nan,nan,rf,nan,nan,accuracy_perobs,0.5,2026-05-26,3888714707
0.0,plants_ny_2017,9,rf,nan,nan,nan,rf,nan,nan,accuracy_perobs,0.5,2026-05-26,3784799328
0.0,plants_ny_2017,9,rf,nan,nan,nan,rf,nan,nan,accuracy_perobs,0.5,2026-05-26,3985643493
0.0,plants_ny_2017,9,rf,nan,nan,nan,rf,nan,nan,accuracy_perobs,0.5,2026-05-26,2028445150
0.0,plants_ny_2017,9,rf,nan,nan,nan,rf,nan,nan,accuracy_perobs,0.5,2026-05-26,4524889580
0.0,plants_ny_2017,9,rf,nan,nan,nan,rf,nan,nan,accuracy_perobs,0.5,2026-05-26,3335103972
0.0,plants_ny_2017,9,rf,nan,nan,nan,rf,nan,nan,accuracy_perobs,0.5,2026-05-26,2634082173
0.0,plants_ny_2017,9,rf,nan,nan,nan,rf,nan,nan,accuracy_perobs,0.5,2026-05-26,4076253494
0.0,plants_ny_2017,9,rf,nan,nan,nan,rf,nan,nan,accuracy_perobs,0.5,2026-05-26,5076758770
0.0,plants_ny_2017,9,rf,nan,nan,nan,rf,nan,nan,accuracy_perobs,0.5,2026-05-26,3355057505
0.0,plants_ny_2017,9,rf,nan,nan,nan,rf,nan,nan,accuracy_perobs,0.5,2026-05-26,3415479445
0.0,plants_ny_2017,9,rf,nan,nan,nan,rf,nan,nan,accuracy_perobs,0.5,2026-05-26,3966733014
0.0,plants_ny_2017,9,rf,nan,nan,nan,rf,nan,nan,accuracy_perobs,0.5,2026-05-26,4420953401
0.0,plants_ny_2017,9,rf,nan,nan,nan,rf,nan,nan,accuracy_perobs,0.5,2026-05-26,3759188926
0.0,plants_ny_2017,9,rf,nan,nan,nan,rf,nan,nan,accuracy_perobs,0.5,2026-05-26,3949896397
0.0,plants_ny_2017,9,rf,nan,nan,nan,rf,nan,nan,accuracy_perobs,0.5,2026-05-26,3301836915
0.0,plants_ny_2017,9,rf,nan,nan,nan,rf,nan,nan,accuracy_perobs,0.5,2026-05-26,4111803374
0.0,plants_ny_2017,9,rf,nan,nan,nan,rf,nan,nan,accuracy_perobs,0.5,2026-05-26,2873850869
0.0,plants_ny_2017,9,rf,nan,nan,nan,rf,nan,nan,accuracy_perobs,0.5,2026-05-26,3948964192
0.0,plants_ny_2017,9,rf,nan,nan,nan,rf,nan,nan,accuracy_perobs,0.5,2026-05-26,2028445147
0.0,plants_ny_2017,9,rf,nan,nan,nan,rf,nan,nan,accuracy_perobs,0.5,2026-05-26,2802558651
0.0,plants_ny_2017,9,rf,nan,nan,nan,rf,nan,nan,accuracy_perobs,0.5,2026-05-26,4029047447
0.0,plants_ny_2017,9,rf,nan,nan,nan,rf,nan,nan,accuracy_perobs,0.5,2026-05-26,2874012336
0.0,plants_ny_2017,9,rf,nan,nan,nan,rf,nan,nan,accuracy_perobs,0.5,2026-05-26,3860259967
0.0,plants_ny_2017,9,rf,nan,nan,nan,rf,nan,nan,accuracy_perobs,0.5,2026-05-26,3994043599
0.0,plants_ny_2017,9,rf,nan,nan,nan,rf,nan,nan,accuracy_perobs,0.5,2026-05-26,2873777949
0.0,plants_ny_2017,9,rf,nan,nan,nan,rf,nan,nan,accuracy_perobs,0.5,2026-05-26,3956843233
0.0,plants_ny_2017,9,rf,nan,nan,nan,rf,nan,nan,accuracy_perobs,0.5,2026-05-26,3925108092
0.0,plants_ny_2017,9,rf,nan,nan,nan,rf,nan,nan,accuracy_perobs,0.5,2026-05-26,3949303121
0.0,plants_ny_2017,9,rf,nan,nan,nan,rf,nan,nan,accuracy_perobs,0.5,2026-05-26,2634316107
0.0,plants_ny_2017,9,rf,nan,nan,nan,rf,nan,nan,accuracy_perobs,0.5,2026-05-26,4872233169
0.0,plants_ny_2017,9,rf,nan,nan,nan,rf,nan,nan,accuracy_perobs,0.5,2026-05-26,2620038202
0.0,plants_ny_2017,9,rf,nan,nan,nan,rf,nan,nan,accuracy_perobs,0.5,2026-05-26,3998367991
0.0,plants_ny_2017,9,rf,nan,nan,nan,rf,nan,nan,accuracy_perobs,0.5,2026-05-26,5086908643
0.0,plants_ny_2017,9,rf,nan,nan,nan,rf,nan,nan,accuracy_perobs,0.5,2026-05-26,3337545066
0.0,plants_ny_2017,9,rf,nan,nan,nan,rf,nan,nan,accuracy_perobs,0.5,2026-05-26,2868307644
0.0,plants_ny_2017,9,rf,nan,nan,nan,rf,nan,nan,accuracy_perobs,0.5,2026-05-26,2423037307
0.0,plants_ny_2017,9,rf,nan,nan,nan,rf,nan,nan,accuracy_perobs,0.5,2026-05-26,3759200740
0.0,plants_ny_2017,9,rf,nan,nan,nan,rf,nan,nan,accuracy_perobs,0.5,2026-05-26,3912432969
0.0,plants_ny_2017,9,rf,nan,nan,nan,rf,nan,nan,accuracy_perobs,0.5,2026-05-26,3998808540
0.0,plants_ny_2017,9,rf,nan,nan,nan,rf,nan,nan,accuracy_perobs,0.5,2026-05-26,3743319869
0.0,plants_ny_2017,9,rf,nan,nan,nan,rf,nan,nan,accuracy_perobs,0.5,2026-05-26,3994054390
0.0,plants_ny_2017,9,rf,nan,nan,nan,rf,nan,nan,accuracy_perobs,0.5,2026-05-26,3955628078
0.0,plants_ny_2017,9,rf,nan,nan,nan,rf,nan,nan,accuracy_perobs,0.5,2026-05-26,2609173865
0.0,plants_ny_2017,9,rf,nan,nan,nan,rf,nan,nan,accuracy_perobs,0.5,2026-05-26,2397648532
0.0,plants_ny_2017,9,rf,nan,nan,nan,rf,nan,nan,accuracy_perobs,0.5,2026-05-26,3307175959
0.0,plants_ny_2017,9,rf,nan,nan,nan,rf,nan,nan,accuracy_perobs,0.5,2026-05-26,3956681096
0.0,plants_ny_2017,9,rf,nan,nan,nan,rf,nan,nan,accuracy_perobs,0.5,2026-05-26,3999188987
0.0,plants_ny_2017,9,rf,nan,nan,nan,rf,nan,nan,accuracy_perobs,0.5,2026-05-26,3953738539
0.0,plants_ny_2017,9,rf,nan,nan,nan,rf,nan,nan,accuracy_perobs,0.5,2026-05-26,3407995956
0.0,plants_ny_2017,9,rf,nan,nan,nan,rf,nan,nan,accuracy_perobs,0.5,2026-05-26,5761134977
0.0,plants_ny_2017,9,rf,nan,nan,nan,rf,nan,nan,accuracy_perobs,0.5,2026-05-26,2603327880
0.0,plants_ny_2017,9,rf,nan,nan,nan,rf,nan,nan,accuracy_perobs,0.5,2026-05-26,2641520886
0.0,plants_ny_2017,9,rf,nan,nan,nan,rf,nan,nan,accuracy_perobs,0.5,2026-05-26,3044634517
0.0,plants_ny_2017,9,rf,nan,nan,nan,rf,nan,nan,accuracy_perobs,0.5,2026-05-26,3951699634
0.0,plants_ny_2017,9,rf,nan,nan,nan,rf,nan,nan,accuracy_perobs,0.5,2026-05-26,4872222583
0.0,plants_ny_2017,9,rf,nan,nan,nan,rf,nan,nan,accuracy_perobs,0.5,2026-05-26,2626123802
0.0,plants_ny_2017,9,rf,nan,nan,nan,rf,nan,nan,accuracy_perobs,0.5,2026-05-26,3957759481
0.0,plants_ny_2017,9,rf,nan,nan,nan,rf,nan,nan,accuracy_perobs,0.5,2026-05-26,3455227759
0.0,plants_ny_2017,9,rf,nan,nan,nan,rf,nan,nan,accuracy_perobs,0.5,2026-05-26,2013732777
0.0,plants_ny_2017,9,rf,nan,nan,nan,rf,nan,nan,accuracy_perobs,0.5,2026-05-26,2814040955
0.0,plants_ny_2017,9,rf,nan,nan,nan,rf,nan,nan,accuracy_perobs,0.5,2026-05-26,3881562333
0.0,plants_ny_2017,9,rf,nan,nan,nan,rf,nan,nan,accuracy_perobs,0.5,2026-05-26,4046577393
0.0,plants_ny_2017,9,rf,nan,nan,nan,rf,nan,nan,accuracy_perobs,0.5,2026-05-26,4420827343
0.0,plants_ny_2017,9,rf,nan,nan,nan,rf,nan,nan,accuracy_perobs,0.5,2026-05-26,1847412370
0.0,plants_ny_2017,9,rf,nan,nan,nan,rf,nan,nan,accuracy_perobs,0.5,2026-05-26,4076242631
0.0,plants_ny_2017,9,rf,nan,nan,nan,rf,nan,nan,accuracy_perobs,0.5,2026-05-26,3959288308
0.0,plants_ny_2017,9,rf,nan,nan,nan,rf,nan,nan,accuracy_perobs,0.5,2026-05-26,3960251206
0.0,plants_ny_2017,9,rf,nan,nan,nan,rf,nan,nan,accuracy_perobs,0.5,2026-05-26,4420914357
0.0,plants_ny_2017,9,rf,nan,nan,nan,rf,nan,nan,accuracy_perobs,0.5,2026-05-26,3966594058
0.0,plants_ny_2017,9,rf,nan,nan,nan,rf,nan,nan,accuracy_perobs,0.5,2026-05-26,3314230566
0.0,plants_ny_2017,9,rf,nan,nan,nan,rf,nan,nan,accuracy_perobs,0.5,2026-05-26,3954160107
0.0,plants_ny_2017,9,rf,nan,nan,nan,rf,nan,nan,accuracy_perobs,0.5,2026-05-26,2609137204
0.0,plants_ny_2017,9,rf,nan,nan,nan,rf,nan,nan,accuracy_perobs,0.5,2026-05-26,4528157436
0.0,plants_ny_2017,9,rf,nan,nan,nan,rf,nan,nan,accuracy_perobs,0.5,2026-05-26,3764533417
0.0,plants_ny_2017,9,rf,nan,nan,nan,rf,nan,nan,accuracy_perobs,0.5,2026-05-26,4436076465
0.0,plants_ny_2017,9,rf,nan,nan,nan,rf,nan,nan,accuracy_perobs,0.5,2026-05-26,3337736494
0.0,plants_ny_2017,9,rf,nan,nan,nan,rf,nan,nan,accuracy_perobs,0.5,2026-05-26,3949454189
0.0,plants_ny_2017,9,rf,nan,nan,nan,rf,nan,nan,accuracy_perobs,0.5,2026-05-26,3079801738
0.0,plants_ny_2017,9,rf,nan,nan,nan,rf,nan,nan,accuracy_perobs,0.5,2026-05-26,4510200490
0.0,plants_ny_2017,9,rf,nan,nan,nan,rf,nan,nan,accuracy_perobs,0.5,2026-05-26,4075660476
0.0,plants_ny_2017,9,rf,nan,nan,nan,rf,nan,nan,accuracy_perobs,0.5,2026-05-26,2868192397
0.0,plants_ny_2017,9,rf,nan,nan,nan,rf,nan,nan,accuracy_perobs,0.5,2026-05-26,3018085526
0.0,plants_ny_2017,9,rf,nan,nan,nan,rf,nan,nan,accuracy_perobs,0.5,2026-05-26,3785074333
0.0,plants_ny_2017,9,rf,nan,nan,nan,rf,nan,nan,accuracy_perobs,0.5,2026-05-26,4046514391
0.0,plants_ny_2017,9,rf,nan,nan,nan,rf,nan,nan,accuracy_perobs,0.5,2026-05-26,4921429336
0.0,plants_ny_2017,9,rf,nan,nan,nan,rf,nan,nan,accuracy_perobs,0.5,2026-05-26,3415660496
0.0,plants_ny_2017,9,rf,nan,nan,nan,rf,nan,nan,accuracy_perobs,0.5,2026-05-26,3415427507
0.0,plants_ny_2017,9,rf,nan,nan,nan,rf,nan,nan,accuracy_perobs,0.5,2026-05-26,3008425463
0.0,plants_ny_2017,9,rf,nan,nan,nan,rf,nan,nan,accuracy_perobs,0.5,2026-05-26,5086876650
0.0,plants_ny_2017,9,rf,nan,nan,nan,rf,nan,nan,accuracy_perobs,0.5,2026-05-26,2980808506
0.0,plants_ny_2017,9,rf,nan,nan,nan,rf,nan,nan,accuracy_perobs,0.5,2026-05-26,2860130748
0.0,plants_ny_2017,9,rf,nan,nan,nan,rf,nan,nan,accuracy_perobs,0.5,2026-05-26,4014892369
0.0,plants_ny_2017,9,rf,nan,nan,nan,rf,nan,nan,accuracy_perobs,0.5,2026-05-26,5231058323
0.0,plants_ny_2017,9,rf,nan,nan,nan,rf,nan,nan,accuracy_perobs,0.5,2026-05-26,2626294636
0.0,plants_ny_2017,9,rf,nan,nan,nan,rf,nan,nan,accuracy_perobs,0.5,2026-05-26,3014082027
0.0,plants_ny_2017,9,rf,nan,nan,nan,rf,nan,nan,accuracy_perobs,0.5,2026-05-26,3952596364
0.0,plants_ny_2017,9,rf,nan,nan,nan,rf,nan,nan,accuracy_perobs,0.5,2026-05-26,3712512348
0.0,plants_ny_2017,9,rf,nan,nan,nan,rf,nan,nan,accuracy_perobs,0.5,2026-05-26,3061623404
0.0,plants_ny_2017,9,rf,nan,nan,nan,rf,nan,nan,accuracy_perobs,0.5,2026-05-26,4528169424
0.0,plants_ny_2017,9,rf,nan,nan,nan,rf,nan,nan,accuracy_perobs,0.5,2026-05-26,3333070939
0.0,plants_ny_2017,9,rf,nan,nan,nan,rf,nan,nan,accuracy_perobs,0.5,2026-05-26,4950557614
0.0,plants_ny_2017,9,rf,nan,nan,nan,rf,nan,nan,accuracy_perobs,0.5,2026-05-26,2873912850
0.0,plants_ny_2017,9,rf,nan,nan,nan,rf,nan,nan,accuracy_perobs,0.5,2026-05-26,3117851029
0.0,plants_ny_2017,9,rf,nan,nan,nan,rf,nan,nan,accuracy_perobs,0.5,2026-05-26,2873955778
0.0,plants_ny_2017,9,rf,nan,nan,nan,rf,nan,nan,accuracy_perobs,0.5,2026-05-26,3079533130
0.0,plants_ny_2017,9,rf,nan,nan,nan,rf,nan,nan,accuracy_perobs,0.5,2026-05-26,2252044867
0.0,plants_ny_2017,9,rf,nan,nan,nan,rf,nan,nan,accuracy_perobs,0.5,2026-05-26,2873731714
0.0,plants_ny_2017,9,rf,nan,nan,nan,rf,nan,nan,accuracy_perobs,0.5,2026-05-26,3956603466
0.0,plants_ny_2017,9,rf,nan,nan,nan,rf,nan,nan,accuracy_perobs,0.5,2026-05-26,2901572505
0.0,plants_ny_2017,9,rf,nan,nan,nan,rf,nan,nan,accuracy_perobs,0.5,2026-05-26,3391394377
0.0,plants_ny_2017,9,rf,nan,nan,nan,rf,nan,nan,accuracy_perobs,0.5,2026-05-26,2873775491
0.0,plants_ny_2017,9,rf,nan,nan,nan,rf,nan,nan,accuracy_perobs,0.5,2026-05-26,2641392339
0.0,plants_ny_2017,9,rf,nan,nan,nan,rf,nan,nan,accuracy_perobs,0.5,2026-05-26,2856800484
0.0,plants_ny_2017,9,rf,nan,nan,nan,rf,nan,nan,accuracy_perobs,0.5,2026-05-26,2963952417
0.0,plants_ny_2017,9,rf,nan,nan,nan,rf,nan,nan,accuracy_perobs,0.5,2026-05-26,2873717827
0.0,plants_ny_2017,9,rf,nan,nan,nan,rf,nan,nan,accuracy_perobs,0.5,2026-05-26,5230931328
0.0,plants_ny_2017,9,rf,nan,nan,nan,rf,nan,nan,accuracy_perobs,0.5,2026-05-26,5062453921
0.0,plants_ny_2017,9,rf,nan,nan,nan,rf,nan,nan,accuracy_perobs,0.5,2026-05-26,4952346032
0.0,plants_ny_2017,9,rf,nan,nan,nan,rf,nan,nan,accuracy_perobs,0.5,2026-05-26,3953935990
0.0,plants_ny_2017,9,rf,nan,nan,nan,rf,nan,nan,accuracy_perobs,0.5,2026-05-26,2814058717
0.0,plants_ny_2017,9,rf,nan,nan,nan,rf,nan,nan,accuracy_perobs,0.5,2026-05-26,2862326007
0.0,plants_ny_2017,9,rf,nan,nan,nan,rf,nan,nan,accuracy_perobs,0.5,2026-05-26,4535774445
0.0,plants_ny_2017,9,rf,nan,nan,nan,rf,nan,nan,accuracy_perobs,0.5,2026-05-26,2596238191
0.0,plants_ny_2017,9,rf,nan,nan,nan,rf,nan,nan,accuracy_perobs,0.5,2026-05-26,3785026340
0.0,plants_ny_2017,9,rf,nan,nan,nan,rf,nan,nan,accuracy_perobs,0.5,2026-05-26,2252042327
0.0,plants_ny_2017,9,rf,nan,nan,nan,rf,nan,nan,accuracy_perobs,0.5,2026-05-26,2252044288
0.0,plants_ny_2017,9,rf,nan,nan,nan,rf,nan,nan,accuracy_perobs,0.5,2026-05-26,2641529211
0.0,plants_ny_2017,9,rf,nan,nan,nan,rf,nan,nan,accuracy_perobs,0.5,2026-05-26,2856846457
0.0,plants_ny_2017,9,rf,nan,nan,nan,rf,nan,nan,accuracy_perobs,0.5,2026-05-26,3455221280
0.0,plants_ny_2017,9,rf,nan,nan,nan,rf,nan,nan,accuracy_perobs,0.5,2026-05-26,2883164424
0.0,plants_ny_2017,9,rf,nan,nan,nan,rf,nan,nan,accuracy_perobs,0.5,2026-05-26,2641413278
0.0,plants_ny_2017,9,rf,nan,nan,nan,rf,nan,nan,accuracy_perobs,0.5,2026-05-26,2864865797
0.0,plants_ny_2017,9,rf,nan,nan,nan,rf,nan,nan,accuracy_perobs,0.5,2026-05-26,2873970909
0.0,plants_ny_2017,9,rf,nan,nan,nan,rf,nan,nan,accuracy_perobs,0.5,2026-05-26,2873903604
0.0,plants_ny_2017,9,rf,nan,nan,nan,rf,nan,nan,accuracy_perobs,0.5,2026-05-26,2873978641
0.0,plants_ny_2017,9,rf,nan,nan,nan,rf,nan,nan,accuracy_perobs,0.5,2026-05-26,2873780643
0.0,plants_ny_2017,9,rf,nan,nan,nan,rf,nan,nan,accuracy_perobs,0.5,2026-05-26,3044862036
0.0,plants_ny_2017,9,rf,nan,nan,nan,rf,nan,nan,accuracy_perobs,0.5,2026-05-26,2429558347
0.0,plants_ny_2017,9,rf,nan,nan,nan,rf,nan,nan,accuracy_perobs,0.5,2026-05-26,2873750737
0.0,plants_ny_2017,9,rf,nan,nan,nan,rf,nan,nan,accuracy_perobs,0.5,2026-05-26,2873896057
0.0,plants_ny_2017,9,rf,nan,nan,nan,rf,nan,nan,accuracy_perobs,0.5,2026-05-26,2634423128
0.0,plants_ny_2017,9,rf,nan,nan,nan,rf,nan,nan,accuracy_perobs,0.5,2026-05-26,2283173429
0.0,plants_ny_2017,9,rf,nan,nan,nan,rf,nan,nan,accuracy_perobs,0.5,2026-05-26,3955271575
0.0,plants_ny_2017,9,rf,nan,nan,nan,rf,nan,nan,accuracy_perobs,0.5,2026-05-26,3881779021
0.0,plants_ny_2017,9,rf,nan,nan,nan,rf,nan,nan,accuracy_perobs,0.5,2026-05-26,2641449396
0.0,plants_ny_2017,9,rf,nan,nan,nan,rf,nan,nan,accuracy_perobs,0.5,2026-05-26,5062478881
0.0,plants_ny_2017,9,rf,nan,nan,nan,rf,nan,nan,accuracy_perobs,0.5,2026-05-26,3415594611
0.0,plants_ny_2017,9,rf,nan,nan,nan,rf,nan,nan,accuracy_perobs,0.5,2026-05-26,4507766518
0.0,plants_ny_2017,9,rf,nan,nan,nan,rf,nan,nan,accuracy_perobs,0.5,2026-05-26,2859960665
0.0,plants_ny_2017,9,rf,nan,nan,nan,rf,nan,nan,accuracy_perobs,0.5,2026-05-26,3455202912
0.0,plants_ny_2017,9,rf,nan,nan,nan,rf,nan,nan,accuracy_perobs,0.5,2026-05-26,2862492531
0.0,plants_ny_2017,9,rf,nan,nan,nan,rf,nan,nan,accuracy_perobs,0.5,2026-05-26,4528135535
0.0,plants_ny_2017,9,rf,nan,nan,nan,rf,nan,nan,accuracy_perobs,0.5,2026-05-26,2826413627
0.0,plants_ny_2017,9,rf,nan,nan,nan,rf,nan,nan,accuracy_perobs,0.5,2026-05-26,5838304880
0.0,plants_ny_2017,9,rf,nan,nan,nan,rf,nan,nan,accuracy_perobs,0.5,2026-05-26,4950049010
0.0,plants_ny_2017,9,rf,nan,nan,nan,rf,nan,nan,accuracy_perobs,0.5,2026-05-26,3017997497
0.0,plants_ny_2017,9,rf,nan,nan,nan,rf,nan,nan,accuracy_perobs,0.5,2026-05-26,4424166351
0.0,plants_ny_2017,9,rf,nan,nan,nan,rf,nan,nan,accuracy_perobs,0.5,2026-05-26,5230829327
0.0,plants_ny_2017,9,rf,nan,nan,nan,rf,nan,nan,accuracy_perobs,0.5,2026-05-26,5076770424
0.0,plants_ny_2017,9,rf,nan,nan,nan,rf,nan,nan,accuracy_perobs,0.5,2026-05-26,2641528222
0.0,plants_ny_2017,9,rf,nan,nan,nan,rf,nan,nan,accuracy_perobs,0.5,2026-05-26,2818568503
0.0,plants_ny_2017,9,rf,nan,nan,nan,rf,nan,nan,accuracy_perobs,0.5,2026-05-26,3858226578
0.0,plants_ny_2017,9,rf,nan,nan,nan,rf,nan,nan,accuracy_perobs,0.5,2026-05-26,2883168515
0.0,plants_ny_2017,9,rf,nan,nan,nan,rf,nan,nan,accuracy_perobs,0.5,2026-05-26,2814052565
0.0,plants_ny_2017,9,rf,nan,nan,nan,rf,nan,nan,accuracy_perobs,0.5,2026-05-26,3333122901
0.0,plants_ny_2017,9,rf,nan,nan,nan,rf,nan,nan,accuracy_perobs,0.5,2026-05-26,2634377589
0.0,plants_ny_2017,9,rf,nan,nan,nan,rf,nan,nan,accuracy_perobs,0.5,2026-05-26,2873834807
0.0,plants_ny_2017,9,rf,nan,nan,nan,rf,nan,nan,accuracy_perobs,0.5,2026-05-26,3455402003
0.0,plants_ny_2017,9,rf,nan,nan,nan,rf,nan,nan,accuracy_perobs,0.5,2026-05-26,3008453546
0.0,plants_ny_2017,9,rf,nan,nan,nan,rf,nan,nan,accuracy_perobs,0.5,2026-05-26,2818834502
0.0,plants_ny_2017,9,rf,nan,nan,nan,rf,nan,nan,accuracy_perobs,0.5,2026-05-26,2901604538
0.0,plants_ny_2017,9,rf,nan,nan,nan,rf,nan,nan,accuracy_perobs,0.5,2026-05-26,2311400387
0.0,plants_ny_2017,9,rf,nan,nan,nan,rf,nan,nan,accuracy_perobs,0.5,2026-05-26,3759093478
0.0,plants_ny_2017,9,rf,nan,nan,nan,rf,nan,nan,accuracy_perobs,0.5,2026-05-26,3044760364
0.0,plants_ny_2017,9,rf,nan,nan,nan,rf,nan,nan,accuracy_perobs,0.5,2026-05-26,3097289701
0.0,plants_ny_2017,9,rf,nan,nan,nan,rf,nan,nan,accuracy_perobs,0.5,2026-05-26,1901045278
0.0,plants_ny_2017,9,rf,nan,nan,nan,rf,nan,nan,accuracy_perobs,0.5,2026-05-26,3952322518
0.0,plants_ny_2017,9,rf,nan,nan,nan,rf,nan,nan,accuracy_perobs,0.5,2026-05-26,4076242411
0.0,plants_ny_2017,9,rf,nan,nan,nan,rf,nan,nan,accuracy_perobs,0.5,2026-05-26,2980991461
0.0,plants_ny_2017,9,rf,nan,nan,nan,rf,nan,nan,accuracy_perobs,0.5,2026-05-26,3957501297
0.0,plants_ny_2017,9,rf,nan,nan,nan,rf,nan,nan,accuracy_perobs,0.5,2026-05-26,3415512010
0.0,plants_ny_2017,9,rf,nan,nan,nan,rf,nan,nan,accuracy_perobs,0.5,2026-05-26,2873904410
0.0,plants_ny_2017,9,rf,nan,nan,nan,rf,nan,nan,accuracy_perobs,0.5,2026-05-26,2883174383
0.0,plants_ny_2017,9,rf,nan,nan,nan,rf,nan,nan,accuracy_perobs,0.5,2026-05-26,4009738340
0.0,plants_ny_2017,9,rf,nan,nan,nan,rf,nan,nan,accuracy_perobs,0.5,2026-05-26,4528135390
0.0,plants_ny_2017,9,rf,nan,nan,nan,rf,nan,nan,accuracy_perobs,0.5,2026-05-26,3456320449
0.0,plants_ny_2017,9,rf,nan,nan,nan,rf,nan,nan,accuracy_perobs,0.5,2026-05-26,5838356649
0.0,plants_ny_2017,9,rf,nan,nan,nan,rf,nan,nan,accuracy_perobs,0.5,2026-05-26,2882955403
0.0,plants_ny_2017,9,rf,nan,nan,nan,rf,nan,nan,accuracy_perobs,0.5,2026-05-26,2873888833
0.0,plants_ny_2017,9,rf,nan,nan,nan,rf,nan,nan,accuracy_perobs,0.5,2026-05-26,4903941806
0.0,plants_ny_2017,9,rf,nan,nan,nan,rf,nan,nan,accuracy_perobs,0.5,2026-05-26,3058857526
0.0,plants_ny_2017,9,rf,nan,nan,nan,rf,nan,nan,accuracy_perobs,0.5,2026-05-26,2873937134
0.0,plants_ny_2017,9,rf,nan,nan,nan,rf,nan,nan,accuracy_perobs,0.5,2026-05-26,3059050363
0.0,plants_ny_2017,9,rf,nan,nan,nan,rf,nan,nan,accuracy_perobs,0.5,2026-05-26,1839208797
0.0,plants_ny_2017,9,rf,nan,nan,nan,rf,nan,nan,accuracy_perobs,0.5,2026-05-26,2873772824
0.0,plants_ny_2017,9,rf,nan,nan,nan,rf,nan,nan,accuracy_perobs,0.5,2026-05-26,4950057946
0.0,plants_ny_2017,9,rf,nan,nan,nan,rf,nan,nan,accuracy_perobs,0.5,2026-05-26,2429558103
0.0,plants_ny_2017,9,rf,nan,nan,nan,rf,nan,nan,accuracy_perobs,0.5,2026-05-26,2984441324
0.0,plants_ny_2017,9,rf,nan,nan,nan,rf,nan,nan,accuracy_perobs,0.5,2026-05-26,2856690495
0.0,plants_ny_2017,9,rf,nan,nan,nan,rf,nan,nan,accuracy_perobs,0.5,2026-05-26,5188141486
0.0,plants_ny_2017,9,rf,nan,nan,nan,rf,nan,nan,accuracy_perobs,0.5,2026-05-26,4171155343
0.0,plants_ny_2017,9,rf,nan,nan,nan,rf,nan,nan,accuracy_perobs,0.5,2026-05-26,2826366116
0.0,plants_ny_2017,9,rf,nan,nan,nan,rf,nan,nan,accuracy_perobs,0.5,2026-05-26,2984444467
0.0,plants_ny_2017,9,rf,nan,nan,nan,rf,nan,nan,accuracy_perobs,0.5,2026-05-26,2988411648
0.0,plants_ny_2017,9,rf,nan,nan,nan,rf,nan,nan,accuracy_perobs,0.5,2026-05-26,4528140431
0.0,plants_ny_2017,9,rf,nan,nan,nan,rf,nan,nan,accuracy_perobs,0.5,2026-05-26,1899791040
0.0,plants_ny_2017,9,rf,nan,nan,nan,rf,nan,nan,accuracy_perobs,0.5,2026-05-26,2898511518
0.0,plants_ny_2017,9,rf,nan,nan,nan,rf,nan,nan,accuracy_perobs,0.5,2026-05-26,2641500226
0.0,plants_ny_2017,9,rf,nan,nan,nan,rf,nan,nan,accuracy_perobs,0.5,2026-05-26,3985757489
0.0,plants_ny_2017,9,rf,nan,nan,nan,rf,nan,nan,accuracy_perobs,0.5,2026-05-26,2563454917
0.0,plants_ny_2017,9,rf,nan,nan,nan,rf,nan,nan,accuracy_perobs,0.5,2026-05-26,4600016345
0.0,plants_ny_2017,9,rf,nan,nan,nan,rf,nan,nan,accuracy_perobs,0.5,2026-05-26,2868092011
0.0,plants_ny_2017,9,rf,nan,nan,nan,rf,nan,nan,accuracy_perobs,0.5,2026-05-26,3415631881
0.0,plants_ny_2017,9,rf,nan,nan,nan,rf,nan,nan,accuracy_perobs,0.5,2026-05-26,2873912844
0.0,plants_ny_2017,9,rf,nan,nan,nan,rf,nan,nan,accuracy_perobs,0.5,2026-05-26,3416029157
0.0,plants_ny_2017,9,rf,nan,nan,nan,rf,nan,nan,accuracy_perobs,0.5,2026-05-26,2883073537
0.0,plants_ny_2017,9,rf,nan,nan,nan,rf,nan,nan,accuracy_perobs,0.5,2026-05-26,2856841476
0.0,plants_ny_2017,9,rf,nan,nan,nan,rf,nan,nan,accuracy_perobs,0.5,2026-05-26,3892401372
0.0,plants_ny_2017,9,rf,nan,nan,nan,rf,nan,nan,accuracy_perobs,0.5,2026-05-26,2873960673
0.0,plants_ny_2017,9,rf,nan,nan,nan,rf,nan,nan,accuracy_perobs,0.5,2026-05-26,4075609428
0.0,plants_ny_2017,9,rf,nan,nan,nan,rf,nan,nan,accuracy_perobs,0.5,2026-05-26,4950170246
0.0,plants_ny_2017,9,rf,nan,nan,nan,rf,nan,nan,accuracy_perobs,0.5,2026-05-26,3044606689
0.0,plants_ny_2017,9,rf,nan,nan,nan,rf,nan,nan,accuracy_perobs,0.5,2026-05-26,3985994785
0.0,plants_ny_2017,9,rf,nan,nan,nan,rf,nan,nan,accuracy_perobs,0.5,2026-05-26,2422941010
0.0,plants_ny_2017,9,rf,nan,nan,nan,rf,nan,nan,accuracy_perobs,0.5,2026-05-26,2873810805
0.0,plants_ny_2017,9,rf,nan,nan,nan,rf,nan,nan,accuracy_perobs,0.5,2026-05-26,5217319380
0.0,plants_ny_2017,9,rf,nan,nan,nan,rf,nan,nan,accuracy_perobs,0.5,2026-05-26,4438661407
0.0,plants_ny_2017,9,rf,nan,nan,nan,rf,nan,nan,accuracy_perobs,0.5,2026-05-26,2873895780
0.0,plants_ny_2017,9,rf,nan,nan,nan,rf,nan,nan,accuracy_perobs,0.5,2026-05-26,3466093477
0.0,plants_ny_2017,9,rf,nan,nan,nan,rf,nan,nan,accuracy_perobs,0.5,2026-05-26,3966527283
0.0,plants_ny_2017,9,rf,nan,nan,nan,rf,nan,nan,accuracy_perobs,0.5,2026-05-26,3455307615
0.0,plants_ny_2017,9,rf,nan,nan,nan,rf,nan,nan,accuracy_perobs,0.5,2026-05-26,3956541309
0.0,plants_ny_2017,9,rf,nan,nan,nan,rf,nan,nan,accuracy_perobs,0.5,2026-05-26,2868343059
0.0,plants_ny_2017,9,rf,nan,nan,nan,rf,nan,nan,accuracy_perobs,0.5,2026-05-26,3039390690
0.0,plants_ny_2017,9,rf,nan,nan,nan,rf,nan,nan,accuracy_perobs,0.5,2026-05-26,2818707638
0.0,plants_ny_2017,9,rf,nan,nan,nan,rf,nan,nan,accuracy_perobs,0.5,2026-05-26,2873906619
0.0,plants_ny_2017,9,rf,nan,nan,nan,rf,nan,nan,accuracy_perobs,0.5,2026-05-26,3957719057
0.0,plants_ny_2017,9,rf,nan,nan,nan,rf,nan,nan,accuracy_perobs,0.5,2026-05-26,2283174074
0.0,plants_ny_2017,9,rf,nan,nan,nan,rf,nan,nan,accuracy_perobs,0.5,2026-05-26,4028601407
0.0,plants_ny_2017,9,rf,nan,nan,nan,rf,nan,nan,accuracy_perobs,0.5,2026-05-26,3902137812
0.0,plants_ny_2017,9,rf,nan,nan,nan,rf,nan,nan,accuracy_perobs,0.5,2026-05-26,4162026339
0.0,plants_ny_2017,9,rf,nan,nan,nan,rf,nan,nan,accuracy_perobs,0.5,2026-05-26,2873880124
0.0,plants_ny_2017,9,rf,nan,nan,nan,rf,nan,nan,accuracy_perobs,0.5,2026-05-26,4516623424
0.0,plants_ny_2017,9,rf,nan,nan,nan,rf,nan,nan,accuracy_perobs,0.5,2026-05-26,2823343523
0.0,plants_ny_2017,9,rf,nan,nan,nan,rf,nan,nan,accuracy_perobs,0.5,2026-05-26,4952784407
0.0,plants_ny_2017,9,rf,nan,nan,nan,rf,nan,nan,accuracy_perobs,0.5,2026-05-26,5076767459
0.0,plants_ny_2017,9,rf,nan,nan,nan,rf,nan,nan,accuracy_perobs,0.5,2026-05-26,2619976955
0.0,plants_ny_2017,9,rf,nan,nan,nan,rf,nan,nan,accuracy_perobs,0.5,2026-05-26,4901966468
0.0,plants_ny_2017,9,rf,nan,nan,nan,rf,nan,nan,accuracy_perobs,0.5,2026-05-26,3407985452
0.0,plants_ny_2017,9,rf,nan,nan,nan,rf,nan,nan,accuracy_perobs,0.5,2026-05-26,2898475521
0.0,plants_ny_2017,9,rf,nan,nan,nan,rf,nan,nan,accuracy_perobs,0.5,2026-05-26,3747029372
0.0,plants_ny_2017,9,rf,nan,nan,nan,rf,nan,nan,accuracy_perobs,0.5,2026-05-26,3947649391
0.0,plants_ny_2017,9,rf,nan,nan,nan,rf,nan,nan,accuracy_perobs,0.5,2026-05-26,2873787549
0.0,plants_ny_2017,9,rf,nan,nan,nan,rf,nan,nan,accuracy_perobs,0.5,2026-05-26,3325559441
0.0,plants_ny_2017,9,rf,nan,nan,nan,rf,nan,nan,accuracy_perobs,0.5,2026-05-26,3355007736
0.0,plants_ny_2017,9,rf,nan,nan,nan,rf,nan,nan,accuracy_perobs,0.5,2026-05-26,3399416104
0.0,plants_ny_2017,9,rf,nan,nan,nan,rf,nan,nan,accuracy_perobs,0.5,2026-05-26,2641400054
0.0,plants_ny_2017,9,rf,nan,nan,nan,rf,nan,nan,accuracy_perobs,0.5,2026-05-26,3455396122
0.0,plants_ny_2017,9,rf,nan,nan,nan,rf,nan,nan,accuracy_perobs,0.5,2026-05-26,3954454605
0.0,plants_ny_2017,9,rf,nan,nan,nan,rf,nan,nan,accuracy_perobs,0.5,2026-05-26,2802779389
0.0,plants_ny_2017,9,rf,nan,nan,nan,rf,nan,nan,accuracy_perobs,0.5,2026-05-26,3959396692
0.0,plants_ny_2017,9,rf,nan,nan,nan,rf,nan,nan,accuracy_perobs,0.5,2026-05-26,3355818039
0.0,plants_ny_2017,9,rf,nan,nan,nan,rf,nan,nan,accuracy_perobs,0.5,2026-05-26,3335416365
0.0,plants_ny_2017,9,rf,nan,nan,nan,rf,nan,nan,accuracy_perobs,0.5,2026-05-26,5837795318
0.0,plants_ny_2017,9,rf,nan,nan,nan,rf,nan,nan,accuracy_perobs,0.5,2026-05-26,2883092752
0.0,plants_ny_2017,9,rf,nan,nan,nan,rf,nan,nan,accuracy_perobs,0.5,2026-05-26,2873759803
0.0,plants_ny_2017,9,rf,nan,nan,nan,rf,nan,nan,accuracy_perobs,0.5,2026-05-26,3949158036
0.0,plants_ny_2017,9,rf,nan,nan,nan,rf,nan,nan,accuracy_perobs,0.5,2026-05-26,3958291168
0.0,plants_ny_2017,9,rf,nan,nan,nan,rf,nan,nan,accuracy_perobs,0.5,2026-05-26,3872911523
0.0,plants_ny_2017,9,rf,nan,nan,nan,rf,nan,nan,accuracy_perobs,0.5,2026-05-26,2963809477
0.0,plants_ny_2017,9,rf,nan,nan,nan,rf,nan,nan,accuracy_perobs,0.5,2026-05-26,3902076498
0.0,plants_ny_2017,9,rf,nan,nan,nan,rf,nan,nan,accuracy_perobs,0.5,2026-05-26,4076241748
0.0,plants_ny_2017,9,rf,nan,nan,nan,rf,nan,nan,accuracy_perobs,0.5,2026-05-26,5076743420
0.0,plants_ny_2017,9,rf,nan,nan,nan,rf,nan,nan,accuracy_perobs,0.5,2026-05-26,4075733525
0.0,plants_ny_2017,9,rf,nan,nan,nan,rf,nan,nan,accuracy_perobs,0.5,2026-05-26,2873867830
0.0,plants_ny_2017,9,rf,nan,nan,nan,rf,nan,nan,accuracy_perobs,0.5,2026-05-26,2901594646
0.0,plants_ny_2017,9,rf,nan,nan,nan,rf,nan,nan,accuracy_perobs,0.5,2026-05-26,2873937744
0.0,plants_ny_2017,9,rf,nan,nan,nan,rf,nan,nan,accuracy_perobs,0.5,2026-05-26,2611348439
0.0,plants_ny_2017,9,rf,nan,nan,nan,rf,nan,nan,accuracy_perobs,0.5,2026-05-26,2873835814
0.0,plants_ny_2017,9,rf,nan,nan,nan,rf,nan,nan,accuracy_perobs,0.5,2026-05-26,4009795353
0.0,plants_ny_2017,9,rf,nan,nan,nan,rf,nan,nan,accuracy_perobs,0.5,2026-05-26,3384237108
0.0,plants_ny_2017,9,rf,nan,nan,nan,rf,nan,nan,accuracy_perobs,0.5,2026-05-26,3399123093
0.0,plants_ny_2017,9,rf,nan,nan,nan,rf,nan,nan,accuracy_perobs,0.5,2026-05-26,4901798226
0.0,plants_ny_2017,9,rf,nan,nan,nan,rf,nan,nan,accuracy_perobs,0.5,2026-05-26,4506244337
0.0,plants_ny_2017,9,rf,nan,nan,nan,rf,nan,nan,accuracy_perobs,0.5,2026-05-26,2859934580
0.0,plants_ny_2017,9,rf,nan,nan,nan,rf,nan,nan,accuracy_perobs,0.5,2026-05-26,2283175485
0.0,plants_ny_2017,9,rf,nan,nan,nan,rf,nan,nan,accuracy_perobs,0.5,2026-05-26,3956600857
0.0,plants_ny_2017,9,rf,nan,nan,nan,rf,nan,nan,accuracy_perobs,0.5,2026-05-26,5109386588
0.0,plants_ny_2017,9,rf,nan,nan,nan,rf,nan,nan,accuracy_perobs,0.5,2026-05-26,3743262342
0.0,plants_ny_2017,9,rf,nan,nan,nan,rf,nan,nan,accuracy_perobs,0.5,2026-05-26,2813968364
0.0,plants_ny_2017,9,rf,nan,nan,nan,rf,nan,nan,accuracy_perobs,0.5,2026-05-26,3759101466
0.0,plants_ny_2017,9,rf,nan,nan,nan,rf,nan,nan,accuracy_perobs,0.5,2026-05-26,5837934263
0.0,plants_ny_2017,9,rf,nan,nan,nan,rf,nan,nan,accuracy_perobs,0.5,2026-05-26,3355338024
0.0,plants_ny_2017,9,rf,nan,nan,nan,rf,nan,nan,accuracy_perobs,0.5,2026-05-26,3058917559
0.0,plants_ny_2017,9,rf,nan,nan,nan,rf,nan,nan,accuracy_perobs,0.5,2026-05-26,2873809806
0.0,plants_ny_2017,9,rf,nan,nan,nan,rf,nan,nan,accuracy_perobs,0.5,2026-05-26,2873792808
0.0,plants_ny_2017,9,rf,nan,nan,nan,rf,nan,nan,accuracy_perobs,0.5,2026-05-26,3008467473
0.0,plants_ny_2017,9,rf,nan,nan,nan,rf,nan,nan,accuracy_perobs,0.5,2026-05-26,2873882670
0.0,plants_ny_2017,9,rf,nan,nan,nan,rf,nan,nan,accuracy_perobs,0.5,2026-05-26,2873870682
0.0,plants_ny_2017,9,rf,nan,nan,nan,rf,nan,nan,accuracy_perobs,0.5,2026-05-26,2366090011
0.0,plants_ny_2017,9,rf,nan,nan,nan,rf,nan,nan,accuracy_perobs,0.5,2026-05-26,2883148492
0.0,plants_ny_2017,9,rf,nan,nan,nan,rf,nan,nan,accuracy_perobs,0.5,2026-05-26,3307433634
0.0,plants_ny_2017,9,rf,nan,nan,nan,rf,nan,nan,accuracy_perobs,0.5,2026-05-26,3961028348
0.0,plants_ny_2017,9,rf,nan,nan,nan,rf,nan,nan,accuracy_perobs,0.5,2026-05-26,2873715801
0.0,plants_ny_2017,9,rf,nan,nan,nan,rf,nan,nan,accuracy_perobs,0.5,2026-05-26,3415419508
0.0,plants_ny_2017,9,rf,nan,nan,nan,rf,nan,nan,accuracy_perobs,0.5,2026-05-26,3743130375
0.0,plants_ny_2017,9,rf,nan,nan,nan,rf,nan,nan,accuracy_perobs,0.5,2026-05-26,2873756048
0.0,plants_ny_2017,9,rf,nan,nan,nan,rf,nan,nan,accuracy_perobs,0.5,2026-05-26,2873875567
0.0,plants_ny_2017,9,rf,nan,nan,nan,rf,nan,nan,accuracy_perobs,0.5,2026-05-26,3915462373
0.0,plants_ny_2017,9,rf,nan,nan,nan,rf,nan,nan,accuracy_perobs,0.5,2026-05-26,2873949019
0.0,plants_ny_2017,9,rf,nan,nan,nan,rf,nan,nan,accuracy_perobs,0.5,2026-05-26,3712543353
0.0,plants_ny_2017,9,rf,nan,nan,nan,rf,nan,nan,accuracy_perobs,0.5,2026-05-26,2873760785
0.0,plants_ny_2017,9,rf,nan,nan,nan,rf,nan,nan,accuracy_perobs,0.5,2026-05-26,3398646110
0.0,plants_ny_2017,9,rf,nan,nan,nan,rf,nan,nan,accuracy_perobs,0.5,2026-05-26,3953949917
0.0,plants_ny_2017,9,rf,nan,nan,nan,rf,nan,nan,accuracy_perobs,0.5,2026-05-26,3881573703
0.0,plants_ny_2017,9,rf,nan,nan,nan,rf,nan,nan,accuracy_perobs,0.5,2026-05-26,3391686851
0.0,plants_ny_2017,9,rf,nan,nan,nan,rf,nan,nan,accuracy_perobs,0.5,2026-05-26,2429301395
0.0,plants_ny_2017,9,rf,nan,nan,nan,rf,nan,nan,accuracy_perobs,0.5,2026-05-26,2860143686
0.0,plants_ny_2017,9,rf,nan,nan,nan,rf,nan,nan,accuracy_perobs,0.5,2026-05-26,4028825397
0.0,plants_ny_2017,9,rf,nan,nan,nan,rf,nan,nan,accuracy_perobs,0.5,2026-05-26,3966548716
0.0,plants_ny_2017,9,rf,nan,nan,nan,rf,nan,nan,accuracy_perobs,0.5,2026-05-26,2873811038
0.0,plants_ny_2017,9,rf,nan,nan,nan,rf,nan,nan,accuracy_perobs,0.5,2026-05-26,3859031596
0.0,plants_ny_2017,9,rf,nan,nan,nan,rf,nan,nan,accuracy_perobs,0.5,2026-05-26,2814243950
0.0,plants_ny_2017,9,rf,nan,nan,nan,rf,nan,nan,accuracy_perobs,0.5,2026-05-26,3384385635
0.0,plants_ny_2017,9,rf,nan,nan,nan,rf,nan,nan,accuracy_perobs,0.5,2026-05-26,2873794888
0.0,plants_ny_2017,9,rf,nan,nan,nan,rf,nan,nan,accuracy_perobs,0.5,2026-05-26,3912090462
0.0,plants_ny_2017,9,rf,nan,nan,nan,rf,nan,nan,accuracy_perobs,0.5,2026-05-26,3966415700
0.0,plants_ny_2017,9,rf,nan,nan,nan,rf,nan,nan,accuracy_perobs,0.5,2026-05-26,4153542375
0.0,plants_ny_2017,9,rf,nan,nan,nan,rf,nan,nan,accuracy_perobs,0.5,2026-05-26,3455803428
0.0,plants_ny_2017,9,rf,nan,nan,nan,rf,nan,nan,accuracy_perobs,0.5,2026-05-26,3343816487
0.0,plants_ny_2017,9,rf,nan,nan,nan,rf,nan,nan,accuracy_perobs,0.5,2026-05-26,3859558157
0.0,plants_ny_2017,9,rf,nan,nan,nan,rf,nan,nan,accuracy_perobs,0.5,2026-05-26,2873762750
0.0,plants_ny_2017,9,rf,nan,nan,nan,rf,nan,nan,accuracy_perobs,0.5,2026-05-26,5076752710
0.0,plants_ny_2017,9,rf,nan,nan,nan,rf,nan,nan,accuracy_perobs,0.5,2026-05-26,3923227489
0.0,plants_ny_2017,9,rf,nan,nan,nan,rf,nan,nan,accuracy_perobs,0.5,2026-05-26,2873891724
0.0,plants_ny_2017,9,rf,nan,nan,nan,rf,nan,nan,accuracy_perobs,0.5,2026-05-26,2873845691
0.0,plants_ny_2017,9,rf,nan,nan,nan,rf,nan,nan,accuracy_perobs,0.5,2026-05-26,2873976634
0.0,plants_ny_2017,9,rf,nan,nan,nan,rf,nan,nan,accuracy_perobs,0.5,2026-05-26,3957953670
0.0,plants_ny_2017,9,rf,nan,nan,nan,rf,nan,nan,accuracy_perobs,0.5,2026-05-26,2873843942
0.0,plants_ny_2017,9,rf,nan,nan,nan,rf,nan,nan,accuracy_perobs,0.5,2026-05-26,2873972787
0.0,plants_ny_2017,9,rf,nan,nan,nan,rf,nan,nan,accuracy_perobs,0.5,2026-05-26,2873845583
0.0,plants_ny_2017,9,rf,nan,nan,nan,rf,nan,nan,accuracy_perobs,0.5,2026-05-26,4028790446
0.0,plants_ny_2017,9,rf,nan,nan,nan,rf,nan,nan,accuracy_perobs,0.5,2026-05-26,2814197738
0.0,plants_ny_2017,9,rf,nan,nan,nan,rf,nan,nan,accuracy_perobs,0.5,2026-05-26,2859938104
0.0,plants_ny_2017,9,rf,nan,nan,nan,rf,nan,nan,accuracy_perobs,0.5,2026-05-26,2873869765
0.0,plants_ny_2017,9,rf,nan,nan,nan,rf,nan,nan,accuracy_perobs,0.5,2026-05-26,4465400553
0.0,plants_ny_2017,9,rf,nan,nan,nan,rf,nan,nan,accuracy_perobs,0.5,2026-05-26,2873731800
0.0,plants_ny_2017,9,rf,nan,nan,nan,rf,nan,nan,accuracy_perobs,0.5,2026-05-26,2868348443
0.0,plants_ny_2017,9,rf,nan,nan,nan,rf,nan,nan,accuracy_perobs,0.5,2026-05-26,2873847890
0.0,plants_ny_2017,9,rf,nan,nan,nan,rf,nan,nan,accuracy_perobs,0.5,2026-05-26,2873882740
0.0,plants_ny_2017,9,rf,nan,nan,nan,rf,nan,nan,accuracy_perobs,0.5,2026-05-26,3335449593
0.0,plants_ny_2017,9,rf,nan,nan,nan,rf,nan,nan,accuracy_perobs,0.5,2026-05-26,3956272855
0.0,plants_ny_2017,9,rf,nan,nan,nan,rf,nan,nan,accuracy_perobs,0.5,2026-05-26,2818771968
0.0,plants_ny_2017,9,rf,nan,nan,nan,rf,nan,nan,accuracy_perobs,0.5,2026-05-26,3044782658
0.0,plants_ny_2017,9,rf,nan,nan,nan,rf,nan,nan,accuracy_perobs,0.5,2026-05-26,2883073382
0.0,plants_ny_2017,9,rf,nan,nan,nan,rf,nan,nan,accuracy_perobs,0.5,2026-05-26,5839982274
0.0,plants_ny_2017,9,rf,nan,nan,nan,rf,nan,nan,accuracy_perobs,0.5,2026-05-26,3018000539
0.0,plants_ny_2017,9,rf,nan,nan,nan,rf,nan,nan,accuracy_perobs,0.5,2026-05-26,2898530717
0.0,plants_ny_2017,9,rf,nan,nan,nan,rf,nan,nan,accuracy_perobs,0.5,2026-05-26,2813897385
0.0,plants_ny_2017,9,rf,nan,nan,nan,rf,nan,nan,accuracy_perobs,0.5,2026-05-26,2868368029
0.0,plants_ny_2017,9,rf,nan,nan,nan,rf,nan,nan,accuracy_perobs,0.5,2026-05-26,2984459507
0.0,plants_ny_2017,9,rf,nan,nan,nan,rf,nan,nan,accuracy_perobs,0.5,2026-05-26,3958764137
0.0,plants_ny_2017,9,rf,nan,nan,nan,rf,nan,nan,accuracy_perobs,0.5,2026-05-26,2873938718
0.0,plants_ny_2017,9,rf,nan,nan,nan,rf,nan,nan,accuracy_perobs,0.5,2026-05-26,2252020120
0.0,plants_ny_2017,9,rf,nan,nan,nan,rf,nan,nan,accuracy_perobs,0.5,2026-05-26,3873186026
0.0,plants_ny_2017,9,rf,nan,nan,nan,rf,nan,nan,accuracy_perobs,0.5,2026-05-26,5076744480
0.0,plants_ny_2017,9,rf,nan,nan,nan,rf,nan,nan,accuracy_perobs,0.5,2026-05-26,3307475742
0.0,plants_ny_2017,9,rf,nan,nan,nan,rf,nan,nan,accuracy_perobs,0.5,2026-05-26,2873897538
0.0,plants_ny_2017,9,rf,nan,nan,nan,rf,nan,nan,accuracy_perobs,0.5,2026-05-26,2873833773
0.0,plants_ny_2017,9,rf,nan,nan,nan,rf,nan,nan,accuracy_perobs,0.5,2026-05-26,3966601798
0.0,plants_ny_2017,9,rf,nan,nan,nan,rf,nan,nan,accuracy_perobs,0.5,2026-05-26,3998172797
0.0,plants_ny_2017,9,rf,nan,nan,nan,rf,nan,nan,accuracy_perobs,0.5,2026-05-26,2873953623
0.0,plants_ny_2017,9,rf,nan,nan,nan,rf,nan,nan,accuracy_perobs,0.5,2026-05-26,3998788236
0.0,plants_ny_2017,9,rf,nan,nan,nan,rf,nan,nan,accuracy_perobs,0.5,2026-05-26,3399148102
0.0,plants_ny_2017,9,rf,nan,nan,nan,rf,nan,nan,accuracy_perobs,0.5,2026-05-26,3465934438
0.0,plants_ny_2017,9,rf,nan,nan,nan,rf,nan,nan,accuracy_perobs,0.5,2026-05-26,2641601513
0.0,plants_ny_2017,9,rf,nan,nan,nan,rf,nan,nan,accuracy_perobs,0.5,2026-05-26,3872943178
0.0,plants_ny_2017,9,rf,nan,nan,nan,rf,nan,nan,accuracy_perobs,0.5,2026-05-26,1880482025
0.0,plants_ny_2017,9,rf,nan,nan,nan,rf,nan,nan,accuracy_perobs,0.5,2026-05-26,3911975702
0.0,plants_ny_2017,9,rf,nan,nan,nan,rf,nan,nan,accuracy_perobs,0.5,2026-05-26,3952568196
0.0,plants_ny_2017,9,rf,nan,nan,nan,rf,nan,nan,accuracy_perobs,0.5,2026-05-26,4500474469
0.0,plants_ny_2017,9,rf,nan,nan,nan,rf,nan,nan,accuracy_perobs,0.5,2026-05-26,2294441114
0.0,plants_ny_2017,9,rf,nan,nan,nan,rf,nan,nan,accuracy_perobs,0.5,2026-05-26,3314209149
0.0,plants_ny_2017,9,rf,nan,nan,nan,rf,nan,nan,accuracy_perobs,0.5,2026-05-26,3954712302
0.0,plants_ny_2017,9,rf,nan,nan,nan,rf,nan,nan,accuracy_perobs,0.5,2026-05-26,2456498176
0.0,plants_ny_2017,9,rf,nan,nan,nan,rf,nan,nan,accuracy_perobs,0.5,2026-05-26,5215697344
0.0,plants_ny_2017,9,rf,nan,nan,nan,rf,nan,nan,accuracy_perobs,0.5,2026-05-26,1890049891
0.0,plants_ny_2017,9,rf,nan,nan,nan,rf,nan,nan,accuracy_perobs,0.5,2026-05-26,4028706673
0.0,plants_ny_2017,9,rf,nan,nan,nan,rf,nan,nan,accuracy_perobs,0.5,2026-05-26,2444994804
0.0,plants_ny_2017,9,rf,nan,nan,nan,rf,nan,nan,accuracy_perobs,0.5,2026-05-26,2823067983
0.0,plants_ny_2017,9,rf,nan,nan,nan,rf,nan,nan,accuracy_perobs,0.5,2026-05-26,3860071832
0.0,plants_ny_2017,9,rf,nan,nan,nan,rf,nan,nan,accuracy_perobs,0.5,2026-05-26,5206075815
0.0,plants_ny_2017,9,rf,nan,nan,nan,rf,nan,nan,accuracy_perobs,0.5,2026-05-26,2273244668
0.0,plants_ny_2017,9,rf,nan,nan,nan,rf,nan,nan,accuracy_perobs,0.5,2026-05-26,3301858339
0.0,plants_ny_2017,9,rf,nan,nan,nan,rf,nan,nan,accuracy_perobs,0.5,2026-05-26,3985777907
0.0,plants_ny_2017,9,rf,nan,nan,nan,rf,nan,nan,accuracy_perobs,0.5,2026-05-26,3455890112
0.0,plants_ny_2017,9,rf,nan,nan,nan,rf,nan,nan,accuracy_perobs,0.5,2026-05-26,3858296720
0.0,plants_ny_2017,9,rf,nan,nan,nan,rf,nan,nan,accuracy_perobs,0.5,2026-05-26,3998454397
0.0,plants_ny_2017,9,rf,nan,nan,nan,rf,nan,nan,accuracy_perobs,0.5,2026-05-26,2999158449
0.0,plants_ny_2017,9,rf,nan,nan,nan,rf,nan,nan,accuracy_perobs,0.5,2026-05-26,5892635607
0.0,plants_ny_2017,9,rf,nan,nan,nan,rf,nan,nan,accuracy_perobs,0.5,2026-05-26,2850746452
0.0,plants_ny_2017,9,rf,nan,nan,nan,rf,nan,nan,accuracy_perobs,0.5,2026-05-26,3952152577
0.0,plants_ny_2017,9,rf,nan,nan,nan,rf,nan,nan,accuracy_perobs,0.5,2026-05-26,3953473597
0.0,plants_ny_2017,9,rf,nan,nan,nan,rf,nan,nan,accuracy_perobs,0.5,2026-05-26,5206026775
0.0,plants_ny_2017,9,rf,nan,nan,nan,rf,nan,nan,accuracy_perobs,0.5,2026-05-26,3957891115
0.0,plants_ny_2017,9,rf,nan,nan,nan,rf,nan,nan,accuracy_perobs,0.5,2026-05-26,5216051971
0.0,plants_ny_2017,9,rf,nan,nan,nan,rf,nan,nan,accuracy_perobs,0.5,2026-05-26,4936228572
0.0,plants_ny_2017,9,rf,nan,nan,nan,rf,nan,nan,accuracy_perobs,0.5,2026-05-26,3112297420
0.0,plants_ny_2017,9,rf,nan,nan,nan,rf,nan,nan,accuracy_perobs,0.5,2026-05-26,4516179956
0.0,plants_ny_2017,9,rf,nan,nan,nan,rf,nan,nan,accuracy_perobs,0.5,2026-05-26,2984494333
0.0,plants_ny_2017,9,rf,nan,nan,nan,rf,nan,nan,accuracy_perobs,0.5,2026-05-26,3337447543
0.0,plants_ny_2017,9,rf,nan,nan,nan,rf,nan,nan,accuracy_perobs,0.5,2026-05-26,2850983915
0.0,plants_ny_2017,9,rf,nan,nan,nan,rf,nan,nan,accuracy_perobs,0.5,2026-05-26,2882951424
0.0,plants_ny_2017,9,rf,nan,nan,nan,rf,nan,nan,accuracy_perobs,0.5,2026-05-26,2283207094
0.0,plants_ny_2017,9,rf,nan,nan,nan,rf,nan,nan,accuracy_perobs,0.5,2026-05-26,2802876778
0.0,plants_ny_2017,9,rf,nan,nan,nan,rf,nan,nan,accuracy_perobs,0.5,2026-05-26,3955199636
0.0,plants_ny_2017,9,rf,nan,nan,nan,rf,nan,nan,accuracy_perobs,0.5,2026-05-26,4510033423
0.0,plants_ny_2017,9,rf,nan,nan,nan,rf,nan,nan,accuracy_perobs,0.5,2026-05-26,3966630586
0.0,plants_ny_2017,9,rf,nan,nan,nan,rf,nan,nan,accuracy_perobs,0.5,2026-05-26,2251949593
0.0,plants_ny_2017,9,rf,nan,nan,nan,rf,nan,nan,accuracy_perobs,0.5,2026-05-26,3385021659
0.0,plants_ny_2017,9,rf,nan,nan,nan,rf,nan,nan,accuracy_perobs,0.5,2026-05-26,2850560889
0.0,plants_ny_2017,9,rf,nan,nan,nan,rf,nan,nan,accuracy_perobs,0.5,2026-05-26,5076755461
0.0,plants_ny_2017,9,rf,nan,nan,nan,rf,nan,nan,accuracy_perobs,0.5,2026-05-26,4903951998
0.0,plants_ny_2017,9,rf,nan,nan,nan,rf,nan,nan,accuracy_perobs,0.5,2026-05-26,3956261895
0.0,plants_ny_2017,9,rf,nan,nan,nan,rf,nan,nan,accuracy_perobs,0.5,2026-05-26,3384960648
0.0,plants_ny_2017,9,rf,nan,nan,nan,rf,nan,nan,accuracy_perobs,0.5,2026-05-26,2294629980
0.0,plants_ny_2017,9,rf,nan,nan,nan,rf,nan,nan,accuracy_perobs,0.5,2026-05-26,1880481959
0.0,plants_ny_2017,9,rf,nan,nan,nan,rf,nan,nan,accuracy_perobs,0.5,2026-05-26,2397474932
0.0,plants_ny_2017,9,rf,nan,nan,nan,rf,nan,nan,accuracy_perobs,0.5,2026-05-26,5206085818
0.0,plants_ny_2017,9,rf,nan,nan,nan,rf,nan,nan,accuracy_perobs,0.5,2026-05-26,3889099463
0.0,plants_ny_2017,9,rf,nan,nan,nan,rf,nan,nan,accuracy_perobs,0.5,2026-05-26,2873946458
0.0,plants_ny_2017,9,rf,nan,nan,nan,rf,nan,nan,accuracy_perobs,0.5,2026-05-26,2294456289
0.0,plants_ny_2017,9,rf,nan,nan,nan,rf,nan,nan,accuracy_perobs,0.5,2026-05-26,3988506053
0.0,plants_ny_2017,9,rf,nan,nan,nan,rf,nan,nan,accuracy_perobs,0.5,2026-05-26,3988438946
0.0,plants_ny_2017,9,rf,nan,nan,nan,rf,nan,nan,accuracy_perobs,0.5,2026-05-26,5109340255
0.0,plants_ny_2017,9,rf,nan,nan,nan,rf,nan,nan,accuracy_perobs,0.5,2026-05-26,3954086564
0.0,plants_ny_2017,9,rf,nan,nan,nan,rf,nan,nan,accuracy_perobs,0.5,2026-05-26,3391663538
0.0,plants_ny_2017,9,rf,nan,nan,nan,rf,nan,nan,accuracy_perobs,0.5,2026-05-26,4028603490
0.0,plants_ny_2017,9,rf,nan,nan,nan,rf,nan,nan,accuracy_perobs,0.5,2026-05-26,3985639602
0.0,plants_ny_2017,9,rf,nan,nan,nan,rf,nan,nan,accuracy_perobs,0.5,2026-05-26,2850624878
0.0,plants_ny_2017,9,rf,nan,nan,nan,rf,nan,nan,accuracy_perobs,0.5,2026-05-26,2963886378
0.0,plants_ny_2017,9,rf,nan,nan,nan,rf,nan,nan,accuracy_perobs,0.5,2026-05-26,5206794811
0.0,plants_ny_2017,9,rf,nan,nan,nan,rf,nan,nan,accuracy_perobs,0.5,2026-05-26,2647923286
0.0,plants_ny_2017,9,rf,nan,nan,nan,rf,nan,nan,accuracy_perobs,0.5,2026-05-26,3956820746
0.0,plants_ny_2017,9,rf,nan,nan,nan,rf,nan,nan,accuracy_perobs,0.5,2026-05-26,2529254352
0.0,plants_ny_2017,9,rf,nan,nan,nan,rf,nan,nan,accuracy_perobs,0.5,2026-05-26,3952465051
0.0,plants_ny_2017,9,rf,nan,nan,nan,rf,nan,nan,accuracy_perobs,0.5,2026-05-26,4133840322
0.0,plants_ny_2017,9,rf,nan,nan,nan,rf,nan,nan,accuracy_perobs,0.5,2026-05-26,2273243269
0.0,plants_ny_2017,9,rf,nan,nan,nan,rf,nan,nan,accuracy_perobs,0.5,2026-05-26,3889235430
0.0,plants_ny_2017,9,rf,nan,nan,nan,rf,nan,nan,accuracy_perobs,0.5,2026-05-26,5167264005
0.0,plants_ny_2017,9,rf,nan,nan,nan,rf,nan,nan,accuracy_perobs,0.5,2026-05-26,3999143460
0.0,plants_ny_2017,9,rf,nan,nan,nan,rf,nan,nan,accuracy_perobs,0.5,2026-05-26,3999024284
0.0,plants_ny_2017,9,rf,nan,nan,nan,rf,nan,nan,accuracy_perobs,0.5,2026-05-26,2826476178
0.0,plants_ny_2017,9,rf,nan,nan,nan,rf,nan,nan,accuracy_perobs,0.5,2026-05-26,3988450012
0.0,plants_ny_2017,9,rf,nan,nan,nan,rf,nan,nan,accuracy_perobs,0.5,2026-05-26,1703220701
0.0,plants_ny_2017,9,rf,nan,nan,nan,rf,nan,nan,accuracy_perobs,0.5,2026-05-26,3858191712
0.0,plants_ny_2017,9,rf,nan,nan,nan,rf,nan,nan,accuracy_perobs,0.5,2026-05-26,2331906609
0.0,plants_ny_2017,9,rf,nan,nan,nan,rf,nan,nan,accuracy_perobs,0.5,2026-05-26,3966541924
0.0,plants_ny_2017,9,rf,nan,nan,nan,rf,nan,nan,accuracy_perobs,0.5,2026-05-26,2331905771
0.0,plants_ny_2017,9,rf,nan,nan,nan,rf,nan,nan,accuracy_perobs,0.5,2026-05-26,3455710938
0.0,plants_ny_2017,9,rf,nan,nan,nan,rf,nan,nan,accuracy_perobs,0.5,2026-05-26,3858260700
0.0,plants_ny_2017,9,rf,nan,nan,nan,rf,nan,nan,accuracy_perobs,0.5,2026-05-26,2850982420
0.0,plants_ny_2017,9,rf,nan,nan,nan,rf,nan,nan,accuracy_perobs,0.5,2026-05-26,2826322182
0.0,plants_ny_2017,9,rf,nan,nan,nan,rf,nan,nan,accuracy_perobs,0.5,2026-05-26,2252006040
0.0,plants_ny_2017,9,rf,nan,nan,nan,rf,nan,nan,accuracy_perobs,0.5,2026-05-26,5838183340
0.0,plants_ny_2017,9,rf,nan,nan,nan,rf,nan,nan,accuracy_perobs,0.5,2026-05-26,4903806318
0.0,plants_ny_2017,9,rf,nan,nan,nan,rf,nan,nan,accuracy_perobs,0.5,2026-05-26,3952758312
0.0,plants_ny_2017,9,rf,nan,nan,nan,rf,nan,nan,accuracy_perobs,0.5,2026-05-26,5062519715
0.0,plants_ny_2017,9,rf,nan,nan,nan,rf,nan,nan,accuracy_perobs,0.5,2026-05-26,5076743645
0.0,plants_ny_2017,9,rf,nan,nan,nan,rf,nan,nan,accuracy_perobs,0.5,2026-05-26,1847571653
0.0,plants_ny_2017,9,rf,nan,nan,nan,rf,nan,nan,accuracy_perobs,0.5,2026-05-26,2331902062
0.0,plants_ny_2017,9,rf,nan,nan,nan,rf,nan,nan,accuracy_perobs,0.5,2026-05-26,2626507487
0.0,plants_ny_2017,9,rf,nan,nan,nan,rf,nan,nan,accuracy_perobs,0.5,2026-05-26,3307490919
0.0,plants_ny_2017,9,rf,nan,nan,nan,rf,nan,nan,accuracy_perobs,0.5,2026-05-26,1702455111
0.0,plants_ny_2017,9,rf,nan,nan,nan,rf,nan,nan,accuracy_perobs,0.5,2026-05-26,3330509516
0.0,plants_ny_2017,9,rf,nan,nan,nan,rf,nan,nan,accuracy_perobs,0.5,2026-05-26,2851267221
0.0,plants_ny_2017,9,rf,nan,nan,nan,rf,nan,nan,accuracy_perobs,0.5,2026-05-26,3955062664
0.0,plants_ny_2017,9,rf,nan,nan,nan,rf,nan,nan,accuracy_perobs,0.5,2026-05-26,3959103623
0.0,plants_ny_2017,9,rf,nan,nan,nan,rf,nan,nan,accuracy_perobs,0.5,2026-05-26,3958711871
0.0,plants_ny_2017,9,rf,nan,nan,nan,rf,nan,nan,accuracy_perobs,0.5,2026-05-26,3955963060
0.0,plants_ny_2017,9,rf,nan,nan,nan,rf,nan,nan,accuracy_perobs,0.5,2026-05-26,4165572336
0.0,plants_ny_2017,9,rf,nan,nan,nan,rf,nan,nan,accuracy_perobs,0.5,2026-05-26,4516238767
0.0,plants_ny_2017,9,rf,nan,nan,nan,rf,nan,nan,accuracy_perobs,0.5,2026-05-26,3954408350
0.0,plants_ny_2017,9,rf,nan,nan,nan,rf,nan,nan,accuracy_perobs,0.5,2026-05-26,2242945012
0.0,plants_ny_2017,9,rf,nan,nan,nan,rf,nan,nan,accuracy_perobs,0.5,2026-05-26,2244324762
0.0,plants_ny_2017,9,rf,nan,nan,nan,rf,nan,nan,accuracy_perobs,0.5,2026-05-26,2999095479
0.0,plants_ny_2017,9,rf,nan,nan,nan,rf,nan,nan,accuracy_perobs,0.5,2026-05-26,3112562432
0.0,plants_ny_2017,9,rf,nan,nan,nan,rf,nan,nan,accuracy_perobs,0.5,2026-05-26,3986014599
0.0,plants_ny_2017,9,rf,nan,nan,nan,rf,nan,nan,accuracy_perobs,0.5,2026-05-26,2826336226
0.0,plants_ny_2017,9,rf,nan,nan,nan,rf,nan,nan,accuracy_perobs,0.5,2026-05-26,3998819510
0.0,plants_ny_2017,9,rf,nan,nan,nan,rf,nan,nan,accuracy_perobs,0.5,2026-05-26,2826527240
0.0,plants_ny_2017,9,rf,nan,nan,nan,rf,nan,nan,accuracy_perobs,0.5,2026-05-26,1946197139
0.0,plants_ny_2017,9,rf,nan,nan,nan,rf,nan,nan,accuracy_perobs,0.5,2026-05-26,2579245673
0.0,plants_ny_2017,9,rf,nan,nan,nan,rf,nan,nan,accuracy_perobs,0.5,2026-05-26,5206597745
0.0,plants_ny_2017,9,rf,nan,nan,nan,rf,nan,nan,accuracy_perobs,0.5,2026-05-26,3952058740
0.0,plants_ny_2017,9,rf,nan,nan,nan,rf,nan,nan,accuracy_perobs,0.5,2026-05-26,5167838372
0.0,plants_ny_2017,9,rf,nan,nan,nan,rf,nan,nan,accuracy_perobs,0.5,2026-05-26,2850951898
0.0,plants_ny_2017,9,rf,nan,nan,nan,rf,nan,nan,accuracy_perobs,0.5,2026-05-26,5206786818
0.0,plants_ny_2017,9,rf,nan,nan,nan,rf,nan,nan,accuracy_perobs,0.5,2026-05-26,3988526495
0.0,plants_ny_2017,9,rf,nan,nan,nan,rf,nan,nan,accuracy_perobs,0.5,2026-05-26,2429400568
0.0,plants_ny_2017,9,rf,nan,nan,nan,rf,nan,nan,accuracy_perobs,0.5,2026-05-26,2445045500
0.0,plants_ny_2017,9,rf,nan,nan,nan,rf,nan,nan,accuracy_perobs,0.5,2026-05-26,3947656948
0.0,plants_ny_2017,9,rf,nan,nan,nan,rf,nan,nan,accuracy_perobs,0.5,2026-05-26,2573819303
0.0,plants_ny_2017,9,rf,nan,nan,nan,rf,nan,nan,accuracy_perobs,0.5,2026-05-26,5206763749
0.0,plants_ny_2017,9,rf,nan,nan,nan,rf,nan,nan,accuracy_perobs,0.5,2026-05-26,2429254392
0.0,plants_ny_2017,9,rf,nan,nan,nan,rf,nan,nan,accuracy_perobs,0.5,2026-05-26,2856726552
0.0,plants_ny_2017,9,rf,nan,nan,nan,rf,nan,nan,accuracy_perobs,0.5,2026-05-26,5892358968
0.0,plants_ny_2017,9,rf,nan,nan,nan,rf,nan,nan,accuracy_perobs,0.5,2026-05-26,3415799574
0.0,plants_ny_2017,9,rf,nan,nan,nan,rf,nan,nan,accuracy_perobs,0.5,2026-05-26,3889092408
0.0,plants_ny_2017,9,rf,nan,nan,nan,rf,nan,nan,accuracy_perobs,0.5,2026-05-26,5206037765
0.0,plants_ny_2017,9,rf,nan,nan,nan,rf,nan,nan,accuracy_perobs,0.5,2026-05-26,4018230352
0.0,plants_ny_2017,9,rf,nan,nan,nan,rf,nan,nan,accuracy_perobs,0.5,2026-05-26,4936877158
0.0,plants_ny_2017,9,rf,nan,nan,nan,rf,nan,nan,accuracy_perobs,0.5,2026-05-26,3873692856
0.0,plants_ny_2017,9,rf,nan,nan,nan,rf,nan,nan,accuracy_perobs,0.5,2026-05-26,2283208117
0.0,plants_ny_2017,9,rf,nan,nan,nan,rf,nan,nan,accuracy_perobs,0.5,2026-05-26,2999097453
0.0,plants_ny_2017,9,rf,nan,nan,nan,rf,nan,nan,accuracy_perobs,0.5,2026-05-26,4006648321
0.0,plants_ny_2017,9,rf,nan,nan,nan,rf,nan,nan,accuracy_perobs,0.5,2026-05-26,1323002489
0.0,plants_ny_2017,9,rf,nan,nan,nan,rf,nan,nan,accuracy_perobs,0.5,2026-05-26,1890049882
0.0,plants_ny_2017,9,rf,nan,nan,nan,rf,nan,nan,accuracy_perobs,0.5,2026-05-26,2860188469
0.0,plants_ny_2017,9,rf,nan,nan,nan,rf,nan,nan,accuracy_perobs,0.5,2026-05-26,3468973492
0.0,plants_ny_2017,9,rf,nan,nan,nan,rf,nan,nan,accuracy_perobs,0.5,2026-05-26,4075767508
0.0,plants_ny_2017,9,rf,nan,nan,nan,rf,nan,nan,accuracy_perobs,0.5,2026-05-26,5062489753
0.0,plants_ny_2017,9,rf,nan,nan,nan,rf,nan,nan,accuracy_perobs,0.5,2026-05-26,3892341745
0.0,plants_ny_2017,9,rf,nan,nan,nan,rf,nan,nan,accuracy_perobs,0.5,2026-05-26,4028768670
0.0,plants_ny_2017,9,rf,nan,nan,nan,rf,nan,nan,accuracy_perobs,0.5,2026-05-26,3902101951
0.0,plants_ny_2017,9,rf,nan,nan,nan,rf,nan,nan,accuracy_perobs,0.5,2026-05-26,3881580337
0.0,plants_ny_2017,9,rf,nan,nan,nan,rf,nan,nan,accuracy_perobs,0.5,2026-05-26,6179466513
0.0,plants_ny_2017,9,rf,nan,nan,nan,rf,nan,nan,accuracy_perobs,0.5,2026-05-26,1831093445
0.0,plants_ny_2017,9,rf,nan,nan,nan,rf,nan,nan,accuracy_perobs,0.5,2026-05-26,3947594371
0.0,plants_ny_2017,9,rf,nan,nan,nan,rf,nan,nan,accuracy_perobs,0.5,2026-05-26,3468838434
0.0,plants_ny_2017,9,rf,nan,nan,nan,rf,nan,nan,accuracy_perobs,0.5,2026-05-26,3314298641
0.0,plants_ny_2017,9,rf,nan,nan,nan,rf,nan,nan,accuracy_perobs,0.5,2026-05-26,5292182099
0.0,plants_ny_2017,9,rf,nan,nan,nan,rf,nan,nan,accuracy_perobs,0.5,2026-05-26,3384075334
0.0,plants_ny_2017,9,rf,nan,nan,nan,rf,nan,nan,accuracy_perobs,0.5,2026-05-26,5167006785
0.0,plants_ny_2017,9,rf,nan,nan,nan,rf,nan,nan,accuracy_perobs,0.5,2026-05-26,3398704659
0.0,plants_ny_2017,9,rf,nan,nan,nan,rf,nan,nan,accuracy_perobs,0.5,2026-05-26,5892870268
0.0,plants_ny_2017,9,rf,nan,nan,nan,rf,nan,nan,accuracy_perobs,0.5,2026-05-26,3031812251
0.0,plants_ny_2017,9,rf,nan,nan,nan,rf,nan,nan,accuracy_perobs,0.5,2026-05-26,3859323776
0.0,plants_ny_2017,9,rf,nan,nan,nan,rf,nan,nan,accuracy_perobs,0.5,2026-05-26,3764258303
0.0,plants_ny_2017,9,rf,nan,nan,nan,rf,nan,nan,accuracy_perobs,0.5,2026-05-26,3747064330
0.0,plants_ny_2017,9,rf,nan,nan,nan,rf,nan,nan,accuracy_perobs,0.5,2026-05-26,3031877681
0.0,plants_ny_2017,9,rf,nan,nan,nan,rf,nan,nan,accuracy_perobs,0.5,2026-05-26,4075737498
0.0,plants_ny_2017,9,rf,nan,nan,nan,rf,nan,nan,accuracy_perobs,0.5,2026-05-26,2465105264
0.0,plants_ny_2017,9,rf,nan,nan,nan,rf,nan,nan,accuracy_perobs,0.5,2026-05-26,3031839284
0.0,plants_ny_2017,9,rf,nan,nan,nan,rf,nan,nan,accuracy_perobs,0.5,2026-05-26,1831093605
0.0,plants_ny_2017,9,rf,nan,nan,nan,rf,nan,nan,accuracy_perobs,0.5,2026-05-26,2873846598
0.0,plants_ny_2017,9,rf,nan,nan,nan,rf,nan,nan,accuracy_perobs,0.5,2026-05-26,3408102446
0.0,plants_ny_2017,9,rf,nan,nan,nan,rf,nan,nan,accuracy_perobs,0.5,2026-05-26,3958298862
0.0,plants_ny_2017,9,rf,nan,nan,nan,rf,nan,nan,accuracy_perobs,0.5,2026-05-26,3986019573
0.0,plants_ny_2017,9,rf,nan,nan,nan,rf,nan,nan,accuracy_perobs,0.5,2026-05-26,3998332570
0.0,plants_ny_2017,9,rf,nan,nan,nan,rf,nan,nan,accuracy_perobs,0.5,2026-05-26,3958178116
0.0,plants_ny_2017,9,rf,nan,nan,nan,rf,nan,nan,accuracy_perobs,0.5,2026-05-26,4527933340
0.0,plants_ny_2017,9,rf,nan,nan,nan,rf,nan,nan,accuracy_perobs,0.5,2026-05-26,2988663527
0.0,plants_ny_2017,9,rf,nan,nan,nan,rf,nan,nan,accuracy_perobs,0.5,2026-05-26,2862326535
0.0,plants_ny_2017,9,rf,nan,nan,nan,rf,nan,nan,accuracy_perobs,0.5,2026-05-26,2331875493
0.0,plants_ny_2017,9,rf,nan,nan,nan,rf,nan,nan,accuracy_perobs,0.5,2026-05-26,3314148675
0.0,plants_ny_2017,9,rf,nan,nan,nan,rf,nan,nan,accuracy_perobs,0.5,2026-05-26,4165833985
0.0,plants_ny_2017,9,rf,nan,nan,nan,rf,nan,nan,accuracy_perobs,0.5,2026-05-26,3031817268
0.0,plants_ny_2017,9,rf,nan,nan,nan,rf,nan,nan,accuracy_perobs,0.5,2026-05-26,2596128990
0.0,plants_ny_2017,9,rf,nan,nan,nan,rf,nan,nan,accuracy_perobs,0.5,2026-05-26,5889583746
0.0,plants_ny_2017,9,rf,nan,nan,nan,rf,nan,nan,accuracy_perobs,0.5,2026-05-26,3947607321
0.0,plants_ny_2017,9,rf,nan,nan,nan,rf,nan,nan,accuracy_perobs,0.5,2026-05-26,5206547795
0.0,plants_ny_2017,9,rf,nan,nan,nan,rf,nan,nan,accuracy_perobs,0.5,2026-05-26,3465894448
0.0,plants_ny_2017,9,rf,nan,nan,nan,rf,nan,nan,accuracy_perobs,0.5,2026-05-26,3764288313
0.0,plants_ny_2017,9,rf,nan,nan,nan,rf,nan,nan,accuracy_perobs,0.5,2026-05-26,2265800113
0.0,plants_ny_2017,9,rf,nan,nan,nan,rf,nan,nan,accuracy_perobs,0.5,2026-05-26,3743273375
0.0,plants_ny_2017,9,rf,nan,nan,nan,rf,nan,nan,accuracy_perobs,0.5,2026-05-26,2988722538
0.0,plants_ny_2017,9,rf,nan,nan,nan,rf,nan,nan,accuracy_perobs,0.5,2026-05-26,3903279292
0.0,plants_ny_2017,9,rf,nan,nan,nan,rf,nan,nan,accuracy_perobs,0.5,2026-05-26,3314228657
0.0,plants_ny_2017,9,rf,nan,nan,nan,rf,nan,nan,accuracy_perobs,0.5,2026-05-26,3118335335
0.0,plants_ny_2017,9,rf,nan,nan,nan,rf,nan,nan,accuracy_perobs,0.5,2026-05-26,3858373576
0.0,plants_ny_2017,9,rf,nan,nan,nan,rf,nan,nan,accuracy_perobs,0.5,2026-05-26,2813872814
0.0,plants_ny_2017,9,rf,nan,nan,nan,rf,nan,nan,accuracy_perobs,0.5,2026-05-26,3956841112
0.0,plants_ny_2017,9,rf,nan,nan,nan,rf,nan,nan,accuracy_perobs,0.5,2026-05-26,2814236431
0.0,plants_ny_2017,9,rf,nan,nan,nan,rf,nan,nan,accuracy_perobs,0.5,2026-05-26,5904061337
0.0,plants_ny_2017,9,rf,nan,nan,nan,rf,nan,nan,accuracy_perobs,0.5,2026-05-26,2984409464
0.0,plants_ny_2017,9,rf,nan,nan,nan,rf,nan,nan,accuracy_perobs,0.5,2026-05-26,4438800417
0.0,plants_ny_2017,9,rf,nan,nan,nan,rf,nan,nan,accuracy_perobs,0.5,2026-05-26,4436374470
0.0,plants_ny_2017,9,rf,nan,nan,nan,rf,nan,nan,accuracy_perobs,0.5,2026-05-26,3398768617
0.0,plants_ny_2017,9,rf,nan,nan,nan,rf,nan,nan,accuracy_perobs,0.5,2026-05-26,3881671325
0.0,plants_ny_2017,9,rf,nan,nan,nan,rf,nan,nan,accuracy_perobs,0.5,2026-05-26,1806323552
0.0,plants_ny_2017,9,rf,nan,nan,nan,rf,nan,nan,accuracy_perobs,0.5,2026-05-26,6163211752
0.0,plants_ny_2017,9,rf,nan,nan,nan,rf,nan,nan,accuracy_perobs,0.5,2026-05-26,2860164446
0.0,plants_ny_2017,9,rf,nan,nan,nan,rf,nan,nan,accuracy_perobs,0.5,2026-05-26,4535606664
0.0,plants_ny_2017,9,rf,nan,nan,nan,rf,nan,nan,accuracy_perobs,0.5,2026-05-26,4535610640
0.0,plants_ny_2017,9,rf,nan,nan,nan,rf,nan,nan,accuracy_perobs,0.5,2026-05-26,2862305528
0.0,plants_ny_2017,9,rf,nan,nan,nan,rf,nan,nan,accuracy_perobs,0.5,2026-05-26,3384407051
0.0,plants_ny_2017,9,rf,nan,nan,nan,rf,nan,nan,accuracy_perobs,0.5,2026-05-26,5076716560
0.0,plants_ny_2017,9,rf,nan,nan,nan,rf,nan,nan,accuracy_perobs,0.5,2026-05-26,2366102304
0.0,plants_ny_2017,9,rf,nan,nan,nan,rf,nan,nan,accuracy_perobs,0.5,2026-05-26,3384956196
0.0,plants_ny_2017,9,rf,nan,nan,nan,rf,nan,nan,accuracy_perobs,0.5,2026-05-26,4438933334
0.0,plants_ny_2017,9,rf,nan,nan,nan,rf,nan,nan,accuracy_perobs,0.5,2026-05-26,2366102056
0.0,plants_ny_2017,9,rf,nan,nan,nan,rf,nan,nan,accuracy_perobs,0.5,2026-05-26,1831123029
0.0,plants_ny_2017,9,rf,nan,nan,nan,rf,nan,nan,accuracy_perobs,0.5,2026-05-26,4527917366
0.0,plants_ny_2017,9,rf,nan,nan,nan,rf,nan,nan,accuracy_perobs,0.5,2026-05-26,3953418942
0.0,plants_ny_2017,9,rf,nan,nan,nan,rf,nan,nan,accuracy_perobs,0.5,2026-05-26,4516551263
0.0,plants_ny_2017,9,rf,nan,nan,nan,rf,nan,nan,accuracy_perobs,0.5,2026-05-26,3314192836
0.0,plants_ny_2017,9,rf,nan,nan,nan,rf,nan,nan,accuracy_perobs,0.5,2026-05-26,1847571692
0.0,plants_ny_2017,9,rf,nan,nan,nan,rf,nan,nan,accuracy_perobs,0.5,2026-05-26,2366102375
0.0,plants_ny_2017,9,rf,nan,nan,nan,rf,nan,nan,accuracy_perobs,0.5,2026-05-26,2856582462
0.0,plants_ny_2017,9,rf,nan,nan,nan,rf,nan,nan,accuracy_perobs,0.5,2026-05-26,3456474903
0.0,plants_ny_2017,9,rf,nan,nan,nan,rf,nan,nan,accuracy_perobs,0.5,2026-05-26,3953993774
0.0,plants_ny_2017,9,rf,nan,nan,nan,rf,nan,nan,accuracy_perobs,0.5,2026-05-26,2366102325
0.0,plants_ny_2017,9,rf,nan,nan,nan,rf,nan,nan,accuracy_perobs,0.5,2026-05-26,2610999401
0.0,plants_ny_2017,9,rf,nan,nan,nan,rf,nan,nan,accuracy_perobs,0.5,2026-05-26,2422879029
0.0,plants_ny_2017,9,rf,nan,nan,nan,rf,nan,nan,accuracy_perobs,0.5,2026-05-26,2273245263
0.0,plants_ny_2017,9,rf,nan,nan,nan,rf,nan,nan,accuracy_perobs,0.5,2026-05-26,3954087427
0.0,plants_ny_2017,9,rf,nan,nan,nan,rf,nan,nan,accuracy_perobs,0.5,2026-05-26,3956028423
0.0,plants_ny_2017,9,rf,nan,nan,nan,rf,nan,nan,accuracy_perobs,0.5,2026-05-26,5230022335
0.0,plants_ny_2017,9,rf,nan,nan,nan,rf,nan,nan,accuracy_perobs,0.5,2026-05-26,2273245607
0.0,plants_ny_2017,9,rf,nan,nan,nan,rf,nan,nan,accuracy_perobs,0.5,2026-05-26,3335537626
0.0,plants_ny_2017,9,rf,nan,nan,nan,rf,nan,nan,accuracy_perobs,0.5,2026-05-26,3955325862
0.0,plants_ny_2017,9,rf,nan,nan,nan,rf,nan,nan,accuracy_perobs,0.5,2026-05-26,1640032272
0.0,plants_ny_2017,9,rf,nan,nan,nan,rf,nan,nan,accuracy_perobs,0.5,2026-05-26,4919695441
0.0,plants_ny_2017,9,rf,nan,nan,nan,rf,nan,nan,accuracy_perobs,0.5,2026-05-26,3314507821
0.0,plants_ny_2017,9,rf,nan,nan,nan,rf,nan,nan,accuracy_perobs,0.5,2026-05-26,1913166464
0.0,plants_ny_2017,9,rf,nan,nan,nan,rf,nan,nan,accuracy_perobs,0.5,2026-05-26,1847571703
0.0,plants_ny_2017,9,rf,nan,nan,nan,rf,nan,nan,accuracy_perobs,0.5,2026-05-26,4424498483
0.0,plants_ny_2017,9,rf,nan,nan,nan,rf,nan,nan,accuracy_perobs,0.5,2026-05-26,3468882478
0.0,plants_ny_2017,9,rf,nan,nan,nan,rf,nan,nan,accuracy_perobs,0.5,2026-05-26,3998095402
0.0,plants_ny_2017,9,rf,nan,nan,nan,rf,nan,nan,accuracy_perobs,0.5,2026-05-26,3468661354
0.0,plants_ny_2017,9,rf,nan,nan,nan,rf,nan,nan,accuracy_perobs,0.5,2026-05-26,3985686877
0.0,plants_ny_2017,9,rf,nan,nan,nan,rf,nan,nan,accuracy_perobs,0.5,2026-05-26,3314213835
0.0,plants_ny_2017,9,rf,nan,nan,nan,rf,nan,nan,accuracy_perobs,0.5,2026-05-26,4138198587
0.0,plants_ny_2017,9,rf,nan,nan,nan,rf,nan,nan,accuracy_perobs,0.5,2026-05-26,4440722445
0.0,plants_ny_2017,9,rf,nan,nan,nan,rf,nan,nan,accuracy_perobs,0.5,2026-05-26,1571063491
0.0,plants_ny_2017,9,rf,nan,nan,nan,rf,nan,nan,accuracy_perobs,0.5,2026-05-26,4424156416
0.0,plants_ny_2017,9,rf,nan,nan,nan,rf,nan,nan,accuracy_perobs,0.5,2026-05-26,3860807563
0.0,plants_ny_2017,9,rf,nan,nan,nan,rf,nan,nan,accuracy_perobs,0.5,2026-05-26,2873786330
0.0,plants_ny_2017,9,rf,nan,nan,nan,rf,nan,nan,accuracy_perobs,0.5,2026-05-26,4600031316
0.0,plants_ny_2017,9,rf,nan,nan,nan,rf,nan,nan,accuracy_perobs,0.5,2026-05-26,5932336593
0.0,plants_ny_2017,9,rf,nan,nan,nan,rf,nan,nan,accuracy_perobs,0.5,2026-05-26,2460058351
0.0,plants_ny_2017,9,rf,nan,nan,nan,rf,nan,nan,accuracy_perobs,0.5,2026-05-26,5109250257
0.0,plants_ny_2017,9,rf,nan,nan,nan,rf,nan,nan,accuracy_perobs,0.5,2026-05-26,3858894025
0.0,plants_ny_2017,9,rf,nan,nan,nan,rf,nan,nan,accuracy_perobs,0.5,2026-05-26,2460059372
0.0,plants_ny_2017,9,rf,nan,nan,nan,rf,nan,nan,accuracy_perobs,0.5,2026-05-26,2460025056
0.0,plants_ny_2017,9,rf,nan,nan,nan,rf,nan,nan,accuracy_perobs,0.5,2026-05-26,1850905464
0.0,plants_ny_2017,9,rf,nan,nan,nan,rf,nan,nan,accuracy_perobs,0.5,2026-05-26,2873808408
0.0,plants_ny_2017,9,rf,nan,nan,nan,rf,nan,nan,accuracy_perobs,0.5,2026-05-26,3881751330
0.0,plants_ny_2017,9,rf,nan,nan,nan,rf,nan,nan,accuracy_perobs,0.5,2026-05-26,1850905463
0.0,plants_ny_2017,9,rf,nan,nan,nan,rf,nan,nan,accuracy_perobs,0.5,2026-05-26,1847617730
0.0,plants_ny_2017,9,rf,nan,nan,nan,rf,nan,nan,accuracy_perobs,0.5,2026-05-26,2294627388
0.0,plants_ny_2017,9,rf,nan,nan,nan,rf,nan,nan,accuracy_perobs,0.5,2026-05-26,3998790721
0.0,plants_ny_2017,9,rf,nan,nan,nan,rf,nan,nan,accuracy_perobs,0.5,2026-05-26,5076743440
0.0,plants_ny_2017,9,rf,nan,nan,nan,rf,nan,nan,accuracy_perobs,0.5,2026-05-26,2460005050
0.0,plants_ny_2017,9,rf,nan,nan,nan,rf,nan,nan,accuracy_perobs,0.5,2026-05-26,1848759520
0.0,plants_ny_2017,9,rf,nan,nan,nan,rf,nan,nan,accuracy_perobs,0.5,2026-05-26,2873756732
0.0,plants_ny_2017,9,rf,nan,nan,nan,rf,nan,nan,accuracy_perobs,0.5,2026-05-26,3355044864
0.0,plants_ny_2017,9,rf,nan,nan,nan,rf,nan,nan,accuracy_perobs,0.5,2026-05-26,5076732394
0.0,plants_ny_2017,9,rf,nan,nan,nan,rf,nan,nan,accuracy_perobs,0.5,2026-05-26,1847617754
0.0,plants_ny_2017,9,rf,nan,nan,nan,rf,nan,nan,accuracy_perobs,0.5,2026-05-26,2981085499
0.0,plants_ny_2017,9,rf,nan,nan,nan,rf,nan,nan,accuracy_perobs,0.5,2026-05-26,4009712471
0.0,plants_ny_2017,9,rf,nan,nan,nan,rf,nan,nan,accuracy_perobs,0.5,2026-05-26,3881832410
0.0,plants_ny_2017,9,rf,nan,nan,nan,rf,nan,nan,accuracy_perobs,0.5,2026-05-26,2460078564
0.0,plants_ny_2017,9,rf,nan,nan,nan,rf,nan,nan,accuracy_perobs,0.5,2026-05-26,4982066692
0.0,plants_ny_2017,9,rf,nan,nan,nan,rf,nan,nan,accuracy_perobs,0.5,2026-05-26,3986154534
0.0,plants_ny_2017,9,rf,nan,nan,nan,rf,nan,nan,accuracy_perobs,0.5,2026-05-26,3764396665
0.0,plants_ny_2017,9,rf,nan,nan,nan,rf,nan,nan,accuracy_perobs,0.5,2026-05-26,3881873468
0.0,plants_ny_2017,9,rf,nan,nan,nan,rf,nan,nan,accuracy_perobs,0.5,2026-05-26,3881556433
0.0,plants_ny_2017,9,rf,nan,nan,nan,rf,nan,nan,accuracy_perobs,0.5,2026-05-26,5076726370
0.0,plants_ny_2017,9,rf,nan,nan,nan,rf,nan,nan,accuracy_perobs,0.5,2026-05-26,5831041257
0.0,plants_ny_2017,9,rf,nan,nan,nan,rf,nan,nan,f1_score,0.5,2026-05-26,4424113412
0.0,plants_ny_2017,9,rf,nan,nan,nan,rf,nan,nan,f1_score,0.5,2026-05-26,3955128906
0.0,plants_ny_2017,9,rf,nan,nan,nan,rf,nan,nan,f1_score,0.5,2026-05-26,3959913523
0.0,plants_ny_2017,9,rf,nan,nan,nan,rf,nan,nan,f1_score,0.5,2026-05-26,5109426762
0.0,plants_ny_2017,9,rf,nan,nan,nan,rf,nan,nan,f1_score,0.5,2026-05-26,2429283484
0.0,plants_ny_2017,9,rf,nan,nan,nan,rf,nan,nan,f1_score,0.5,2026-05-26,3416206149
0.0,plants_ny_2017,9,rf,nan,nan,nan,rf,nan,nan,f1_score,0.5,2026-05-26,3953364878
0.0,plants_ny_2017,9,rf,nan,nan,nan,rf,nan,nan,f1_score,0.5,2026-05-26,2429284126
0.0,plants_ny_2017,9,rf,nan,nan,nan,rf,nan,nan,f1_score,0.5,2026-05-26,4424374460
0.0,plants_ny_2017,9,rf,nan,nan,nan,rf,nan,nan,f1_score,0.5,2026-05-26,4424120502
0.0,plants_ny_2017,9,rf,nan,nan,nan,rf,nan,nan,f1_score,0.5,2026-05-26,4424391448
0.0,plants_ny_2017,9,rf,nan,nan,nan,rf,nan,nan,f1_score,0.5,2026-05-26,3456564241
0.0,plants_ny_2017,9,rf,nan,nan,nan,rf,nan,nan,f1_score,0.5,2026-05-26,3959322440
0.0,plants_ny_2017,9,rf,nan,nan,nan,rf,nan,nan,f1_score,0.5,2026-05-26,4424135402
0.0,plants_ny_2017,9,rf,nan,nan,nan,rf,nan,nan,f1_score,0.5,2026-05-26,2013733486
0.0,plants_ny_2017,9,rf,nan,nan,nan,rf,nan,nan,f1_score,0.5,2026-05-26,4424605507
0.0,plants_ny_2017,9,rf,nan,nan,nan,rf,nan,nan,f1_score,0.5,2026-05-26,4018530386
0.0,plants_ny_2017,9,rf,nan,nan,nan,rf,nan,nan,f1_score,0.5,2026-05-26,4424113413
0.0,plants_ny_2017,9,rf,nan,nan,nan,rf,nan,nan,f1_score,0.5,2026-05-26,3997987418
0.0,plants_ny_2017,9,rf,nan,nan,nan,rf,nan,nan,f1_score,0.5,2026-05-26,3998672137
0.0,plants_ny_2017,9,rf,nan,nan,nan,rf,nan,nan,f1_score,0.5,2026-05-26,3955504393
0.0,plants_ny_2017,9,rf,nan,nan,nan,rf,nan,nan,f1_score,0.5,2026-05-26,3957789933
0.0,plants_ny_2017,9,rf,nan,nan,nan,rf,nan,nan,f1_score,0.5,2026-05-26,4987612835
0.0,plants_ny_2017,9,rf,nan,nan,nan,rf,nan,nan,f1_score,0.5,2026-05-26,3958387602
0.0,plants_ny_2017,9,rf,nan,nan,nan,rf,nan,nan,f1_score,0.5,2026-05-26,3314500624
0.0,plants_ny_2017,9,rf,nan,nan,nan,rf,nan,nan,f1_score,0.5,2026-05-26,3455785580
0.0,plants_ny_2017,9,rf,nan,nan,nan,rf,nan,nan,f1_score,0.5,2026-05-26,4145625387
0.0,plants_ny_2017,9,rf,nan,nan,nan,rf,nan,nan,f1_score,0.5,2026-05-26,2999200920
0.0,plants_ny_2017,9,rf,nan,nan,nan,rf,nan,nan,f1_score,0.5,2026-05-26,2573966183
0.0,plants_ny_2017,9,rf,nan,nan,nan,rf,nan,nan,f1_score,0.5,2026-05-26,4921691790
0.0,plants_ny_2017,9,rf,nan,nan,nan,rf,nan,nan,f1_score,0.5,2026-05-26,3860179004
0.0,plants_ny_2017,9,rf,nan,nan,nan,rf,nan,nan,f1_score,0.5,2026-05-26,2999195348
0.0,plants_ny_2017,9,rf,nan,nan,nan,rf,nan,nan,f1_score,0.5,2026-05-26,2976236779
0.0,plants_ny_2017,9,rf,nan,nan,nan,rf,nan,nan,f1_score,0.5,2026-05-26,3954826030
0.0,plants_ny_2017,9,rf,nan,nan,nan,rf,nan,nan,f1_score,0.5,2026-05-26,3998433925
0.0,plants_ny_2017,9,rf,nan,nan,nan,rf,nan,nan,f1_score,0.5,2026-05-26,5830460027
0.0,plants_ny_2017,9,rf,nan,nan,nan,rf,nan,nan,f1_score,0.5,2026-05-26,3416175423
0.0,plants_ny_2017,9,rf,nan,nan,nan,rf,nan,nan,f1_score,0.5,2026-05-26,4028657383
0.0,plants_ny_2017,9,rf,nan,nan,nan,rf,nan,nan,f1_score,0.5,2026-05-26,3953927268
0.0,plants_ny_2017,9,rf,nan,nan,nan,rf,nan,nan,f1_score,0.5,2026-05-26,3958077159
0.0,plants_ny_2017,9,rf,nan,nan,nan,rf,nan,nan,f1_score,0.5,2026-05-26,3325693565
0.0,plants_ny_2017,9,rf,nan,nan,nan,rf,nan,nan,f1_score,0.5,2026-05-26,4525055377
0.0,plants_ny_2017,9,rf,nan,nan,nan,rf,nan,nan,f1_score,0.5,2026-05-26,2540740425
0.0,plants_ny_2017,9,rf,nan,nan,nan,rf,nan,nan,f1_score,0.5,2026-05-26,3456228231
0.0,plants_ny_2017,9,rf,nan,nan,nan,rf,nan,nan,f1_score,0.5,2026-05-26,2975051194
0.0,plants_ny_2017,9,rf,nan,nan,nan,rf,nan,nan,f1_score,0.5,2026-05-26,4516188797
0.0,plants_ny_2017,9,rf,nan,nan,nan,rf,nan,nan,f1_score,0.5,2026-05-26,5109326269
0.0,plants_ny_2017,9,rf,nan,nan,nan,rf,nan,nan,f1_score,0.5,2026-05-26,5086863449
0.0,plants_ny_2017,9,rf,nan,nan,nan,rf,nan,nan,f1_score,0.5,2026-05-26,3952686877
0.0,plants_ny_2017,9,rf,nan,nan,nan,rf,nan,nan,f1_score,0.5,2026-05-26,3759129757
0.0,plants_ny_2017,9,rf,nan,nan,nan,rf,nan,nan,f1_score,0.5,2026-05-26,1802618975
0.0,plants_ny_2017,9,rf,nan,nan,nan,rf,nan,nan,f1_score,0.5,2026-05-26,5892788878
0.0,plants_ny_2017,9,rf,nan,nan,nan,rf,nan,nan,f1_score,0.5,2026-05-26,3955278315
0.0,plants_ny_2017,9,rf,nan,nan,nan,rf,nan,nan,f1_score,0.5,2026-05-26,2013733637
0.0,plants_ny_2017,9,rf,nan,nan,nan,rf,nan,nan,f1_score,0.5,2026-05-26,4465367373
0.0,plants_ny_2017,9,rf,nan,nan,nan,rf,nan,nan,f1_score,0.5,2026-05-26,2429283793
0.0,plants_ny_2017,9,rf,nan,nan,nan,rf,nan,nan,f1_score,0.5,2026-05-26,4028774430
0.0,plants_ny_2017,9,rf,nan,nan,nan,rf,nan,nan,f1_score,0.5,2026-05-26,3998408350
0.0,plants_ny_2017,9,rf,nan,nan,nan,rf,nan,nan,f1_score,0.5,2026-05-26,3953902960
0.0,plants_ny_2017,9,rf,nan,nan,nan,rf,nan,nan,f1_score,0.5,2026-05-26,5109353857
0.0,plants_ny_2017,9,rf,nan,nan,nan,rf,nan,nan,f1_score,0.5,2026-05-26,3952644408
0.0,plants_ny_2017,9,rf,nan,nan,nan,rf,nan,nan,f1_score,0.5,2026-05-26,2901802355
0.0,plants_ny_2017,9,rf,nan,nan,nan,rf,nan,nan,f1_score,0.5,2026-05-26,5109431615
0.0,plants_ny_2017,9,rf,nan,nan,nan,rf,nan,nan,f1_score,0.5,2026-05-26,5109239558
0.0,plants_ny_2017,9,rf,nan,nan,nan,rf,nan,nan,f1_score,0.5,2026-05-26,3960052730
0.0,plants_ny_2017,9,rf,nan,nan,nan,rf,nan,nan,f1_score,0.5,2026-05-26,2422893441
0.0,plants_ny_2017,9,rf,nan,nan,nan,rf,nan,nan,f1_score,0.5,2026-05-26,3902235166
0.0,plants_ny_2017,9,rf,nan,nan,nan,rf,nan,nan,f1_score,0.5,2026-05-26,1671726164
0.0,plants_ny_2017,9,rf,nan,nan,nan,rf,nan,nan,f1_score,0.5,2026-05-26,3915600812
0.0,plants_ny_2017,9,rf,nan,nan,nan,rf,nan,nan,f1_score,0.5,2026-05-26,4413486515
0.0,plants_ny_2017,9,rf,nan,nan,nan,rf,nan,nan,f1_score,0.5,2026-05-26,3956373648
0.0,plants_ny_2017,9,rf,nan,nan,nan,rf,nan,nan,f1_score,0.5,2026-05-26,3773159046
0.0,plants_ny_2017,9,rf,nan,nan,nan,rf,nan,nan,f1_score,0.5,2026-05-26,2350319834
0.0,plants_ny_2017,9,rf,nan,nan,nan,rf,nan,nan,f1_score,0.5,2026-05-26,3957171399
0.0,plants_ny_2017,9,rf,nan,nan,nan,rf,nan,nan,f1_score,0.5,2026-05-26,2294434324
0.0,plants_ny_2017,9,rf,nan,nan,nan,rf,nan,nan,f1_score,0.5,2026-05-26,1847640020
0.0,plants_ny_2017,9,rf,nan,nan,nan,rf,nan,nan,f1_score,0.5,2026-05-26,4522460301
0.0,plants_ny_2017,9,rf,nan,nan,nan,rf,nan,nan,f1_score,0.5,2026-05-26,3998411801
0.0,plants_ny_2017,9,rf,nan,nan,nan,rf,nan,nan,f1_score,0.5,2026-05-26,2013733665
0.0,plants_ny_2017,9,rf,nan,nan,nan,rf,nan,nan,f1_score,0.5,2026-05-26,3954217989
0.0,plants_ny_2017,9,rf,nan,nan,nan,rf,nan,nan,f1_score,0.5,2026-05-26,3986084565
0.0,plants_ny_2017,9,rf,nan,nan,nan,rf,nan,nan,f1_score,0.5,2026-05-26,3327904333
0.0,plants_ny_2017,9,rf,nan,nan,nan,rf,nan,nan,f1_score,0.5,2026-05-26,4011660624
0.0,plants_ny_2017,9,rf,nan,nan,nan,rf,nan,nan,f1_score,0.5,2026-05-26,3772616467
0.0,plants_ny_2017,9,rf,nan,nan,nan,rf,nan,nan,f1_score,0.5,2026-05-26,3985874012
0.0,plants_ny_2017,9,rf,nan,nan,nan,rf,nan,nan,f1_score,0.5,2026-05-26,3325601387
0.0,plants_ny_2017,9,rf,nan,nan,nan,rf,nan,nan,f1_score,0.5,2026-05-26,3985764571
0.0,plants_ny_2017,9,rf,nan,nan,nan,rf,nan,nan,f1_score,0.5,2026-05-26,3958065080
0.0,plants_ny_2017,9,rf,nan,nan,nan,rf,nan,nan,f1_score,0.5,2026-05-26,3772525282
0.0,plants_ny_2017,9,rf,nan,nan,nan,rf,nan,nan,f1_score,0.5,2026-05-26,3337375634
0.0,plants_ny_2017,9,rf,nan,nan,nan,rf,nan,nan,f1_score,0.5,2026-05-26,3986138576
0.0,plants_ny_2017,9,rf,nan,nan,nan,rf,nan,nan,f1_score,0.5,2026-05-26,3456913421
0.0,plants_ny_2017,9,rf,nan,nan,nan,rf,nan,nan,f1_score,0.5,2026-05-26,3773396453
0.0,plants_ny_2017,9,rf,nan,nan,nan,rf,nan,nan,f1_score,0.5,2026-05-26,3456713780
0.0,plants_ny_2017,9,rf,nan,nan,nan,rf,nan,nan,f1_score,0.5,2026-05-26,3773441474
0.0,plants_ny_2017,9,rf,nan,nan,nan,rf,nan,nan,f1_score,0.5,2026-05-26,5076750412
0.0,plants_ny_2017,9,rf,nan,nan,nan,rf,nan,nan,f1_score,0.5,2026-05-26,3985945802
0.0,plants_ny_2017,9,rf,nan,nan,nan,rf,nan,nan,f1_score,0.5,2026-05-26,3325610427
0.0,plants_ny_2017,9,rf,nan,nan,nan,rf,nan,nan,f1_score,0.5,2026-05-26,3957894498
0.0,plants_ny_2017,9,rf,nan,nan,nan,rf,nan,nan,f1_score,0.5,2026-05-26,3985623602
0.0,plants_ny_2017,9,rf,nan,nan,nan,rf,nan,nan,f1_score,0.5,2026-05-26,3952051566
0.0,plants_ny_2017,9,rf,nan,nan,nan,rf,nan,nan,f1_score,0.5,2026-05-26,3985778586
0.0,plants_ny_2017,9,rf,nan,nan,nan,rf,nan,nan,f1_score,0.5,2026-05-26,4015204496
0.0,plants_ny_2017,9,rf,nan,nan,nan,rf,nan,nan,f1_score,0.5,2026-05-26,3985916840
0.0,plants_ny_2017,9,rf,nan,nan,nan,rf,nan,nan,f1_score,0.5,2026-05-26,3398669664
0.0,plants_ny_2017,9,rf,nan,nan,nan,rf,nan,nan,f1_score,0.5,2026-05-26,3455478192
0.0,plants_ny_2017,9,rf,nan,nan,nan,rf,nan,nan,f1_score,0.5,2026-05-26,3455574670
0.0,plants_ny_2017,9,rf,nan,nan,nan,rf,nan,nan,f1_score,0.5,2026-05-26,3985795743
0.0,plants_ny_2017,9,rf,nan,nan,nan,rf,nan,nan,f1_score,0.5,2026-05-26,3985800569
0.0,plants_ny_2017,9,rf,nan,nan,nan,rf,nan,nan,f1_score,0.5,2026-05-26,3773577328
0.0,plants_ny_2017,9,rf,nan,nan,nan,rf,nan,nan,f1_score,0.5,2026-05-26,3985681560
0.0,plants_ny_2017,9,rf,nan,nan,nan,rf,nan,nan,f1_score,0.5,2026-05-26,3456981405
0.0,plants_ny_2017,9,rf,nan,nan,nan,rf,nan,nan,f1_score,0.5,2026-05-26,3858868583
0.0,plants_ny_2017,9,rf,nan,nan,nan,rf,nan,nan,f1_score,0.5,2026-05-26,3743111581
0.0,plants_ny_2017,9,rf,nan,nan,nan,rf,nan,nan,f1_score,0.5,2026-05-26,3743278359
0.0,plants_ny_2017,9,rf,nan,nan,nan,rf,nan,nan,f1_score,0.5,2026-05-26,3772562883
0.0,plants_ny_2017,9,rf,nan,nan,nan,rf,nan,nan,f1_score,0.5,2026-05-26,3986177584
0.0,plants_ny_2017,9,rf,nan,nan,nan,rf,nan,nan,f1_score,0.5,2026-05-26,3772949928
0.0,plants_ny_2017,9,rf,nan,nan,nan,rf,nan,nan,f1_score,0.5,2026-05-26,3954503960
0.0,plants_ny_2017,9,rf,nan,nan,nan,rf,nan,nan,f1_score,0.5,2026-05-26,3039145589
0.0,plants_ny_2017,9,rf,nan,nan,nan,rf,nan,nan,f1_score,0.5,2026-05-26,3888851539
0.0,plants_ny_2017,9,rf,nan,nan,nan,rf,nan,nan,f1_score,0.5,2026-05-26,3314173155
0.0,plants_ny_2017,9,rf,nan,nan,nan,rf,nan,nan,f1_score,0.5,2026-05-26,3988564229
0.0,plants_ny_2017,9,rf,nan,nan,nan,rf,nan,nan,f1_score,0.5,2026-05-26,3325612363
0.0,plants_ny_2017,9,rf,nan,nan,nan,rf,nan,nan,f1_score,0.5,2026-05-26,1880615451
0.0,plants_ny_2017,9,rf,nan,nan,nan,rf,nan,nan,f1_score,0.5,2026-05-26,3859882755
0.0,plants_ny_2017,9,rf,nan,nan,nan,rf,nan,nan,f1_score,0.5,2026-05-26,3773526004
0.0,plants_ny_2017,9,rf,nan,nan,nan,rf,nan,nan,f1_score,0.5,2026-05-26,3355769601
0.0,plants_ny_2017,9,rf,nan,nan,nan,rf,nan,nan,f1_score,0.5,2026-05-26,3705811332
0.0,plants_ny_2017,9,rf,nan,nan,nan,rf,nan,nan,f1_score,0.5,2026-05-26,3772492729
0.0,plants_ny_2017,9,rf,nan,nan,nan,rf,nan,nan,f1_score,0.5,2026-05-26,5167559395
0.0,plants_ny_2017,9,rf,nan,nan,nan,rf,nan,nan,f1_score,0.5,2026-05-26,3455760533
0.0,plants_ny_2017,9,rf,nan,nan,nan,rf,nan,nan,f1_score,0.5,2026-05-26,4465600668
0.0,plants_ny_2017,9,rf,nan,nan,nan,rf,nan,nan,f1_score,0.5,2026-05-26,5076778543
0.0,plants_ny_2017,9,rf,nan,nan,nan,rf,nan,nan,f1_score,0.5,2026-05-26,5104246478
0.0,plants_ny_2017,9,rf,nan,nan,nan,rf,nan,nan,f1_score,0.5,2026-05-26,3499505516
0.0,plants_ny_2017,9,rf,nan,nan,nan,rf,nan,nan,f1_score,0.5,2026-05-26,3888893187
0.0,plants_ny_2017,9,rf,nan,nan,nan,rf,nan,nan,f1_score,0.5,2026-05-26,2984428559
0.0,plants_ny_2017,9,rf,nan,nan,nan,rf,nan,nan,f1_score,0.5,2026-05-26,5076776611
0.0,plants_ny_2017,9,rf,nan,nan,nan,rf,nan,nan,f1_score,0.5,2026-05-26,3321120230
0.0,plants_ny_2017,9,rf,nan,nan,nan,rf,nan,nan,f1_score,0.5,2026-05-26,3321041447
0.0,plants_ny_2017,9,rf,nan,nan,nan,rf,nan,nan,f1_score,0.5,2026-05-26,3889069305
0.0,plants_ny_2017,9,rf,nan,nan,nan,rf,nan,nan,f1_score,0.5,2026-05-26,4522483509
0.0,plants_ny_2017,9,rf,nan,nan,nan,rf,nan,nan,f1_score,0.5,2026-05-26,3468773467
0.0,plants_ny_2017,9,rf,nan,nan,nan,rf,nan,nan,f1_score,0.5,2026-05-26,3888840364
0.0,plants_ny_2017,9,rf,nan,nan,nan,rf,nan,nan,f1_score,0.5,2026-05-26,3321050414
0.0,plants_ny_2017,9,rf,nan,nan,nan,rf,nan,nan,f1_score,0.5,2026-05-26,4028656441
0.0,plants_ny_2017,9,rf,nan,nan,nan,rf,nan,nan,f1_score,0.5,2026-05-26,3963225383
0.0,plants_ny_2017,9,rf,nan,nan,nan,rf,nan,nan,f1_score,0.5,2026-05-26,3320983434
0.0,plants_ny_2017,9,rf,nan,nan,nan,rf,nan,nan,f1_score,0.5,2026-05-26,3888716270
0.0,plants_ny_2017,9,rf,nan,nan,nan,rf,nan,nan,f1_score,0.5,2026-05-26,3889195356
0.0,plants_ny_2017,9,rf,nan,nan,nan,rf,nan,nan,f1_score,0.5,2026-05-26,4510020681
0.0,plants_ny_2017,9,rf,nan,nan,nan,rf,nan,nan,f1_score,0.5,2026-05-26,3321245441
0.0,plants_ny_2017,9,rf,nan,nan,nan,rf,nan,nan,f1_score,0.5,2026-05-26,4982309479
0.0,plants_ny_2017,9,rf,nan,nan,nan,rf,nan,nan,f1_score,0.5,2026-05-26,3712438371
0.0,plants_ny_2017,9,rf,nan,nan,nan,rf,nan,nan,f1_score,0.5,2026-05-26,3961007705
0.0,plants_ny_2017,9,rf,nan,nan,nan,rf,nan,nan,f1_score,0.5,2026-05-26,3952264161
0.0,plants_ny_2017,9,rf,nan,nan,nan,rf,nan,nan,f1_score,0.5,2026-05-26,3873378084
0.0,plants_ny_2017,9,rf,nan,nan,nan,rf,nan,nan,f1_score,0.5,2026-05-26,4936806712
0.0,plants_ny_2017,9,rf,nan,nan,nan,rf,nan,nan,f1_score,0.5,2026-05-26,4518942513
0.0,plants_ny_2017,9,rf,nan,nan,nan,rf,nan,nan,f1_score,0.5,2026-05-26,3902077558
0.0,plants_ny_2017,9,rf,nan,nan,nan,rf,nan,nan,f1_score,0.5,2026-05-26,3947479767
0.0,plants_ny_2017,9,rf,nan,nan,nan,rf,nan,nan,f1_score,0.5,2026-05-26,3333246474
0.0,plants_ny_2017,9,rf,nan,nan,nan,rf,nan,nan,f1_score,0.5,2026-05-26,3321246415
0.0,plants_ny_2017,9,rf,nan,nan,nan,rf,nan,nan,f1_score,0.5,2026-05-26,3321163273
0.0,plants_ny_2017,9,rf,nan,nan,nan,rf,nan,nan,f1_score,0.5,2026-05-26,4165583349
0.0,plants_ny_2017,9,rf,nan,nan,nan,rf,nan,nan,f1_score,0.5,2026-05-26,4936488744
0.0,plants_ny_2017,9,rf,nan,nan,nan,rf,nan,nan,f1_score,0.5,2026-05-26,4028779075
0.0,plants_ny_2017,9,rf,nan,nan,nan,rf,nan,nan,f1_score,0.5,2026-05-26,4936704764
0.0,plants_ny_2017,9,rf,nan,nan,nan,rf,nan,nan,f1_score,0.5,2026-05-26,5076768524
0.0,plants_ny_2017,9,rf,nan,nan,nan,rf,nan,nan,f1_score,0.5,2026-05-26,3456780548
0.0,plants_ny_2017,9,rf,nan,nan,nan,rf,nan,nan,f1_score,0.5,2026-05-26,3321241433
0.0,plants_ny_2017,9,rf,nan,nan,nan,rf,nan,nan,f1_score,0.5,2026-05-26,2574146390
0.0,plants_ny_2017,9,rf,nan,nan,nan,rf,nan,nan,f1_score,0.5,2026-05-26,2873855550
0.0,plants_ny_2017,9,rf,nan,nan,nan,rf,nan,nan,f1_score,0.5,2026-05-26,2873774761
0.0,plants_ny_2017,9,rf,nan,nan,nan,rf,nan,nan,f1_score,0.5,2026-05-26,2981003834
0.0,plants_ny_2017,9,rf,nan,nan,nan,rf,nan,nan,f1_score,0.5,2026-05-26,2992837646
0.0,plants_ny_2017,9,rf,nan,nan,nan,rf,nan,nan,f1_score,0.5,2026-05-26,2873801811
0.0,plants_ny_2017,9,rf,nan,nan,nan,rf,nan,nan,f1_score,0.5,2026-05-26,2981093887
0.0,plants_ny_2017,9,rf,nan,nan,nan,rf,nan,nan,f1_score,0.5,2026-05-26,3468935518
0.0,plants_ny_2017,9,rf,nan,nan,nan,rf,nan,nan,f1_score,0.5,2026-05-26,4424438388
0.0,plants_ny_2017,9,rf,nan,nan,nan,rf,nan,nan,f1_score,0.5,2026-05-26,3954511732
0.0,plants_ny_2017,9,rf,nan,nan,nan,rf,nan,nan,f1_score,0.5,2026-05-26,3952117121
0.0,plants_ny_2017,9,rf,nan,nan,nan,rf,nan,nan,f1_score,0.5,2026-05-26,3994256709
0.0,plants_ny_2017,9,rf,nan,nan,nan,rf,nan,nan,f1_score,0.5,2026-05-26,2992675642
0.0,plants_ny_2017,9,rf,nan,nan,nan,rf,nan,nan,f1_score,0.5,2026-05-26,2873773538
0.0,plants_ny_2017,9,rf,nan,nan,nan,rf,nan,nan,f1_score,0.5,2026-05-26,2873893551
0.0,plants_ny_2017,9,rf,nan,nan,nan,rf,nan,nan,f1_score,0.5,2026-05-26,3955326298
0.0,plants_ny_2017,9,rf,nan,nan,nan,rf,nan,nan,f1_score,0.5,2026-05-26,2873934665
0.0,plants_ny_2017,9,rf,nan,nan,nan,rf,nan,nan,f1_score,0.5,2026-05-26,2862537868
0.0,plants_ny_2017,9,rf,nan,nan,nan,rf,nan,nan,f1_score,0.5,2026-05-26,2873873859
0.0,plants_ny_2017,9,rf,nan,nan,nan,rf,nan,nan,f1_score,0.5,2026-05-26,5086914881
0.0,plants_ny_2017,9,rf,nan,nan,nan,rf,nan,nan,f1_score,0.5,2026-05-26,2873860830
0.0,plants_ny_2017,9,rf,nan,nan,nan,rf,nan,nan,f1_score,0.5,2026-05-26,2873751604
0.0,plants_ny_2017,9,rf,nan,nan,nan,rf,nan,nan,f1_score,0.5,2026-05-26,3873100003
0.0,plants_ny_2017,9,rf,nan,nan,nan,rf,nan,nan,f1_score,0.5,2026-05-26,4034792638
0.0,plants_ny_2017,9,rf,nan,nan,nan,rf,nan,nan,f1_score,0.5,2026-05-26,3873057601
0.0,plants_ny_2017,9,rf,nan,nan,nan,rf,nan,nan,f1_score,0.5,2026-05-26,3383873775
0.0,plants_ny_2017,9,rf,nan,nan,nan,rf,nan,nan,f1_score,0.5,2026-05-26,2992704629
0.0,plants_ny_2017,9,rf,nan,nan,nan,rf,nan,nan,f1_score,0.5,2026-05-26,2873885838
0.0,plants_ny_2017,9,rf,nan,nan,nan,rf,nan,nan,f1_score,0.5,2026-05-26,3953359284
0.0,plants_ny_2017,9,rf,nan,nan,nan,rf,nan,nan,f1_score,0.5,2026-05-26,3881787338
0.0,plants_ny_2017,9,rf,nan,nan,nan,rf,nan,nan,f1_score,0.5,2026-05-26,3746998427
0.0,plants_ny_2017,9,rf,nan,nan,nan,rf,nan,nan,f1_score,0.5,2026-05-26,2873763612
0.0,plants_ny_2017,9,rf,nan,nan,nan,rf,nan,nan,f1_score,0.5,2026-05-26,3953020878
0.0,plants_ny_2017,9,rf,nan,nan,nan,rf,nan,nan,f1_score,0.5,2026-05-26,2883041959
0.0,plants_ny_2017,9,rf,nan,nan,nan,rf,nan,nan,f1_score,0.5,2026-05-26,2873963673
0.0,plants_ny_2017,9,rf,nan,nan,nan,rf,nan,nan,f1_score,0.5,2026-05-26,3759778365
0.0,plants_ny_2017,9,rf,nan,nan,nan,rf,nan,nan,f1_score,0.5,2026-05-26,2981086888
0.0,plants_ny_2017,9,rf,nan,nan,nan,rf,nan,nan,f1_score,0.5,2026-05-26,2873767540
0.0,plants_ny_2017,9,rf,nan,nan,nan,rf,nan,nan,f1_score,0.5,2026-05-26,2873845577
0.0,plants_ny_2017,9,rf,nan,nan,nan,rf,nan,nan,f1_score,0.5,2026-05-26,2988299664
0.0,plants_ny_2017,9,rf,nan,nan,nan,rf,nan,nan,f1_score,0.5,2026-05-26,3958233092
0.0,plants_ny_2017,9,rf,nan,nan,nan,rf,nan,nan,f1_score,0.5,2026-05-26,2366085777
0.0,plants_ny_2017,9,rf,nan,nan,nan,rf,nan,nan,f1_score,0.5,2026-05-26,4145608336
0.0,plants_ny_2017,9,rf,nan,nan,nan,rf,nan,nan,f1_score,0.5,2026-05-26,4006752367
0.0,plants_ny_2017,9,rf,nan,nan,nan,rf,nan,nan,f1_score,0.5,2026-05-26,3859183310
0.0,plants_ny_2017,9,rf,nan,nan,nan,rf,nan,nan,f1_score,0.5,2026-05-26,3902890481
0.0,plants_ny_2017,9,rf,nan,nan,nan,rf,nan,nan,f1_score,0.5,2026-05-26,2366085619
0.0,plants_ny_2017,9,rf,nan,nan,nan,rf,nan,nan,f1_score,0.5,2026-05-26,3468773489
0.0,plants_ny_2017,9,rf,nan,nan,nan,rf,nan,nan,f1_score,0.5,2026-05-26,3954518799
0.0,plants_ny_2017,9,rf,nan,nan,nan,rf,nan,nan,f1_score,0.5,2026-05-26,3953159899
0.0,plants_ny_2017,9,rf,nan,nan,nan,rf,nan,nan,f1_score,0.5,2026-05-26,1092892270
0.0,plants_ny_2017,9,rf,nan,nan,nan,rf,nan,nan,f1_score,0.5,2026-05-26,3959650413
0.0,plants_ny_2017,9,rf,nan,nan,nan,rf,nan,nan,f1_score,0.5,2026-05-26,2366111236
0.0,plants_ny_2017,9,rf,nan,nan,nan,rf,nan,nan,f1_score,0.5,2026-05-26,3952191075
0.0,plants_ny_2017,9,rf,nan,nan,nan,rf,nan,nan,f1_score,0.5,2026-05-26,2563458007
0.0,plants_ny_2017,9,rf,nan,nan,nan,rf,nan,nan,f1_score,0.5,2026-05-26,2859891557
0.0,plants_ny_2017,9,rf,nan,nan,nan,rf,nan,nan,f1_score,0.5,2026-05-26,3466030836
0.0,plants_ny_2017,9,rf,nan,nan,nan,rf,nan,nan,f1_score,0.5,2026-05-26,3999033872
0.0,plants_ny_2017,9,rf,nan,nan,nan,rf,nan,nan,f1_score,0.5,2026-05-26,3416068996
0.0,plants_ny_2017,9,rf,nan,nan,nan,rf,nan,nan,f1_score,0.5,2026-05-26,3872899678
0.0,plants_ny_2017,9,rf,nan,nan,nan,rf,nan,nan,f1_score,0.5,2026-05-26,3952506718
0.0,plants_ny_2017,9,rf,nan,nan,nan,rf,nan,nan,f1_score,0.5,2026-05-26,3953818964
0.0,plants_ny_2017,9,rf,nan,nan,nan,rf,nan,nan,f1_score,0.5,2026-05-26,2366112471
0.0,plants_ny_2017,9,rf,nan,nan,nan,rf,nan,nan,f1_score,0.5,2026-05-26,3881433791
0.0,plants_ny_2017,9,rf,nan,nan,nan,rf,nan,nan,f1_score,0.5,2026-05-26,2641345522
0.0,plants_ny_2017,9,rf,nan,nan,nan,rf,nan,nan,f1_score,0.5,2026-05-26,2873814788
0.0,plants_ny_2017,9,rf,nan,nan,nan,rf,nan,nan,f1_score,0.5,2026-05-26,3337681834
0.0,plants_ny_2017,9,rf,nan,nan,nan,rf,nan,nan,f1_score,0.5,2026-05-26,2826245445
0.0,plants_ny_2017,9,rf,nan,nan,nan,rf,nan,nan,f1_score,0.5,2026-05-26,4458609398
0.0,plants_ny_2017,9,rf,nan,nan,nan,rf,nan,nan,f1_score,0.5,2026-05-26,3956275626
0.0,plants_ny_2017,9,rf,nan,nan,nan,rf,nan,nan,f1_score,0.5,2026-05-26,3005175573
0.0,plants_ny_2017,9,rf,nan,nan,nan,rf,nan,nan,f1_score,0.5,2026-05-26,3415820432
0.0,plants_ny_2017,9,rf,nan,nan,nan,rf,nan,nan,f1_score,0.5,2026-05-26,3005123571
0.0,plants_ny_2017,9,rf,nan,nan,nan,rf,nan,nan,f1_score,0.5,2026-05-26,2422951101
0.0,plants_ny_2017,9,rf,nan,nan,nan,rf,nan,nan,f1_score,0.5,2026-05-26,3998162143
0.0,plants_ny_2017,9,rf,nan,nan,nan,rf,nan,nan,f1_score,0.5,2026-05-26,2873800681
0.0,plants_ny_2017,9,rf,nan,nan,nan,rf,nan,nan,f1_score,0.5,2026-05-26,3951671456
0.0,plants_ny_2017,9,rf,nan,nan,nan,rf,nan,nan,f1_score,0.5,2026-05-26,4153812383
0.0,plants_ny_2017,9,rf,nan,nan,nan,rf,nan,nan,f1_score,0.5,2026-05-26,3039326814
0.0,plants_ny_2017,9,rf,nan,nan,nan,rf,nan,nan,f1_score,0.5,2026-05-26,2868308403
0.0,plants_ny_2017,9,rf,nan,nan,nan,rf,nan,nan,f1_score,0.5,2026-05-26,2873743913
0.0,plants_ny_2017,9,rf,nan,nan,nan,rf,nan,nan,f1_score,0.5,2026-05-26,3998927252
0.0,plants_ny_2017,9,rf,nan,nan,nan,rf,nan,nan,f1_score,0.5,2026-05-26,4054766339
0.0,plants_ny_2017,9,rf,nan,nan,nan,rf,nan,nan,f1_score,0.5,2026-05-26,2429237387
0.0,plants_ny_2017,9,rf,nan,nan,nan,rf,nan,nan,f1_score,0.5,2026-05-26,2873716703
0.0,plants_ny_2017,9,rf,nan,nan,nan,rf,nan,nan,f1_score,0.5,2026-05-26,3960258916
0.0,plants_ny_2017,9,rf,nan,nan,nan,rf,nan,nan,f1_score,0.5,2026-05-26,4153932372
0.0,plants_ny_2017,9,rf,nan,nan,nan,rf,nan,nan,f1_score,0.5,2026-05-26,3881461771
0.0,plants_ny_2017,9,rf,nan,nan,nan,rf,nan,nan,f1_score,0.5,2026-05-26,3902680601
0.0,plants_ny_2017,9,rf,nan,nan,nan,rf,nan,nan,f1_score,0.5,2026-05-26,2366101218
0.0,plants_ny_2017,9,rf,nan,nan,nan,rf,nan,nan,f1_score,0.5,2026-05-26,3960273825
0.0,plants_ny_2017,9,rf,nan,nan,nan,rf,nan,nan,f1_score,0.5,2026-05-26,1584399301
0.0,plants_ny_2017,9,rf,nan,nan,nan,rf,nan,nan,f1_score,0.5,2026-05-26,2980784841
0.0,plants_ny_2017,9,rf,nan,nan,nan,rf,nan,nan,f1_score,0.5,2026-05-26,3860427680
0.0,plants_ny_2017,9,rf,nan,nan,nan,rf,nan,nan,f1_score,0.5,2026-05-26,3998839146
0.0,plants_ny_2017,9,rf,nan,nan,nan,rf,nan,nan,f1_score,0.5,2026-05-26,2366064988
0.0,plants_ny_2017,9,rf,nan,nan,nan,rf,nan,nan,f1_score,0.5,2026-05-26,3109272448
0.0,plants_ny_2017,9,rf,nan,nan,nan,rf,nan,nan,f1_score,0.5,2026-05-26,4852424341
0.0,plants_ny_2017,9,rf,nan,nan,nan,rf,nan,nan,f1_score,0.5,2026-05-26,2802743212
0.0,plants_ny_2017,9,rf,nan,nan,nan,rf,nan,nan,f1_score,0.5,2026-05-26,2626148518
0.0,plants_ny_2017,9,rf,nan,nan,nan,rf,nan,nan,f1_score,0.5,2026-05-26,2988331841
0.0,plants_ny_2017,9,rf,nan,nan,nan,rf,nan,nan,f1_score,0.5,2026-05-26,3416033613
0.0,plants_ny_2017,9,rf,nan,nan,nan,rf,nan,nan,f1_score,0.5,2026-05-26,4852022502
0.0,plants_ny_2017,9,rf,nan,nan,nan,rf,nan,nan,f1_score,0.5,2026-05-26,3953208758
0.0,plants_ny_2017,9,rf,nan,nan,nan,rf,nan,nan,f1_score,0.5,2026-05-26,2873806781
0.0,plants_ny_2017,9,rf,nan,nan,nan,rf,nan,nan,f1_score,0.5,2026-05-26,2273325216
0.0,plants_ny_2017,9,rf,nan,nan,nan,rf,nan,nan,f1_score,0.5,2026-05-26,6130451392
0.0,plants_ny_2017,9,rf,nan,nan,nan,rf,nan,nan,f1_score,0.5,2026-05-26,3860417600
0.0,plants_ny_2017,9,rf,nan,nan,nan,rf,nan,nan,f1_score,0.5,2026-05-26,3959886168
0.0,plants_ny_2017,9,rf,nan,nan,nan,rf,nan,nan,f1_score,0.5,2026-05-26,3951437097
0.0,plants_ny_2017,9,rf,nan,nan,nan,rf,nan,nan,f1_score,0.5,2026-05-26,3957996522
0.0,plants_ny_2017,9,rf,nan,nan,nan,rf,nan,nan,f1_score,0.5,2026-05-26,2873789902
0.0,plants_ny_2017,9,rf,nan,nan,nan,rf,nan,nan,f1_score,0.5,2026-05-26,2563472917
0.0,plants_ny_2017,9,rf,nan,nan,nan,rf,nan,nan,f1_score,0.5,2026-05-26,4018301340
0.0,plants_ny_2017,9,rf,nan,nan,nan,rf,nan,nan,f1_score,0.5,2026-05-26,3957131865
0.0,plants_ny_2017,9,rf,nan,nan,nan,rf,nan,nan,f1_score,0.5,2026-05-26,4171381418
0.0,plants_ny_2017,9,rf,nan,nan,nan,rf,nan,nan,f1_score,0.5,2026-05-26,3337455367
0.0,plants_ny_2017,9,rf,nan,nan,nan,rf,nan,nan,f1_score,0.5,2026-05-26,3044609709
0.0,plants_ny_2017,9,rf,nan,nan,nan,rf,nan,nan,f1_score,0.5,2026-05-26,2873953656
0.0,plants_ny_2017,9,rf,nan,nan,nan,rf,nan,nan,f1_score,0.5,2026-05-26,3455462593
0.0,plants_ny_2017,9,rf,nan,nan,nan,rf,nan,nan,f1_score,0.5,2026-05-26,2366087194
0.0,plants_ny_2017,9,rf,nan,nan,nan,rf,nan,nan,f1_score,0.5,2026-05-26,3705527388
0.0,plants_ny_2017,9,rf,nan,nan,nan,rf,nan,nan,f1_score,0.5,2026-05-26,2802703556
0.0,plants_ny_2017,9,rf,nan,nan,nan,rf,nan,nan,f1_score,0.5,2026-05-26,3947191131
0.0,plants_ny_2017,9,rf,nan,nan,nan,rf,nan,nan,f1_score,0.5,2026-05-26,3954160079
0.0,plants_ny_2017,9,rf,nan,nan,nan,rf,nan,nan,f1_score,0.5,2026-05-26,3335165269
0.0,plants_ny_2017,9,rf,nan,nan,nan,rf,nan,nan,f1_score,0.5,2026-05-26,4596756463
0.0,plants_ny_2017,9,rf,nan,nan,nan,rf,nan,nan,f1_score,0.5,2026-05-26,3998223035
0.0,plants_ny_2017,9,rf,nan,nan,nan,rf,nan,nan,f1_score,0.5,2026-05-26,2980796839
0.0,plants_ny_2017,9,rf,nan,nan,nan,rf,nan,nan,f1_score,0.5,2026-05-26,2975827144
0.0,plants_ny_2017,9,rf,nan,nan,nan,rf,nan,nan,f1_score,0.5,2026-05-26,3952306422
0.0,plants_ny_2017,9,rf,nan,nan,nan,rf,nan,nan,f1_score,0.5,2026-05-26,3956342840
0.0,plants_ny_2017,9,rf,nan,nan,nan,rf,nan,nan,f1_score,0.5,2026-05-26,5154213438
0.0,plants_ny_2017,9,rf,nan,nan,nan,rf,nan,nan,f1_score,0.5,2026-05-26,3902969359
0.0,plants_ny_2017,9,rf,nan,nan,nan,rf,nan,nan,f1_score,0.5,2026-05-26,3960214537
0.0,plants_ny_2017,9,rf,nan,nan,nan,rf,nan,nan,f1_score,0.5,2026-05-26,3953725266
0.0,plants_ny_2017,9,rf,nan,nan,nan,rf,nan,nan,f1_score,0.5,2026-05-26,4516606537
0.0,plants_ny_2017,9,rf,nan,nan,nan,rf,nan,nan,f1_score,0.5,2026-05-26,3952087393
0.0,plants_ny_2017,9,rf,nan,nan,nan,rf,nan,nan,f1_score,0.5,2026-05-26,2366112773
0.0,plants_ny_2017,9,rf,nan,nan,nan,rf,nan,nan,f1_score,0.5,2026-05-26,3956169265
0.0,plants_ny_2017,9,rf,nan,nan,nan,rf,nan,nan,f1_score,0.5,2026-05-26,3953433221
0.0,plants_ny_2017,9,rf,nan,nan,nan,rf,nan,nan,f1_score,0.5,2026-05-26,2366111261
0.0,plants_ny_2017,9,rf,nan,nan,nan,rf,nan,nan,f1_score,0.5,2026-05-26,3079821227
0.0,plants_ny_2017,9,rf,nan,nan,nan,rf,nan,nan,f1_score,0.5,2026-05-26,5216647329
0.0,plants_ny_2017,9,rf,nan,nan,nan,rf,nan,nan,f1_score,0.5,2026-05-26,5760689235
0.0,plants_ny_2017,9,rf,nan,nan,nan,rf,nan,nan,f1_score,0.5,2026-05-26,2873847852
0.0,plants_ny_2017,9,rf,nan,nan,nan,rf,nan,nan,f1_score,0.5,2026-05-26,2850743366
0.0,plants_ny_2017,9,rf,nan,nan,nan,rf,nan,nan,f1_score,0.5,2026-05-26,2851281356
0.0,plants_ny_2017,9,rf,nan,nan,nan,rf,nan,nan,f1_score,0.5,2026-05-26,6251859797
0.0,plants_ny_2017,9,rf,nan,nan,nan,rf,nan,nan,f1_score,0.5,2026-05-26,2868251979
0.0,plants_ny_2017,9,rf,nan,nan,nan,rf,nan,nan,f1_score,0.5,2026-05-26,2873802695
0.0,plants_ny_2017,9,rf,nan,nan,nan,rf,nan,nan,f1_score,0.5,2026-05-26,3957314948
0.0,plants_ny_2017,9,rf,nan,nan,nan,rf,nan,nan,f1_score,0.5,2026-05-26,2851293386
0.0,plants_ny_2017,9,rf,nan,nan,nan,rf,nan,nan,f1_score,0.5,2026-05-26,3079789164
0.0,plants_ny_2017,9,rf,nan,nan,nan,rf,nan,nan,f1_score,0.5,2026-05-26,2851197392
0.0,plants_ny_2017,9,rf,nan,nan,nan,rf,nan,nan,f1_score,0.5,2026-05-26,3061567799
0.0,plants_ny_2017,9,rf,nan,nan,nan,rf,nan,nan,f1_score,0.5,2026-05-26,3384342442
0.0,plants_ny_2017,9,rf,nan,nan,nan,rf,nan,nan,f1_score,0.5,2026-05-26,2851294394
0.0,plants_ny_2017,9,rf,nan,nan,nan,rf,nan,nan,f1_score,0.5,2026-05-26,4438870386
0.0,plants_ny_2017,9,rf,nan,nan,nan,rf,nan,nan,f1_score,0.5,2026-05-26,2366111608
0.0,plants_ny_2017,9,rf,nan,nan,nan,rf,nan,nan,f1_score,0.5,2026-05-26,4416636445
0.0,plants_ny_2017,9,rf,nan,nan,nan,rf,nan,nan,f1_score,0.5,2026-05-26,3858259550
0.0,plants_ny_2017,9,rf,nan,nan,nan,rf,nan,nan,f1_score,0.5,2026-05-26,2851292384
0.0,plants_ny_2017,9,rf,nan,nan,nan,rf,nan,nan,f1_score,0.5,2026-05-26,2517992038
0.0,plants_ny_2017,9,rf,nan,nan,nan,rf,nan,nan,f1_score,0.5,2026-05-26,5076712512
0.0,plants_ny_2017,9,rf,nan,nan,nan,rf,nan,nan,f1_score,0.5,2026-05-26,3058692658
0.0,plants_ny_2017,9,rf,nan,nan,nan,rf,nan,nan,f1_score,0.5,2026-05-26,3958883158
0.0,plants_ny_2017,9,rf,nan,nan,nan,rf,nan,nan,f1_score,0.5,2026-05-26,2851246387
0.0,plants_ny_2017,9,rf,nan,nan,nan,rf,nan,nan,f1_score,0.5,2026-05-26,3881701337
0.0,plants_ny_2017,9,rf,nan,nan,nan,rf,nan,nan,f1_score,0.5,2026-05-26,4046728383
0.0,plants_ny_2017,9,rf,nan,nan,nan,rf,nan,nan,f1_score,0.5,2026-05-26,3759085448
0.0,plants_ny_2017,9,rf,nan,nan,nan,rf,nan,nan,f1_score,0.5,2026-05-26,3061702662
0.0,plants_ny_2017,9,rf,nan,nan,nan,rf,nan,nan,f1_score,0.5,2026-05-26,3415567464
0.0,plants_ny_2017,9,rf,nan,nan,nan,rf,nan,nan,f1_score,0.5,2026-05-26,3957185341
0.0,plants_ny_2017,9,rf,nan,nan,nan,rf,nan,nan,f1_score,0.5,2026-05-26,3953127507
0.0,plants_ny_2017,9,rf,nan,nan,nan,rf,nan,nan,f1_score,0.5,2026-05-26,5076723599
0.0,plants_ny_2017,9,rf,nan,nan,nan,rf,nan,nan,f1_score,0.5,2026-05-26,3902061571
0.0,plants_ny_2017,9,rf,nan,nan,nan,rf,nan,nan,f1_score,0.5,2026-05-26,3061514442
0.0,plants_ny_2017,9,rf,nan,nan,nan,rf,nan,nan,f1_score,0.5,2026-05-26,4952480668
0.0,plants_ny_2017,9,rf,nan,nan,nan,rf,nan,nan,f1_score,0.5,2026-05-26,6195380536
0.0,plants_ny_2017,9,rf,nan,nan,nan,rf,nan,nan,f1_score,0.5,2026-05-26,1586949304
0.0,plants_ny_2017,9,rf,nan,nan,nan,rf,nan,nan,f1_score,0.5,2026-05-26,3008446484
0.0,plants_ny_2017,9,rf,nan,nan,nan,rf,nan,nan,f1_score,0.5,2026-05-26,3873476129
0.0,plants_ny_2017,9,rf,nan,nan,nan,rf,nan,nan,f1_score,0.5,2026-05-26,3998223440
0.0,plants_ny_2017,9,rf,nan,nan,nan,rf,nan,nan,f1_score,0.5,2026-05-26,2826543273
0.0,plants_ny_2017,9,rf,nan,nan,nan,rf,nan,nan,f1_score,0.5,2026-05-26,2851140260
0.0,plants_ny_2017,9,rf,nan,nan,nan,rf,nan,nan,f1_score,0.5,2026-05-26,3343931206
0.0,plants_ny_2017,9,rf,nan,nan,nan,rf,nan,nan,f1_score,0.5,2026-05-26,3017993505
0.0,plants_ny_2017,9,rf,nan,nan,nan,rf,nan,nan,f1_score,0.5,2026-05-26,2984569783
0.0,plants_ny_2017,9,rf,nan,nan,nan,rf,nan,nan,f1_score,0.5,2026-05-26,2862345937
0.0,plants_ny_2017,9,rf,nan,nan,nan,rf,nan,nan,f1_score,0.5,2026-05-26,2850913310
0.0,plants_ny_2017,9,rf,nan,nan,nan,rf,nan,nan,f1_score,0.5,2026-05-26,2603417031
0.0,plants_ny_2017,9,rf,nan,nan,nan,rf,nan,nan,f1_score,0.5,2026-05-26,3954435716
0.0,plants_ny_2017,9,rf,nan,nan,nan,rf,nan,nan,f1_score,0.5,2026-05-26,4926029317
0.0,plants_ny_2017,9,rf,nan,nan,nan,rf,nan,nan,f1_score,0.5,2026-05-26,2851129274
0.0,plants_ny_2017,9,rf,nan,nan,nan,rf,nan,nan,f1_score,0.5,2026-05-26,3320968431
0.0,plants_ny_2017,9,rf,nan,nan,nan,rf,nan,nan,f1_score,0.5,2026-05-26,4009846419
0.0,plants_ny_2017,9,rf,nan,nan,nan,rf,nan,nan,f1_score,0.5,2026-05-26,3113334925
0.0,plants_ny_2017,9,rf,nan,nan,nan,rf,nan,nan,f1_score,0.5,2026-05-26,3954294496
0.0,plants_ny_2017,9,rf,nan,nan,nan,rf,nan,nan,f1_score,0.5,2026-05-26,3044585607
0.0,plants_ny_2017,9,rf,nan,nan,nan,rf,nan,nan,f1_score,0.5,2026-05-26,3956834027
0.0,plants_ny_2017,9,rf,nan,nan,nan,rf,nan,nan,f1_score,0.5,2026-05-26,3760290653
0.0,plants_ny_2017,9,rf,nan,nan,nan,rf,nan,nan,f1_score,0.5,2026-05-26,4075755400
0.0,plants_ny_2017,9,rf,nan,nan,nan,rf,nan,nan,f1_score,0.5,2026-05-26,3953312293
0.0,plants_ny_2017,9,rf,nan,nan,nan,rf,nan,nan,f1_score,0.5,2026-05-26,1640046247
0.0,plants_ny_2017,9,rf,nan,nan,nan,rf,nan,nan,f1_score,0.5,2026-05-26,5006794444
0.0,plants_ny_2017,9,rf,nan,nan,nan,rf,nan,nan,f1_score,0.5,2026-05-26,3872962179
0.0,plants_ny_2017,9,rf,nan,nan,nan,rf,nan,nan,f1_score,0.5,2026-05-26,5932759594
0.0,plants_ny_2017,9,rf,nan,nan,nan,rf,nan,nan,f1_score,0.5,2026-05-26,4120898985
0.0,plants_ny_2017,9,rf,nan,nan,nan,rf,nan,nan,f1_score,0.5,2026-05-26,4528222487
0.0,plants_ny_2017,9,rf,nan,nan,nan,rf,nan,nan,f1_score,0.5,2026-05-26,3330531483
0.0,plants_ny_2017,9,rf,nan,nan,nan,rf,nan,nan,f1_score,0.5,2026-05-26,4120850445
0.0,plants_ny_2017,9,rf,nan,nan,nan,rf,nan,nan,f1_score,0.5,2026-05-26,3384859542
0.0,plants_ny_2017,9,rf,nan,nan,nan,rf,nan,nan,f1_score,0.5,2026-05-26,3957222005
0.0,plants_ny_2017,9,rf,nan,nan,nan,rf,nan,nan,f1_score,0.5,2026-05-26,4524920683
0.0,plants_ny_2017,9,rf,nan,nan,nan,rf,nan,nan,f1_score,0.5,2026-05-26,2850644162
0.0,plants_ny_2017,9,rf,nan,nan,nan,rf,nan,nan,f1_score,0.5,2026-05-26,3953571592
0.0,plants_ny_2017,9,rf,nan,nan,nan,rf,nan,nan,f1_score,0.5,2026-05-26,4145649611
0.0,plants_ny_2017,9,rf,nan,nan,nan,rf,nan,nan,f1_score,0.5,2026-05-26,3949008632
0.0,plants_ny_2017,9,rf,nan,nan,nan,rf,nan,nan,f1_score,0.5,2026-05-26,3998875473
0.0,plants_ny_2017,9,rf,nan,nan,nan,rf,nan,nan,f1_score,0.5,2026-05-26,3018122442
0.0,plants_ny_2017,9,rf,nan,nan,nan,rf,nan,nan,f1_score,0.5,2026-05-26,3986190569
0.0,plants_ny_2017,9,rf,nan,nan,nan,rf,nan,nan,f1_score,0.5,2026-05-26,4046413372
0.0,plants_ny_2017,9,rf,nan,nan,nan,rf,nan,nan,f1_score,0.5,2026-05-26,4507843383
0.0,plants_ny_2017,9,rf,nan,nan,nan,rf,nan,nan,f1_score,0.5,2026-05-26,3881596374
0.0,plants_ny_2017,9,rf,nan,nan,nan,rf,nan,nan,f1_score,0.5,2026-05-26,4527946494
0.0,plants_ny_2017,9,rf,nan,nan,nan,rf,nan,nan,f1_score,0.5,2026-05-26,3455578607
0.0,plants_ny_2017,9,rf,nan,nan,nan,rf,nan,nan,f1_score,0.5,2026-05-26,4046753575
0.0,plants_ny_2017,9,rf,nan,nan,nan,rf,nan,nan,f1_score,0.5,2026-05-26,2873957772
0.0,plants_ny_2017,9,rf,nan,nan,nan,rf,nan,nan,f1_score,0.5,2026-05-26,3956366859
0.0,plants_ny_2017,9,rf,nan,nan,nan,rf,nan,nan,f1_score,0.5,2026-05-26,5109136090
0.0,plants_ny_2017,9,rf,nan,nan,nan,rf,nan,nan,f1_score,0.5,2026-05-26,3873633212
0.0,plants_ny_2017,9,rf,nan,nan,nan,rf,nan,nan,f1_score,0.5,2026-05-26,3948999565
0.0,plants_ny_2017,9,rf,nan,nan,nan,rf,nan,nan,f1_score,0.5,2026-05-26,2851191235
0.0,plants_ny_2017,9,rf,nan,nan,nan,rf,nan,nan,f1_score,0.5,2026-05-26,2802724611
0.0,plants_ny_2017,9,rf,nan,nan,nan,rf,nan,nan,f1_score,0.5,2026-05-26,3985692390
0.0,plants_ny_2017,9,rf,nan,nan,nan,rf,nan,nan,f1_score,0.5,2026-05-26,2851057234
0.0,plants_ny_2017,9,rf,nan,nan,nan,rf,nan,nan,f1_score,0.5,2026-05-26,3118466378
0.0,plants_ny_2017,9,rf,nan,nan,nan,rf,nan,nan,f1_score,0.5,2026-05-26,3949499564
0.0,plants_ny_2017,9,rf,nan,nan,nan,rf,nan,nan,f1_score,0.5,2026-05-26,3881743494
0.0,plants_ny_2017,9,rf,nan,nan,nan,rf,nan,nan,f1_score,0.5,2026-05-26,2873953948
0.0,plants_ny_2017,9,rf,nan,nan,nan,rf,nan,nan,f1_score,0.5,2026-05-26,2984561404
0.0,plants_ny_2017,9,rf,nan,nan,nan,rf,nan,nan,f1_score,0.5,2026-05-26,4980699019
0.0,plants_ny_2017,9,rf,nan,nan,nan,rf,nan,nan,f1_score,0.5,2026-05-26,3958674828
0.0,plants_ny_2017,9,rf,nan,nan,nan,rf,nan,nan,f1_score,0.5,2026-05-26,3952386225
0.0,plants_ny_2017,9,rf,nan,nan,nan,rf,nan,nan,f1_score,0.5,2026-05-26,5109129559
0.0,plants_ny_2017,9,rf,nan,nan,nan,rf,nan,nan,f1_score,0.5,2026-05-26,2850658233
0.0,plants_ny_2017,9,rf,nan,nan,nan,rf,nan,nan,f1_score,0.5,2026-05-26,3881359466
0.0,plants_ny_2017,9,rf,nan,nan,nan,rf,nan,nan,f1_score,0.5,2026-05-26,3956722689
0.0,plants_ny_2017,9,rf,nan,nan,nan,rf,nan,nan,f1_score,0.5,2026-05-26,3954746654
0.0,plants_ny_2017,9,rf,nan,nan,nan,rf,nan,nan,f1_score,0.5,2026-05-26,3988850381
0.0,plants_ny_2017,9,rf,nan,nan,nan,rf,nan,nan,f1_score,0.5,2026-05-26,3124869844
0.0,plants_ny_2017,9,rf,nan,nan,nan,rf,nan,nan,f1_score,0.5,2026-05-26,3415812386
0.0,plants_ny_2017,9,rf,nan,nan,nan,rf,nan,nan,f1_score,0.5,2026-05-26,3915312328
0.0,plants_ny_2017,9,rf,nan,nan,nan,rf,nan,nan,f1_score,0.5,2026-05-26,2802667507
0.0,plants_ny_2017,9,rf,nan,nan,nan,rf,nan,nan,f1_score,0.5,2026-05-26,2992697099
0.0,plants_ny_2017,9,rf,nan,nan,nan,rf,nan,nan,f1_score,0.5,2026-05-26,3953163643
0.0,plants_ny_2017,9,rf,nan,nan,nan,rf,nan,nan,f1_score,0.5,2026-05-26,2366111803
0.0,plants_ny_2017,9,rf,nan,nan,nan,rf,nan,nan,f1_score,0.5,2026-05-26,2850704240
0.0,plants_ny_2017,9,rf,nan,nan,nan,rf,nan,nan,f1_score,0.5,2026-05-26,2862566022
0.0,plants_ny_2017,9,rf,nan,nan,nan,rf,nan,nan,f1_score,0.5,2026-05-26,2802671703
0.0,plants_ny_2017,9,rf,nan,nan,nan,rf,nan,nan,f1_score,0.5,2026-05-26,3985741389
0.0,plants_ny_2017,9,rf,nan,nan,nan,rf,nan,nan,f1_score,0.5,2026-05-26,3302022672
0.0,plants_ny_2017,9,rf,nan,nan,nan,rf,nan,nan,f1_score,0.5,2026-05-26,3338030512
0.0,plants_ny_2017,9,rf,nan,nan,nan,rf,nan,nan,f1_score,0.5,2026-05-26,2862557509
0.0,plants_ny_2017,9,rf,nan,nan,nan,rf,nan,nan,f1_score,0.5,2026-05-26,4919660513
0.0,plants_ny_2017,9,rf,nan,nan,nan,rf,nan,nan,f1_score,0.5,2026-05-26,1586949329
0.0,plants_ny_2017,9,rf,nan,nan,nan,rf,nan,nan,f1_score,0.5,2026-05-26,2999188196
0.0,plants_ny_2017,9,rf,nan,nan,nan,rf,nan,nan,f1_score,0.5,2026-05-26,3384644194
0.0,plants_ny_2017,9,rf,nan,nan,nan,rf,nan,nan,f1_score,0.5,2026-05-26,2873748813
0.0,plants_ny_2017,9,rf,nan,nan,nan,rf,nan,nan,f1_score,0.5,2026-05-26,3321244434
0.0,plants_ny_2017,9,rf,nan,nan,nan,rf,nan,nan,f1_score,0.5,2026-05-26,3456731618
0.0,plants_ny_2017,9,rf,nan,nan,nan,rf,nan,nan,f1_score,0.5,2026-05-26,3872903272
0.0,plants_ny_2017,9,rf,nan,nan,nan,rf,nan,nan,f1_score,0.5,2026-05-26,3859369936
0.0,plants_ny_2017,9,rf,nan,nan,nan,rf,nan,nan,f1_score,0.5,2026-05-26,3039299672
0.0,plants_ny_2017,9,rf,nan,nan,nan,rf,nan,nan,f1_score,0.5,2026-05-26,3031582063
0.0,plants_ny_2017,9,rf,nan,nan,nan,rf,nan,nan,f1_score,0.5,2026-05-26,2366154218
0.0,plants_ny_2017,9,rf,nan,nan,nan,rf,nan,nan,f1_score,0.5,2026-05-26,4011709489
0.0,plants_ny_2017,9,rf,nan,nan,nan,rf,nan,nan,f1_score,0.5,2026-05-26,4982089288
0.0,plants_ny_2017,9,rf,nan,nan,nan,rf,nan,nan,f1_score,0.5,2026-05-26,3952895824
0.0,plants_ny_2017,9,rf,nan,nan,nan,rf,nan,nan,f1_score,0.5,2026-05-26,2850851235
0.0,plants_ny_2017,9,rf,nan,nan,nan,rf,nan,nan,f1_score,0.5,2026-05-26,3958420669
0.0,plants_ny_2017,9,rf,nan,nan,nan,rf,nan,nan,f1_score,0.5,2026-05-26,4512037436
0.0,plants_ny_2017,9,rf,nan,nan,nan,rf,nan,nan,f1_score,0.5,2026-05-26,3947730461
0.0,plants_ny_2017,9,rf,nan,nan,nan,rf,nan,nan,f1_score,0.5,2026-05-26,3383965657
0.0,plants_ny_2017,9,rf,nan,nan,nan,rf,nan,nan,f1_score,0.5,2026-05-26,3307455953
0.0,plants_ny_2017,9,rf,nan,nan,nan,rf,nan,nan,f1_score,0.5,2026-05-26,2802806481
0.0,plants_ny_2017,9,rf,nan,nan,nan,rf,nan,nan,f1_score,0.5,2026-05-26,2873791902
0.0,plants_ny_2017,9,rf,nan,nan,nan,rf,nan,nan,f1_score,0.5,2026-05-26,2999132599
0.0,plants_ny_2017,9,rf,nan,nan,nan,rf,nan,nan,f1_score,0.5,2026-05-26,3330532529
0.0,plants_ny_2017,9,rf,nan,nan,nan,rf,nan,nan,f1_score,0.5,2026-05-26,3117861904
0.0,plants_ny_2017,9,rf,nan,nan,nan,rf,nan,nan,f1_score,0.5,2026-05-26,3044756340
0.0,plants_ny_2017,9,rf,nan,nan,nan,rf,nan,nan,f1_score,0.5,2026-05-26,3335573435
0.0,plants_ny_2017,9,rf,nan,nan,nan,rf,nan,nan,f1_score,0.5,2026-05-26,3456276132
0.0,plants_ny_2017,9,rf,nan,nan,nan,rf,nan,nan,f1_score,0.5,2026-05-26,3079727158
0.0,plants_ny_2017,9,rf,nan,nan,nan,rf,nan,nan,f1_score,0.5,2026-05-26,3923510357
0.0,plants_ny_2017,9,rf,nan,nan,nan,rf,nan,nan,f1_score,0.5,2026-05-26,3307420299
0.0,plants_ny_2017,9,rf,nan,nan,nan,rf,nan,nan,f1_score,0.5,2026-05-26,3954116155
0.0,plants_ny_2017,9,rf,nan,nan,nan,rf,nan,nan,f1_score,0.5,2026-05-26,4062585229
0.0,plants_ny_2017,9,rf,nan,nan,nan,rf,nan,nan,f1_score,0.5,2026-05-26,2814352941
0.0,plants_ny_2017,9,rf,nan,nan,nan,rf,nan,nan,f1_score,0.5,2026-05-26,2850850850
0.0,plants_ny_2017,9,rf,nan,nan,nan,rf,nan,nan,f1_score,0.5,2026-05-26,3957117251
0.0,plants_ny_2017,9,rf,nan,nan,nan,rf,nan,nan,f1_score,0.5,2026-05-26,4994393529
0.0,plants_ny_2017,9,rf,nan,nan,nan,rf,nan,nan,f1_score,0.5,2026-05-26,3959484505
0.0,plants_ny_2017,9,rf,nan,nan,nan,rf,nan,nan,f1_score,0.5,2026-05-26,2901586898
0.0,plants_ny_2017,9,rf,nan,nan,nan,rf,nan,nan,f1_score,0.5,2026-05-26,3958431964
0.0,plants_ny_2017,9,rf,nan,nan,nan,rf,nan,nan,f1_score,0.5,2026-05-26,3468986372
0.0,plants_ny_2017,9,rf,nan,nan,nan,rf,nan,nan,f1_score,0.5,2026-05-26,3999030971
0.0,plants_ny_2017,9,rf,nan,nan,nan,rf,nan,nan,f1_score,0.5,2026-05-26,4982007896
0.0,plants_ny_2017,9,rf,nan,nan,nan,rf,nan,nan,f1_score,0.5,2026-05-26,3953844692
0.0,plants_ny_2017,9,rf,nan,nan,nan,rf,nan,nan,f1_score,0.5,2026-05-26,4075705485
0.0,plants_ny_2017,9,rf,nan,nan,nan,rf,nan,nan,f1_score,0.5,2026-05-26,3915403362
0.0,plants_ny_2017,9,rf,nan,nan,nan,rf,nan,nan,f1_score,0.5,2026-05-26,5062505851
0.0,plants_ny_2017,9,rf,nan,nan,nan,rf,nan,nan,f1_score,0.5,2026-05-26,3398664644
0.0,plants_ny_2017,9,rf,nan,nan,nan,rf,nan,nan,f1_score,0.5,2026-05-26,3355185526
0.0,plants_ny_2017,9,rf,nan,nan,nan,rf,nan,nan,f1_score,0.5,2026-05-26,3902013743
0.0,plants_ny_2017,9,rf,nan,nan,nan,rf,nan,nan,f1_score,0.5,2026-05-26,4875002056
0.0,plants_ny_2017,9,rf,nan,nan,nan,rf,nan,nan,f1_score,0.5,2026-05-26,4987664848
0.0,plants_ny_2017,9,rf,nan,nan,nan,rf,nan,nan,f1_score,0.5,2026-05-26,3951409931
0.0,plants_ny_2017,9,rf,nan,nan,nan,rf,nan,nan,f1_score,0.5,2026-05-26,3860529538
0.0,plants_ny_2017,9,rf,nan,nan,nan,rf,nan,nan,f1_score,0.5,2026-05-26,4028692377
0.0,plants_ny_2017,9,rf,nan,nan,nan,rf,nan,nan,f1_score,0.5,2026-05-26,3956207744
0.0,plants_ny_2017,9,rf,nan,nan,nan,rf,nan,nan,f1_score,0.5,2026-05-26,4528157494
0.0,plants_ny_2017,9,rf,nan,nan,nan,rf,nan,nan,f1_score,0.5,2026-05-26,3998738616
0.0,plants_ny_2017,9,rf,nan,nan,nan,rf,nan,nan,f1_score,0.5,2026-05-26,3759728247
0.0,plants_ny_2017,9,rf,nan,nan,nan,rf,nan,nan,f1_score,0.5,2026-05-26,3314479342
0.0,plants_ny_2017,9,rf,nan,nan,nan,rf,nan,nan,f1_score,0.5,2026-05-26,3956363181
0.0,plants_ny_2017,9,rf,nan,nan,nan,rf,nan,nan,f1_score,0.5,2026-05-26,2980803565
0.0,plants_ny_2017,9,rf,nan,nan,nan,rf,nan,nan,f1_score,0.5,2026-05-26,2818696519
0.0,plants_ny_2017,9,rf,nan,nan,nan,rf,nan,nan,f1_score,0.5,2026-05-26,3957136191
0.0,plants_ny_2017,9,rf,nan,nan,nan,rf,nan,nan,f1_score,0.5,2026-05-26,3947603432
0.0,plants_ny_2017,9,rf,nan,nan,nan,rf,nan,nan,f1_score,0.5,2026-05-26,3079799200
0.0,plants_ny_2017,9,rf,nan,nan,nan,rf,nan,nan,f1_score,0.5,2026-05-26,3759800583
0.0,plants_ny_2017,9,rf,nan,nan,nan,rf,nan,nan,f1_score,0.5,2026-05-26,3952338431
0.0,plants_ny_2017,9,rf,nan,nan,nan,rf,nan,nan,f1_score,0.5,2026-05-26,3070660719
0.0,plants_ny_2017,9,rf,nan,nan,nan,rf,nan,nan,f1_score,0.5,2026-05-26,2883045025
0.0,plants_ny_2017,9,rf,nan,nan,nan,rf,nan,nan,f1_score,0.5,2026-05-26,3956455107
0.0,plants_ny_2017,9,rf,nan,nan,nan,rf,nan,nan,f1_score,0.5,2026-05-26,3953440550
0.0,plants_ny_2017,9,rf,nan,nan,nan,rf,nan,nan,f1_score,0.5,2026-05-26,3330479504
0.0,plants_ny_2017,9,rf,nan,nan,nan,rf,nan,nan,f1_score,0.5,2026-05-26,5069738682
0.0,plants_ny_2017,9,rf,nan,nan,nan,rf,nan,nan,f1_score,0.5,2026-05-26,4528182478
0.0,plants_ny_2017,9,rf,nan,nan,nan,rf,nan,nan,f1_score,0.5,2026-05-26,3957592700
0.0,plants_ny_2017,9,rf,nan,nan,nan,rf,nan,nan,f1_score,0.5,2026-05-26,2542926129
0.0,plants_ny_2017,9,rf,nan,nan,nan,rf,nan,nan,f1_score,0.5,2026-05-26,2543077716
0.0,plants_ny_2017,9,rf,nan,nan,nan,rf,nan,nan,f1_score,0.5,2026-05-26,5133179845
0.0,plants_ny_2017,9,rf,nan,nan,nan,rf,nan,nan,f1_score,0.5,2026-05-26,3466316611
0.0,plants_ny_2017,9,rf,nan,nan,nan,rf,nan,nan,f1_score,0.5,2026-05-26,3873859752
0.0,plants_ny_2017,9,rf,nan,nan,nan,rf,nan,nan,f1_score,0.5,2026-05-26,3953841663
0.0,plants_ny_2017,9,rf,nan,nan,nan,rf,nan,nan,f1_score,0.5,2026-05-26,3954414244
0.0,plants_ny_2017,9,rf,nan,nan,nan,rf,nan,nan,f1_score,0.5,2026-05-26,3902900588
0.0,plants_ny_2017,9,rf,nan,nan,nan,rf,nan,nan,f1_score,0.5,2026-05-26,4137641456
0.0,plants_ny_2017,9,rf,nan,nan,nan,rf,nan,nan,f1_score,0.5,2026-05-26,4018290776
0.0,plants_ny_2017,9,rf,nan,nan,nan,rf,nan,nan,f1_score,0.5,2026-05-26,4506415319
0.0,plants_ny_2017,9,rf,nan,nan,nan,rf,nan,nan,f1_score,0.5,2026-05-26,3124798122
0.0,plants_ny_2017,9,rf,nan,nan,nan,rf,nan,nan,f1_score,0.5,2026-05-26,3112471476
0.0,plants_ny_2017,9,rf,nan,nan,nan,rf,nan,nan,f1_score,0.5,2026-05-26,4528172478
0.0,plants_ny_2017,9,rf,nan,nan,nan,rf,nan,nan,f1_score,0.5,2026-05-26,3999140442
0.0,plants_ny_2017,9,rf,nan,nan,nan,rf,nan,nan,f1_score,0.5,2026-05-26,4145638317
0.0,plants_ny_2017,9,rf,nan,nan,nan,rf,nan,nan,f1_score,0.5,2026-05-26,3952277328
0.0,plants_ny_2017,9,rf,nan,nan,nan,rf,nan,nan,f1_score,0.5,2026-05-26,3957061558
0.0,plants_ny_2017,9,rf,nan,nan,nan,rf,nan,nan,f1_score,0.5,2026-05-26,3957618893
0.0,plants_ny_2017,9,rf,nan,nan,nan,rf,nan,nan,f1_score,0.5,2026-05-26,3325477868
0.0,plants_ny_2017,9,rf,nan,nan,nan,rf,nan,nan,f1_score,0.5,2026-05-26,3335172436
0.0,plants_ny_2017,9,rf,nan,nan,nan,rf,nan,nan,f1_score,0.5,2026-05-26,3399116016
0.0,plants_ny_2017,9,rf,nan,nan,nan,rf,nan,nan,f1_score,0.5,2026-05-26,3330421527
0.0,plants_ny_2017,9,rf,nan,nan,nan,rf,nan,nan,f1_score,0.5,2026-05-26,2641296488
0.0,plants_ny_2017,9,rf,nan,nan,nan,rf,nan,nan,f1_score,0.5,2026-05-26,4980364433
0.0,plants_ny_2017,9,rf,nan,nan,nan,rf,nan,nan,f1_score,0.5,2026-05-26,2988351581
0.0,plants_ny_2017,9,rf,nan,nan,nan,rf,nan,nan,f1_score,0.5,2026-05-26,3321055438
0.0,plants_ny_2017,9,rf,nan,nan,nan,rf,nan,nan,f1_score,0.5,2026-05-26,3070715397
0.0,plants_ny_2017,9,rf,nan,nan,nan,rf,nan,nan,f1_score,0.5,2026-05-26,3455385966
0.0,plants_ny_2017,9,rf,nan,nan,nan,rf,nan,nan,f1_score,0.5,2026-05-26,3951713138
0.0,plants_ny_2017,9,rf,nan,nan,nan,rf,nan,nan,f1_score,0.5,2026-05-26,3018096535
0.0,plants_ny_2017,9,rf,nan,nan,nan,rf,nan,nan,f1_score,0.5,2026-05-26,3743340390
0.0,plants_ny_2017,9,rf,nan,nan,nan,rf,nan,nan,f1_score,0.5,2026-05-26,3705681683
0.0,plants_ny_2017,9,rf,nan,nan,nan,rf,nan,nan,f1_score,0.5,2026-05-26,3925387521
0.0,plants_ny_2017,9,rf,nan,nan,nan,rf,nan,nan,f1_score,0.5,2026-05-26,3325896304
0.0,plants_ny_2017,9,rf,nan,nan,nan,rf,nan,nan,f1_score,0.5,2026-05-26,2992834716
0.0,plants_ny_2017,9,rf,nan,nan,nan,rf,nan,nan,f1_score,0.5,2026-05-26,2814445368
0.0,plants_ny_2017,9,rf,nan,nan,nan,rf,nan,nan,f1_score,0.5,2026-05-26,4129951330
0.0,plants_ny_2017,9,rf,nan,nan,nan,rf,nan,nan,f1_score,0.5,2026-05-26,4075637512
0.0,plants_ny_2017,9,rf,nan,nan,nan,rf,nan,nan,f1_score,0.5,2026-05-26,3337758571
0.0,plants_ny_2017,9,rf,nan,nan,nan,rf,nan,nan,f1_score,0.5,2026-05-26,4062604386
0.0,plants_ny_2017,9,rf,nan,nan,nan,rf,nan,nan,f1_score,0.5,2026-05-26,4528224440
0.0,plants_ny_2017,9,rf,nan,nan,nan,rf,nan,nan,f1_score,0.5,2026-05-26,3325558952
0.0,plants_ny_2017,9,rf,nan,nan,nan,rf,nan,nan,f1_score,0.5,2026-05-26,3947498473
0.0,plants_ny_2017,9,rf,nan,nan,nan,rf,nan,nan,f1_score,0.5,2026-05-26,3957207151
0.0,plants_ny_2017,9,rf,nan,nan,nan,rf,nan,nan,f1_score,0.5,2026-05-26,3998815145
0.0,plants_ny_2017,9,rf,nan,nan,nan,rf,nan,nan,f1_score,0.5,2026-05-26,2818557529
0.0,plants_ny_2017,9,rf,nan,nan,nan,rf,nan,nan,f1_score,0.5,2026-05-26,2619914071
0.0,plants_ny_2017,9,rf,nan,nan,nan,rf,nan,nan,f1_score,0.5,2026-05-26,3398716812
0.0,plants_ny_2017,9,rf,nan,nan,nan,rf,nan,nan,f1_score,0.5,2026-05-26,3902912460
0.0,plants_ny_2017,9,rf,nan,nan,nan,rf,nan,nan,f1_score,0.5,2026-05-26,3998412148
0.0,plants_ny_2017,9,rf,nan,nan,nan,rf,nan,nan,f1_score,0.5,2026-05-26,3302349402
0.0,plants_ny_2017,9,rf,nan,nan,nan,rf,nan,nan,f1_score,0.5,2026-05-26,3859742566
0.0,plants_ny_2017,9,rf,nan,nan,nan,rf,nan,nan,f1_score,0.5,2026-05-26,3124738126
0.0,plants_ny_2017,9,rf,nan,nan,nan,rf,nan,nan,f1_score,0.5,2026-05-26,2626240489
0.0,plants_ny_2017,9,rf,nan,nan,nan,rf,nan,nan,f1_score,0.5,2026-05-26,4111700345
0.0,plants_ny_2017,9,rf,nan,nan,nan,rf,nan,nan,f1_score,0.5,2026-05-26,3330520540
0.0,plants_ny_2017,9,rf,nan,nan,nan,rf,nan,nan,f1_score,0.5,2026-05-26,3455550160
0.0,plants_ny_2017,9,rf,nan,nan,nan,rf,nan,nan,f1_score,0.5,2026-05-26,3858205711
0.0,plants_ny_2017,9,rf,nan,nan,nan,rf,nan,nan,f1_score,0.5,2026-05-26,3998874721
0.0,plants_ny_2017,9,rf,nan,nan,nan,rf,nan,nan,f1_score,0.5,2026-05-26,3952150423
0.0,plants_ny_2017,9,rf,nan,nan,nan,rf,nan,nan,f1_score,0.5,2026-05-26,3416172329
0.0,plants_ny_2017,9,rf,nan,nan,nan,rf,nan,nan,f1_score,0.5,2026-05-26,2826209623
0.0,plants_ny_2017,9,rf,nan,nan,nan,rf,nan,nan,f1_score,0.5,2026-05-26,3302020955
0.0,plants_ny_2017,9,rf,nan,nan,nan,rf,nan,nan,f1_score,0.5,2026-05-26,3956244620
0.0,plants_ny_2017,9,rf,nan,nan,nan,rf,nan,nan,f1_score,0.5,2026-05-26,3014101840
0.0,plants_ny_2017,9,rf,nan,nan,nan,rf,nan,nan,f1_score,0.5,2026-05-26,4009663380
0.0,plants_ny_2017,9,rf,nan,nan,nan,rf,nan,nan,f1_score,0.5,2026-05-26,4516611590
0.0,plants_ny_2017,9,rf,nan,nan,nan,rf,nan,nan,f1_score,0.5,2026-05-26,4509997546
0.0,plants_ny_2017,9,rf,nan,nan,nan,rf,nan,nan,f1_score,0.5,2026-05-26,3759847625
0.0,plants_ny_2017,9,rf,nan,nan,nan,rf,nan,nan,f1_score,0.5,2026-05-26,3455962642
0.0,plants_ny_2017,9,rf,nan,nan,nan,rf,nan,nan,f1_score,0.5,2026-05-26,3335118718
0.0,plants_ny_2017,9,rf,nan,nan,nan,rf,nan,nan,f1_score,0.5,2026-05-26,3953747116
0.0,plants_ny_2017,9,rf,nan,nan,nan,rf,nan,nan,f1_score,0.5,2026-05-26,3956369289
0.0,plants_ny_2017,9,rf,nan,nan,nan,rf,nan,nan,f1_score,0.5,2026-05-26,3090859048
0.0,plants_ny_2017,9,rf,nan,nan,nan,rf,nan,nan,f1_score,0.5,2026-05-26,5063747331
0.0,plants_ny_2017,9,rf,nan,nan,nan,rf,nan,nan,f1_score,0.5,2026-05-26,4165612415
0.0,plants_ny_2017,9,rf,nan,nan,nan,rf,nan,nan,f1_score,0.5,2026-05-26,3952049197
0.0,plants_ny_2017,9,rf,nan,nan,nan,rf,nan,nan,f1_score,0.5,2026-05-26,5908806321
0.0,plants_ny_2017,9,rf,nan,nan,nan,rf,nan,nan,f1_score,0.5,2026-05-26,3499481397
0.0,plants_ny_2017,9,rf,nan,nan,nan,rf,nan,nan,f1_score,0.5,2026-05-26,3959455648
0.0,plants_ny_2017,9,rf,nan,nan,nan,rf,nan,nan,f1_score,0.5,2026-05-26,2980877551
0.0,plants_ny_2017,9,rf,nan,nan,nan,rf,nan,nan,f1_score,0.5,2026-05-26,3330746561
0.0,plants_ny_2017,9,rf,nan,nan,nan,rf,nan,nan,f1_score,0.5,2026-05-26,5062506887
0.0,plants_ny_2017,9,rf,nan,nan,nan,rf,nan,nan,f1_score,0.5,2026-05-26,5076719517
0.0,plants_ny_2017,9,rf,nan,nan,nan,rf,nan,nan,f1_score,0.5,2026-05-26,3998510978
0.0,plants_ny_2017,9,rf,nan,nan,nan,rf,nan,nan,f1_score,0.5,2026-05-26,3468698545
0.0,plants_ny_2017,9,rf,nan,nan,nan,rf,nan,nan,f1_score,0.5,2026-05-26,4046374453
0.0,plants_ny_2017,9,rf,nan,nan,nan,rf,nan,nan,f1_score,0.5,2026-05-26,3952279586
0.0,plants_ny_2017,9,rf,nan,nan,nan,rf,nan,nan,f1_score,0.5,2026-05-26,4009884828
0.0,plants_ny_2017,9,rf,nan,nan,nan,rf,nan,nan,f1_score,0.5,2026-05-26,3044835715
0.0,plants_ny_2017,9,rf,nan,nan,nan,rf,nan,nan,f1_score,0.5,2026-05-26,3330801571
0.0,plants_ny_2017,9,rf,nan,nan,nan,rf,nan,nan,f1_score,0.5,2026-05-26,3337648389
0.0,plants_ny_2017,9,rf,nan,nan,nan,rf,nan,nan,f1_score,0.5,2026-05-26,2641516940
0.0,plants_ny_2017,9,rf,nan,nan,nan,rf,nan,nan,f1_score,0.5,2026-05-26,4528179395
0.0,plants_ny_2017,9,rf,nan,nan,nan,rf,nan,nan,f1_score,0.5,2026-05-26,2294610837
0.0,plants_ny_2017,9,rf,nan,nan,nan,rf,nan,nan,f1_score,0.5,2026-05-26,3960019510
0.0,plants_ny_2017,9,rf,nan,nan,nan,rf,nan,nan,f1_score,0.5,2026-05-26,4015276693
0.0,plants_ny_2017,9,rf,nan,nan,nan,rf,nan,nan,f1_score,0.5,2026-05-26,3959560670
0.0,plants_ny_2017,9,rf,nan,nan,nan,rf,nan,nan,f1_score,0.5,2026-05-26,3070542173
0.0,plants_ny_2017,9,rf,nan,nan,nan,rf,nan,nan,f1_score,0.5,2026-05-26,4527943496
0.0,plants_ny_2017,9,rf,nan,nan,nan,rf,nan,nan,f1_score,0.5,2026-05-26,3925497437
0.0,plants_ny_2017,9,rf,nan,nan,nan,rf,nan,nan,f1_score,0.5,2026-05-26,3031600123
0.0,plants_ny_2017,9,rf,nan,nan,nan,rf,nan,nan,f1_score,0.5,2026-05-26,3124725655
0.0,plants_ny_2017,9,rf,nan,nan,nan,rf,nan,nan,f1_score,0.5,2026-05-26,4522460314
0.0,plants_ny_2017,9,rf,nan,nan,nan,rf,nan,nan,f1_score,0.5,2026-05-26,3759594478
0.0,plants_ny_2017,9,rf,nan,nan,nan,rf,nan,nan,f1_score,0.5,2026-05-26,3952431385
0.0,plants_ny_2017,9,rf,nan,nan,nan,rf,nan,nan,f1_score,0.5,2026-05-26,2429562776
0.0,plants_ny_2017,9,rf,nan,nan,nan,rf,nan,nan,f1_score,0.5,2026-05-26,2563466968
0.0,plants_ny_2017,9,rf,nan,nan,nan,rf,nan,nan,f1_score,0.5,2026-05-26,3951486539
0.0,plants_ny_2017,9,rf,nan,nan,nan,rf,nan,nan,f1_score,0.5,2026-05-26,3961018720
0.0,plants_ny_2017,9,rf,nan,nan,nan,rf,nan,nan,f1_score,0.5,2026-05-26,3337406464
0.0,plants_ny_2017,9,rf,nan,nan,nan,rf,nan,nan,f1_score,0.5,2026-05-26,2862375454
0.0,plants_ny_2017,9,rf,nan,nan,nan,rf,nan,nan,f1_score,0.5,2026-05-26,2898265377
0.0,plants_ny_2017,9,rf,nan,nan,nan,rf,nan,nan,f1_score,0.5,2026-05-26,3952964616
0.0,plants_ny_2017,9,rf,nan,nan,nan,rf,nan,nan,f1_score,0.5,2026-05-26,3892524171
0.0,plants_ny_2017,9,rf,nan,nan,nan,rf,nan,nan,f1_score,0.5,2026-05-26,3952818094
0.0,plants_ny_2017,9,rf,nan,nan,nan,rf,nan,nan,f1_score,0.5,2026-05-26,3302150387
0.0,plants_ny_2017,9,rf,nan,nan,nan,rf,nan,nan,f1_score,0.5,2026-05-26,5908850553
0.0,plants_ny_2017,9,rf,nan,nan,nan,rf,nan,nan,f1_score,0.5,2026-05-26,3998684628
0.0,plants_ny_2017,9,rf,nan,nan,nan,rf,nan,nan,f1_score,0.5,2026-05-26,2802681756
0.0,plants_ny_2017,9,rf,nan,nan,nan,rf,nan,nan,f1_score,0.5,2026-05-26,2429562986
0.0,plants_ny_2017,9,rf,nan,nan,nan,rf,nan,nan,f1_score,0.5,2026-05-26,4987566288
0.0,plants_ny_2017,9,rf,nan,nan,nan,rf,nan,nan,f1_score,0.5,2026-05-26,3953374349
0.0,plants_ny_2017,9,rf,nan,nan,nan,rf,nan,nan,f1_score,0.5,2026-05-26,3354994546
0.0,plants_ny_2017,9,rf,nan,nan,nan,rf,nan,nan,f1_score,0.5,2026-05-26,4075601397
0.0,plants_ny_2017,9,rf,nan,nan,nan,rf,nan,nan,f1_score,0.5,2026-05-26,2860105065
0.0,plants_ny_2017,9,rf,nan,nan,nan,rf,nan,nan,f1_score,0.5,2026-05-26,3955407845
0.0,plants_ny_2017,9,rf,nan,nan,nan,rf,nan,nan,f1_score,0.5,2026-05-26,3952662148
0.0,plants_ny_2017,9,rf,nan,nan,nan,rf,nan,nan,f1_score,0.5,2026-05-26,3955991445
0.0,plants_ny_2017,9,rf,nan,nan,nan,rf,nan,nan,f1_score,0.5,2026-05-26,5932813344
0.0,plants_ny_2017,9,rf,nan,nan,nan,rf,nan,nan,f1_score,0.5,2026-05-26,3951438890
0.0,plants_ny_2017,9,rf,nan,nan,nan,rf,nan,nan,f1_score,0.5,2026-05-26,2988314561
0.0,plants_ny_2017,9,rf,nan,nan,nan,rf,nan,nan,f1_score,0.5,2026-05-26,3773798423
0.0,plants_ny_2017,9,rf,nan,nan,nan,rf,nan,nan,f1_score,0.5,2026-05-26,2366083555
0.0,plants_ny_2017,9,rf,nan,nan,nan,rf,nan,nan,f1_score,0.5,2026-05-26,2429561048
0.0,plants_ny_2017,9,rf,nan,nan,nan,rf,nan,nan,f1_score,0.5,2026-05-26,3960117837
0.0,plants_ny_2017,9,rf,nan,nan,nan,rf,nan,nan,f1_score,0.5,2026-05-26,3956647690
0.0,plants_ny_2017,9,rf,nan,nan,nan,rf,nan,nan,f1_score,0.5,2026-05-26,2641493471
0.0,plants_ny_2017,9,rf,nan,nan,nan,rf,nan,nan,f1_score,0.5,2026-05-26,2517959106
0.0,plants_ny_2017,9,rf,nan,nan,nan,rf,nan,nan,f1_score,0.5,2026-05-26,3952456890
0.0,plants_ny_2017,9,rf,nan,nan,nan,rf,nan,nan,f1_score,0.5,2026-05-26,4171361396
0.0,plants_ny_2017,9,rf,nan,nan,nan,rf,nan,nan,f1_score,0.5,2026-05-26,3759186508
0.0,plants_ny_2017,9,rf,nan,nan,nan,rf,nan,nan,f1_score,0.5,2026-05-26,3112445387
0.0,plants_ny_2017,9,rf,nan,nan,nan,rf,nan,nan,f1_score,0.5,2026-05-26,2429560759
0.0,plants_ny_2017,9,rf,nan,nan,nan,rf,nan,nan,f1_score,0.5,2026-05-26,2429561793
0.0,plants_ny_2017,9,rf,nan,nan,nan,rf,nan,nan,f1_score,0.5,2026-05-26,4535631433
0.0,plants_ny_2017,9,rf,nan,nan,nan,rf,nan,nan,f1_score,0.5,2026-05-26,4528150401
0.0,plants_ny_2017,9,rf,nan,nan,nan,rf,nan,nan,f1_score,0.5,2026-05-26,3952774684
0.0,plants_ny_2017,9,rf,nan,nan,nan,rf,nan,nan,f1_score,0.5,2026-05-26,4987812738
0.0,plants_ny_2017,9,rf,nan,nan,nan,rf,nan,nan,f1_score,0.5,2026-05-26,3892431489
0.0,plants_ny_2017,9,rf,nan,nan,nan,rf,nan,nan,f1_score,0.5,2026-05-26,3951776560
0.0,plants_ny_2017,9,rf,nan,nan,nan,rf,nan,nan,f1_score,0.5,2026-05-26,3959877042
0.0,plants_ny_2017,9,rf,nan,nan,nan,rf,nan,nan,f1_score,0.5,2026-05-26,3039421157
0.0,plants_ny_2017,9,rf,nan,nan,nan,rf,nan,nan,f1_score,0.5,2026-05-26,5076772428
0.0,plants_ny_2017,9,rf,nan,nan,nan,rf,nan,nan,f1_score,0.5,2026-05-26,3953800499
0.0,plants_ny_2017,9,rf,nan,nan,nan,rf,nan,nan,f1_score,0.5,2026-05-26,3903029632
0.0,plants_ny_2017,9,rf,nan,nan,nan,rf,nan,nan,f1_score,0.5,2026-05-26,3959024204
0.0,plants_ny_2017,9,rf,nan,nan,nan,rf,nan,nan,f1_score,0.5,2026-05-26,3383939110
0.0,plants_ny_2017,9,rf,nan,nan,nan,rf,nan,nan,f1_score,0.5,2026-05-26,2366113689
0.0,plants_ny_2017,9,rf,nan,nan,nan,rf,nan,nan,f1_score,0.5,2026-05-26,4527925398
0.0,plants_ny_2017,9,rf,nan,nan,nan,rf,nan,nan,f1_score,0.5,2026-05-26,2803097675
0.0,plants_ny_2017,9,rf,nan,nan,nan,rf,nan,nan,f1_score,0.5,2026-05-26,3902331376
0.0,plants_ny_2017,9,rf,nan,nan,nan,rf,nan,nan,f1_score,0.5,2026-05-26,4516350732
0.0,plants_ny_2017,9,rf,nan,nan,nan,rf,nan,nan,f1_score,0.5,2026-05-26,2397506624
0.0,plants_ny_2017,9,rf,nan,nan,nan,rf,nan,nan,f1_score,0.5,2026-05-26,3860726682
0.0,plants_ny_2017,9,rf,nan,nan,nan,rf,nan,nan,f1_score,0.5,2026-05-26,3333248983
0.0,plants_ny_2017,9,rf,nan,nan,nan,rf,nan,nan,f1_score,0.5,2026-05-26,3959501621
0.0,plants_ny_2017,9,rf,nan,nan,nan,rf,nan,nan,f1_score,0.5,2026-05-26,3953234085
0.0,plants_ny_2017,9,rf,nan,nan,nan,rf,nan,nan,f1_score,0.5,2026-05-26,3998227394
0.0,plants_ny_2017,9,rf,nan,nan,nan,rf,nan,nan,f1_score,0.5,2026-05-26,3957515047
0.0,plants_ny_2017,9,rf,nan,nan,nan,rf,nan,nan,f1_score,0.5,2026-05-26,4980661338
0.0,plants_ny_2017,9,rf,nan,nan,nan,rf,nan,nan,f1_score,0.5,2026-05-26,1850955245
0.0,plants_ny_2017,9,rf,nan,nan,nan,rf,nan,nan,f1_score,0.5,2026-05-26,3959346635
0.0,plants_ny_2017,9,rf,nan,nan,nan,rf,nan,nan,f1_score,0.5,2026-05-26,3391314851
0.0,plants_ny_2017,9,rf,nan,nan,nan,rf,nan,nan,f1_score,0.5,2026-05-26,3873084334
0.0,plants_ny_2017,9,rf,nan,nan,nan,rf,nan,nan,f1_score,0.5,2026-05-26,2963864694
0.0,plants_ny_2017,9,rf,nan,nan,nan,rf,nan,nan,f1_score,0.5,2026-05-26,2868084347
0.0,plants_ny_2017,9,rf,nan,nan,nan,rf,nan,nan,f1_score,0.5,2026-05-26,3986148350
0.0,plants_ny_2017,9,rf,nan,nan,nan,rf,nan,nan,f1_score,0.5,2026-05-26,3759834685
0.0,plants_ny_2017,9,rf,nan,nan,nan,rf,nan,nan,f1_score,0.5,2026-05-26,3958713192
0.0,plants_ny_2017,9,rf,nan,nan,nan,rf,nan,nan,f1_score,0.5,2026-05-26,3859563714
0.0,plants_ny_2017,9,rf,nan,nan,nan,rf,nan,nan,f1_score,0.5,2026-05-26,3925405358
0.0,plants_ny_2017,9,rf,nan,nan,nan,rf,nan,nan,f1_score,0.5,2026-05-26,4982066628
0.0,plants_ny_2017,9,rf,nan,nan,nan,rf,nan,nan,f1_score,0.5,2026-05-26,3959579594
0.0,plants_ny_2017,9,rf,nan,nan,nan,rf,nan,nan,f1_score,0.5,2026-05-26,3957036135
0.0,plants_ny_2017,9,rf,nan,nan,nan,rf,nan,nan,f1_score,0.5,2026-05-26,3956461341
0.0,plants_ny_2017,9,rf,nan,nan,nan,rf,nan,nan,f1_score,0.5,2026-05-26,2633952578
0.0,plants_ny_2017,9,rf,nan,nan,nan,rf,nan,nan,f1_score,0.5,2026-05-26,3955341596
0.0,plants_ny_2017,9,rf,nan,nan,nan,rf,nan,nan,f1_score,0.5,2026-05-26,3952487218
0.0,plants_ny_2017,9,rf,nan,nan,nan,rf,nan,nan,f1_score,0.5,2026-05-26,3998865693
0.0,plants_ny_2017,9,rf,nan,nan,nan,rf,nan,nan,f1_score,0.5,2026-05-26,2802852598
0.0,plants_ny_2017,9,rf,nan,nan,nan,rf,nan,nan,f1_score,0.5,2026-05-26,3956610453
0.0,plants_ny_2017,9,rf,nan,nan,nan,rf,nan,nan,f1_score,0.5,2026-05-26,3343895973
0.0,plants_ny_2017,9,rf,nan,nan,nan,rf,nan,nan,f1_score,0.5,2026-05-26,3915283683
0.0,plants_ny_2017,9,rf,nan,nan,nan,rf,nan,nan,f1_score,0.5,2026-05-26,2988278168
0.0,plants_ny_2017,9,rf,nan,nan,nan,rf,nan,nan,f1_score,0.5,2026-05-26,3391487853
0.0,plants_ny_2017,9,rf,nan,nan,nan,rf,nan,nan,f1_score,0.5,2026-05-26,3956278822
0.0,plants_ny_2017,9,rf,nan,nan,nan,rf,nan,nan,f1_score,0.5,2026-05-26,3998039655
0.0,plants_ny_2017,9,rf,nan,nan,nan,rf,nan,nan,f1_score,0.5,2026-05-26,3044761708
0.0,plants_ny_2017,9,rf,nan,nan,nan,rf,nan,nan,f1_score,0.5,2026-05-26,2397551084
0.0,plants_ny_2017,9,rf,nan,nan,nan,rf,nan,nan,f1_score,0.5,2026-05-26,2901803531
0.0,plants_ny_2017,9,rf,nan,nan,nan,rf,nan,nan,f1_score,0.5,2026-05-26,3743024343
0.0,plants_ny_2017,9,rf,nan,nan,nan,rf,nan,nan,f1_score,0.5,2026-05-26,3952624392
0.0,plants_ny_2017,9,rf,nan,nan,nan,rf,nan,nan,f1_score,0.5,2026-05-26,3949785518
0.0,plants_ny_2017,9,rf,nan,nan,nan,rf,nan,nan,f1_score,0.5,2026-05-26,3997990858
0.0,plants_ny_2017,9,rf,nan,nan,nan,rf,nan,nan,f1_score,0.5,2026-05-26,3952798424
0.0,plants_ny_2017,9,rf,nan,nan,nan,rf,nan,nan,f1_score,0.5,2026-05-26,3044915649
0.0,plants_ny_2017,9,rf,nan,nan,nan,rf,nan,nan,f1_score,0.5,2026-05-26,4034977398
0.0,plants_ny_2017,9,rf,nan,nan,nan,rf,nan,nan,f1_score,0.5,2026-05-26,2465120501
0.0,plants_ny_2017,9,rf,nan,nan,nan,rf,nan,nan,f1_score,0.5,2026-05-26,3343916359
0.0,plants_ny_2017,9,rf,nan,nan,nan,rf,nan,nan,f1_score,0.5,2026-05-26,3031589718
0.0,plants_ny_2017,9,rf,nan,nan,nan,rf,nan,nan,f1_score,0.5,2026-05-26,3952003865
0.0,plants_ny_2017,9,rf,nan,nan,nan,rf,nan,nan,f1_score,0.5,2026-05-26,3986019349
0.0,plants_ny_2017,9,rf,nan,nan,nan,rf,nan,nan,f1_score,0.5,2026-05-26,3925434428
0.0,plants_ny_2017,9,rf,nan,nan,nan,rf,nan,nan,f1_score,0.5,2026-05-26,3960173889
0.0,plants_ny_2017,9,rf,nan,nan,nan,rf,nan,nan,f1_score,0.5,2026-05-26,4925815840
0.0,plants_ny_2017,9,rf,nan,nan,nan,rf,nan,nan,f1_score,0.5,2026-05-26,6163037819
0.0,plants_ny_2017,9,rf,nan,nan,nan,rf,nan,nan,f1_score,0.5,2026-05-26,2397550159
0.0,plants_ny_2017,9,rf,nan,nan,nan,rf,nan,nan,f1_score,0.5,2026-05-26,4035016456
0.0,plants_ny_2017,9,rf,nan,nan,nan,rf,nan,nan,f1_score,0.5,2026-05-26,3391418435
0.0,plants_ny_2017,9,rf,nan,nan,nan,rf,nan,nan,f1_score,0.5,2026-05-26,2429234157
0.0,plants_ny_2017,9,rf,nan,nan,nan,rf,nan,nan,f1_score,0.5,2026-05-26,2397555624
0.0,plants_ny_2017,9,rf,nan,nan,nan,rf,nan,nan,f1_score,0.5,2026-05-26,3314230379
0.0,plants_ny_2017,9,rf,nan,nan,nan,rf,nan,nan,f1_score,0.5,2026-05-26,3952439229
0.0,plants_ny_2017,9,rf,nan,nan,nan,rf,nan,nan,f1_score,0.5,2026-05-26,3743329322
0.0,plants_ny_2017,9,rf,nan,nan,nan,rf,nan,nan,f1_score,0.5,2026-05-26,3949669176
0.0,plants_ny_2017,9,rf,nan,nan,nan,rf,nan,nan,f1_score,0.5,2026-05-26,3958940307
0.0,plants_ny_2017,9,rf,nan,nan,nan,rf,nan,nan,f1_score,0.5,2026-05-26,4987615129
0.0,plants_ny_2017,9,rf,nan,nan,nan,rf,nan,nan,f1_score,0.5,2026-05-26,3998422617
0.0,plants_ny_2017,9,rf,nan,nan,nan,rf,nan,nan,f1_score,0.5,2026-05-26,4129809435
0.0,plants_ny_2017,9,rf,nan,nan,nan,rf,nan,nan,f1_score,0.5,2026-05-26,2294633433
0.0,plants_ny_2017,9,rf,nan,nan,nan,rf,nan,nan,f1_score,0.5,2026-05-26,3915458433
0.0,plants_ny_2017,9,rf,nan,nan,nan,rf,nan,nan,f1_score,0.5,2026-05-26,2862522238
0.0,plants_ny_2017,9,rf,nan,nan,nan,rf,nan,nan,f1_score,0.5,2026-05-26,3712523344
0.0,plants_ny_2017,9,rf,nan,nan,nan,rf,nan,nan,f1_score,0.5,2026-05-26,5837834791
0.0,plants_ny_2017,9,rf,nan,nan,nan,rf,nan,nan,f1_score,0.5,2026-05-26,3955996920
0.0,plants_ny_2017,9,rf,nan,nan,nan,rf,nan,nan,f1_score,0.5,2026-05-26,2883093221
0.0,plants_ny_2017,9,rf,nan,nan,nan,rf,nan,nan,f1_score,0.5,2026-05-26,3712500321
0.0,plants_ny_2017,9,rf,nan,nan,nan,rf,nan,nan,f1_score,0.5,2026-05-26,3956999546
0.0,plants_ny_2017,9,rf,nan,nan,nan,rf,nan,nan,f1_score,0.5,2026-05-26,2422883124
0.0,plants_ny_2017,9,rf,nan,nan,nan,rf,nan,nan,f1_score,0.5,2026-05-26,2862498202
0.0,plants_ny_2017,9,rf,nan,nan,nan,rf,nan,nan,f1_score,0.5,2026-05-26,3337922801
0.0,plants_ny_2017,9,rf,nan,nan,nan,rf,nan,nan,f1_score,0.5,2026-05-26,2397598900
0.0,plants_ny_2017,9,rf,nan,nan,nan,rf,nan,nan,f1_score,0.5,2026-05-26,2397550367
0.0,plants_ny_2017,9,rf,nan,nan,nan,rf,nan,nan,f1_score,0.5,2026-05-26,3998290495
0.0,plants_ny_2017,9,rf,nan,nan,nan,rf,nan,nan,f1_score,0.5,2026-05-26,3902076105
0.0,plants_ny_2017,9,rf,nan,nan,nan,rf,nan,nan,f1_score,0.5,2026-05-26,5109356657
0.0,plants_ny_2017,9,rf,nan,nan,nan,rf,nan,nan,f1_score,0.5,2026-05-26,3955990191
0.0,plants_ny_2017,9,rf,nan,nan,nan,rf,nan,nan,f1_score,0.5,2026-05-26,1640075626
0.0,plants_ny_2017,9,rf,nan,nan,nan,rf,nan,nan,f1_score,0.5,2026-05-26,2366112482
0.0,plants_ny_2017,9,rf,nan,nan,nan,rf,nan,nan,f1_score,0.5,2026-05-26,3455257043
0.0,plants_ny_2017,9,rf,nan,nan,nan,rf,nan,nan,f1_score,0.5,2026-05-26,3384677691
0.0,plants_ny_2017,9,rf,nan,nan,nan,rf,nan,nan,f1_score,0.5,2026-05-26,3384861376
0.0,plants_ny_2017,9,rf,nan,nan,nan,rf,nan,nan,f1_score,0.5,2026-05-26,3407902532
0.0,plants_ny_2017,9,rf,nan,nan,nan,rf,nan,nan,f1_score,0.5,2026-05-26,5109293765
0.0,plants_ny_2017,9,rf,nan,nan,nan,rf,nan,nan,f1_score,0.5,2026-05-26,2862328226
0.0,plants_ny_2017,9,rf,nan,nan,nan,rf,nan,nan,f1_score,0.5,2026-05-26,3321040352
0.0,plants_ny_2017,9,rf,nan,nan,nan,rf,nan,nan,f1_score,0.5,2026-05-26,3384709694
0.0,plants_ny_2017,9,rf,nan,nan,nan,rf,nan,nan,f1_score,0.5,2026-05-26,2882964244
0.0,plants_ny_2017,9,rf,nan,nan,nan,rf,nan,nan,f1_score,0.5,2026-05-26,4507770348
0.0,plants_ny_2017,9,rf,nan,nan,nan,rf,nan,nan,f1_score,0.5,2026-05-26,2447836848
0.0,plants_ny_2017,9,rf,nan,nan,nan,rf,nan,nan,f1_score,0.5,2026-05-26,2626171419
0.0,plants_ny_2017,9,rf,nan,nan,nan,rf,nan,nan,f1_score,0.5,2026-05-26,3952984337
0.0,plants_ny_2017,9,rf,nan,nan,nan,rf,nan,nan,f1_score,0.5,2026-05-26,3333142128
0.0,plants_ny_2017,9,rf,nan,nan,nan,rf,nan,nan,f1_score,0.5,2026-05-26,3954594705
0.0,plants_ny_2017,9,rf,nan,nan,nan,rf,nan,nan,f1_score,0.5,2026-05-26,5109382909
0.0,plants_ny_2017,9,rf,nan,nan,nan,rf,nan,nan,f1_score,0.5,2026-05-26,4987489652
0.0,plants_ny_2017,9,rf,nan,nan,nan,rf,nan,nan,f1_score,0.5,2026-05-26,2882958896
0.0,plants_ny_2017,9,rf,nan,nan,nan,rf,nan,nan,f1_score,0.5,2026-05-26,3953837751
0.0,plants_ny_2017,9,rf,nan,nan,nan,rf,nan,nan,f1_score,0.5,2026-05-26,3384735517
0.0,plants_ny_2017,9,rf,nan,nan,nan,rf,nan,nan,f1_score,0.5,2026-05-26,3113396431
0.0,plants_ny_2017,9,rf,nan,nan,nan,rf,nan,nan,f1_score,0.5,2026-05-26,4518990396
0.0,plants_ny_2017,9,rf,nan,nan,nan,rf,nan,nan,f1_score,0.5,2026-05-26,5908978084
0.0,plants_ny_2017,9,rf,nan,nan,nan,rf,nan,nan,f1_score,0.5,2026-05-26,6130601400
0.0,plants_ny_2017,9,rf,nan,nan,nan,rf,nan,nan,f1_score,0.5,2026-05-26,4987691682
0.0,plants_ny_2017,9,rf,nan,nan,nan,rf,nan,nan,f1_score,0.5,2026-05-26,2882931121
0.0,plants_ny_2017,9,rf,nan,nan,nan,rf,nan,nan,f1_score,0.5,2026-05-26,3959636860
0.0,plants_ny_2017,9,rf,nan,nan,nan,rf,nan,nan,f1_score,0.5,2026-05-26,4034742110
0.0,plants_ny_2017,9,rf,nan,nan,nan,rf,nan,nan,f1_score,0.5,2026-05-26,3998999807
0.0,plants_ny_2017,9,rf,nan,nan,nan,rf,nan,nan,f1_score,0.5,2026-05-26,3998311297
0.0,plants_ny_2017,9,rf,nan,nan,nan,rf,nan,nan,f1_score,0.5,2026-05-26,2882953083
0.0,plants_ny_2017,9,rf,nan,nan,nan,rf,nan,nan,f1_score,0.5,2026-05-26,3859611510
0.0,plants_ny_2017,9,rf,nan,nan,nan,rf,nan,nan,f1_score,0.5,2026-05-26,5759677834
0.0,plants_ny_2017,9,rf,nan,nan,nan,rf,nan,nan,f1_score,0.5,2026-05-26,2397553143
0.0,plants_ny_2017,9,rf,nan,nan,nan,rf,nan,nan,f1_score,0.5,2026-05-26,3384866692
0.0,plants_ny_2017,9,rf,nan,nan,nan,rf,nan,nan,f1_score,0.5,2026-05-26,2803038905
0.0,plants_ny_2017,9,rf,nan,nan,nan,rf,nan,nan,f1_score,0.5,2026-05-26,3764369635
0.0,plants_ny_2017,9,rf,nan,nan,nan,rf,nan,nan,f1_score,0.5,2026-05-26,2868109530
0.0,plants_ny_2017,9,rf,nan,nan,nan,rf,nan,nan,f1_score,0.5,2026-05-26,3923641732
0.0,plants_ny_2017,9,rf,nan,nan,nan,rf,nan,nan,f1_score,0.5,2026-05-26,3398716493
0.0,plants_ny_2017,9,rf,nan,nan,nan,rf,nan,nan,f1_score,0.5,2026-05-26,4527973408
0.0,plants_ny_2017,9,rf,nan,nan,nan,rf,nan,nan,f1_score,0.5,2026-05-26,2813932410
0.0,plants_ny_2017,9,rf,nan,nan,nan,rf,nan,nan,f1_score,0.5,2026-05-26,3355054417
0.0,plants_ny_2017,9,rf,nan,nan,nan,rf,nan,nan,f1_score,0.5,2026-05-26,5086892855
0.0,plants_ny_2017,9,rf,nan,nan,nan,rf,nan,nan,f1_score,0.5,2026-05-26,3994089345
0.0,plants_ny_2017,9,rf,nan,nan,nan,rf,nan,nan,f1_score,0.5,2026-05-26,2862369198
0.0,plants_ny_2017,9,rf,nan,nan,nan,rf,nan,nan,f1_score,0.5,2026-05-26,3954949992
0.0,plants_ny_2017,9,rf,nan,nan,nan,rf,nan,nan,f1_score,0.5,2026-05-26,2868107513
0.0,plants_ny_2017,9,rf,nan,nan,nan,rf,nan,nan,f1_score,0.5,2026-05-26,2984410328
0.0,plants_ny_2017,9,rf,nan,nan,nan,rf,nan,nan,f1_score,0.5,2026-05-26,3384316717
0.0,plants_ny_2017,9,rf,nan,nan,nan,rf,nan,nan,f1_score,0.5,2026-05-26,2331882872
0.0,plants_ny_2017,9,rf,nan,nan,nan,rf,nan,nan,f1_score,0.5,2026-05-26,2397555327
0.0,plants_ny_2017,9,rf,nan,nan,nan,rf,nan,nan,f1_score,0.5,2026-05-26,1880499173
0.0,plants_ny_2017,9,rf,nan,nan,nan,rf,nan,nan,f1_score,0.5,2026-05-26,4987550787
0.0,plants_ny_2017,9,rf,nan,nan,nan,rf,nan,nan,f1_score,0.5,2026-05-26,2397554763
0.0,plants_ny_2017,9,rf,nan,nan,nan,rf,nan,nan,f1_score,0.5,2026-05-26,3383981658
0.0,plants_ny_2017,9,rf,nan,nan,nan,rf,nan,nan,f1_score,0.5,2026-05-26,3079745651
0.0,plants_ny_2017,9,rf,nan,nan,nan,rf,nan,nan,f1_score,0.5,2026-05-26,3912335383
0.0,plants_ny_2017,9,rf,nan,nan,nan,rf,nan,nan,f1_score,0.5,2026-05-26,3959873147
0.0,plants_ny_2017,9,rf,nan,nan,nan,rf,nan,nan,f1_score,0.5,2026-05-26,3952277400
0.0,plants_ny_2017,9,rf,nan,nan,nan,rf,nan,nan,f1_score,0.5,2026-05-26,3954350636
0.0,plants_ny_2017,9,rf,nan,nan,nan,rf,nan,nan,f1_score,0.5,2026-05-26,4519084648
0.0,plants_ny_2017,9,rf,nan,nan,nan,rf,nan,nan,f1_score,0.5,2026-05-26,3985740502
0.0,plants_ny_2017,9,rf,nan,nan,nan,rf,nan,nan,f1_score,0.5,2026-05-26,3384821467
0.0,plants_ny_2017,9,rf,nan,nan,nan,rf,nan,nan,f1_score,0.5,2026-05-26,3959613643
0.0,plants_ny_2017,9,rf,nan,nan,nan,rf,nan,nan,f1_score,0.5,2026-05-26,2814100437
0.0,plants_ny_2017,9,rf,nan,nan,nan,rf,nan,nan,f1_score,0.5,2026-05-26,3307413420
0.0,plants_ny_2017,9,rf,nan,nan,nan,rf,nan,nan,f1_score,0.5,2026-05-26,3109315172
0.0,plants_ny_2017,9,rf,nan,nan,nan,rf,nan,nan,f1_score,0.5,2026-05-26,3955195890
0.0,plants_ny_2017,9,rf,nan,nan,nan,rf,nan,nan,f1_score,0.5,2026-05-26,5935623996
0.0,plants_ny_2017,9,rf,nan,nan,nan,rf,nan,nan,f1_score,0.5,2026-05-26,2294544792
0.0,plants_ny_2017,9,rf,nan,nan,nan,rf,nan,nan,f1_score,0.5,2026-05-26,2868105093
0.0,plants_ny_2017,9,rf,nan,nan,nan,rf,nan,nan,f1_score,0.5,2026-05-26,3958290894
0.0,plants_ny_2017,9,rf,nan,nan,nan,rf,nan,nan,f1_score,0.5,2026-05-26,3998646519
0.0,plants_ny_2017,9,rf,nan,nan,nan,rf,nan,nan,f1_score,0.5,2026-05-26,3985631488
0.0,plants_ny_2017,9,rf,nan,nan,nan,rf,nan,nan,f1_score,0.5,2026-05-26,3743034381
0.0,plants_ny_2017,9,rf,nan,nan,nan,rf,nan,nan,f1_score,0.5,2026-05-26,3954589316
0.0,plants_ny_2017,9,rf,nan,nan,nan,rf,nan,nan,f1_score,0.5,2026-05-26,3925427006
0.0,plants_ny_2017,9,rf,nan,nan,nan,rf,nan,nan,f1_score,0.5,2026-05-26,3955677508
0.0,plants_ny_2017,9,rf,nan,nan,nan,rf,nan,nan,f1_score,0.5,2026-05-26,4424394395
0.0,plants_ny_2017,9,rf,nan,nan,nan,rf,nan,nan,f1_score,0.5,2026-05-26,3955479272
0.0,plants_ny_2017,9,rf,nan,nan,nan,rf,nan,nan,f1_score,0.5,2026-05-26,3956266446
0.0,plants_ny_2017,9,rf,nan,nan,nan,rf,nan,nan,f1_score,0.5,2026-05-26,3999091068
0.0,plants_ny_2017,9,rf,nan,nan,nan,rf,nan,nan,f1_score,0.5,2026-05-26,3415409386
0.0,plants_ny_2017,9,rf,nan,nan,nan,rf,nan,nan,f1_score,0.5,2026-05-26,3957325928
0.0,plants_ny_2017,9,rf,nan,nan,nan,rf,nan,nan,f1_score,0.5,2026-05-26,2397534513
0.0,plants_ny_2017,9,rf,nan,nan,nan,rf,nan,nan,f1_score,0.5,2026-05-26,5837877006
0.0,plants_ny_2017,9,rf,nan,nan,nan,rf,nan,nan,f1_score,0.5,2026-05-26,3961382909
0.0,plants_ny_2017,9,rf,nan,nan,nan,rf,nan,nan,f1_score,0.5,2026-05-26,3858229262
0.0,plants_ny_2017,9,rf,nan,nan,nan,rf,nan,nan,f1_score,0.5,2026-05-26,3109274096
0.0,plants_ny_2017,9,rf,nan,nan,nan,rf,nan,nan,f1_score,0.5,2026-05-26,3955249773
0.0,plants_ny_2017,9,rf,nan,nan,nan,rf,nan,nan,f1_score,0.5,2026-05-26,3952795398
0.0,plants_ny_2017,9,rf,nan,nan,nan,rf,nan,nan,f1_score,0.5,2026-05-26,3998327224
0.0,plants_ny_2017,9,rf,nan,nan,nan,rf,nan,nan,f1_score,0.5,2026-05-26,3956911143
0.0,plants_ny_2017,9,rf,nan,nan,nan,rf,nan,nan,f1_score,0.5,2026-05-26,2988335849
0.0,plants_ny_2017,9,rf,nan,nan,nan,rf,nan,nan,f1_score,0.5,2026-05-26,3955926495
0.0,plants_ny_2017,9,rf,nan,nan,nan,rf,nan,nan,f1_score,0.5,2026-05-26,3112586560
0.0,plants_ny_2017,9,rf,nan,nan,nan,rf,nan,nan,f1_score,0.5,2026-05-26,3902092882
0.0,plants_ny_2017,9,rf,nan,nan,nan,rf,nan,nan,f1_score,0.5,2026-05-26,2273246643
0.0,plants_ny_2017,9,rf,nan,nan,nan,rf,nan,nan,f1_score,0.5,2026-05-26,3802501010
0.0,plants_ny_2017,9,rf,nan,nan,nan,rf,nan,nan,f1_score,0.5,2026-05-26,3112399550
0.0,plants_ny_2017,9,rf,nan,nan,nan,rf,nan,nan,f1_score,0.5,2026-05-26,3301890614
0.0,plants_ny_2017,9,rf,nan,nan,nan,rf,nan,nan,f1_score,0.5,2026-05-26,3954224542
0.0,plants_ny_2017,9,rf,nan,nan,nan,rf,nan,nan,f1_score,0.5,2026-05-26,3952678043
0.0,plants_ny_2017,9,rf,nan,nan,nan,rf,nan,nan,f1_score,0.5,2026-05-26,2977247065
0.0,plants_ny_2017,9,rf,nan,nan,nan,rf,nan,nan,f1_score,0.5,2026-05-26,3325876495
0.0,plants_ny_2017,9,rf,nan,nan,nan,rf,nan,nan,f1_score,0.5,2026-05-26,3985830560
0.0,plants_ny_2017,9,rf,nan,nan,nan,rf,nan,nan,f1_score,0.5,2026-05-26,2397571846
0.0,plants_ny_2017,9,rf,nan,nan,nan,rf,nan,nan,f1_score,0.5,2026-05-26,2397574089
0.0,plants_ny_2017,9,rf,nan,nan,nan,rf,nan,nan,f1_score,0.5,2026-05-26,3956562427
0.0,plants_ny_2017,9,rf,nan,nan,nan,rf,nan,nan,f1_score,0.5,2026-05-26,3355101428
0.0,plants_ny_2017,9,rf,nan,nan,nan,rf,nan,nan,f1_score,0.5,2026-05-26,3337584494
0.0,plants_ny_2017,9,rf,nan,nan,nan,rf,nan,nan,f1_score,0.5,2026-05-26,4507601382
0.0,plants_ny_2017,9,rf,nan,nan,nan,rf,nan,nan,f1_score,0.5,2026-05-26,3953962240
0.0,plants_ny_2017,9,rf,nan,nan,nan,rf,nan,nan,f1_score,0.5,2026-05-26,3998118469
0.0,plants_ny_2017,9,rf,nan,nan,nan,rf,nan,nan,f1_score,0.5,2026-05-26,3892498668
0.0,plants_ny_2017,9,rf,nan,nan,nan,rf,nan,nan,f1_score,0.5,2026-05-26,3955414014
0.0,plants_ny_2017,9,rf,nan,nan,nan,rf,nan,nan,f1_score,0.5,2026-05-26,4028653375
0.0,plants_ny_2017,9,rf,nan,nan,nan,rf,nan,nan,f1_score,0.5,2026-05-26,5292902462
0.0,plants_ny_2017,9,rf,nan,nan,nan,rf,nan,nan,f1_score,0.5,2026-05-26,2977332767
0.0,plants_ny_2017,9,rf,nan,nan,nan,rf,nan,nan,f1_score,0.5,2026-05-26,2823238480
0.0,plants_ny_2017,9,rf,nan,nan,nan,rf,nan,nan,f1_score,0.5,2026-05-26,3959230264
0.0,plants_ny_2017,9,rf,nan,nan,nan,rf,nan,nan,f1_score,0.5,2026-05-26,3953842006
0.0,plants_ny_2017,9,rf,nan,nan,nan,rf,nan,nan,f1_score,0.5,2026-05-26,5076775353
0.0,plants_ny_2017,9,rf,nan,nan,nan,rf,nan,nan,f1_score,0.5,2026-05-26,2397471117
0.0,plants_ny_2017,9,rf,nan,nan,nan,rf,nan,nan,f1_score,0.5,2026-05-26,3956157395
0.0,plants_ny_2017,9,rf,nan,nan,nan,rf,nan,nan,f1_score,0.5,2026-05-26,3957399700
0.0,plants_ny_2017,9,rf,nan,nan,nan,rf,nan,nan,f1_score,0.5,2026-05-26,3952315647
0.0,plants_ny_2017,9,rf,nan,nan,nan,rf,nan,nan,f1_score,0.5,2026-05-26,2626376457
0.0,plants_ny_2017,9,rf,nan,nan,nan,rf,nan,nan,f1_score,0.5,2026-05-26,3999199737
0.0,plants_ny_2017,9,rf,nan,nan,nan,rf,nan,nan,f1_score,0.5,2026-05-26,2984516470
0.0,plants_ny_2017,9,rf,nan,nan,nan,rf,nan,nan,f1_score,0.5,2026-05-26,5282585160
0.0,plants_ny_2017,9,rf,nan,nan,nan,rf,nan,nan,f1_score,0.5,2026-05-26,2814033109
0.0,plants_ny_2017,9,rf,nan,nan,nan,rf,nan,nan,f1_score,0.5,2026-05-26,3953653781
0.0,plants_ny_2017,9,rf,nan,nan,nan,rf,nan,nan,f1_score,0.5,2026-05-26,1931500099
0.0,plants_ny_2017,9,rf,nan,nan,nan,rf,nan,nan,f1_score,0.5,2026-05-26,3468670331
0.0,plants_ny_2017,9,rf,nan,nan,nan,rf,nan,nan,f1_score,0.5,2026-05-26,3044705567
0.0,plants_ny_2017,9,rf,nan,nan,nan,rf,nan,nan,f1_score,0.5,2026-05-26,2634574091
0.0,plants_ny_2017,9,rf,nan,nan,nan,rf,nan,nan,f1_score,0.5,2026-05-26,2963855377
0.0,plants_ny_2017,9,rf,nan,nan,nan,rf,nan,nan,f1_score,0.5,2026-05-26,3999178352
0.0,plants_ny_2017,9,rf,nan,nan,nan,rf,nan,nan,f1_score,0.5,2026-05-26,4424137316
0.0,plants_ny_2017,9,rf,nan,nan,nan,rf,nan,nan,f1_score,0.5,2026-05-26,4162216329
0.0,plants_ny_2017,9,rf,nan,nan,nan,rf,nan,nan,f1_score,0.5,2026-05-26,3958044086
0.0,plants_ny_2017,9,rf,nan,nan,nan,rf,nan,nan,f1_score,0.5,2026-05-26,2366123774
0.0,plants_ny_2017,9,rf,nan,nan,nan,rf,nan,nan,f1_score,0.5,2026-05-26,2451589275
0.0,plants_ny_2017,9,rf,nan,nan,nan,rf,nan,nan,f1_score,0.5,2026-05-26,3873481843
0.0,plants_ny_2017,9,rf,nan,nan,nan,rf,nan,nan,f1_score,0.5,2026-05-26,3873757809
0.0,plants_ny_2017,9,rf,nan,nan,nan,rf,nan,nan,f1_score,0.5,2026-05-26,2826410565
0.0,plants_ny_2017,9,rf,nan,nan,nan,rf,nan,nan,f1_score,0.5,2026-05-26,5076752359
0.0,plants_ny_2017,9,rf,nan,nan,nan,rf,nan,nan,f1_score,0.5,2026-05-26,3873466586
0.0,plants_ny_2017,9,rf,nan,nan,nan,rf,nan,nan,f1_score,0.5,2026-05-26,4507861373
0.0,plants_ny_2017,9,rf,nan,nan,nan,rf,nan,nan,f1_score,0.5,2026-05-26,2818514518
0.0,plants_ny_2017,9,rf,nan,nan,nan,rf,nan,nan,f1_score,0.5,2026-05-26,4987681816
0.0,plants_ny_2017,9,rf,nan,nan,nan,rf,nan,nan,f1_score,0.5,2026-05-26,3466329727
0.0,plants_ny_2017,9,rf,nan,nan,nan,rf,nan,nan,f1_score,0.5,2026-05-26,4438871505
0.0,plants_ny_2017,9,rf,nan,nan,nan,rf,nan,nan,f1_score,0.5,2026-05-26,3953974437
0.0,plants_ny_2017,9,rf,nan,nan,nan,rf,nan,nan,f1_score,0.5,2026-05-26,4527971405
0.0,plants_ny_2017,9,rf,nan,nan,nan,rf,nan,nan,f1_score,0.5,2026-05-26,3302178683
0.0,plants_ny_2017,9,rf,nan,nan,nan,rf,nan,nan,f1_score,0.5,2026-05-26,4096410312
0.0,plants_ny_2017,9,rf,nan,nan,nan,rf,nan,nan,f1_score,0.5,2026-05-26,2823158419
0.0,plants_ny_2017,9,rf,nan,nan,nan,rf,nan,nan,f1_score,0.5,2026-05-26,3858288485
0.0,plants_ny_2017,9,rf,nan,nan,nan,rf,nan,nan,f1_score,0.5,2026-05-26,5837834794
0.0,plants_ny_2017,9,rf,nan,nan,nan,rf,nan,nan,f1_score,0.5,2026-05-26,3712461328
0.0,plants_ny_2017,9,rf,nan,nan,nan,rf,nan,nan,f1_score,0.5,2026-05-26,3873216721
0.0,plants_ny_2017,9,rf,nan,nan,nan,rf,nan,nan,f1_score,0.5,2026-05-26,3333123739
0.0,plants_ny_2017,9,rf,nan,nan,nan,rf,nan,nan,f1_score,0.5,2026-05-26,2818561503
0.0,plants_ny_2017,9,rf,nan,nan,nan,rf,nan,nan,f1_score,0.5,2026-05-26,2641594444
0.0,plants_ny_2017,9,rf,nan,nan,nan,rf,nan,nan,f1_score,0.5,2026-05-26,4516489039
0.0,plants_ny_2017,9,rf,nan,nan,nan,rf,nan,nan,f1_score,0.5,2026-05-26,1847617765
0.0,plants_ny_2017,9,rf,nan,nan,nan,rf,nan,nan,f1_score,0.5,2026-05-26,2814078131
0.0,plants_ny_2017,9,rf,nan,nan,nan,rf,nan,nan,f1_score,0.5,2026-05-26,3355032388
0.0,plants_ny_2017,9,rf,nan,nan,nan,rf,nan,nan,f1_score,0.5,2026-05-26,3355516640
0.0,plants_ny_2017,9,rf,nan,nan,nan,rf,nan,nan,f1_score,0.5,2026-05-26,2814033110
0.0,plants_ny_2017,9,rf,nan,nan,nan,rf,nan,nan,f1_score,0.5,2026-05-26,3874206302
0.0,plants_ny_2017,9,rf,nan,nan,nan,rf,nan,nan,f1_score,0.5,2026-05-26,2242926971
0.0,plants_ny_2017,9,rf,nan,nan,nan,rf,nan,nan,f1_score,0.5,2026-05-26,2873874180
0.0,plants_ny_2017,9,rf,nan,nan,nan,rf,nan,nan,f1_score,0.5,2026-05-26,3873403754
0.0,plants_ny_2017,9,rf,nan,nan,nan,rf,nan,nan,f1_score,0.5,2026-05-26,5837965318
0.0,plants_ny_2017,9,rf,nan,nan,nan,rf,nan,nan,f1_score,0.5,2026-05-26,3058719518
0.0,plants_ny_2017,9,rf,nan,nan,nan,rf,nan,nan,f1_score,0.5,2026-05-26,2826391600
0.0,plants_ny_2017,9,rf,nan,nan,nan,rf,nan,nan,f1_score,0.5,2026-05-26,2813988335
0.0,plants_ny_2017,9,rf,nan,nan,nan,rf,nan,nan,f1_score,0.5,2026-05-26,3384297917
0.0,plants_ny_2017,9,rf,nan,nan,nan,rf,nan,nan,f1_score,0.5,2026-05-26,2823307483
0.0,plants_ny_2017,9,rf,nan,nan,nan,rf,nan,nan,f1_score,0.5,2026-05-26,2641595512
0.0,plants_ny_2017,9,rf,nan,nan,nan,rf,nan,nan,f1_score,0.5,2026-05-26,3873463510
0.0,plants_ny_2017,9,rf,nan,nan,nan,rf,nan,nan,f1_score,0.5,2026-05-26,3355478396
0.0,plants_ny_2017,9,rf,nan,nan,nan,rf,nan,nan,f1_score,0.5,2026-05-26,4596773836
0.0,plants_ny_2017,9,rf,nan,nan,nan,rf,nan,nan,f1_score,0.5,2026-05-26,3956209138
0.0,plants_ny_2017,9,rf,nan,nan,nan,rf,nan,nan,f1_score,0.5,2026-05-26,3881874679
0.0,plants_ny_2017,9,rf,nan,nan,nan,rf,nan,nan,f1_score,0.5,2026-05-26,4516533448
0.0,plants_ny_2017,9,rf,nan,nan,nan,rf,nan,nan,f1_score,0.5,2026-05-26,3333250710
0.0,plants_ny_2017,9,rf,nan,nan,nan,rf,nan,nan,f1_score,0.5,2026-05-26,2252021007
0.0,plants_ny_2017,9,rf,nan,nan,nan,rf,nan,nan,f1_score,0.5,2026-05-26,3044597588
0.0,plants_ny_2017,9,rf,nan,nan,nan,rf,nan,nan,f1_score,0.5,2026-05-26,2814239399
0.0,plants_ny_2017,9,rf,nan,nan,nan,rf,nan,nan,f1_score,0.5,2026-05-26,3456961901
0.0,plants_ny_2017,9,rf,nan,nan,nan,rf,nan,nan,f1_score,0.5,2026-05-26,2366102341
0.0,plants_ny_2017,9,rf,nan,nan,nan,rf,nan,nan,f1_score,0.5,2026-05-26,2826264435
0.0,plants_ny_2017,9,rf,nan,nan,nan,rf,nan,nan,f1_score,0.5,2026-05-26,2252019125
0.0,plants_ny_2017,9,rf,nan,nan,nan,rf,nan,nan,f1_score,0.5,2026-05-26,2826309449
0.0,plants_ny_2017,9,rf,nan,nan,nan,rf,nan,nan,f1_score,0.5,2026-05-26,3044557547
0.0,plants_ny_2017,9,rf,nan,nan,nan,rf,nan,nan,f1_score,0.5,2026-05-26,3044896562
0.0,plants_ny_2017,9,rf,nan,nan,nan,rf,nan,nan,f1_score,0.5,2026-05-26,3881786514
0.0,plants_ny_2017,9,rf,nan,nan,nan,rf,nan,nan,f1_score,0.5,2026-05-26,2818531496
0.0,plants_ny_2017,9,rf,nan,nan,nan,rf,nan,nan,f1_score,0.5,2026-05-26,2252018236
0.0,plants_ny_2017,9,rf,nan,nan,nan,rf,nan,nan,f1_score,0.5,2026-05-26,2818546505
0.0,plants_ny_2017,9,rf,nan,nan,nan,rf,nan,nan,f1_score,0.5,2026-05-26,5760632288
0.0,plants_ny_2017,9,rf,nan,nan,nan,rf,nan,nan,f1_score,0.5,2026-05-26,1847617736
0.0,plants_ny_2017,9,rf,nan,nan,nan,rf,nan,nan,f1_score,0.5,2026-05-26,4936563945
0.0,plants_ny_2017,9,rf,nan,nan,nan,rf,nan,nan,f1_score,0.5,2026-05-26,2242955395
0.0,plants_ny_2017,9,rf,nan,nan,nan,rf,nan,nan,f1_score,0.5,2026-05-26,3955751216
0.0,plants_ny_2017,9,rf,nan,nan,nan,rf,nan,nan,f1_score,0.5,2026-05-26,5076719415
0.0,plants_ny_2017,9,rf,nan,nan,nan,rf,nan,nan,f1_score,0.5,2026-05-26,4921972389
0.0,plants_ny_2017,9,rf,nan,nan,nan,rf,nan,nan,f1_score,0.5,2026-05-26,3881878550
0.0,plants_ny_2017,9,rf,nan,nan,nan,rf,nan,nan,f1_score,0.5,2026-05-26,3860193247
0.0,plants_ny_2017,9,rf,nan,nan,nan,rf,nan,nan,f1_score,0.5,2026-05-26,2422841558
0.0,plants_ny_2017,9,rf,nan,nan,nan,rf,nan,nan,f1_score,0.5,2026-05-26,3058785510
0.0,plants_ny_2017,9,rf,nan,nan,nan,rf,nan,nan,f1_score,0.5,2026-05-26,3873016834
0.0,plants_ny_2017,9,rf,nan,nan,nan,rf,nan,nan,f1_score,0.5,2026-05-26,4982288930
0.0,plants_ny_2017,9,rf,nan,nan,nan,rf,nan,nan,f1_score,0.5,2026-05-26,3873351173
0.0,plants_ny_2017,9,rf,nan,nan,nan,rf,nan,nan,f1_score,0.5,2026-05-26,2984555327
0.0,plants_ny_2017,9,rf,nan,nan,nan,rf,nan,nan,f1_score,0.5,2026-05-26,2269220136
0.0,plants_ny_2017,9,rf,nan,nan,nan,rf,nan,nan,f1_score,0.5,2026-05-26,3881469877
0.0,plants_ny_2017,9,rf,nan,nan,nan,rf,nan,nan,f1_score,0.5,2026-05-26,3958078105
0.0,plants_ny_2017,9,rf,nan,nan,nan,rf,nan,nan,f1_score,0.5,2026-05-26,3959923790
0.0,plants_ny_2017,9,rf,nan,nan,nan,rf,nan,nan,f1_score,0.5,2026-05-26,3954270841
0.0,plants_ny_2017,9,rf,nan,nan,nan,rf,nan,nan,f1_score,0.5,2026-05-26,3949244745
0.0,plants_ny_2017,9,rf,nan,nan,nan,rf,nan,nan,f1_score,0.5,2026-05-26,3953404417
0.0,plants_ny_2017,9,rf,nan,nan,nan,rf,nan,nan,f1_score,0.5,2026-05-26,3008543385
0.0,plants_ny_2017,9,rf,nan,nan,nan,rf,nan,nan,f1_score,0.5,2026-05-26,3958637443
0.0,plants_ny_2017,9,rf,nan,nan,nan,rf,nan,nan,f1_score,0.5,2026-05-26,4527970623
0.0,plants_ny_2017,9,rf,nan,nan,nan,rf,nan,nan,f1_score,0.5,2026-05-26,3747287475
0.0,plants_ny_2017,9,rf,nan,nan,nan,rf,nan,nan,f1_score,0.5,2026-05-26,3955115329
0.0,plants_ny_2017,9,rf,nan,nan,nan,rf,nan,nan,f1_score,0.5,2026-05-26,3955085000
0.0,plants_ny_2017,9,rf,nan,nan,nan,rf,nan,nan,f1_score,0.5,2026-05-26,3998317809
0.0,plants_ny_2017,9,rf,nan,nan,nan,rf,nan,nan,f1_score,0.5,2026-05-26,2988311499
0.0,plants_ny_2017,9,rf,nan,nan,nan,rf,nan,nan,f1_score,0.5,2026-05-26,3954835629
0.0,plants_ny_2017,9,rf,nan,nan,nan,rf,nan,nan,f1_score,0.5,2026-05-26,3985724242
0.0,plants_ny_2017,9,rf,nan,nan,nan,rf,nan,nan,f1_score,0.5,2026-05-26,3958151770
0.0,plants_ny_2017,9,rf,nan,nan,nan,rf,nan,nan,f1_score,0.5,2026-05-26,2850678996
0.0,plants_ny_2017,9,rf,nan,nan,nan,rf,nan,nan,f1_score,0.5,2026-05-26,3307274653
0.0,plants_ny_2017,9,rf,nan,nan,nan,rf,nan,nan,f1_score,0.5,2026-05-26,3343840351
0.0,plants_ny_2017,9,rf,nan,nan,nan,rf,nan,nan,f1_score,0.5,2026-05-26,4516419370
0.0,plants_ny_2017,9,rf,nan,nan,nan,rf,nan,nan,f1_score,0.5,2026-05-26,3957130842
0.0,plants_ny_2017,9,rf,nan,nan,nan,rf,nan,nan,f1_score,0.5,2026-05-26,3959112274
0.0,plants_ny_2017,9,rf,nan,nan,nan,rf,nan,nan,f1_score,0.5,2026-05-26,3952675673
0.0,plants_ny_2017,9,rf,nan,nan,nan,rf,nan,nan,f1_score,0.5,2026-05-26,3456553009
0.0,plants_ny_2017,9,rf,nan,nan,nan,rf,nan,nan,f1_score,0.5,2026-05-26,3956459843
0.0,plants_ny_2017,9,rf,nan,nan,nan,rf,nan,nan,f1_score,0.5,2026-05-26,4018281472
0.0,plants_ny_2017,9,rf,nan,nan,nan,rf,nan,nan,f1_score,0.5,2026-05-26,2851222173
0.0,plants_ny_2017,9,rf,nan,nan,nan,rf,nan,nan,f1_score,0.5,2026-05-26,3955061583
0.0,plants_ny_2017,9,rf,nan,nan,nan,rf,nan,nan,f1_score,0.5,2026-05-26,3952055622
0.0,plants_ny_2017,9,rf,nan,nan,nan,rf,nan,nan,f1_score,0.5,2026-05-26,2999203337
0.0,plants_ny_2017,9,rf,nan,nan,nan,rf,nan,nan,f1_score,0.5,2026-05-26,4516390969
0.0,plants_ny_2017,9,rf,nan,nan,nan,rf,nan,nan,f1_score,0.5,2026-05-26,3958742480
0.0,plants_ny_2017,9,rf,nan,nan,nan,rf,nan,nan,f1_score,0.5,2026-05-26,2901559340
0.0,plants_ny_2017,9,rf,nan,nan,nan,rf,nan,nan,f1_score,0.5,2026-05-26,2826383607
0.0,plants_ny_2017,9,rf,nan,nan,nan,rf,nan,nan,f1_score,0.5,2026-05-26,3330452956
0.0,plants_ny_2017,9,rf,nan,nan,nan,rf,nan,nan,f1_score,0.5,2026-05-26,2447832216
0.0,plants_ny_2017,9,rf,nan,nan,nan,rf,nan,nan,f1_score,0.5,2026-05-26,3998280026
0.0,plants_ny_2017,9,rf,nan,nan,nan,rf,nan,nan,f1_score,0.5,2026-05-26,3951765114
0.0,plants_ny_2017,9,rf,nan,nan,nan,rf,nan,nan,f1_score,0.5,2026-05-26,4936462453
0.0,plants_ny_2017,9,rf,nan,nan,nan,rf,nan,nan,f1_score,0.5,2026-05-26,2963810335
0.0,plants_ny_2017,9,rf,nan,nan,nan,rf,nan,nan,f1_score,0.5,2026-05-26,5932438984
0.0,plants_ny_2017,9,rf,nan,nan,nan,rf,nan,nan,f1_score,0.5,2026-05-26,3889195436
0.0,plants_ny_2017,9,rf,nan,nan,nan,rf,nan,nan,f1_score,0.5,2026-05-26,3957034482
0.0,plants_ny_2017,9,rf,nan,nan,nan,rf,nan,nan,f1_score,0.5,2026-05-26,3330721985
0.0,plants_ny_2017,9,rf,nan,nan,nan,rf,nan,nan,f1_score,0.5,2026-05-26,4465359647
0.0,plants_ny_2017,9,rf,nan,nan,nan,rf,nan,nan,f1_score,0.5,2026-05-26,2283170862
0.0,plants_ny_2017,9,rf,nan,nan,nan,rf,nan,nan,f1_score,0.5,2026-05-26,3355317083
0.0,plants_ny_2017,9,rf,nan,nan,nan,rf,nan,nan,f1_score,0.5,2026-05-26,3330505965
0.0,plants_ny_2017,9,rf,nan,nan,nan,rf,nan,nan,f1_score,0.5,2026-05-26,4076286520
0.0,plants_ny_2017,9,rf,nan,nan,nan,rf,nan,nan,f1_score,0.5,2026-05-26,4516357456
0.0,plants_ny_2017,9,rf,nan,nan,nan,rf,nan,nan,f1_score,0.5,2026-05-26,3956976062
0.0,plants_ny_2017,9,rf,nan,nan,nan,rf,nan,nan,f1_score,0.5,2026-05-26,1850963789
0.0,plants_ny_2017,9,rf,nan,nan,nan,rf,nan,nan,f1_score,0.5,2026-05-26,3859803575
0.0,plants_ny_2017,9,rf,nan,nan,nan,rf,nan,nan,f1_score,0.5,2026-05-26,2397651159
0.0,plants_ny_2017,9,rf,nan,nan,nan,rf,nan,nan,f1_score,0.5,2026-05-26,4519327330
0.0,plants_ny_2017,9,rf,nan,nan,nan,rf,nan,nan,f1_score,0.5,2026-05-26,4413488528
0.0,plants_ny_2017,9,rf,nan,nan,nan,rf,nan,nan,f1_score,0.5,2026-05-26,3031591009
0.0,plants_ny_2017,9,rf,nan,nan,nan,rf,nan,nan,f1_score,0.5,2026-05-26,3384209016
0.0,plants_ny_2017,9,rf,nan,nan,nan,rf,nan,nan,f1_score,0.5,2026-05-26,3455737547
0.0,plants_ny_2017,9,rf,nan,nan,nan,rf,nan,nan,f1_score,0.5,2026-05-26,5838325439
0.0,plants_ny_2017,9,rf,nan,nan,nan,rf,nan,nan,f1_score,0.5,2026-05-26,3469008560
0.0,plants_ny_2017,9,rf,nan,nan,nan,rf,nan,nan,f1_score,0.5,2026-05-26,3468870472
0.0,plants_ny_2017,9,rf,nan,nan,nan,rf,nan,nan,f1_score,0.5,2026-05-26,2444983973
0.0,plants_ny_2017,9,rf,nan,nan,nan,rf,nan,nan,f1_score,0.5,2026-05-26,4908505116
0.0,plants_ny_2017,9,rf,nan,nan,nan,rf,nan,nan,f1_score,0.5,2026-05-26,3959779432
0.0,plants_ny_2017,9,rf,nan,nan,nan,rf,nan,nan,f1_score,0.5,2026-05-26,4516636705
0.0,plants_ny_2017,9,rf,nan,nan,nan,rf,nan,nan,f1_score,0.5,2026-05-26,3355426478
0.0,plants_ny_2017,9,rf,nan,nan,nan,rf,nan,nan,f1_score,0.5,2026-05-26,2517952060
0.0,plants_ny_2017,9,rf,nan,nan,nan,rf,nan,nan,f1_score,0.5,2026-05-26,3384879974
0.0,plants_ny_2017,9,rf,nan,nan,nan,rf,nan,nan,f1_score,0.5,2026-05-26,3712455447
0.0,plants_ny_2017,9,rf,nan,nan,nan,rf,nan,nan,f1_score,0.5,2026-05-26,3802638799
0.0,plants_ny_2017,9,rf,nan,nan,nan,rf,nan,nan,f1_score,0.5,2026-05-26,2988292224
0.0,plants_ny_2017,9,rf,nan,nan,nan,rf,nan,nan,f1_score,0.5,2026-05-26,3953472981
0.0,plants_ny_2017,9,rf,nan,nan,nan,rf,nan,nan,f1_score,0.5,2026-05-26,3398772790
0.0,plants_ny_2017,9,rf,nan,nan,nan,rf,nan,nan,f1_score,0.5,2026-05-26,5217066350
0.0,plants_ny_2017,9,rf,nan,nan,nan,rf,nan,nan,f1_score,0.5,2026-05-26,3902078610
0.0,plants_ny_2017,9,rf,nan,nan,nan,rf,nan,nan,f1_score,0.5,2026-05-26,3456328631
0.0,plants_ny_2017,9,rf,nan,nan,nan,rf,nan,nan,f1_score,0.5,2026-05-26,3456062518
0.0,plants_ny_2017,9,rf,nan,nan,nan,rf,nan,nan,f1_score,0.5,2026-05-26,4018555450
0.0,plants_ny_2017,9,rf,nan,nan,nan,rf,nan,nan,f1_score,0.5,2026-05-26,3399180831
0.0,plants_ny_2017,9,rf,nan,nan,nan,rf,nan,nan,f1_score,0.5,2026-05-26,2963843407
0.0,plants_ny_2017,9,rf,nan,nan,nan,rf,nan,nan,f1_score,0.5,2026-05-26,3951628414
0.0,plants_ny_2017,9,rf,nan,nan,nan,rf,nan,nan,f1_score,0.5,2026-05-26,3333384472
0.0,plants_ny_2017,9,rf,nan,nan,nan,rf,nan,nan,f1_score,0.5,2026-05-26,2851220205
0.0,plants_ny_2017,9,rf,nan,nan,nan,rf,nan,nan,f1_score,0.5,2026-05-26,4522547531
0.0,plants_ny_2017,9,rf,nan,nan,nan,rf,nan,nan,f1_score,0.5,2026-05-26,3320956071
0.0,plants_ny_2017,9,rf,nan,nan,nan,rf,nan,nan,f1_score,0.5,2026-05-26,2456593022
0.0,plants_ny_2017,9,rf,nan,nan,nan,rf,nan,nan,f1_score,0.5,2026-05-26,2311334183
0.0,plants_ny_2017,9,rf,nan,nan,nan,rf,nan,nan,f1_score,0.5,2026-05-26,3325670023
0.0,plants_ny_2017,9,rf,nan,nan,nan,rf,nan,nan,f1_score,0.5,2026-05-26,3325579989
0.0,plants_ny_2017,9,rf,nan,nan,nan,rf,nan,nan,f1_score,0.5,2026-05-26,3325839078
0.0,plants_ny_2017,9,rf,nan,nan,nan,rf,nan,nan,f1_score,0.5,2026-05-26,2814184613
0.0,plants_ny_2017,9,rf,nan,nan,nan,rf,nan,nan,f1_score,0.5,2026-05-26,5140376141
0.0,plants_ny_2017,9,rf,nan,nan,nan,rf,nan,nan,f1_score,0.5,2026-05-26,3321134196
0.0,plants_ny_2017,9,rf,nan,nan,nan,rf,nan,nan,f1_score,0.5,2026-05-26,3330723714
0.0,plants_ny_2017,9,rf,nan,nan,nan,rf,nan,nan,f1_score,0.5,2026-05-26,2422912178
0.0,plants_ny_2017,9,rf,nan,nan,nan,rf,nan,nan,f1_score,0.5,2026-05-26,3325792475
0.0,plants_ny_2017,9,rf,nan,nan,nan,rf,nan,nan,f1_score,0.5,2026-05-26,2422911567
0.0,plants_ny_2017,9,rf,nan,nan,nan,rf,nan,nan,f1_score,0.5,2026-05-26,2445052509
0.0,plants_ny_2017,9,rf,nan,nan,nan,rf,nan,nan,f1_score,0.5,2026-05-26,2859955486
0.0,plants_ny_2017,9,rf,nan,nan,nan,rf,nan,nan,f1_score,0.5,2026-05-26,3858697657
0.0,plants_ny_2017,9,rf,nan,nan,nan,rf,nan,nan,f1_score,0.5,2026-05-26,4527933661
0.0,plants_ny_2017,9,rf,nan,nan,nan,rf,nan,nan,f1_score,0.5,2026-05-26,2265878321
0.0,plants_ny_2017,9,rf,nan,nan,nan,rf,nan,nan,f1_score,0.5,2026-05-26,3321282329
0.0,plants_ny_2017,9,rf,nan,nan,nan,rf,nan,nan,f1_score,0.5,2026-05-26,3860281676
0.0,plants_ny_2017,9,rf,nan,nan,nan,rf,nan,nan,f1_score,0.5,2026-05-26,3355238571
0.0,plants_ny_2017,9,rf,nan,nan,nan,rf,nan,nan,f1_score,0.5,2026-05-26,2265832912
0.0,plants_ny_2017,9,rf,nan,nan,nan,rf,nan,nan,f1_score,0.5,2026-05-26,2447842371
0.0,plants_ny_2017,9,rf,nan,nan,nan,rf,nan,nan,f1_score,0.5,2026-05-26,3383917789
0.0,plants_ny_2017,9,rf,nan,nan,nan,rf,nan,nan,f1_score,0.5,2026-05-26,3320891220
0.0,plants_ny_2017,9,rf,nan,nan,nan,rf,nan,nan,f1_score,0.5,2026-05-26,5086885467
0.0,plants_ny_2017,9,rf,nan,nan,nan,rf,nan,nan,f1_score,0.5,2026-05-26,3320940157
0.0,plants_ny_2017,9,rf,nan,nan,nan,rf,nan,nan,f1_score,0.5,2026-05-26,3321020352
0.0,plants_ny_2017,9,rf,nan,nan,nan,rf,nan,nan,f1_score,0.5,2026-05-26,3858506628
0.0,plants_ny_2017,9,rf,nan,nan,nan,rf,nan,nan,f1_score,0.5,2026-05-26,2423060972
0.0,plants_ny_2017,9,rf,nan,nan,nan,rf,nan,nan,f1_score,0.5,2026-05-26,3759163640
0.0,plants_ny_2017,9,rf,nan,nan,nan,rf,nan,nan,f1_score,0.5,2026-05-26,2422848189
0.0,plants_ny_2017,9,rf,nan,nan,nan,rf,nan,nan,f1_score,0.5,2026-05-26,3321127226
0.0,plants_ny_2017,9,rf,nan,nan,nan,rf,nan,nan,f1_score,0.5,2026-05-26,2265834075
0.0,plants_ny_2017,9,rf,nan,nan,nan,rf,nan,nan,f1_score,0.5,2026-05-26,3335441283
0.0,plants_ny_2017,9,rf,nan,nan,nan,rf,nan,nan,f1_score,0.5,2026-05-26,2422908117
0.0,plants_ny_2017,9,rf,nan,nan,nan,rf,nan,nan,f1_score,0.5,2026-05-26,3325568037
0.0,plants_ny_2017,9,rf,nan,nan,nan,rf,nan,nan,f1_score,0.5,2026-05-26,3955467336
0.0,plants_ny_2017,9,rf,nan,nan,nan,rf,nan,nan,f1_score,0.5,2026-05-26,3325547536
0.0,plants_ny_2017,9,rf,nan,nan,nan,rf,nan,nan,f1_score,0.5,2026-05-26,5215974361
0.0,plants_ny_2017,9,rf,nan,nan,nan,rf,nan,nan,f1_score,0.5,2026-05-26,3320957204
0.0,plants_ny_2017,9,rf,nan,nan,nan,rf,nan,nan,f1_score,0.5,2026-05-26,3355093339
0.0,plants_ny_2017,9,rf,nan,nan,nan,rf,nan,nan,f1_score,0.5,2026-05-26,3860238663
0.0,plants_ny_2017,9,rf,nan,nan,nan,rf,nan,nan,f1_score,0.5,2026-05-26,2447840644
0.0,plants_ny_2017,9,rf,nan,nan,nan,rf,nan,nan,f1_score,0.5,2026-05-26,3858698018
0.0,plants_ny_2017,9,rf,nan,nan,nan,rf,nan,nan,f1_score,0.5,2026-05-26,3325529976
0.0,plants_ny_2017,9,rf,nan,nan,nan,rf,nan,nan,f1_score,0.5,2026-05-26,3321014318
0.0,plants_ny_2017,9,rf,nan,nan,nan,rf,nan,nan,f1_score,0.5,2026-05-26,3327768592
0.0,plants_ny_2017,9,rf,nan,nan,nan,rf,nan,nan,f1_score,0.5,2026-05-26,3330518946
0.0,plants_ny_2017,9,rf,nan,nan,nan,rf,nan,nan,f1_score,0.5,2026-05-26,3325470992
0.0,plants_ny_2017,9,rf,nan,nan,nan,rf,nan,nan,f1_score,0.5,2026-05-26,4442509490
0.0,plants_ny_2017,9,rf,nan,nan,nan,rf,nan,nan,f1_score,0.5,2026-05-26,3858613733
0.0,plants_ny_2017,9,rf,nan,nan,nan,rf,nan,nan,f1_score,0.5,2026-05-26,3014068533
0.0,plants_ny_2017,9,rf,nan,nan,nan,rf,nan,nan,f1_score,0.5,2026-05-26,3327675600
0.0,plants_ny_2017,9,rf,nan,nan,nan,rf,nan,nan,f1_score,0.5,2026-05-26,3321255374
0.0,plants_ny_2017,9,rf,nan,nan,nan,rf,nan,nan,f1_score,0.5,2026-05-26,3320979314
0.0,plants_ny_2017,9,rf,nan,nan,nan,rf,nan,nan,f1_score,0.5,2026-05-26,3859484992
0.0,plants_ny_2017,9,rf,nan,nan,nan,rf,nan,nan,f1_score,0.5,2026-05-26,3335420262
0.0,plants_ny_2017,9,rf,nan,nan,nan,rf,nan,nan,f1_score,0.5,2026-05-26,3873531941
0.0,plants_ny_2017,9,rf,nan,nan,nan,rf,nan,nan,f1_score,0.5,2026-05-26,3044832689
0.0,plants_ny_2017,9,rf,nan,nan,nan,rf,nan,nan,f1_score,0.5,2026-05-26,3320905175
0.0,plants_ny_2017,9,rf,nan,nan,nan,rf,nan,nan,f1_score,0.5,2026-05-26,4424249443
0.0,plants_ny_2017,9,rf,nan,nan,nan,rf,nan,nan,f1_score,0.5,2026-05-26,3712752411
0.0,plants_ny_2017,9,rf,nan,nan,nan,rf,nan,nan,f1_score,0.5,2026-05-26,2269225795
0.0,plants_ny_2017,9,rf,nan,nan,nan,rf,nan,nan,f1_score,0.5,2026-05-26,3321246338
0.0,plants_ny_2017,9,rf,nan,nan,nan,rf,nan,nan,f1_score,0.5,2026-05-26,3335164256
0.0,plants_ny_2017,9,rf,nan,nan,nan,rf,nan,nan,f1_score,0.5,2026-05-26,2265878225
0.0,plants_ny_2017,9,rf,nan,nan,nan,rf,nan,nan,f1_score,0.5,2026-05-26,3321221354
0.0,plants_ny_2017,9,rf,nan,nan,nan,rf,nan,nan,f1_score,0.5,2026-05-26,2397621080
0.0,plants_ny_2017,9,rf,nan,nan,nan,rf,nan,nan,f1_score,0.5,2026-05-26,5140229152
0.0,plants_ny_2017,9,rf,nan,nan,nan,rf,nan,nan,f1_score,0.5,2026-05-26,3956110299
0.0,plants_ny_2017,9,rf,nan,nan,nan,rf,nan,nan,f1_score,0.5,2026-05-26,3321321461
0.0,plants_ny_2017,9,rf,nan,nan,nan,rf,nan,nan,f1_score,0.5,2026-05-26,2422909098
0.0,plants_ny_2017,9,rf,nan,nan,nan,rf,nan,nan,f1_score,0.5,2026-05-26,3330621846
0.0,plants_ny_2017,9,rf,nan,nan,nan,rf,nan,nan,f1_score,0.5,2026-05-26,5838283189
0.0,plants_ny_2017,9,rf,nan,nan,nan,rf,nan,nan,f1_score,0.5,2026-05-26,2445025486
0.0,plants_ny_2017,9,rf,nan,nan,nan,rf,nan,nan,f1_score,0.5,2026-05-26,2422908332
0.0,plants_ny_2017,9,rf,nan,nan,nan,rf,nan,nan,f1_score,0.5,2026-05-26,3335109274
0.0,plants_ny_2017,9,rf,nan,nan,nan,rf,nan,nan,f1_score,0.5,2026-05-26,2883110527
0.0,plants_ny_2017,9,rf,nan,nan,nan,rf,nan,nan,f1_score,0.5,2026-05-26,3031955480
0.0,plants_ny_2017,9,rf,nan,nan,nan,rf,nan,nan,f1_score,0.5,2026-05-26,3858950706
0.0,plants_ny_2017,9,rf,nan,nan,nan,rf,nan,nan,f1_score,0.5,2026-05-26,3384266822
0.0,plants_ny_2017,9,rf,nan,nan,nan,rf,nan,nan,f1_score,0.5,2026-05-26,3998087634
0.0,plants_ny_2017,9,rf,nan,nan,nan,rf,nan,nan,f1_score,0.5,2026-05-26,3383882820
0.0,plants_ny_2017,9,rf,nan,nan,nan,rf,nan,nan,f1_score,0.5,2026-05-26,4014938432
0.0,plants_ny_2017,9,rf,nan,nan,nan,rf,nan,nan,f1_score,0.5,2026-05-26,2294423868
0.0,plants_ny_2017,9,rf,nan,nan,nan,rf,nan,nan,f1_score,0.5,2026-05-26,2422908104
0.0,plants_ny_2017,9,rf,nan,nan,nan,rf,nan,nan,f1_score,0.5,2026-05-26,4535867564
0.0,plants_ny_2017,9,rf,nan,nan,nan,rf,nan,nan,f1_score,0.5,2026-05-26,3325713988
0.0,plants_ny_2017,9,rf,nan,nan,nan,rf,nan,nan,f1_score,0.5,2026-05-26,2422910187
0.0,plants_ny_2017,9,rf,nan,nan,nan,rf,nan,nan,f1_score,0.5,2026-05-26,3343720014
0.0,plants_ny_2017,9,rf,nan,nan,nan,rf,nan,nan,f1_score,0.5,2026-05-26,3325765540
0.0,plants_ny_2017,9,rf,nan,nan,nan,rf,nan,nan,f1_score,0.5,2026-05-26,3858963643
0.0,plants_ny_2017,9,rf,nan,nan,nan,rf,nan,nan,f1_score,0.5,2026-05-26,4901799426
0.0,plants_ny_2017,9,rf,nan,nan,nan,rf,nan,nan,f1_score,0.5,2026-05-26,4076272444
0.0,plants_ny_2017,9,rf,nan,nan,nan,rf,nan,nan,f1_score,0.5,2026-05-26,3321229350
0.0,plants_ny_2017,9,rf,nan,nan,nan,rf,nan,nan,f1_score,0.5,2026-05-26,3320953196
0.0,plants_ny_2017,9,rf,nan,nan,nan,rf,nan,nan,f1_score,0.5,2026-05-26,3321168318
0.0,plants_ny_2017,9,rf,nan,nan,nan,rf,nan,nan,f1_score,0.5,2026-05-26,3321124478
0.0,plants_ny_2017,9,rf,nan,nan,nan,rf,nan,nan,f1_score,0.5,2026-05-26,2802539423
0.0,plants_ny_2017,9,rf,nan,nan,nan,rf,nan,nan,f1_score,0.5,2026-05-26,2626495385
0.0,plants_ny_2017,9,rf,nan,nan,nan,rf,nan,nan,f1_score,0.5,2026-05-26,3335137496
0.0,plants_ny_2017,9,rf,nan,nan,nan,rf,nan,nan,f1_score,0.5,2026-05-26,3330485510
0.0,plants_ny_2017,9,rf,nan,nan,nan,rf,nan,nan,f1_score,0.5,2026-05-26,3335425504
0.0,plants_ny_2017,9,rf,nan,nan,nan,rf,nan,nan,f1_score,0.5,2026-05-26,3335377453
0.0,plants_ny_2017,9,rf,nan,nan,nan,rf,nan,nan,f1_score,0.5,2026-05-26,3320892254
0.0,plants_ny_2017,9,rf,nan,nan,nan,rf,nan,nan,f1_score,0.5,2026-05-26,2456590301
0.0,plants_ny_2017,9,rf,nan,nan,nan,rf,nan,nan,f1_score,0.5,2026-05-26,3330798373
0.0,plants_ny_2017,9,rf,nan,nan,nan,rf,nan,nan,f1_score,0.5,2026-05-26,2331882958
0.0,plants_ny_2017,9,rf,nan,nan,nan,rf,nan,nan,f1_score,0.5,2026-05-26,3031913702
0.0,plants_ny_2017,9,rf,nan,nan,nan,rf,nan,nan,f1_score,0.5,2026-05-26,2350330180
0.0,plants_ny_2017,9,rf,nan,nan,nan,rf,nan,nan,f1_score,0.5,2026-05-26,3873598308
0.0,plants_ny_2017,9,rf,nan,nan,nan,rf,nan,nan,f1_score,0.5,2026-05-26,3031783632
0.0,plants_ny_2017,9,rf,nan,nan,nan,rf,nan,nan,f1_score,0.5,2026-05-26,4852784181
0.0,plants_ny_2017,9,rf,nan,nan,nan,rf,nan,nan,f1_score,0.5,2026-05-26,2456592218
0.0,plants_ny_2017,9,rf,nan,nan,nan,rf,nan,nan,f1_score,0.5,2026-05-26,3743048488
0.0,plants_ny_2017,9,rf,nan,nan,nan,rf,nan,nan,f1_score,0.5,2026-05-26,3005181826
0.0,plants_ny_2017,9,rf,nan,nan,nan,rf,nan,nan,f1_score,0.5,2026-05-26,3881376498
0.0,plants_ny_2017,9,rf,nan,nan,nan,rf,nan,nan,f1_score,0.5,2026-05-26,4528172341
0.0,plants_ny_2017,9,rf,nan,nan,nan,rf,nan,nan,f1_score,0.5,2026-05-26,2456591958
0.0,plants_ny_2017,9,rf,nan,nan,nan,rf,nan,nan,f1_score,0.5,2026-05-26,3957874003
0.0,plants_ny_2017,9,rf,nan,nan,nan,rf,nan,nan,f1_score,0.5,2026-05-26,3343732472
0.0,plants_ny_2017,9,rf,nan,nan,nan,rf,nan,nan,f1_score,0.5,2026-05-26,5837725320
0.0,plants_ny_2017,9,rf,nan,nan,nan,rf,nan,nan,f1_score,0.5,2026-05-26,3330586325
0.0,plants_ny_2017,9,rf,nan,nan,nan,rf,nan,nan,f1_score,0.5,2026-05-26,3743173459
0.0,plants_ny_2017,9,rf,nan,nan,nan,rf,nan,nan,f1_score,0.5,2026-05-26,2988513697
0.0,plants_ny_2017,9,rf,nan,nan,nan,rf,nan,nan,f1_score,0.5,2026-05-26,3773256410
0.0,plants_ny_2017,9,rf,nan,nan,nan,rf,nan,nan,f1_score,0.5,2026-05-26,4424380487
0.0,plants_ny_2017,9,rf,nan,nan,nan,rf,nan,nan,f1_score,0.5,2026-05-26,2898505859
0.0,plants_ny_2017,9,rf,nan,nan,nan,rf,nan,nan,f1_score,0.5,2026-05-26,2576250963
0.0,plants_ny_2017,9,rf,nan,nan,nan,rf,nan,nan,f1_score,0.5,2026-05-26,2611308439
0.0,plants_ny_2017,9,rf,nan,nan,nan,rf,nan,nan,f1_score,0.5,2026-05-26,2331884973
0.0,plants_ny_2017,9,rf,nan,nan,nan,rf,nan,nan,f1_score,0.5,2026-05-26,3952073213
0.0,plants_ny_2017,9,rf,nan,nan,nan,rf,nan,nan,f1_score,0.5,2026-05-26,3953863331
0.0,plants_ny_2017,9,rf,nan,nan,nan,rf,nan,nan,f1_score,0.5,2026-05-26,3954143829
0.0,plants_ny_2017,9,rf,nan,nan,nan,rf,nan,nan,f1_score,0.5,2026-05-26,3947273854
0.0,plants_ny_2017,9,rf,nan,nan,nan,rf,nan,nan,f1_score,0.5,2026-05-26,3960384706
0.0,plants_ny_2017,9,rf,nan,nan,nan,rf,nan,nan,f1_score,0.5,2026-05-26,2963829665
0.0,plants_ny_2017,9,rf,nan,nan,nan,rf,nan,nan,f1_score,0.5,2026-05-26,5932684154
0.0,plants_ny_2017,9,rf,nan,nan,nan,rf,nan,nan,f1_score,0.5,2026-05-26,3398684778
0.0,plants_ny_2017,9,rf,nan,nan,nan,rf,nan,nan,f1_score,0.5,2026-05-26,3873592057
0.0,plants_ny_2017,9,rf,nan,nan,nan,rf,nan,nan,f1_score,0.5,2026-05-26,3456074080
0.0,plants_ny_2017,9,rf,nan,nan,nan,rf,nan,nan,f1_score,0.5,2026-05-26,4987388888
0.0,plants_ny_2017,9,rf,nan,nan,nan,rf,nan,nan,f1_score,0.5,2026-05-26,3959114613
0.0,plants_ny_2017,9,rf,nan,nan,nan,rf,nan,nan,f1_score,0.5,2026-05-26,2643506885
0.0,plants_ny_2017,9,rf,nan,nan,nan,rf,nan,nan,f1_score,0.5,2026-05-26,3952195284
0.0,plants_ny_2017,9,rf,nan,nan,nan,rf,nan,nan,f1_score,0.5,2026-05-26,3956445208
0.0,plants_ny_2017,9,rf,nan,nan,nan,rf,nan,nan,f1_score,0.5,2026-05-26,2975578278
0.0,plants_ny_2017,9,rf,nan,nan,nan,rf,nan,nan,f1_score,0.5,2026-05-26,3957744235
0.0,plants_ny_2017,9,rf,nan,nan,nan,rf,nan,nan,f1_score,0.5,2026-05-26,3384267153
0.0,plants_ny_2017,9,rf,nan,nan,nan,rf,nan,nan,f1_score,0.5,2026-05-26,3872989884
0.0,plants_ny_2017,9,rf,nan,nan,nan,rf,nan,nan,f1_score,0.5,2026-05-26,3859167304
0.0,plants_ny_2017,9,rf,nan,nan,nan,rf,nan,nan,f1_score,0.5,2026-05-26,4022229553
0.0,plants_ny_2017,9,rf,nan,nan,nan,rf,nan,nan,f1_score,0.5,2026-05-26,3773638754
0.0,plants_ny_2017,9,rf,nan,nan,nan,rf,nan,nan,f1_score,0.5,2026-05-26,3985687642
0.0,plants_ny_2017,9,rf,nan,nan,nan,rf,nan,nan,f1_score,0.5,2026-05-26,3343996654
0.0,plants_ny_2017,9,rf,nan,nan,nan,rf,nan,nan,f1_score,0.5,2026-05-26,3872964171
0.0,plants_ny_2017,9,rf,nan,nan,nan,rf,nan,nan,f1_score,0.5,2026-05-26,3951507084
0.0,plants_ny_2017,9,rf,nan,nan,nan,rf,nan,nan,f1_score,0.5,2026-05-26,3889105420
0.0,plants_ny_2017,9,rf,nan,nan,nan,rf,nan,nan,f1_score,0.5,2026-05-26,3947243633
0.0,plants_ny_2017,9,rf,nan,nan,nan,rf,nan,nan,f1_score,0.5,2026-05-26,3960230597
0.0,plants_ny_2017,9,rf,nan,nan,nan,rf,nan,nan,f1_score,0.5,2026-05-26,3998744824
0.0,plants_ny_2017,9,rf,nan,nan,nan,rf,nan,nan,f1_score,0.5,2026-05-26,3860422407
0.0,plants_ny_2017,9,rf,nan,nan,nan,rf,nan,nan,f1_score,0.5,2026-05-26,3455641678
0.0,plants_ny_2017,9,rf,nan,nan,nan,rf,nan,nan,f1_score,0.5,2026-05-26,3888875492
0.0,plants_ny_2017,9,rf,nan,nan,nan,rf,nan,nan,f1_score,0.5,2026-05-26,3873610040
0.0,plants_ny_2017,9,rf,nan,nan,nan,rf,nan,nan,f1_score,0.5,2026-05-26,5062506400
0.0,plants_ny_2017,9,rf,nan,nan,nan,rf,nan,nan,f1_score,0.5,2026-05-26,3999061722
0.0,plants_ny_2017,9,rf,nan,nan,nan,rf,nan,nan,f1_score,0.5,2026-05-26,3112578786
0.0,plants_ny_2017,9,rf,nan,nan,nan,rf,nan,nan,f1_score,0.5,2026-05-26,3998198641
0.0,plants_ny_2017,9,rf,nan,nan,nan,rf,nan,nan,f1_score,0.5,2026-05-26,3952543492
0.0,plants_ny_2017,9,rf,nan,nan,nan,rf,nan,nan,f1_score,0.5,2026-05-26,2826328152
0.0,plants_ny_2017,9,rf,nan,nan,nan,rf,nan,nan,f1_score,0.5,2026-05-26,3873501409
0.0,plants_ny_2017,9,rf,nan,nan,nan,rf,nan,nan,f1_score,0.5,2026-05-26,3892283323
0.0,plants_ny_2017,9,rf,nan,nan,nan,rf,nan,nan,f1_score,0.5,2026-05-26,2999213467
0.0,plants_ny_2017,9,rf,nan,nan,nan,rf,nan,nan,f1_score,0.5,2026-05-26,1978468034
0.0,plants_ny_2017,9,rf,nan,nan,nan,rf,nan,nan,f1_score,0.5,2026-05-26,2826312141
0.0,plants_ny_2017,9,rf,nan,nan,nan,rf,nan,nan,f1_score,0.5,2026-05-26,3335093361
0.0,plants_ny_2017,9,rf,nan,nan,nan,rf,nan,nan,f1_score,0.5,2026-05-26,2826315180
0.0,plants_ny_2017,9,rf,nan,nan,nan,rf,nan,nan,f1_score,0.5,2026-05-26,3067586057
0.0,plants_ny_2017,9,rf,nan,nan,nan,rf,nan,nan,f1_score,0.5,2026-05-26,3957014967
0.0,plants_ny_2017,9,rf,nan,nan,nan,rf,nan,nan,f1_score,0.5,2026-05-26,3391502462
0.0,plants_ny_2017,9,rf,nan,nan,nan,rf,nan,nan,f1_score,0.5,2026-05-26,2860096461
0.0,plants_ny_2017,9,rf,nan,nan,nan,rf,nan,nan,f1_score,0.5,2026-05-26,3998348237
0.0,plants_ny_2017,9,rf,nan,nan,nan,rf,nan,nan,f1_score,0.5,2026-05-26,2814088693
0.0,plants_ny_2017,9,rf,nan,nan,nan,rf,nan,nan,f1_score,0.5,2026-05-26,4527938484
0.0,plants_ny_2017,9,rf,nan,nan,nan,rf,nan,nan,f1_score,0.5,2026-05-26,3956386897
0.0,plants_ny_2017,9,rf,nan,nan,nan,rf,nan,nan,f1_score,0.5,2026-05-26,3892305327
0.0,plants_ny_2017,9,rf,nan,nan,nan,rf,nan,nan,f1_score,0.5,2026-05-26,2850971903
0.0,plants_ny_2017,9,rf,nan,nan,nan,rf,nan,nan,f1_score,0.5,2026-05-26,3957561505
0.0,plants_ny_2017,9,rf,nan,nan,nan,rf,nan,nan,f1_score,0.5,2026-05-26,2826523180
0.0,plants_ny_2017,9,rf,nan,nan,nan,rf,nan,nan,f1_score,0.5,2026-05-26,2826544083
0.0,plants_ny_2017,9,rf,nan,nan,nan,rf,nan,nan,f1_score,0.5,2026-05-26,3384326500
0.0,plants_ny_2017,9,rf,nan,nan,nan,rf,nan,nan,f1_score,0.5,2026-05-26,2814408706
0.0,plants_ny_2017,9,rf,nan,nan,nan,rf,nan,nan,f1_score,0.5,2026-05-26,3952674603
0.0,plants_ny_2017,9,rf,nan,nan,nan,rf,nan,nan,f1_score,0.5,2026-05-26,4852867183
0.0,plants_ny_2017,9,rf,nan,nan,nan,rf,nan,nan,f1_score,0.5,2026-05-26,3031951180
0.0,plants_ny_2017,9,rf,nan,nan,nan,rf,nan,nan,f1_score,0.5,2026-05-26,3948977575
0.0,plants_ny_2017,9,rf,nan,nan,nan,rf,nan,nan,f1_score,0.5,2026-05-26,3952254661
0.0,plants_ny_2017,9,rf,nan,nan,nan,rf,nan,nan,f1_score,0.5,2026-05-26,3415359747
0.0,plants_ny_2017,9,rf,nan,nan,nan,rf,nan,nan,f1_score,0.5,2026-05-26,3952672488
0.0,plants_ny_2017,9,rf,nan,nan,nan,rf,nan,nan,f1_score,0.5,2026-05-26,4846776474
0.0,plants_ny_2017,9,rf,nan,nan,nan,rf,nan,nan,f1_score,0.5,2026-05-26,3952991738
0.0,plants_ny_2017,9,rf,nan,nan,nan,rf,nan,nan,f1_score,0.5,2026-05-26,4527922644
0.0,plants_ny_2017,9,rf,nan,nan,nan,rf,nan,nan,f1_score,0.5,2026-05-26,3067762136
0.0,plants_ny_2017,9,rf,nan,nan,nan,rf,nan,nan,f1_score,0.5,2026-05-26,3952313874
0.0,plants_ny_2017,9,rf,nan,nan,nan,rf,nan,nan,f1_score,0.5,2026-05-26,2826505197
0.0,plants_ny_2017,9,rf,nan,nan,nan,rf,nan,nan,f1_score,0.5,2026-05-26,3415394424
0.0,plants_ny_2017,9,rf,nan,nan,nan,rf,nan,nan,f1_score,0.5,2026-05-26,3952137958
0.0,plants_ny_2017,9,rf,nan,nan,nan,rf,nan,nan,f1_score,0.5,2026-05-26,3112793930
0.0,plants_ny_2017,9,rf,nan,nan,nan,rf,nan,nan,f1_score,0.5,2026-05-26,3952638601
0.0,plants_ny_2017,9,rf,nan,nan,nan,rf,nan,nan,f1_score,0.5,2026-05-26,2826542168
0.0,plants_ny_2017,9,rf,nan,nan,nan,rf,nan,nan,f1_score,0.5,2026-05-26,2826469134
0.0,plants_ny_2017,9,rf,nan,nan,nan,rf,nan,nan,f1_score,0.5,2026-05-26,2826503176
0.0,plants_ny_2017,9,rf,nan,nan,nan,rf,nan,nan,f1_score,0.5,2026-05-26,4852717223
0.0,plants_ny_2017,9,rf,nan,nan,nan,rf,nan,nan,f1_score,0.5,2026-05-26,3957610224
0.0,plants_ny_2017,9,rf,nan,nan,nan,rf,nan,nan,f1_score,0.5,2026-05-26,3954314671
0.0,plants_ny_2017,9,rf,nan,nan,nan,rf,nan,nan,f1_score,0.5,2026-05-26,1850946027
0.0,plants_ny_2017,9,rf,nan,nan,nan,rf,nan,nan,f1_score,0.5,2026-05-26,2826307126
0.0,plants_ny_2017,9,rf,nan,nan,nan,rf,nan,nan,f1_score,0.5,2026-05-26,3860164631
0.0,plants_ny_2017,9,rf,nan,nan,nan,rf,nan,nan,f1_score,0.5,2026-05-26,3956067742
0.0,plants_ny_2017,9,rf,nan,nan,nan,rf,nan,nan,f1_score,0.5,2026-05-26,3915404707
0.0,plants_ny_2017,9,rf,nan,nan,nan,rf,nan,nan,f1_score,0.5,2026-05-26,2465092849
0.0,plants_ny_2017,9,rf,nan,nan,nan,rf,nan,nan,f1_score,0.5,2026-05-26,3961396559
0.0,plants_ny_2017,9,rf,nan,nan,nan,rf,nan,nan,f1_score,0.5,2026-05-26,2999121436
0.0,plants_ny_2017,9,rf,nan,nan,nan,rf,nan,nan,f1_score,0.5,2026-05-26,2273208062
0.0,plants_ny_2017,9,rf,nan,nan,nan,rf,nan,nan,f1_score,0.5,2026-05-26,3759519018
0.0,plants_ny_2017,9,rf,nan,nan,nan,rf,nan,nan,f1_score,0.5,2026-05-26,3859229684
0.0,plants_ny_2017,9,rf,nan,nan,nan,rf,nan,nan,f1_score,0.5,2026-05-26,2397575473
0.0,plants_ny_2017,9,rf,nan,nan,nan,rf,nan,nan,f1_score,0.5,2026-05-26,3959091269
0.0,plants_ny_2017,9,rf,nan,nan,nan,rf,nan,nan,f1_score,0.5,2026-05-26,2397575891
0.0,plants_ny_2017,9,rf,nan,nan,nan,rf,nan,nan,f1_score,0.5,2026-05-26,2802773472
0.0,plants_ny_2017,9,rf,nan,nan,nan,rf,nan,nan,f1_score,0.5,2026-05-26,4430424478
0.0,plants_ny_2017,9,rf,nan,nan,nan,rf,nan,nan,f1_score,0.5,2026-05-26,2251920801
0.0,plants_ny_2017,9,rf,nan,nan,nan,rf,nan,nan,f1_score,0.5,2026-05-26,4430879486
0.0,plants_ny_2017,9,rf,nan,nan,nan,rf,nan,nan,f1_score,0.5,2026-05-26,1850946682
0.0,plants_ny_2017,9,rf,nan,nan,nan,rf,nan,nan,f1_score,0.5,2026-05-26,3330621393
0.0,plants_ny_2017,9,rf,nan,nan,nan,rf,nan,nan,f1_score,0.5,2026-05-26,2465112708
0.0,plants_ny_2017,9,rf,nan,nan,nan,rf,nan,nan,f1_score,0.5,2026-05-26,4102659325
0.0,plants_ny_2017,9,rf,nan,nan,nan,rf,nan,nan,f1_score,0.5,2026-05-26,2540754713
0.0,plants_ny_2017,9,rf,nan,nan,nan,rf,nan,nan,f1_score,0.5,2026-05-26,2397574556
0.0,plants_ny_2017,9,rf,nan,nan,nan,rf,nan,nan,f1_score,0.5,2026-05-26,3330446426
0.0,plants_ny_2017,9,rf,nan,nan,nan,rf,nan,nan,f1_score,0.5,2026-05-26,4417231675
0.0,plants_ny_2017,9,rf,nan,nan,nan,rf,nan,nan,f1_score,0.5,2026-05-26,2802926429
0.0,plants_ny_2017,9,rf,nan,nan,nan,rf,nan,nan,f1_score,0.5,2026-05-26,2251921566
0.0,plants_ny_2017,9,rf,nan,nan,nan,rf,nan,nan,f1_score,0.5,2026-05-26,1850946828
0.0,plants_ny_2017,9,rf,nan,nan,nan,rf,nan,nan,f1_score,0.5,2026-05-26,2397577288
0.0,plants_ny_2017,9,rf,nan,nan,nan,rf,nan,nan,f1_score,0.5,2026-05-26,4145583369
0.0,plants_ny_2017,9,rf,nan,nan,nan,rf,nan,nan,f1_score,0.5,2026-05-26,2963896323
0.0,plants_ny_2017,9,rf,nan,nan,nan,rf,nan,nan,f1_score,0.5,2026-05-26,2251922768
0.0,plants_ny_2017,9,rf,nan,nan,nan,rf,nan,nan,f1_score,0.5,2026-05-26,2397575813
0.0,plants_ny_2017,9,rf,nan,nan,nan,rf,nan,nan,f1_score,0.5,2026-05-26,4512079391
0.0,plants_ny_2017,9,rf,nan,nan,nan,rf,nan,nan,f1_score,0.5,2026-05-26,3044788730
0.0,plants_ny_2017,9,rf,nan,nan,nan,rf,nan,nan,f1_score,0.5,2026-05-26,2802570421
0.0,plants_ny_2017,9,rf,nan,nan,nan,rf,nan,nan,f1_score,0.5,2026-05-26,1850946653
0.0,plants_ny_2017,9,rf,nan,nan,nan,rf,nan,nan,f1_score,0.5,2026-05-26,3302431583
0.0,plants_ny_2017,9,rf,nan,nan,nan,rf,nan,nan,f1_score,0.5,2026-05-26,2397574500
0.0,plants_ny_2017,9,rf,nan,nan,nan,rf,nan,nan,f1_score,0.5,2026-05-26,4440615544
0.0,plants_ny_2017,9,rf,nan,nan,nan,rf,nan,nan,f1_score,0.5,2026-05-26,1880472572
0.0,plants_ny_2017,9,rf,nan,nan,nan,rf,nan,nan,f1_score,0.5,2026-05-26,4506237329
0.0,plants_ny_2017,9,rf,nan,nan,nan,rf,nan,nan,f1_score,0.5,2026-05-26,2251921361
0.0,plants_ny_2017,9,rf,nan,nan,nan,rf,nan,nan,f1_score,0.5,2026-05-26,3881579124
0.0,plants_ny_2017,9,rf,nan,nan,nan,rf,nan,nan,f1_score,0.5,2026-05-26,4413368524
0.0,plants_ny_2017,9,rf,nan,nan,nan,rf,nan,nan,f1_score,0.5,2026-05-26,2574170533
0.0,plants_ny_2017,9,rf,nan,nan,nan,rf,nan,nan,f1_score,0.5,2026-05-26,4162210448
0.0,plants_ny_2017,9,rf,nan,nan,nan,rf,nan,nan,f1_score,0.5,2026-05-26,2574275557
0.0,plants_ny_2017,9,rf,nan,nan,nan,rf,nan,nan,f1_score,0.5,2026-05-26,3952381690
0.0,plants_ny_2017,9,rf,nan,nan,nan,rf,nan,nan,f1_score,0.5,2026-05-26,3959323498
0.0,plants_ny_2017,9,rf,nan,nan,nan,rf,nan,nan,f1_score,0.5,2026-05-26,3044603546
0.0,plants_ny_2017,9,rf,nan,nan,nan,rf,nan,nan,f1_score,0.5,2026-05-26,4512022562
0.0,plants_ny_2017,9,rf,nan,nan,nan,rf,nan,nan,f1_score,0.5,2026-05-26,3321145338
0.0,plants_ny_2017,9,rf,nan,nan,nan,rf,nan,nan,f1_score,0.5,2026-05-26,3058905520
0.0,plants_ny_2017,9,rf,nan,nan,nan,rf,nan,nan,f1_score,0.5,2026-05-26,3335154346
0.0,plants_ny_2017,9,rf,nan,nan,nan,rf,nan,nan,f1_score,0.5,2026-05-26,2814236235
0.0,plants_ny_2017,9,rf,nan,nan,nan,rf,nan,nan,f1_score,0.5,2026-05-26,3321286334
0.0,plants_ny_2017,9,rf,nan,nan,nan,rf,nan,nan,f1_score,0.5,2026-05-26,2814411771
0.0,plants_ny_2017,9,rf,nan,nan,nan,rf,nan,nan,f1_score,0.5,2026-05-26,2814123219
0.0,plants_ny_2017,9,rf,nan,nan,nan,rf,nan,nan,f1_score,0.5,2026-05-26,2826350583
0.0,plants_ny_2017,9,rf,nan,nan,nan,rf,nan,nan,f1_score,0.5,2026-05-26,2814277991
0.0,plants_ny_2017,9,rf,nan,nan,nan,rf,nan,nan,f1_score,0.5,2026-05-26,3499476507
0.0,plants_ny_2017,9,rf,nan,nan,nan,rf,nan,nan,f1_score,0.5,2026-05-26,3320926194
0.0,plants_ny_2017,9,rf,nan,nan,nan,rf,nan,nan,f1_score,0.5,2026-05-26,2814206998
0.0,plants_ny_2017,9,rf,nan,nan,nan,rf,nan,nan,f1_score,0.5,2026-05-26,3321119247
0.0,plants_ny_2017,9,rf,nan,nan,nan,rf,nan,nan,f1_score,0.5,2026-05-26,2826179574
0.0,plants_ny_2017,9,rf,nan,nan,nan,rf,nan,nan,f1_score,0.5,2026-05-26,2813930172
0.0,plants_ny_2017,9,rf,nan,nan,nan,rf,nan,nan,f1_score,0.5,2026-05-26,2818669474
0.0,plants_ny_2017,9,rf,nan,nan,nan,rf,nan,nan,f1_score,0.5,2026-05-26,5837648935
0.0,plants_ny_2017,9,rf,nan,nan,nan,rf,nan,nan,f1_score,0.5,2026-05-26,3742987335
0.0,plants_ny_2017,9,rf,nan,nan,nan,rf,nan,nan,f1_score,0.5,2026-05-26,3321074231
0.0,plants_ny_2017,9,rf,nan,nan,nan,rf,nan,nan,f1_score,0.5,2026-05-26,3109014406
0.0,plants_ny_2017,9,rf,nan,nan,nan,rf,nan,nan,f1_score,0.5,2026-05-26,3320838219
0.0,plants_ny_2017,9,rf,nan,nan,nan,rf,nan,nan,f1_score,0.5,2026-05-26,5238077323
0.0,plants_ny_2017,9,rf,nan,nan,nan,rf,nan,nan,f1_score,0.5,2026-05-26,3860658246
0.0,plants_ny_2017,9,rf,nan,nan,nan,rf,nan,nan,f1_score,0.5,2026-05-26,3321076194
0.0,plants_ny_2017,9,rf,nan,nan,nan,rf,nan,nan,f1_score,0.5,2026-05-26,2826208585
0.0,plants_ny_2017,9,rf,nan,nan,nan,rf,nan,nan,f1_score,0.5,2026-05-26,2814208490
0.0,plants_ny_2017,9,rf,nan,nan,nan,rf,nan,nan,f1_score,0.5,2026-05-26,4525038426
0.0,plants_ny_2017,9,rf,nan,nan,nan,rf,nan,nan,f1_score,0.5,2026-05-26,2422935047
0.0,plants_ny_2017,9,rf,nan,nan,nan,rf,nan,nan,f1_score,0.5,2026-05-26,3355400576
0.0,plants_ny_2017,9,rf,nan,nan,nan,rf,nan,nan,f1_score,0.5,2026-05-26,3456724014
0.0,plants_ny_2017,9,rf,nan,nan,nan,rf,nan,nan,f1_score,0.5,2026-05-26,2818611429
0.0,plants_ny_2017,9,rf,nan,nan,nan,rf,nan,nan,f1_score,0.5,2026-05-26,3335087345
0.0,plants_ny_2017,9,rf,nan,nan,nan,rf,nan,nan,f1_score,0.5,2026-05-26,3889219608
0.0,plants_ny_2017,9,rf,nan,nan,nan,rf,nan,nan,f1_score,0.5,2026-05-26,2814052200
0.0,plants_ny_2017,9,rf,nan,nan,nan,rf,nan,nan,f1_score,0.5,2026-05-26,3330455556
0.0,plants_ny_2017,9,rf,nan,nan,nan,rf,nan,nan,f1_score,0.5,2026-05-26,2860137424
0.0,plants_ny_2017,9,rf,nan,nan,nan,rf,nan,nan,f1_score,0.5,2026-05-26,3335198479
0.0,plants_ny_2017,9,rf,nan,nan,nan,rf,nan,nan,f1_score,0.5,2026-05-26,2864572405
0.0,plants_ny_2017,9,rf,nan,nan,nan,rf,nan,nan,f1_score,0.5,2026-05-26,3321321345
0.0,plants_ny_2017,9,rf,nan,nan,nan,rf,nan,nan,f1_score,0.5,2026-05-26,2813918893
0.0,plants_ny_2017,9,rf,nan,nan,nan,rf,nan,nan,f1_score,0.5,2026-05-26,2814145201
0.0,plants_ny_2017,9,rf,nan,nan,nan,rf,nan,nan,f1_score,0.5,2026-05-26,3955155334
0.0,plants_ny_2017,9,rf,nan,nan,nan,rf,nan,nan,f1_score,0.5,2026-05-26,3118432727
0.0,plants_ny_2017,9,rf,nan,nan,nan,rf,nan,nan,f1_score,0.5,2026-05-26,3325783344
0.0,plants_ny_2017,9,rf,nan,nan,nan,rf,nan,nan,f1_score,0.5,2026-05-26,3355675557
0.0,plants_ny_2017,9,rf,nan,nan,nan,rf,nan,nan,f1_score,0.5,2026-05-26,2397681592
0.0,plants_ny_2017,9,rf,nan,nan,nan,rf,nan,nan,f1_score,0.5,2026-05-26,3994193338
0.0,plants_ny_2017,9,rf,nan,nan,nan,rf,nan,nan,f1_score,0.5,2026-05-26,2868299398
0.0,plants_ny_2017,9,rf,nan,nan,nan,rf,nan,nan,f1_score,0.5,2026-05-26,2814202928
0.0,plants_ny_2017,9,rf,nan,nan,nan,rf,nan,nan,f1_score,0.5,2026-05-26,4527959399
0.0,plants_ny_2017,9,rf,nan,nan,nan,rf,nan,nan,f1_score,0.5,2026-05-26,3321156283
0.0,plants_ny_2017,9,rf,nan,nan,nan,rf,nan,nan,f1_score,0.5,2026-05-26,3321045339
0.0,plants_ny_2017,9,rf,nan,nan,nan,rf,nan,nan,f1_score,0.5,2026-05-26,2397674947
0.0,plants_ny_2017,9,rf,nan,nan,nan,rf,nan,nan,f1_score,0.5,2026-05-26,3320940162
0.0,plants_ny_2017,9,rf,nan,nan,nan,rf,nan,nan,f1_score,0.5,2026-05-26,3468901367
0.0,plants_ny_2017,9,rf,nan,nan,nan,rf,nan,nan,f1_score,0.5,2026-05-26,3321120173
0.0,plants_ny_2017,9,rf,nan,nan,nan,rf,nan,nan,f1_score,0.5,2026-05-26,4014976339
0.0,plants_ny_2017,9,rf,nan,nan,nan,rf,nan,nan,f1_score,0.5,2026-05-26,3335328284
0.0,plants_ny_2017,9,rf,nan,nan,nan,rf,nan,nan,f1_score,0.5,2026-05-26,3320893260
0.0,plants_ny_2017,9,rf,nan,nan,nan,rf,nan,nan,f1_score,0.5,2026-05-26,2423105855
0.0,plants_ny_2017,9,rf,nan,nan,nan,rf,nan,nan,f1_score,0.5,2026-05-26,3320984328
0.0,plants_ny_2017,9,rf,nan,nan,nan,rf,nan,nan,f1_score,0.5,2026-05-26,3337536224
0.0,plants_ny_2017,9,rf,nan,nan,nan,rf,nan,nan,f1_score,0.5,2026-05-26,4028821439
0.0,plants_ny_2017,9,rf,nan,nan,nan,rf,nan,nan,f1_score,0.5,2026-05-26,3320893229
0.0,plants_ny_2017,9,rf,nan,nan,nan,rf,nan,nan,f1_score,0.5,2026-05-26,3468888371
0.0,plants_ny_2017,9,rf,nan,nan,nan,rf,nan,nan,f1_score,0.5,2026-05-26,2813909192
0.0,plants_ny_2017,9,rf,nan,nan,nan,rf,nan,nan,f1_score,0.5,2026-05-26,2813986238
0.0,plants_ny_2017,9,rf,nan,nan,nan,rf,nan,nan,f1_score,0.5,2026-05-26,2862369394
0.0,plants_ny_2017,9,rf,nan,nan,nan,rf,nan,nan,f1_score,0.5,2026-05-26,2814264223
0.0,plants_ny_2017,9,rf,nan,nan,nan,rf,nan,nan,f1_score,0.5,2026-05-26,3384723863
0.0,plants_ny_2017,9,rf,nan,nan,nan,rf,nan,nan,f1_score,0.5,2026-05-26,3321106210
0.0,plants_ny_2017,9,rf,nan,nan,nan,rf,nan,nan,f1_score,0.5,2026-05-26,2818539501
0.0,plants_ny_2017,9,rf,nan,nan,nan,rf,nan,nan,f1_score,0.5,2026-05-26,3321084200
0.0,plants_ny_2017,9,rf,nan,nan,nan,rf,nan,nan,f1_score,0.5,2026-05-26,2813888932
0.0,plants_ny_2017,9,rf,nan,nan,nan,rf,nan,nan,f1_score,0.5,2026-05-26,3337744943
0.0,plants_ny_2017,9,rf,nan,nan,nan,rf,nan,nan,f1_score,0.5,2026-05-26,3320987342
0.0,plants_ny_2017,9,rf,nan,nan,nan,rf,nan,nan,f1_score,0.5,2026-05-26,2813942059
0.0,plants_ny_2017,9,rf,nan,nan,nan,rf,nan,nan,f1_score,0.5,2026-05-26,2818502534
0.0,plants_ny_2017,9,rf,nan,nan,nan,rf,nan,nan,f1_score,0.5,2026-05-26,4518963334
0.0,plants_ny_2017,9,rf,nan,nan,nan,rf,nan,nan,f1_score,0.5,2026-05-26,4510221396
0.0,plants_ny_2017,9,rf,nan,nan,nan,rf,nan,nan,f1_score,0.5,2026-05-26,3924994419
0.0,plants_ny_2017,9,rf,nan,nan,nan,rf,nan,nan,f1_score,0.5,2026-05-26,3344032457
0.0,plants_ny_2017,9,rf,nan,nan,nan,rf,nan,nan,f1_score,0.5,2026-05-26,3743041330
0.0,plants_ny_2017,9,rf,nan,nan,nan,rf,nan,nan,f1_score,0.5,2026-05-26,5086901466
0.0,plants_ny_2017,9,rf,nan,nan,nan,rf,nan,nan,f1_score,0.5,2026-05-26,5760011685
0.0,plants_ny_2017,9,rf,nan,nan,nan,rf,nan,nan,f1_score,0.5,2026-05-26,3321188213
0.0,plants_ny_2017,9,rf,nan,nan,nan,rf,nan,nan,f1_score,0.5,2026-05-26,3355413572
0.0,plants_ny_2017,9,rf,nan,nan,nan,rf,nan,nan,f1_score,0.5,2026-05-26,4512045480
0.0,plants_ny_2017,9,rf,nan,nan,nan,rf,nan,nan,f1_score,0.5,2026-05-26,2813940856
0.0,plants_ny_2017,9,rf,nan,nan,nan,rf,nan,nan,f1_score,0.5,2026-05-26,3321238326
0.0,plants_ny_2017,9,rf,nan,nan,nan,rf,nan,nan,f1_score,0.5,2026-05-26,3320890222
0.0,plants_ny_2017,9,rf,nan,nan,nan,rf,nan,nan,f1_score,0.5,2026-05-26,3321252327
0.0,plants_ny_2017,9,rf,nan,nan,nan,rf,nan,nan,f1_score,0.5,2026-05-26,3383853478
0.0,plants_ny_2017,9,rf,nan,nan,nan,rf,nan,nan,f1_score,0.5,2026-05-26,5188269314
0.0,plants_ny_2017,9,rf,nan,nan,nan,rf,nan,nan,f1_score,0.5,2026-05-26,3320934299
0.0,plants_ny_2017,9,rf,nan,nan,nan,rf,nan,nan,f1_score,0.5,2026-05-26,3455738069
0.0,plants_ny_2017,9,rf,nan,nan,nan,rf,nan,nan,f1_score,0.5,2026-05-26,2423196269
0.0,plants_ny_2017,9,rf,nan,nan,nan,rf,nan,nan,f1_score,0.5,2026-05-26,3391688445
0.0,plants_ny_2017,9,rf,nan,nan,nan,rf,nan,nan,f1_score,0.5,2026-05-26,2813943200
0.0,plants_ny_2017,9,rf,nan,nan,nan,rf,nan,nan,f1_score,0.5,2026-05-26,3337809208
0.0,plants_ny_2017,9,rf,nan,nan,nan,rf,nan,nan,f1_score,0.5,2026-05-26,5838342056
0.0,plants_ny_2017,9,rf,nan,nan,nan,rf,nan,nan,f1_score,0.5,2026-05-26,3321261374
0.0,plants_ny_2017,9,rf,nan,nan,nan,rf,nan,nan,f1_score,0.5,2026-05-26,3321015304
0.0,plants_ny_2017,9,rf,nan,nan,nan,rf,nan,nan,f1_score,0.5,2026-05-26,3858221483
0.0,plants_ny_2017,9,rf,nan,nan,nan,rf,nan,nan,f1_score,0.5,2026-05-26,3456647509
0.0,plants_ny_2017,9,rf,nan,nan,nan,rf,nan,nan,f1_score,0.5,2026-05-26,3321080227
0.0,plants_ny_2017,9,rf,nan,nan,nan,rf,nan,nan,f1_score,0.5,2026-05-26,2429404770
0.0,plants_ny_2017,9,rf,nan,nan,nan,rf,nan,nan,f1_score,0.5,2026-05-26,2856814345
0.0,plants_ny_2017,9,rf,nan,nan,nan,rf,nan,nan,f1_score,0.5,2026-05-26,3321295347
0.0,plants_ny_2017,9,rf,nan,nan,nan,rf,nan,nan,f1_score,0.5,2026-05-26,3321300339
0.0,plants_ny_2017,9,rf,nan,nan,nan,rf,nan,nan,f1_score,0.5,2026-05-26,3321011343
0.0,plants_ny_2017,9,rf,nan,nan,nan,rf,nan,nan,f1_score,0.5,2026-05-26,2423122968
0.0,plants_ny_2017,9,rf,nan,nan,nan,rf,nan,nan,f1_score,0.5,2026-05-26,2818769530
0.0,plants_ny_2017,9,rf,nan,nan,nan,rf,nan,nan,f1_score,0.5,2026-05-26,4075628393
0.0,plants_ny_2017,9,rf,nan,nan,nan,rf,nan,nan,f1_score,0.5,2026-05-26,2981096403
0.0,plants_ny_2017,9,rf,nan,nan,nan,rf,nan,nan,f1_score,0.5,2026-05-26,2814250265
0.0,plants_ny_2017,9,rf,nan,nan,nan,rf,nan,nan,f1_score,0.5,2026-05-26,3325660515
0.0,plants_ny_2017,9,rf,nan,nan,nan,rf,nan,nan,f1_score,0.5,2026-05-26,2397703393
0.0,plants_ny_2017,9,rf,nan,nan,nan,rf,nan,nan,f1_score,0.5,2026-05-26,3320980419
0.0,plants_ny_2017,9,rf,nan,nan,nan,rf,nan,nan,f1_score,0.5,2026-05-26,4527951495
0.0,plants_ny_2017,9,rf,nan,nan,nan,rf,nan,nan,f1_score,0.5,2026-05-26,2641347566
0.0,plants_ny_2017,9,rf,nan,nan,nan,rf,nan,nan,f1_score,0.5,2026-05-26,2251940858
0.0,plants_ny_2017,9,rf,nan,nan,nan,rf,nan,nan,f1_score,0.5,2026-05-26,3985792381
0.0,plants_ny_2017,9,rf,nan,nan,nan,rf,nan,nan,f1_score,0.5,2026-05-26,4507607510
0.0,plants_ny_2017,9,rf,nan,nan,nan,rf,nan,nan,f1_score,0.5,2026-05-26,3959243284
0.0,plants_ny_2017,9,rf,nan,nan,nan,rf,nan,nan,f1_score,0.5,2026-05-26,2429207162
0.0,plants_ny_2017,9,rf,nan,nan,nan,rf,nan,nan,f1_score,0.5,2026-05-26,2251940283
0.0,plants_ny_2017,9,rf,nan,nan,nan,rf,nan,nan,f1_score,0.5,2026-05-26,4921568712
0.0,plants_ny_2017,9,rf,nan,nan,nan,rf,nan,nan,f1_score,0.5,2026-05-26,4994478345
0.0,plants_ny_2017,9,rf,nan,nan,nan,rf,nan,nan,f1_score,0.5,2026-05-26,4458370514
0.0,plants_ny_2017,9,rf,nan,nan,nan,rf,nan,nan,f1_score,0.5,2026-05-26,4153809318
0.0,plants_ny_2017,9,rf,nan,nan,nan,rf,nan,nan,f1_score,0.5,2026-05-26,2603511594
0.0,plants_ny_2017,9,rf,nan,nan,nan,rf,nan,nan,f1_score,0.5,2026-05-26,3384538906
0.0,plants_ny_2017,9,rf,nan,nan,nan,rf,nan,nan,f1_score,0.5,2026-05-26,3986160472
0.0,plants_ny_2017,9,rf,nan,nan,nan,rf,nan,nan,f1_score,0.5,2026-05-26,4046558532
0.0,plants_ny_2017,9,rf,nan,nan,nan,rf,nan,nan,f1_score,0.5,2026-05-26,3307137516
0.0,plants_ny_2017,9,rf,nan,nan,nan,rf,nan,nan,f1_score,0.5,2026-05-26,3985758864
0.0,plants_ny_2017,9,rf,nan,nan,nan,rf,nan,nan,f1_score,0.5,2026-05-26,3998760426
0.0,plants_ny_2017,9,rf,nan,nan,nan,rf,nan,nan,f1_score,0.5,2026-05-26,3951931916
0.0,plants_ny_2017,9,rf,nan,nan,nan,rf,nan,nan,f1_score,0.5,2026-05-26,4528200637
0.0,plants_ny_2017,9,rf,nan,nan,nan,rf,nan,nan,f1_score,0.5,2026-05-26,2963804370
0.0,plants_ny_2017,9,rf,nan,nan,nan,rf,nan,nan,f1_score,0.5,2026-05-26,4921757660
0.0,plants_ny_2017,9,rf,nan,nan,nan,rf,nan,nan,f1_score,0.5,2026-05-26,2609325971
0.0,plants_ny_2017,9,rf,nan,nan,nan,rf,nan,nan,f1_score,0.5,2026-05-26,3953021282
0.0,plants_ny_2017,9,rf,nan,nan,nan,rf,nan,nan,f1_score,0.5,2026-05-26,4924001983
0.0,plants_ny_2017,9,rf,nan,nan,nan,rf,nan,nan,f1_score,0.5,2026-05-26,2563535563
0.0,plants_ny_2017,9,rf,nan,nan,nan,rf,nan,nan,f1_score,0.5,2026-05-26,2992679619
0.0,plants_ny_2017,9,rf,nan,nan,nan,rf,nan,nan,f1_score,0.5,2026-05-26,3892511437
0.0,plants_ny_2017,9,rf,nan,nan,nan,rf,nan,nan,f1_score,0.5,2026-05-26,2465105125
0.0,plants_ny_2017,9,rf,nan,nan,nan,rf,nan,nan,f1_score,0.5,2026-05-26,4923925874
0.0,plants_ny_2017,9,rf,nan,nan,nan,rf,nan,nan,f1_score,0.5,2026-05-26,2603356280
0.0,plants_ny_2017,9,rf,nan,nan,nan,rf,nan,nan,f1_score,0.5,2026-05-26,2429292667
0.0,plants_ny_2017,9,rf,nan,nan,nan,rf,nan,nan,f1_score,0.5,2026-05-26,3335160241
0.0,plants_ny_2017,9,rf,nan,nan,nan,rf,nan,nan,f1_score,0.5,2026-05-26,2251939959
0.0,plants_ny_2017,9,rf,nan,nan,nan,rf,nan,nan,f1_score,0.5,2026-05-26,3994349597
0.0,plants_ny_2017,9,rf,nan,nan,nan,rf,nan,nan,f1_score,0.5,2026-05-26,3859308670
0.0,plants_ny_2017,9,rf,nan,nan,nan,rf,nan,nan,f1_score,0.5,2026-05-26,3957849286
0.0,plants_ny_2017,9,rf,nan,nan,nan,rf,nan,nan,f1_score,0.5,2026-05-26,1899769251
0.0,plants_ny_2017,9,rf,nan,nan,nan,rf,nan,nan,f1_score,0.5,2026-05-26,2429292786
0.0,plants_ny_2017,9,rf,nan,nan,nan,rf,nan,nan,f1_score,0.5,2026-05-26,3335171220
0.0,plants_ny_2017,9,rf,nan,nan,nan,rf,nan,nan,f1_score,0.5,2026-05-26,3335423216
0.0,plants_ny_2017,9,rf,nan,nan,nan,rf,nan,nan,f1_score,0.5,2026-05-26,3307225479
0.0,plants_ny_2017,9,rf,nan,nan,nan,rf,nan,nan,f1_score,0.5,2026-05-26,2563534367
0.0,plants_ny_2017,9,rf,nan,nan,nan,rf,nan,nan,f1_score,0.5,2026-05-26,2251940927
0.0,plants_ny_2017,9,rf,nan,nan,nan,rf,nan,nan,f1_score,0.5,2026-05-26,2563535995
0.0,plants_ny_2017,9,rf,nan,nan,nan,rf,nan,nan,f1_score,0.5,2026-05-26,2563534332
0.0,plants_ny_2017,9,rf,nan,nan,nan,rf,nan,nan,f1_score,0.5,2026-05-26,2814446543
0.0,plants_ny_2017,9,rf,nan,nan,nan,rf,nan,nan,f1_score,0.5,2026-05-26,3383851808
0.0,plants_ny_2017,9,rf,nan,nan,nan,rf,nan,nan,f1_score,0.5,2026-05-26,3953680766
0.0,plants_ny_2017,9,rf,nan,nan,nan,rf,nan,nan,f1_score,0.5,2026-05-26,4076252348
0.0,plants_ny_2017,9,rf,nan,nan,nan,rf,nan,nan,f1_score,0.5,2026-05-26,3335380364
0.0,plants_ny_2017,9,rf,nan,nan,nan,rf,nan,nan,f1_score,0.5,2026-05-26,4512069525
0.0,plants_ny_2017,9,rf,nan,nan,nan,rf,nan,nan,f1_score,0.5,2026-05-26,5908729154
0.0,plants_ny_2017,9,rf,nan,nan,nan,rf,nan,nan,f1_score,0.5,2026-05-26,4952641785
0.0,plants_ny_2017,9,rf,nan,nan,nan,rf,nan,nan,f1_score,0.5,2026-05-26,2465236159
0.0,plants_ny_2017,9,rf,nan,nan,nan,rf,nan,nan,f1_score,0.5,2026-05-26,5086959399
0.0,plants_ny_2017,9,rf,nan,nan,nan,rf,nan,nan,f1_score,0.5,2026-05-26,5844085989
0.0,plants_ny_2017,9,rf,nan,nan,nan,rf,nan,nan,f1_score,0.5,2026-05-26,3998923890
0.0,plants_ny_2017,9,rf,nan,nan,nan,rf,nan,nan,f1_score,0.5,2026-05-26,3960192727
0.0,plants_ny_2017,9,rf,nan,nan,nan,rf,nan,nan,f1_score,0.5,2026-05-26,4908393081
0.0,plants_ny_2017,9,rf,nan,nan,nan,rf,nan,nan,f1_score,0.5,2026-05-26,5932718414
0.0,plants_ny_2017,9,rf,nan,nan,nan,rf,nan,nan,f1_score,0.5,2026-05-26,3957018870
0.0,plants_ny_2017,9,rf,nan,nan,nan,rf,nan,nan,f1_score,0.5,2026-05-26,3335153214
0.0,plants_ny_2017,9,rf,nan,nan,nan,rf,nan,nan,f1_score,0.5,2026-05-26,4981952222
0.0,plants_ny_2017,9,rf,nan,nan,nan,rf,nan,nan,f1_score,0.5,2026-05-26,2856753905
0.0,plants_ny_2017,9,rf,nan,nan,nan,rf,nan,nan,f1_score,0.5,2026-05-26,2429625127
0.0,plants_ny_2017,9,rf,nan,nan,nan,rf,nan,nan,f1_score,0.5,2026-05-26,2802707070
0.0,plants_ny_2017,9,rf,nan,nan,nan,rf,nan,nan,f1_score,0.5,2026-05-26,3949105122
0.0,plants_ny_2017,9,rf,nan,nan,nan,rf,nan,nan,f1_score,0.5,2026-05-26,2429622920
0.0,plants_ny_2017,9,rf,nan,nan,nan,rf,nan,nan,f1_score,0.5,2026-05-26,4458561688
0.0,plants_ny_2017,9,rf,nan,nan,nan,rf,nan,nan,f1_score,0.5,2026-05-26,2609069095
0.0,plants_ny_2017,9,rf,nan,nan,nan,rf,nan,nan,f1_score,0.5,2026-05-26,3335298168
0.0,plants_ny_2017,9,rf,nan,nan,nan,rf,nan,nan,f1_score,0.5,2026-05-26,3881405910
0.0,plants_ny_2017,9,rf,nan,nan,nan,rf,nan,nan,f1_score,0.5,2026-05-26,4510266515
0.0,plants_ny_2017,9,rf,nan,nan,nan,rf,nan,nan,f1_score,0.5,2026-05-26,4528229353
0.0,plants_ny_2017,9,rf,nan,nan,nan,rf,nan,nan,f1_score,0.5,2026-05-26,4528223351
0.0,plants_ny_2017,9,rf,nan,nan,nan,rf,nan,nan,f1_score,0.5,2026-05-26,3998356011
0.0,plants_ny_2017,9,rf,nan,nan,nan,rf,nan,nan,f1_score,0.5,2026-05-26,3958432673
0.0,plants_ny_2017,9,rf,nan,nan,nan,rf,nan,nan,f1_score,0.5,2026-05-26,4924177505
0.0,plants_ny_2017,9,rf,nan,nan,nan,rf,nan,nan,f1_score,0.5,2026-05-26,3998466451
0.0,plants_ny_2017,9,rf,nan,nan,nan,rf,nan,nan,f1_score,0.5,2026-05-26,3959690540
0.0,plants_ny_2017,9,rf,nan,nan,nan,rf,nan,nan,f1_score,0.5,2026-05-26,3998054164
0.0,plants_ny_2017,9,rf,nan,nan,nan,rf,nan,nan,f1_score,0.5,2026-05-26,2611113862
0.0,plants_ny_2017,9,rf,nan,nan,nan,rf,nan,nan,f1_score,0.5,2026-05-26,3959269212
0.0,plants_ny_2017,9,rf,nan,nan,nan,rf,nan,nan,f1_score,0.5,2026-05-26,3958820715
0.0,plants_ny_2017,9,rf,nan,nan,nan,rf,nan,nan,f1_score,0.5,2026-05-26,5230451314
0.0,plants_ny_2017,9,rf,nan,nan,nan,rf,nan,nan,f1_score,0.5,2026-05-26,4512023387
0.0,plants_ny_2017,9,rf,nan,nan,nan,rf,nan,nan,f1_score,0.5,2026-05-26,3785045182
0.0,plants_ny_2017,9,rf,nan,nan,nan,rf,nan,nan,f1_score,0.5,2026-05-26,2609322836
0.0,plants_ny_2017,9,rf,nan,nan,nan,rf,nan,nan,f1_score,0.5,2026-05-26,3951917878
0.0,plants_ny_2017,9,rf,nan,nan,nan,rf,nan,nan,f1_score,0.5,2026-05-26,3956500129
0.0,plants_ny_2017,9,rf,nan,nan,nan,rf,nan,nan,f1_score,0.5,2026-05-26,3785140434
0.0,plants_ny_2017,9,rf,nan,nan,nan,rf,nan,nan,f1_score,0.5,2026-05-26,3953692941
0.0,plants_ny_2017,9,rf,nan,nan,nan,rf,nan,nan,f1_score,0.5,2026-05-26,3999119049
0.0,plants_ny_2017,9,rf,nan,nan,nan,rf,nan,nan,f1_score,0.5,2026-05-26,3960971759
0.0,plants_ny_2017,9,rf,nan,nan,nan,rf,nan,nan,f1_score,0.5,2026-05-26,3953298413
0.0,plants_ny_2017,9,rf,nan,nan,nan,rf,nan,nan,f1_score,0.5,2026-05-26,3384626861
0.0,plants_ny_2017,9,rf,nan,nan,nan,rf,nan,nan,f1_score,0.5,2026-05-26,3958109954
0.0,plants_ny_2017,9,rf,nan,nan,nan,rf,nan,nan,f1_score,0.5,2026-05-26,2977118023
0.0,plants_ny_2017,9,rf,nan,nan,nan,rf,nan,nan,f1_score,0.5,2026-05-26,3958010534
0.0,plants_ny_2017,9,rf,nan,nan,nan,rf,nan,nan,f1_score,0.5,2026-05-26,3949771106
0.0,plants_ny_2017,9,rf,nan,nan,nan,rf,nan,nan,f1_score,0.5,2026-05-26,3949179460
0.0,plants_ny_2017,9,rf,nan,nan,nan,rf,nan,nan,f1_score,0.5,2026-05-26,3712435417
0.0,plants_ny_2017,9,rf,nan,nan,nan,rf,nan,nan,f1_score,0.5,2026-05-26,4075726545
0.0,plants_ny_2017,9,rf,nan,nan,nan,rf,nan,nan,f1_score,0.5,2026-05-26,5760909044
0.0,plants_ny_2017,9,rf,nan,nan,nan,rf,nan,nan,f1_score,0.5,2026-05-26,3468688373
0.0,plants_ny_2017,9,rf,nan,nan,nan,rf,nan,nan,f1_score,0.5,2026-05-26,4510011640
0.0,plants_ny_2017,9,rf,nan,nan,nan,rf,nan,nan,f1_score,0.5,2026-05-26,3998470038
0.0,plants_ny_2017,9,rf,nan,nan,nan,rf,nan,nan,f1_score,0.5,2026-05-26,4516532010
0.0,plants_ny_2017,9,rf,nan,nan,nan,rf,nan,nan,f1_score,0.5,2026-05-26,3044582663
0.0,plants_ny_2017,9,rf,nan,nan,nan,rf,nan,nan,f1_score,0.5,2026-05-26,2868309346
0.0,plants_ny_2017,9,rf,nan,nan,nan,rf,nan,nan,f1_score,0.5,2026-05-26,3966645342
0.0,plants_ny_2017,9,rf,nan,nan,nan,rf,nan,nan,f1_score,0.5,2026-05-26,2988450469
0.0,plants_ny_2017,9,rf,nan,nan,nan,rf,nan,nan,f1_score,0.5,2026-05-26,3456222690
0.0,plants_ny_2017,9,rf,nan,nan,nan,rf,nan,nan,f1_score,0.5,2026-05-26,4527964531
0.0,plants_ny_2017,9,rf,nan,nan,nan,rf,nan,nan,f1_score,0.5,2026-05-26,2294436051
0.0,plants_ny_2017,9,rf,nan,nan,nan,rf,nan,nan,f1_score,0.5,2026-05-26,3985957753
0.0,plants_ny_2017,9,rf,nan,nan,nan,rf,nan,nan,f1_score,0.5,2026-05-26,5133192575
0.0,plants_ny_2017,9,rf,nan,nan,nan,rf,nan,nan,f1_score,0.5,2026-05-26,3892372566
0.0,plants_ny_2017,9,rf,nan,nan,nan,rf,nan,nan,f1_score,0.5,2026-05-26,3061755489
0.0,plants_ny_2017,9,rf,nan,nan,nan,rf,nan,nan,f1_score,0.5,2026-05-26,3747319532
0.0,plants_ny_2017,9,rf,nan,nan,nan,rf,nan,nan,f1_score,0.5,2026-05-26,5760857036
0.0,plants_ny_2017,9,rf,nan,nan,nan,rf,nan,nan,f1_score,0.5,2026-05-26,4145316361
0.0,plants_ny_2017,9,rf,nan,nan,nan,rf,nan,nan,f1_score,0.5,2026-05-26,3873224308
0.0,plants_ny_2017,9,rf,nan,nan,nan,rf,nan,nan,f1_score,0.5,2026-05-26,3456466636
0.0,plants_ny_2017,9,rf,nan,nan,nan,rf,nan,nan,f1_score,0.5,2026-05-26,3743180157
0.0,plants_ny_2017,9,rf,nan,nan,nan,rf,nan,nan,f1_score,0.5,2026-05-26,3859768809
0.0,plants_ny_2017,9,rf,nan,nan,nan,rf,nan,nan,f1_score,0.5,2026-05-26,3330469824
0.0,plants_ny_2017,9,rf,nan,nan,nan,rf,nan,nan,f1_score,0.5,2026-05-26,3302054595
0.0,plants_ny_2017,9,rf,nan,nan,nan,rf,nan,nan,f1_score,0.5,2026-05-26,3743104021
0.0,plants_ny_2017,9,rf,nan,nan,nan,rf,nan,nan,f1_score,0.5,2026-05-26,3117808454
0.0,plants_ny_2017,9,rf,nan,nan,nan,rf,nan,nan,f1_score,0.5,2026-05-26,4103165373
0.0,plants_ny_2017,9,rf,nan,nan,nan,rf,nan,nan,f1_score,0.5,2026-05-26,3956170083
0.0,plants_ny_2017,9,rf,nan,nan,nan,rf,nan,nan,f1_score,0.5,2026-05-26,2975964589
0.0,plants_ny_2017,9,rf,nan,nan,nan,rf,nan,nan,f1_score,0.5,2026-05-26,3956974578
0.0,plants_ny_2017,9,rf,nan,nan,nan,rf,nan,nan,f1_score,0.5,2026-05-26,5936190669
0.0,plants_ny_2017,9,rf,nan,nan,nan,rf,nan,nan,f1_score,0.5,2026-05-26,3743339062
0.0,plants_ny_2017,9,rf,nan,nan,nan,rf,nan,nan,f1_score,0.5,2026-05-26,3743042871
0.0,plants_ny_2017,9,rf,nan,nan,nan,rf,nan,nan,f1_score,0.5,2026-05-26,3743275144
0.0,plants_ny_2017,9,rf,nan,nan,nan,rf,nan,nan,f1_score,0.5,2026-05-26,2901508897
0.0,plants_ny_2017,9,rf,nan,nan,nan,rf,nan,nan,f1_score,0.5,2026-05-26,4863460549
0.0,plants_ny_2017,9,rf,nan,nan,nan,rf,nan,nan,f1_score,0.5,2026-05-26,3743117712
0.0,plants_ny_2017,9,rf,nan,nan,nan,rf,nan,nan,f1_score,0.5,2026-05-26,3960314247
0.0,plants_ny_2017,9,rf,nan,nan,nan,rf,nan,nan,f1_score,0.5,2026-05-26,5109262857
0.0,plants_ny_2017,9,rf,nan,nan,nan,rf,nan,nan,f1_score,0.5,2026-05-26,3321082572
0.0,plants_ny_2017,9,rf,nan,nan,nan,rf,nan,nan,f1_score,0.5,2026-05-26,3959920851
0.0,plants_ny_2017,9,rf,nan,nan,nan,rf,nan,nan,f1_score,0.5,2026-05-26,3902098754
0.0,plants_ny_2017,9,rf,nan,nan,nan,rf,nan,nan,f1_score,0.5,2026-05-26,4145625389
0.0,plants_ny_2017,9,rf,nan,nan,nan,rf,nan,nan,f1_score,0.5,2026-05-26,2645358416
0.0,plants_ny_2017,9,rf,nan,nan,nan,rf,nan,nan,f1_score,0.5,2026-05-26,3469002368
0.0,plants_ny_2017,9,rf,nan,nan,nan,rf,nan,nan,f1_score,0.5,2026-05-26,3337708873
0.0,plants_ny_2017,9,rf,nan,nan,nan,rf,nan,nan,f1_score,0.5,2026-05-26,3873675843
0.0,plants_ny_2017,9,rf,nan,nan,nan,rf,nan,nan,f1_score,0.5,2026-05-26,3743027037
0.0,plants_ny_2017,9,rf,nan,nan,nan,rf,nan,nan,f1_score,0.5,2026-05-26,5086889242
0.0,plants_ny_2017,9,rf,nan,nan,nan,rf,nan,nan,f1_score,0.5,2026-05-26,5187581330
0.0,plants_ny_2017,9,rf,nan,nan,nan,rf,nan,nan,f1_score,0.5,2026-05-26,3903230619
0.0,plants_ny_2017,9,rf,nan,nan,nan,rf,nan,nan,f1_score,0.5,2026-05-26,4076235337
0.0,plants_ny_2017,9,rf,nan,nan,nan,rf,nan,nan,f1_score,0.5,2026-05-26,3456702201
0.0,plants_ny_2017,9,rf,nan,nan,nan,rf,nan,nan,f1_score,0.5,2026-05-26,3947653229
0.0,plants_ny_2017,9,rf,nan,nan,nan,rf,nan,nan,f1_score,0.5,2026-05-26,4528229559
0.0,plants_ny_2017,9,rf,nan,nan,nan,rf,nan,nan,f1_score,0.5,2026-05-26,3743223133
0.0,plants_ny_2017,9,rf,nan,nan,nan,rf,nan,nan,f1_score,0.5,2026-05-26,3343893845
0.0,plants_ny_2017,9,rf,nan,nan,nan,rf,nan,nan,f1_score,0.5,2026-05-26,3892285556
0.0,plants_ny_2017,9,rf,nan,nan,nan,rf,nan,nan,f1_score,0.5,2026-05-26,3499478380
0.0,plants_ny_2017,9,rf,nan,nan,nan,rf,nan,nan,f1_score,0.5,2026-05-26,3343975825
0.0,plants_ny_2017,9,rf,nan,nan,nan,rf,nan,nan,f1_score,0.5,2026-05-26,3321201083
0.0,plants_ny_2017,9,rf,nan,nan,nan,rf,nan,nan,f1_score,0.5,2026-05-26,3915424389
0.0,plants_ny_2017,9,rf,nan,nan,nan,rf,nan,nan,f1_score,0.5,2026-05-26,3383857821
0.0,plants_ny_2017,9,rf,nan,nan,nan,rf,nan,nan,f1_score,0.5,2026-05-26,3892567407
0.0,plants_ny_2017,9,rf,nan,nan,nan,rf,nan,nan,f1_score,0.5,2026-05-26,3743217608
0.0,plants_ny_2017,9,rf,nan,nan,nan,rf,nan,nan,f1_score,0.5,2026-05-26,6170919816
0.0,plants_ny_2017,9,rf,nan,nan,nan,rf,nan,nan,f1_score,0.5,2026-05-26,2988558923
0.0,plants_ny_2017,9,rf,nan,nan,nan,rf,nan,nan,f1_score,0.5,2026-05-26,3743217109
0.0,plants_ny_2017,9,rf,nan,nan,nan,rf,nan,nan,f1_score,0.5,2026-05-26,3743261031
0.0,plants_ny_2017,9,rf,nan,nan,nan,rf,nan,nan,f1_score,0.5,2026-05-26,3399177638
0.0,plants_ny_2017,9,rf,nan,nan,nan,rf,nan,nan,f1_score,0.5,2026-05-26,5838032927
0.0,plants_ny_2017,9,rf,nan,nan,nan,rf,nan,nan,f1_score,0.5,2026-05-26,3415905006
0.0,plants_ny_2017,9,rf,nan,nan,nan,rf,nan,nan,f1_score,0.5,2026-05-26,3456305524
0.0,plants_ny_2017,9,rf,nan,nan,nan,rf,nan,nan,f1_score,0.5,2026-05-26,5205823328
0.0,plants_ny_2017,9,rf,nan,nan,nan,rf,nan,nan,f1_score,0.5,2026-05-26,4901133269
0.0,plants_ny_2017,9,rf,nan,nan,nan,rf,nan,nan,f1_score,0.5,2026-05-26,4075616529
0.0,plants_ny_2017,9,rf,nan,nan,nan,rf,nan,nan,f1_score,0.5,2026-05-26,4600040582
0.0,plants_ny_2017,9,rf,nan,nan,nan,rf,nan,nan,f1_score,0.5,2026-05-26,3960995546
0.0,plants_ny_2017,9,rf,nan,nan,nan,rf,nan,nan,f1_score,0.5,2026-05-26,4009727377
0.0,plants_ny_2017,9,rf,nan,nan,nan,rf,nan,nan,f1_score,0.5,2026-05-26,4075630432
0.0,plants_ny_2017,9,rf,nan,nan,nan,rf,nan,nan,f1_score,0.5,2026-05-26,3902850547
0.0,plants_ny_2017,9,rf,nan,nan,nan,rf,nan,nan,f1_score,0.5,2026-05-26,3773711199
0.0,plants_ny_2017,9,rf,nan,nan,nan,rf,nan,nan,f1_score,0.5,2026-05-26,3314182918
0.0,plants_ny_2017,9,rf,nan,nan,nan,rf,nan,nan,f1_score,0.5,2026-05-26,3307528959
0.0,plants_ny_2017,9,rf,nan,nan,nan,rf,nan,nan,f1_score,0.5,2026-05-26,3314388967
0.0,plants_ny_2017,9,rf,nan,nan,nan,rf,nan,nan,f1_score,0.5,2026-05-26,3872978976
0.0,plants_ny_2017,9,rf,nan,nan,nan,rf,nan,nan,f1_score,0.5,2026-05-26,6130780438
0.0,plants_ny_2017,9,rf,nan,nan,nan,rf,nan,nan,f1_score,0.5,2026-05-26,2864776729
0.0,plants_ny_2017,9,rf,nan,nan,nan,rf,nan,nan,f1_score,0.5,2026-05-26,3320859089
0.0,plants_ny_2017,9,rf,nan,nan,nan,rf,nan,nan,f1_score,0.5,2026-05-26,3320902040
0.0,plants_ny_2017,9,rf,nan,nan,nan,rf,nan,nan,f1_score,0.5,2026-05-26,3743127091
0.0,plants_ny_2017,9,rf,nan,nan,nan,rf,nan,nan,f1_score,0.5,2026-05-26,3986283680
0.0,plants_ny_2017,9,rf,nan,nan,nan,rf,nan,nan,f1_score,0.5,2026-05-26,3031968969
0.0,plants_ny_2017,9,rf,nan,nan,nan,rf,nan,nan,f1_score,0.5,2026-05-26,3061721466
0.0,plants_ny_2017,9,rf,nan,nan,nan,rf,nan,nan,f1_score,0.5,2026-05-26,3955756916
0.0,plants_ny_2017,9,rf,nan,nan,nan,rf,nan,nan,f1_score,0.5,2026-05-26,3743284924
0.0,plants_ny_2017,9,rf,nan,nan,nan,rf,nan,nan,f1_score,0.5,2026-05-26,3705557376
0.0,plants_ny_2017,9,rf,nan,nan,nan,rf,nan,nan,f1_score,0.5,2026-05-26,3743090165
0.0,plants_ny_2017,9,rf,nan,nan,nan,rf,nan,nan,f1_score,0.5,2026-05-26,3860487551
0.0,plants_ny_2017,9,rf,nan,nan,nan,rf,nan,nan,f1_score,0.5,2026-05-26,3743001906
0.0,plants_ny_2017,9,rf,nan,nan,nan,rf,nan,nan,f1_score,0.5,2026-05-26,3892298567
0.0,plants_ny_2017,9,rf,nan,nan,nan,rf,nan,nan,f1_score,0.5,2026-05-26,6133345067
0.0,plants_ny_2017,9,rf,nan,nan,nan,rf,nan,nan,f1_score,0.5,2026-05-26,3966707351
0.0,plants_ny_2017,9,rf,nan,nan,nan,rf,nan,nan,f1_score,0.5,2026-05-26,3330431488
0.0,plants_ny_2017,9,rf,nan,nan,nan,rf,nan,nan,f1_score,0.5,2026-05-26,2864788760
0.0,plants_ny_2017,9,rf,nan,nan,nan,rf,nan,nan,f1_score,0.5,2026-05-26,5086896260
0.0,plants_ny_2017,9,rf,nan,nan,nan,rf,nan,nan,f1_score,0.5,2026-05-26,4054832413
0.0,plants_ny_2017,9,rf,nan,nan,nan,rf,nan,nan,f1_score,0.5,2026-05-26,3314249988
0.0,plants_ny_2017,9,rf,nan,nan,nan,rf,nan,nan,f1_score,0.5,2026-05-26,6163175834
0.0,plants_ny_2017,9,rf,nan,nan,nan,rf,nan,nan,f1_score,0.5,2026-05-26,3712694437
0.0,plants_ny_2017,9,rf,nan,nan,nan,rf,nan,nan,f1_score,0.5,2026-05-26,4512039485
0.0,plants_ny_2017,9,rf,nan,nan,nan,rf,nan,nan,f1_score,0.5,2026-05-26,3859621448
0.0,plants_ny_2017,9,rf,nan,nan,nan,rf,nan,nan,f1_score,0.5,2026-05-26,2626144953
0.0,plants_ny_2017,9,rf,nan,nan,nan,rf,nan,nan,f1_score,0.5,2026-05-26,3902068078
0.0,plants_ny_2017,9,rf,nan,nan,nan,rf,nan,nan,f1_score,0.5,2026-05-26,3743311564
0.0,plants_ny_2017,9,rf,nan,nan,nan,rf,nan,nan,f1_score,0.5,2026-05-26,3321176071
0.0,plants_ny_2017,9,rf,nan,nan,nan,rf,nan,nan,f1_score,0.5,2026-05-26,2237466407
0.0,plants_ny_2017,9,rf,nan,nan,nan,rf,nan,nan,f1_score,0.5,2026-05-26,2006052775
0.0,plants_ny_2017,9,rf,nan,nan,nan,rf,nan,nan,f1_score,0.5,2026-05-26,3759197625
0.0,plants_ny_2017,9,rf,nan,nan,nan,rf,nan,nan,f1_score,0.5,2026-05-26,3338092837
0.0,plants_ny_2017,9,rf,nan,nan,nan,rf,nan,nan,f1_score,0.5,2026-05-26,4075612580
0.0,plants_ny_2017,9,rf,nan,nan,nan,rf,nan,nan,f1_score,0.5,2026-05-26,4075568541
0.0,plants_ny_2017,9,rf,nan,nan,nan,rf,nan,nan,f1_score,0.5,2026-05-26,2013733047
0.0,plants_ny_2017,9,rf,nan,nan,nan,rf,nan,nan,f1_score,0.5,2026-05-26,3355474053
0.0,plants_ny_2017,9,rf,nan,nan,nan,rf,nan,nan,f1_score,0.5,2026-05-26,3455355741
0.0,plants_ny_2017,9,rf,nan,nan,nan,rf,nan,nan,f1_score,0.5,2026-05-26,3743261956
0.0,plants_ny_2017,9,rf,nan,nan,nan,rf,nan,nan,f1_score,0.5,2026-05-26,3988711341
0.0,plants_ny_2017,9,rf,nan,nan,nan,rf,nan,nan,f1_score,0.5,2026-05-26,2626394279
0.0,plants_ny_2017,9,rf,nan,nan,nan,rf,nan,nan,f1_score,0.5,2026-05-26,3947064257
0.0,plants_ny_2017,9,rf,nan,nan,nan,rf,nan,nan,f1_score,0.5,2026-05-26,2864753772
0.0,plants_ny_2017,9,rf,nan,nan,nan,rf,nan,nan,f1_score,0.5,2026-05-26,4440836556
0.0,plants_ny_2017,9,rf,nan,nan,nan,rf,nan,nan,f1_score,0.5,2026-05-26,3302058097
0.0,plants_ny_2017,9,rf,nan,nan,nan,rf,nan,nan,f1_score,0.5,2026-05-26,3743181002
0.0,plants_ny_2017,9,rf,nan,nan,nan,rf,nan,nan,f1_score,0.5,2026-05-26,3456002819
0.0,plants_ny_2017,9,rf,nan,nan,nan,rf,nan,nan,f1_score,0.5,2026-05-26,1305173109
0.0,plants_ny_2017,9,rf,nan,nan,nan,rf,nan,nan,f1_score,0.5,2026-05-26,2626434562
0.0,plants_ny_2017,9,rf,nan,nan,nan,rf,nan,nan,f1_score,0.5,2026-05-26,3953731148
0.0,plants_ny_2017,9,rf,nan,nan,nan,rf,nan,nan,f1_score,0.5,2026-05-26,3998627007
0.0,plants_ny_2017,9,rf,nan,nan,nan,rf,nan,nan,f1_score,0.5,2026-05-26,5007876709
0.0,plants_ny_2017,9,rf,nan,nan,nan,rf,nan,nan,f1_score,0.5,2026-05-26,4600039736
0.0,plants_ny_2017,9,rf,nan,nan,nan,rf,nan,nan,f1_score,0.5,2026-05-26,3455490668
0.0,plants_ny_2017,9,rf,nan,nan,nan,rf,nan,nan,f1_score,0.5,2026-05-26,4096407443
0.0,plants_ny_2017,9,rf,nan,nan,nan,rf,nan,nan,f1_score,0.5,2026-05-26,2988408926
0.0,plants_ny_2017,9,rf,nan,nan,nan,rf,nan,nan,f1_score,0.5,2026-05-26,3705428470
0.0,plants_ny_2017,9,rf,nan,nan,nan,rf,nan,nan,f1_score,0.5,2026-05-26,3314262968
0.0,plants_ny_2017,9,rf,nan,nan,nan,rf,nan,nan,f1_score,0.5,2026-05-26,4076287323
0.0,plants_ny_2017,9,rf,nan,nan,nan,rf,nan,nan,f1_score,0.5,2026-05-26,3747096396
0.0,plants_ny_2017,9,rf,nan,nan,nan,rf,nan,nan,f1_score,0.5,2026-05-26,3955855510
0.0,plants_ny_2017,9,rf,nan,nan,nan,rf,nan,nan,f1_score,0.5,2026-05-26,3337848942
0.0,plants_ny_2017,9,rf,nan,nan,nan,rf,nan,nan,f1_score,0.5,2026-05-26,3902231109
0.0,plants_ny_2017,9,rf,nan,nan,nan,rf,nan,nan,f1_score,0.5,2026-05-26,3743063020
0.0,plants_ny_2017,9,rf,nan,nan,nan,rf,nan,nan,f1_score,0.5,2026-05-26,4438650577
0.0,plants_ny_2017,9,rf,nan,nan,nan,rf,nan,nan,f1_score,0.5,2026-05-26,2984433511
0.0,plants_ny_2017,9,rf,nan,nan,nan,rf,nan,nan,f1_score,0.5,2026-05-26,3743343160
0.0,plants_ny_2017,9,rf,nan,nan,nan,rf,nan,nan,f1_score,0.5,2026-05-26,4458356369
0.0,plants_ny_2017,9,rf,nan,nan,nan,rf,nan,nan,f1_score,0.5,2026-05-26,2013733500
0.0,plants_ny_2017,9,rf,nan,nan,nan,rf,nan,nan,f1_score,0.5,2026-05-26,3952358481
0.0,plants_ny_2017,9,rf,nan,nan,nan,rf,nan,nan,f1_score,0.5,2026-05-26,3873950555
0.0,plants_ny_2017,9,rf,nan,nan,nan,rf,nan,nan,f1_score,0.5,2026-05-26,3764340990
0.0,plants_ny_2017,9,rf,nan,nan,nan,rf,nan,nan,f1_score,0.5,2026-05-26,3344134309
0.0,plants_ny_2017,9,rf,nan,nan,nan,rf,nan,nan,f1_score,0.5,2026-05-26,6133241442
0.0,plants_ny_2017,9,rf,nan,nan,nan,rf,nan,nan,f1_score,0.5,2026-05-26,3892600555
0.0,plants_ny_2017,9,rf,nan,nan,nan,rf,nan,nan,f1_score,0.5,2026-05-26,2542905908
0.0,plants_ny_2017,9,rf,nan,nan,nan,rf,nan,nan,f1_score,0.5,2026-05-26,3456149826
0.0,plants_ny_2017,9,rf,nan,nan,nan,rf,nan,nan,f1_score,0.5,2026-05-26,3321037527
0.0,plants_ny_2017,9,rf,nan,nan,nan,rf,nan,nan,f1_score,0.5,2026-05-26,3888892940
0.0,plants_ny_2017,9,rf,nan,nan,nan,rf,nan,nan,f1_score,0.5,2026-05-26,3039130435
0.0,plants_ny_2017,9,rf,nan,nan,nan,rf,nan,nan,f1_score,0.5,2026-05-26,4009759377
0.0,plants_ny_2017,9,rf,nan,nan,nan,rf,nan,nan,f1_score,0.5,2026-05-26,4516509668
0.0,plants_ny_2017,9,rf,nan,nan,nan,rf,nan,nan,f1_score,0.5,2026-05-26,3951908759
0.0,plants_ny_2017,9,rf,nan,nan,nan,rf,nan,nan,f1_score,0.5,2026-05-26,3321069544
0.0,plants_ny_2017,9,rf,nan,nan,nan,rf,nan,nan,f1_score,0.5,2026-05-26,3873295483
0.0,plants_ny_2017,9,rf,nan,nan,nan,rf,nan,nan,f1_score,0.5,2026-05-26,3415476705
0.0,plants_ny_2017,9,rf,nan,nan,nan,rf,nan,nan,f1_score,0.5,2026-05-26,3383836816
0.0,plants_ny_2017,9,rf,nan,nan,nan,rf,nan,nan,f1_score,0.5,2026-05-26,2977665327
0.0,plants_ny_2017,9,rf,nan,nan,nan,rf,nan,nan,f1_score,0.5,2026-05-26,3499376440
0.0,plants_ny_2017,9,rf,nan,nan,nan,rf,nan,nan,f1_score,0.5,2026-05-26,3957652922
0.0,plants_ny_2017,9,rf,nan,nan,nan,rf,nan,nan,f1_score,0.5,2026-05-26,5076752674
0.0,plants_ny_2017,9,rf,nan,nan,nan,rf,nan,nan,f1_score,0.5,2026-05-26,3892491932
0.0,plants_ny_2017,9,rf,nan,nan,nan,rf,nan,nan,f1_score,0.5,2026-05-26,4067181465
0.0,plants_ny_2017,9,rf,nan,nan,nan,rf,nan,nan,f1_score,0.5,2026-05-26,2868113423
0.0,plants_ny_2017,9,rf,nan,nan,nan,rf,nan,nan,f1_score,0.5,2026-05-26,3955125866
0.0,plants_ny_2017,9,rf,nan,nan,nan,rf,nan,nan,f1_score,0.5,2026-05-26,4528178505
0.0,plants_ny_2017,9,rf,nan,nan,nan,rf,nan,nan,f1_score,0.5,2026-05-26,3951592098
0.0,plants_ny_2017,9,rf,nan,nan,nan,rf,nan,nan,f1_score,0.5,2026-05-26,3999162769
0.0,plants_ny_2017,9,rf,nan,nan,nan,rf,nan,nan,f1_score,0.5,2026-05-26,3320860516
0.0,plants_ny_2017,9,rf,nan,nan,nan,rf,nan,nan,f1_score,0.5,2026-05-26,3960168322
0.0,plants_ny_2017,9,rf,nan,nan,nan,rf,nan,nan,f1_score,0.5,2026-05-26,3325534811
0.0,plants_ny_2017,9,rf,nan,nan,nan,rf,nan,nan,f1_score,0.5,2026-05-26,4062564400
0.0,plants_ny_2017,9,rf,nan,nan,nan,rf,nan,nan,f1_score,0.5,2026-05-26,3958474166
0.0,plants_ny_2017,9,rf,nan,nan,nan,rf,nan,nan,f1_score,0.5,2026-05-26,3320884547
0.0,plants_ny_2017,9,rf,nan,nan,nan,rf,nan,nan,f1_score,0.5,2026-05-26,3888802993
0.0,plants_ny_2017,9,rf,nan,nan,nan,rf,nan,nan,f1_score,0.5,2026-05-26,3415831615
0.0,plants_ny_2017,9,rf,nan,nan,nan,rf,nan,nan,f1_score,0.5,2026-05-26,2975077899
0.0,plants_ny_2017,9,rf,nan,nan,nan,rf,nan,nan,f1_score,0.5,2026-05-26,2646525147
0.0,plants_ny_2017,9,rf,nan,nan,nan,rf,nan,nan,f1_score,0.5,2026-05-26,3325685769
0.0,plants_ny_2017,9,rf,nan,nan,nan,rf,nan,nan,f1_score,0.5,2026-05-26,3915272335
0.0,plants_ny_2017,9,rf,nan,nan,nan,rf,nan,nan,f1_score,0.5,2026-05-26,4062720384
0.0,plants_ny_2017,9,rf,nan,nan,nan,rf,nan,nan,f1_score,0.5,2026-05-26,3343811503
0.0,plants_ny_2017,9,rf,nan,nan,nan,rf,nan,nan,f1_score,0.5,2026-05-26,3955200465
0.0,plants_ny_2017,9,rf,nan,nan,nan,rf,nan,nan,f1_score,0.5,2026-05-26,2901879375
0.0,plants_ny_2017,9,rf,nan,nan,nan,rf,nan,nan,f1_score,0.5,2026-05-26,3958269257
0.0,plants_ny_2017,9,rf,nan,nan,nan,rf,nan,nan,f1_score,0.5,2026-05-26,3999036549
0.0,plants_ny_2017,9,rf,nan,nan,nan,rf,nan,nan,f1_score,0.5,2026-05-26,2901914363
0.0,plants_ny_2017,9,rf,nan,nan,nan,rf,nan,nan,f1_score,0.5,2026-05-26,4528213625
0.0,plants_ny_2017,9,rf,nan,nan,nan,rf,nan,nan,f1_score,0.5,2026-05-26,3117762997
0.0,plants_ny_2017,9,rf,nan,nan,nan,rf,nan,nan,f1_score,0.5,2026-05-26,4076251730
0.0,plants_ny_2017,9,rf,nan,nan,nan,rf,nan,nan,f1_score,0.5,2026-05-26,3456635637
0.0,plants_ny_2017,9,rf,nan,nan,nan,rf,nan,nan,f1_score,0.5,2026-05-26,4507599340
0.0,plants_ny_2017,9,rf,nan,nan,nan,rf,nan,nan,f1_score,0.5,2026-05-26,5839985418
0.0,plants_ny_2017,9,rf,nan,nan,nan,rf,nan,nan,f1_score,0.5,2026-05-26,3953780544
0.0,plants_ny_2017,9,rf,nan,nan,nan,rf,nan,nan,f1_score,0.5,2026-05-26,3953760145
0.0,plants_ny_2017,9,rf,nan,nan,nan,rf,nan,nan,f1_score,0.5,2026-05-26,3902505144
0.0,plants_ny_2017,9,rf,nan,nan,nan,rf,nan,nan,f1_score,0.5,2026-05-26,4527943511
0.0,plants_ny_2017,9,rf,nan,nan,nan,rf,nan,nan,f1_score,0.5,2026-05-26,3747314413
0.0,plants_ny_2017,9,rf,nan,nan,nan,rf,nan,nan,f1_score,0.5,2026-05-26,3954595054
0.0,plants_ny_2017,9,rf,nan,nan,nan,rf,nan,nan,f1_score,0.5,2026-05-26,3958521630
0.0,plants_ny_2017,9,rf,nan,nan,nan,rf,nan,nan,f1_score,0.5,2026-05-26,4171363528
0.0,plants_ny_2017,9,rf,nan,nan,nan,rf,nan,nan,f1_score,0.5,2026-05-26,3956232913
0.0,plants_ny_2017,9,rf,nan,nan,nan,rf,nan,nan,f1_score,0.5,2026-05-26,3953832144
0.0,plants_ny_2017,9,rf,nan,nan,nan,rf,nan,nan,f1_score,0.5,2026-05-26,3881373423
0.0,plants_ny_2017,9,rf,nan,nan,nan,rf,nan,nan,f1_score,0.5,2026-05-26,3912039697
0.0,plants_ny_2017,9,rf,nan,nan,nan,rf,nan,nan,f1_score,0.5,2026-05-26,3960187739
0.0,plants_ny_2017,9,rf,nan,nan,nan,rf,nan,nan,f1_score,0.5,2026-05-26,3760304993
0.0,plants_ny_2017,9,rf,nan,nan,nan,rf,nan,nan,f1_score,0.5,2026-05-26,3956370387
0.0,plants_ny_2017,9,rf,nan,nan,nan,rf,nan,nan,f1_score,0.5,2026-05-26,3958230004
0.0,plants_ny_2017,9,rf,nan,nan,nan,rf,nan,nan,f1_score,0.5,2026-05-26,3958479807
0.0,plants_ny_2017,9,rf,nan,nan,nan,rf,nan,nan,f1_score,0.5,2026-05-26,3117787393
0.0,plants_ny_2017,9,rf,nan,nan,nan,rf,nan,nan,f1_score,0.5,2026-05-26,3958556894
0.0,plants_ny_2017,9,rf,nan,nan,nan,rf,nan,nan,f1_score,0.5,2026-05-26,2901574269
0.0,plants_ny_2017,9,rf,nan,nan,nan,rf,nan,nan,f1_score,0.5,2026-05-26,2634091772
0.0,plants_ny_2017,9,rf,nan,nan,nan,rf,nan,nan,f1_score,0.5,2026-05-26,2597769715
0.0,plants_ny_2017,9,rf,nan,nan,nan,rf,nan,nan,f1_score,0.5,2026-05-26,2992735429
0.0,plants_ny_2017,9,rf,nan,nan,nan,rf,nan,nan,f1_score,0.5,2026-05-26,3998509748
0.0,plants_ny_2017,9,rf,nan,nan,nan,rf,nan,nan,f1_score,0.5,2026-05-26,2603427160
0.0,plants_ny_2017,9,rf,nan,nan,nan,rf,nan,nan,f1_score,0.5,2026-05-26,3954823449
0.0,plants_ny_2017,9,rf,nan,nan,nan,rf,nan,nan,f1_score,0.5,2026-05-26,3953031880
0.0,plants_ny_2017,9,rf,nan,nan,nan,rf,nan,nan,f1_score,0.5,2026-05-26,3955058929
0.0,plants_ny_2017,9,rf,nan,nan,nan,rf,nan,nan,f1_score,0.5,2026-05-26,3902628847
0.0,plants_ny_2017,9,rf,nan,nan,nan,rf,nan,nan,f1_score,0.5,2026-05-26,3321001513
0.0,plants_ny_2017,9,rf,nan,nan,nan,rf,nan,nan,f1_score,0.5,2026-05-26,3330626734
0.0,plants_ny_2017,9,rf,nan,nan,nan,rf,nan,nan,f1_score,0.5,2026-05-26,2873871395
0.0,plants_ny_2017,9,rf,nan,nan,nan,rf,nan,nan,f1_score,0.5,2026-05-26,3998011745
0.0,plants_ny_2017,9,rf,nan,nan,nan,rf,nan,nan,f1_score,0.5,2026-05-26,3951920795
0.0,plants_ny_2017,9,rf,nan,nan,nan,rf,nan,nan,f1_score,0.5,2026-05-26,3859456561
0.0,plants_ny_2017,9,rf,nan,nan,nan,rf,nan,nan,f1_score,0.5,2026-05-26,3415916602
0.0,plants_ny_2017,9,rf,nan,nan,nan,rf,nan,nan,f1_score,0.5,2026-05-26,3966468595
0.0,plants_ny_2017,9,rf,nan,nan,nan,rf,nan,nan,f1_score,0.5,2026-05-26,3958578351
0.0,plants_ny_2017,9,rf,nan,nan,nan,rf,nan,nan,f1_score,0.5,2026-05-26,3321271544
0.0,plants_ny_2017,9,rf,nan,nan,nan,rf,nan,nan,f1_score,0.5,2026-05-26,5230376340
0.0,plants_ny_2017,9,rf,nan,nan,nan,rf,nan,nan,f1_score,0.5,2026-05-26,3953934810
0.0,plants_ny_2017,9,rf,nan,nan,nan,rf,nan,nan,f1_score,0.5,2026-05-26,4424237421
0.0,plants_ny_2017,9,rf,nan,nan,nan,rf,nan,nan,f1_score,0.5,2026-05-26,3957231560
0.0,plants_ny_2017,9,rf,nan,nan,nan,rf,nan,nan,f1_score,0.5,2026-05-26,2597702667
0.0,plants_ny_2017,9,rf,nan,nan,nan,rf,nan,nan,f1_score,0.5,2026-05-26,3005182458
0.0,plants_ny_2017,9,rf,nan,nan,nan,rf,nan,nan,f1_score,0.5,2026-05-26,3759718426
0.0,plants_ny_2017,9,rf,nan,nan,nan,rf,nan,nan,f1_score,0.5,2026-05-26,2974337303
0.0,plants_ny_2017,9,rf,nan,nan,nan,rf,nan,nan,f1_score,0.5,2026-05-26,3858332427
0.0,plants_ny_2017,9,rf,nan,nan,nan,rf,nan,nan,f1_score,0.5,2026-05-26,3959675908
0.0,plants_ny_2017,9,rf,nan,nan,nan,rf,nan,nan,f1_score,0.5,2026-05-26,4507600344
0.0,plants_ny_2017,9,rf,nan,nan,nan,rf,nan,nan,f1_score,0.5,2026-05-26,3958698702
0.0,plants_ny_2017,9,rf,nan,nan,nan,rf,nan,nan,f1_score,0.5,2026-05-26,3355014674
0.0,plants_ny_2017,9,rf,nan,nan,nan,rf,nan,nan,f1_score,0.5,2026-05-26,3321026566
0.0,plants_ny_2017,9,rf,nan,nan,nan,rf,nan,nan,f1_score,0.5,2026-05-26,3998361625
0.0,plants_ny_2017,9,rf,nan,nan,nan,rf,nan,nan,f1_score,0.5,2026-05-26,3468982354
0.0,plants_ny_2017,9,rf,nan,nan,nan,rf,nan,nan,f1_score,0.5,2026-05-26,3321305584
0.0,plants_ny_2017,9,rf,nan,nan,nan,rf,nan,nan,f1_score,0.5,2026-05-26,3321222546
0.0,plants_ny_2017,9,rf,nan,nan,nan,rf,nan,nan,f1_score,0.5,2026-05-26,2597864582
0.0,plants_ny_2017,9,rf,nan,nan,nan,rf,nan,nan,f1_score,0.5,2026-05-26,3955245785
0.0,plants_ny_2017,9,rf,nan,nan,nan,rf,nan,nan,f1_score,0.5,2026-05-26,3337719955
0.0,plants_ny_2017,9,rf,nan,nan,nan,rf,nan,nan,f1_score,0.5,2026-05-26,3957007533
0.0,plants_ny_2017,9,rf,nan,nan,nan,rf,nan,nan,f1_score,0.5,2026-05-26,3764483265
0.0,plants_ny_2017,9,rf,nan,nan,nan,rf,nan,nan,f1_score,0.5,2026-05-26,3957207847
0.0,plants_ny_2017,9,rf,nan,nan,nan,rf,nan,nan,f1_score,0.5,2026-05-26,2976431965
0.0,plants_ny_2017,9,rf,nan,nan,nan,rf,nan,nan,f1_score,0.5,2026-05-26,3953150454
0.0,plants_ny_2017,9,rf,nan,nan,nan,rf,nan,nan,f1_score,0.5,2026-05-26,2826156614
0.0,plants_ny_2017,9,rf,nan,nan,nan,rf,nan,nan,f1_score,0.5,2026-05-26,1901034499
0.0,plants_ny_2017,9,rf,nan,nan,nan,rf,nan,nan,f1_score,0.5,2026-05-26,3903018842
0.0,plants_ny_2017,9,rf,nan,nan,nan,rf,nan,nan,f1_score,0.5,2026-05-26,3321263526
0.0,plants_ny_2017,9,rf,nan,nan,nan,rf,nan,nan,f1_score,0.5,2026-05-26,3952534068
0.0,plants_ny_2017,9,rf,nan,nan,nan,rf,nan,nan,f1_score,0.5,2026-05-26,2823283379
0.0,plants_ny_2017,9,rf,nan,nan,nan,rf,nan,nan,f1_score,0.5,2026-05-26,3953218651
0.0,plants_ny_2017,9,rf,nan,nan,nan,rf,nan,nan,f1_score,0.5,2026-05-26,2597868625
0.0,plants_ny_2017,9,rf,nan,nan,nan,rf,nan,nan,f1_score,0.5,2026-05-26,2980836345
0.0,plants_ny_2017,9,rf,nan,nan,nan,rf,nan,nan,f1_score,0.5,2026-05-26,3321014543
0.0,plants_ny_2017,9,rf,nan,nan,nan,rf,nan,nan,f1_score,0.5,2026-05-26,2883066364
0.0,plants_ny_2017,9,rf,nan,nan,nan,rf,nan,nan,f1_score,0.5,2026-05-26,3466240398
0.0,plants_ny_2017,9,rf,nan,nan,nan,rf,nan,nan,f1_score,0.5,2026-05-26,3321015540
0.0,plants_ny_2017,9,rf,nan,nan,nan,rf,nan,nan,f1_score,0.5,2026-05-26,6187968648
0.0,plants_ny_2017,9,rf,nan,nan,nan,rf,nan,nan,f1_score,0.5,2026-05-26,2603310886
0.0,plants_ny_2017,9,rf,nan,nan,nan,rf,nan,nan,f1_score,0.5,2026-05-26,3998406673
0.0,plants_ny_2017,9,rf,nan,nan,nan,rf,nan,nan,f1_score,0.5,2026-05-26,3321266570
0.0,plants_ny_2017,9,rf,nan,nan,nan,rf,nan,nan,f1_score,0.5,2026-05-26,2634377685
0.0,plants_ny_2017,9,rf,nan,nan,nan,rf,nan,nan,f1_score,0.5,2026-05-26,3966389322
0.0,plants_ny_2017,9,rf,nan,nan,nan,rf,nan,nan,f1_score,0.5,2026-05-26,3321302536
0.0,plants_ny_2017,9,rf,nan,nan,nan,rf,nan,nan,f1_score,0.5,2026-05-26,3958033664
0.0,plants_ny_2017,9,rf,nan,nan,nan,rf,nan,nan,f1_score,0.5,2026-05-26,3321019586
0.0,plants_ny_2017,9,rf,nan,nan,nan,rf,nan,nan,f1_score,0.5,2026-05-26,2596115209
0.0,plants_ny_2017,9,rf,nan,nan,nan,rf,nan,nan,f1_score,0.5,2026-05-26,3124904362
0.0,plants_ny_2017,9,rf,nan,nan,nan,rf,nan,nan,f1_score,0.5,2026-05-26,3330465368
0.0,plants_ny_2017,9,rf,nan,nan,nan,rf,nan,nan,f1_score,0.5,2026-05-26,3859115229
0.0,plants_ny_2017,9,rf,nan,nan,nan,rf,nan,nan,f1_score,0.5,2026-05-26,3889185429
0.0,plants_ny_2017,9,rf,nan,nan,nan,rf,nan,nan,f1_score,0.5,2026-05-26,3468719412
0.0,plants_ny_2017,9,rf,nan,nan,nan,rf,nan,nan,f1_score,0.5,2026-05-26,3337993899
0.0,plants_ny_2017,9,rf,nan,nan,nan,rf,nan,nan,f1_score,0.5,2026-05-26,3343910460
0.0,plants_ny_2017,9,rf,nan,nan,nan,rf,nan,nan,f1_score,0.5,2026-05-26,4177110426
0.0,plants_ny_2017,9,rf,nan,nan,nan,rf,nan,nan,f1_score,0.5,2026-05-26,3302232427
0.0,plants_ny_2017,9,rf,nan,nan,nan,rf,nan,nan,f1_score,0.5,2026-05-26,3952851141
0.0,plants_ny_2017,9,rf,nan,nan,nan,rf,nan,nan,f1_score,0.5,2026-05-26,3949455157
0.0,plants_ny_2017,9,rf,nan,nan,nan,rf,nan,nan,f1_score,0.5,2026-05-26,3985647532
0.0,plants_ny_2017,9,rf,nan,nan,nan,rf,nan,nan,f1_score,0.5,2026-05-26,3958128917
0.0,plants_ny_2017,9,rf,nan,nan,nan,rf,nan,nan,f1_score,0.5,2026-05-26,2641289538
0.0,plants_ny_2017,9,rf,nan,nan,nan,rf,nan,nan,f1_score,0.5,2026-05-26,3925182111
0.0,plants_ny_2017,9,rf,nan,nan,nan,rf,nan,nan,f1_score,0.5,2026-05-26,3955517921
0.0,plants_ny_2017,9,rf,nan,nan,nan,rf,nan,nan,f1_score,0.5,2026-05-26,3988645525
0.0,plants_ny_2017,9,rf,nan,nan,nan,rf,nan,nan,f1_score,0.5,2026-05-26,2013733480
0.0,plants_ny_2017,9,rf,nan,nan,nan,rf,nan,nan,f1_score,0.5,2026-05-26,4535635509
0.0,plants_ny_2017,9,rf,nan,nan,nan,rf,nan,nan,f1_score,0.5,2026-05-26,2873906624
0.0,plants_ny_2017,9,rf,nan,nan,nan,rf,nan,nan,f1_score,0.5,2026-05-26,2447841947
0.0,plants_ny_2017,9,rf,nan,nan,nan,rf,nan,nan,f1_score,0.5,2026-05-26,3960990945
0.0,plants_ny_2017,9,rf,nan,nan,nan,rf,nan,nan,f1_score,0.5,2026-05-26,3961245039
0.0,plants_ny_2017,9,rf,nan,nan,nan,rf,nan,nan,f1_score,0.5,2026-05-26,3343955525
0.0,plants_ny_2017,9,rf,nan,nan,nan,rf,nan,nan,f1_score,0.5,2026-05-26,3956155237
0.0,plants_ny_2017,9,rf,nan,nan,nan,rf,nan,nan,f1_score,0.5,2026-05-26,3985612363
0.0,plants_ny_2017,9,rf,nan,nan,nan,rf,nan,nan,f1_score,0.5,2026-05-26,3999198247
0.0,plants_ny_2017,9,rf,nan,nan,nan,rf,nan,nan,f1_score,0.5,2026-05-26,5215926335
0.0,plants_ny_2017,9,rf,nan,nan,nan,rf,nan,nan,f1_score,0.5,2026-05-26,3949548205
0.0,plants_ny_2017,9,rf,nan,nan,nan,rf,nan,nan,f1_score,0.5,2026-05-26,3743024050
0.0,plants_ny_2017,9,rf,nan,nan,nan,rf,nan,nan,f1_score,0.5,2026-05-26,3743172979
0.0,plants_ny_2017,9,rf,nan,nan,nan,rf,nan,nan,f1_score,0.5,2026-05-26,3415955653
0.0,plants_ny_2017,9,rf,nan,nan,nan,rf,nan,nan,f1_score,0.5,2026-05-26,3773459581
0.0,plants_ny_2017,9,rf,nan,nan,nan,rf,nan,nan,f1_score,0.5,2026-05-26,2620028627
0.0,plants_ny_2017,9,rf,nan,nan,nan,rf,nan,nan,f1_score,0.5,2026-05-26,2883164594
0.0,plants_ny_2017,9,rf,nan,nan,nan,rf,nan,nan,f1_score,0.5,2026-05-26,3465998602
0.0,plants_ny_2017,9,rf,nan,nan,nan,rf,nan,nan,f1_score,0.5,2026-05-26,3892408364
0.0,plants_ny_2017,9,rf,nan,nan,nan,rf,nan,nan,f1_score,0.5,2026-05-26,2868183388
0.0,plants_ny_2017,9,rf,nan,nan,nan,rf,nan,nan,f1_score,0.5,2026-05-26,2456508175
0.0,plants_ny_2017,9,rf,nan,nan,nan,rf,nan,nan,f1_score,0.5,2026-05-26,3956661052
0.0,plants_ny_2017,9,rf,nan,nan,nan,rf,nan,nan,f1_score,0.5,2026-05-26,3954746973
0.0,plants_ny_2017,9,rf,nan,nan,nan,rf,nan,nan,f1_score,0.5,2026-05-26,4527953376
0.0,plants_ny_2017,9,rf,nan,nan,nan,rf,nan,nan,f1_score,0.5,2026-05-26,2898516739
0.0,plants_ny_2017,9,rf,nan,nan,nan,rf,nan,nan,f1_score,0.5,2026-05-26,3772470423
0.0,plants_ny_2017,9,rf,nan,nan,nan,rf,nan,nan,f1_score,0.5,2026-05-26,2813862527
0.0,plants_ny_2017,9,rf,nan,nan,nan,rf,nan,nan,f1_score,0.5,2026-05-26,2868342116
0.0,plants_ny_2017,9,rf,nan,nan,nan,rf,nan,nan,f1_score,0.5,2026-05-26,2641489504
0.0,plants_ny_2017,9,rf,nan,nan,nan,rf,nan,nan,f1_score,0.5,2026-05-26,4901369040
0.0,plants_ny_2017,9,rf,nan,nan,nan,rf,nan,nan,f1_score,0.5,2026-05-26,3759622659
0.0,plants_ny_2017,9,rf,nan,nan,nan,rf,nan,nan,f1_score,0.5,2026-05-26,4076229585
0.0,plants_ny_2017,9,rf,nan,nan,nan,rf,nan,nan,f1_score,0.5,2026-05-26,3956144585
0.0,plants_ny_2017,9,rf,nan,nan,nan,rf,nan,nan,f1_score,0.5,2026-05-26,4420677349
0.0,plants_ny_2017,9,rf,nan,nan,nan,rf,nan,nan,f1_score,0.5,2026-05-26,2634278672
0.0,plants_ny_2017,9,rf,nan,nan,nan,rf,nan,nan,f1_score,0.5,2026-05-26,3953249105
0.0,plants_ny_2017,9,rf,nan,nan,nan,rf,nan,nan,f1_score,0.5,2026-05-26,3455964646
0.0,plants_ny_2017,9,rf,nan,nan,nan,rf,nan,nan,f1_score,0.5,2026-05-26,2873859731
0.0,plants_ny_2017,9,rf,nan,nan,nan,rf,nan,nan,f1_score,0.5,2026-05-26,2898516157
0.0,plants_ny_2017,9,rf,nan,nan,nan,rf,nan,nan,f1_score,0.5,2026-05-26,3859054753
0.0,plants_ny_2017,9,rf,nan,nan,nan,rf,nan,nan,f1_score,0.5,2026-05-26,2619991738
0.0,plants_ny_2017,9,rf,nan,nan,nan,rf,nan,nan,f1_score,0.5,2026-05-26,3008441467
0.0,plants_ny_2017,9,rf,nan,nan,nan,rf,nan,nan,f1_score,0.5,2026-05-26,3355269315
0.0,plants_ny_2017,9,rf,nan,nan,nan,rf,nan,nan,f1_score,0.5,2026-05-26,2868243816
0.0,plants_ny_2017,9,rf,nan,nan,nan,rf,nan,nan,f1_score,0.5,2026-05-26,3953015366
0.0,plants_ny_2017,9,rf,nan,nan,nan,rf,nan,nan,f1_score,0.5,2026-05-26,3333248827
0.0,plants_ny_2017,9,rf,nan,nan,nan,rf,nan,nan,f1_score,0.5,2026-05-26,4535879444
0.0,plants_ny_2017,9,rf,nan,nan,nan,rf,nan,nan,f1_score,0.5,2026-05-26,3759094904
0.0,plants_ny_2017,9,rf,nan,nan,nan,rf,nan,nan,f1_score,0.5,2026-05-26,2882944542
0.0,plants_ny_2017,9,rf,nan,nan,nan,rf,nan,nan,f1_score,0.5,2026-05-26,3963280062
0.0,plants_ny_2017,9,rf,nan,nan,nan,rf,nan,nan,f1_score,0.5,2026-05-26,3337778590
0.0,plants_ny_2017,9,rf,nan,nan,nan,rf,nan,nan,f1_score,0.5,2026-05-26,2873775204
0.0,plants_ny_2017,9,rf,nan,nan,nan,rf,nan,nan,f1_score,0.5,2026-05-26,3952038638
0.0,plants_ny_2017,9,rf,nan,nan,nan,rf,nan,nan,f1_score,0.5,2026-05-26,4599763571
0.0,plants_ny_2017,9,rf,nan,nan,nan,rf,nan,nan,f1_score,0.5,2026-05-26,4528213393
0.0,plants_ny_2017,9,rf,nan,nan,nan,rf,nan,nan,f1_score,0.5,2026-05-26,3957180617
0.0,plants_ny_2017,9,rf,nan,nan,nan,rf,nan,nan,f1_score,0.5,2026-05-26,2597876182
0.0,plants_ny_2017,9,rf,nan,nan,nan,rf,nan,nan,f1_score,0.5,2026-05-26,3415384643
0.0,plants_ny_2017,9,rf,nan,nan,nan,rf,nan,nan,f1_score,0.5,2026-05-26,3337565740
0.0,plants_ny_2017,9,rf,nan,nan,nan,rf,nan,nan,f1_score,0.5,2026-05-26,6129826336
0.0,plants_ny_2017,9,rf,nan,nan,nan,rf,nan,nan,f1_score,0.5,2026-05-26,3301904776
0.0,plants_ny_2017,9,rf,nan,nan,nan,rf,nan,nan,f1_score,0.5,2026-05-26,3705573336
0.0,plants_ny_2017,9,rf,nan,nan,nan,rf,nan,nan,f1_score,0.5,2026-05-26,2013732776
0.0,plants_ny_2017,9,rf,nan,nan,nan,rf,nan,nan,f1_score,0.5,2026-05-26,3958795751
0.0,plants_ny_2017,9,rf,nan,nan,nan,rf,nan,nan,f1_score,0.5,2026-05-26,3327754343
0.0,plants_ny_2017,9,rf,nan,nan,nan,rf,nan,nan,f1_score,0.5,2026-05-26,2597878199
0.0,plants_ny_2017,9,rf,nan,nan,nan,rf,nan,nan,f1_score,0.5,2026-05-26,2366059391
0.0,plants_ny_2017,9,rf,nan,nan,nan,rf,nan,nan,f1_score,0.5,2026-05-26,4921840325
0.0,plants_ny_2017,9,rf,nan,nan,nan,rf,nan,nan,f1_score,0.5,2026-05-26,2013732936
0.0,plants_ny_2017,9,rf,nan,nan,nan,rf,nan,nan,f1_score,0.5,2026-05-26,2850900221
0.0,plants_ny_2017,9,rf,nan,nan,nan,rf,nan,nan,f1_score,0.5,2026-05-26,3956871439
0.0,plants_ny_2017,9,rf,nan,nan,nan,rf,nan,nan,f1_score,0.5,2026-05-26,2988472451
0.0,plants_ny_2017,9,rf,nan,nan,nan,rf,nan,nan,f1_score,0.5,2026-05-26,3954521675
0.0,plants_ny_2017,9,rf,nan,nan,nan,rf,nan,nan,f1_score,0.5,2026-05-26,3333084885
0.0,plants_ny_2017,9,rf,nan,nan,nan,rf,nan,nan,f1_score,0.5,2026-05-26,2882925599
0.0,plants_ny_2017,9,rf,nan,nan,nan,rf,nan,nan,f1_score,0.5,2026-05-26,4076296424
0.0,plants_ny_2017,9,rf,nan,nan,nan,rf,nan,nan,f1_score,0.5,2026-05-26,2873763614
0.0,plants_ny_2017,9,rf,nan,nan,nan,rf,nan,nan,f1_score,0.5,2026-05-26,4177195399
0.0,plants_ny_2017,9,rf,nan,nan,nan,rf,nan,nan,f1_score,0.5,2026-05-26,6179302730
0.0,plants_ny_2017,9,rf,nan,nan,nan,rf,nan,nan,f1_score,0.5,2026-05-26,3959481665
0.0,plants_ny_2017,9,rf,nan,nan,nan,rf,nan,nan,f1_score,0.5,2026-05-26,4046239462
0.0,plants_ny_2017,9,rf,nan,nan,nan,rf,nan,nan,f1_score,0.5,2026-05-26,3888715724
0.0,plants_ny_2017,9,rf,nan,nan,nan,rf,nan,nan,f1_score,0.5,2026-05-26,2873953899
0.0,plants_ny_2017,9,rf,nan,nan,nan,rf,nan,nan,f1_score,0.5,2026-05-26,3947440320
0.0,plants_ny_2017,9,rf,nan,nan,nan,rf,nan,nan,f1_score,0.5,2026-05-26,4458747562
0.0,plants_ny_2017,9,rf,nan,nan,nan,rf,nan,nan,f1_score,0.5,2026-05-26,3915427072
0.0,plants_ny_2017,9,rf,nan,nan,nan,rf,nan,nan,f1_score,0.5,2026-05-26,3415655424
0.0,plants_ny_2017,9,rf,nan,nan,nan,rf,nan,nan,f1_score,0.5,2026-05-26,2013732635
0.0,plants_ny_2017,9,rf,nan,nan,nan,rf,nan,nan,f1_score,0.5,2026-05-26,3951628856
0.0,plants_ny_2017,9,rf,nan,nan,nan,rf,nan,nan,f1_score,0.5,2026-05-26,3888714707
0.0,plants_ny_2017,9,rf,nan,nan,nan,rf,nan,nan,f1_score,0.5,2026-05-26,3784799328
0.0,plants_ny_2017,9,rf,nan,nan,nan,rf,nan,nan,f1_score,0.5,2026-05-26,3985643493
0.0,plants_ny_2017,9,rf,nan,nan,nan,rf,nan,nan,f1_score,0.5,2026-05-26,2028445150
0.0,plants_ny_2017,9,rf,nan,nan,nan,rf,nan,nan,f1_score,0.5,2026-05-26,4524889580
0.0,plants_ny_2017,9,rf,nan,nan,nan,rf,nan,nan,f1_score,0.5,2026-05-26,3335103972
0.0,plants_ny_2017,9,rf,nan,nan,nan,rf,nan,nan,f1_score,0.5,2026-05-26,2634082173
0.0,plants_ny_2017,9,rf,nan,nan,nan,rf,nan,nan,f1_score,0.5,2026-05-26,4076253494
0.0,plants_ny_2017,9,rf,nan,nan,nan,rf,nan,nan,f1_score,0.5,2026-05-26,5076758770
0.0,plants_ny_2017,9,rf,nan,nan,nan,rf,nan,nan,f1_score,0.5,2026-05-26,3355057505
0.0,plants_ny_2017,9,rf,nan,nan,nan,rf,nan,nan,f1_score,0.5,2026-05-26,3415479445
0.0,plants_ny_2017,9,rf,nan,nan,nan,rf,nan,nan,f1_score,0.5,2026-05-26,3966733014
0.0,plants_ny_2017,9,rf,nan,nan,nan,rf,nan,nan,f1_score,0.5,2026-05-26,4420953401
0.0,plants_ny_2017,9,rf,nan,nan,nan,rf,nan,nan,f1_score,0.5,2026-05-26,3759188926
0.0,plants_ny_2017,9,rf,nan,nan,nan,rf,nan,nan,f1_score,0.5,2026-05-26,3949896397
0.0,plants_ny_2017,9,rf,nan,nan,nan,rf,nan,nan,f1_score,0.5,2026-05-26,3301836915
0.0,plants_ny_2017,9,rf,nan,nan,nan,rf,nan,nan,f1_score,0.5,2026-05-26,4111803374
0.0,plants_ny_2017,9,rf,nan,nan,nan,rf,nan,nan,f1_score,0.5,2026-05-26,2873850869
0.0,plants_ny_2017,9,rf,nan,nan,nan,rf,nan,nan,f1_score,0.5,2026-05-26,3948964192
0.0,plants_ny_2017,9,rf,nan,nan,nan,rf,nan,nan,f1_score,0.5,2026-05-26,2028445147
0.0,plants_ny_2017,9,rf,nan,nan,nan,rf,nan,nan,f1_score,0.5,2026-05-26,2802558651
0.0,plants_ny_2017,9,rf,nan,nan,nan,rf,nan,nan,f1_score,0.5,2026-05-26,4029047447
0.0,plants_ny_2017,9,rf,nan,nan,nan,rf,nan,nan,f1_score,0.5,2026-05-26,2874012336
0.0,plants_ny_2017,9,rf,nan,nan,nan,rf,nan,nan,f1_score,0.5,2026-05-26,3860259967
0.0,plants_ny_2017,9,rf,nan,nan,nan,rf,nan,nan,f1_score,0.5,2026-05-26,3994043599
0.0,plants_ny_2017,9,rf,nan,nan,nan,rf,nan,nan,f1_score,0.5,2026-05-26,2873777949
0.0,plants_ny_2017,9,rf,nan,nan,nan,rf,nan,nan,f1_score,0.5,2026-05-26,3956843233
0.0,plants_ny_2017,9,rf,nan,nan,nan,rf,nan,nan,f1_score,0.5,2026-05-26,3925108092
0.0,plants_ny_2017,9,rf,nan,nan,nan,rf,nan,nan,f1_score,0.5,2026-05-26,3949303121
0.0,plants_ny_2017,9,rf,nan,nan,nan,rf,nan,nan,f1_score,0.5,2026-05-26,2634316107
0.0,plants_ny_2017,9,rf,nan,nan,nan,rf,nan,nan,f1_score,0.5,2026-05-26,4872233169
0.0,plants_ny_2017,9,rf,nan,nan,nan,rf,nan,nan,f1_score,0.5,2026-05-26,2620038202
0.0,plants_ny_2017,9,rf,nan,nan,nan,rf,nan,nan,f1_score,0.5,2026-05-26,3998367991
0.0,plants_ny_2017,9,rf,nan,nan,nan,rf,nan,nan,f1_score,0.5,2026-05-26,5086908643
0.0,plants_ny_2017,9,rf,nan,nan,nan,rf,nan,nan,f1_score,0.5,2026-05-26,3337545066
0.0,plants_ny_2017,9,rf,nan,nan,nan,rf,nan,nan,f1_score,0.5,2026-05-26,2868307644
0.0,plants_ny_2017,9,rf,nan,nan,nan,rf,nan,nan,f1_score,0.5,2026-05-26,2423037307
0.0,plants_ny_2017,9,rf,nan,nan,nan,rf,nan,nan,f1_score,0.5,2026-05-26,3759200740
0.0,plants_ny_2017,9,rf,nan,nan,nan,rf,nan,nan,f1_score,0.5,2026-05-26,3912432969
0.0,plants_ny_2017,9,rf,nan,nan,nan,rf,nan,nan,f1_score,0.5,2026-05-26,3998808540
0.0,plants_ny_2017,9,rf,nan,nan,nan,rf,nan,nan,f1_score,0.5,2026-05-26,3743319869
0.0,plants_ny_2017,9,rf,nan,nan,nan,rf,nan,nan,f1_score,0.5,2026-05-26,3994054390
0.0,plants_ny_2017,9,rf,nan,nan,nan,rf,nan,nan,f1_score,0.5,2026-05-26,3955628078
0.0,plants_ny_2017,9,rf,nan,nan,nan,rf,nan,nan,f1_score,0.5,2026-05-26,2609173865
0.0,plants_ny_2017,9,rf,nan,nan,nan,rf,nan,nan,f1_score,0.5,2026-05-26,2397648532
0.0,plants_ny_2017,9,rf,nan,nan,nan,rf,nan,nan,f1_score,0.5,2026-05-26,3307175959
0.0,plants_ny_2017,9,rf,nan,nan,nan,rf,nan,nan,f1_score,0.5,2026-05-26,3956681096
0.0,plants_ny_2017,9,rf,nan,nan,nan,rf,nan,nan,f1_score,0.5,2026-05-26,3999188987
0.0,plants_ny_2017,9,rf,nan,nan,nan,rf,nan,nan,f1_score,0.5,2026-05-26,3953738539
0.0,plants_ny_2017,9,rf,nan,nan,nan,rf,nan,nan,f1_score,0.5,2026-05-26,3407995956
0.0,plants_ny_2017,9,rf,nan,nan,nan,rf,nan,nan,f1_score,0.5,2026-05-26,5761134977
0.0,plants_ny_2017,9,rf,nan,nan,nan,rf,nan,nan,f1_score,0.5,2026-05-26,2603327880
0.0,plants_ny_2017,9,rf,nan,nan,nan,rf,nan,nan,f1_score,0.5,2026-05-26,2641520886
0.0,plants_ny_2017,9,rf,nan,nan,nan,rf,nan,nan,f1_score,0.5,2026-05-26,3044634517
0.0,plants_ny_2017,9,rf,nan,nan,nan,rf,nan,nan,f1_score,0.5,2026-05-26,3951699634
0.0,plants_ny_2017,9,rf,nan,nan,nan,rf,nan,nan,f1_score,0.5,2026-05-26,4872222583
0.0,plants_ny_2017,9,rf,nan,nan,nan,rf,nan,nan,f1_score,0.5,2026-05-26,2626123802
0.0,plants_ny_2017,9,rf,nan,nan,nan,rf,nan,nan,f1_score,0.5,2026-05-26,3957759481
0.0,plants_ny_2017,9,rf,nan,nan,nan,rf,nan,nan,f1_score,0.5,2026-05-26,3455227759
0.0,plants_ny_2017,9,rf,nan,nan,nan,rf,nan,nan,f1_score,0.5,2026-05-26,2013732777
0.0,plants_ny_2017,9,rf,nan,nan,nan,rf,nan,nan,f1_score,0.5,2026-05-26,2814040955
0.0,plants_ny_2017,9,rf,nan,nan,nan,rf,nan,nan,f1_score,0.5,2026-05-26,3881562333
0.0,plants_ny_2017,9,rf,nan,nan,nan,rf,nan,nan,f1_score,0.5,2026-05-26,4046577393
0.0,plants_ny_2017,9,rf,nan,nan,nan,rf,nan,nan,f1_score,0.5,2026-05-26,4420827343
0.0,plants_ny_2017,9,rf,nan,nan,nan,rf,nan,nan,f1_score,0.5,2026-05-26,1847412370
0.0,plants_ny_2017,9,rf,nan,nan,nan,rf,nan,nan,f1_score,0.5,2026-05-26,4076242631
0.0,plants_ny_2017,9,rf,nan,nan,nan,rf,nan,nan,f1_score,0.5,2026-05-26,3959288308
0.0,plants_ny_2017,9,rf,nan,nan,nan,rf,nan,nan,f1_score,0.5,2026-05-26,3960251206
0.0,plants_ny_2017,9,rf,nan,nan,nan,rf,nan,nan,f1_score,0.5,2026-05-26,4420914357
0.0,plants_ny_2017,9,rf,nan,nan,nan,rf,nan,nan,f1_score,0.5,2026-05-26,3966594058
0.0,plants_ny_2017,9,rf,nan,nan,nan,rf,nan,nan,f1_score,0.5,2026-05-26,3314230566
0.0,plants_ny_2017,9,rf,nan,nan,nan,rf,nan,nan,f1_score,0.5,2026-05-26,3954160107
0.0,plants_ny_2017,9,rf,nan,nan,nan,rf,nan,nan,f1_score,0.5,2026-05-26,2609137204
0.0,plants_ny_2017,9,rf,nan,nan,nan,rf,nan,nan,f1_score,0.5,2026-05-26,4528157436
0.0,plants_ny_2017,9,rf,nan,nan,nan,rf,nan,nan,f1_score,0.5,2026-05-26,3764533417
0.0,plants_ny_2017,9,rf,nan,nan,nan,rf,nan,nan,f1_score,0.5,2026-05-26,4436076465
0.0,plants_ny_2017,9,rf,nan,nan,nan,rf,nan,nan,f1_score,0.5,2026-05-26,3337736494
0.0,plants_ny_2017,9,rf,nan,nan,nan,rf,nan,nan,f1_score,0.5,2026-05-26,3949454189
0.0,plants_ny_2017,9,rf,nan,nan,nan,rf,nan,nan,f1_score,0.5,2026-05-26,3079801738
0.0,plants_ny_2017,9,rf,nan,nan,nan,rf,nan,nan,f1_score,0.5,2026-05-26,4510200490
0.0,plants_ny_2017,9,rf,nan,nan,nan,rf,nan,nan,f1_score,0.5,2026-05-26,4075660476
0.0,plants_ny_2017,9,rf,nan,nan,nan,rf,nan,nan,f1_score,0.5,2026-05-26,2868192397
0.0,plants_ny_2017,9,rf,nan,nan,nan,rf,nan,nan,f1_score,0.5,2026-05-26,3018085526
0.0,plants_ny_2017,9,rf,nan,nan,nan,rf,nan,nan,f1_score,0.5,2026-05-26,3785074333
0.0,plants_ny_2017,9,rf,nan,nan,nan,rf,nan,nan,f1_score,0.5,2026-05-26,4046514391
0.0,plants_ny_2017,9,rf,nan,nan,nan,rf,nan,nan,f1_score,0.5,2026-05-26,4921429336
0.0,plants_ny_2017,9,rf,nan,nan,nan,rf,nan,nan,f1_score,0.5,2026-05-26,3415660496
0.0,plants_ny_2017,9,rf,nan,nan,nan,rf,nan,nan,f1_score,0.5,2026-05-26,3415427507
0.0,plants_ny_2017,9,rf,nan,nan,nan,rf,nan,nan,f1_score,0.5,2026-05-26,3008425463
0.0,plants_ny_2017,9,rf,nan,nan,nan,rf,nan,nan,f1_score,0.5,2026-05-26,5086876650
0.0,plants_ny_2017,9,rf,nan,nan,nan,rf,nan,nan,f1_score,0.5,2026-05-26,2980808506
0.0,plants_ny_2017,9,rf,nan,nan,nan,rf,nan,nan,f1_score,0.5,2026-05-26,2860130748
0.0,plants_ny_2017,9,rf,nan,nan,nan,rf,nan,nan,f1_score,0.5,2026-05-26,4014892369
0.0,plants_ny_2017,9,rf,nan,nan,nan,rf,nan,nan,f1_score,0.5,2026-05-26,5231058323
0.0,plants_ny_2017,9,rf,nan,nan,nan,rf,nan,nan,f1_score,0.5,2026-05-26,2626294636
0.0,plants_ny_2017,9,rf,nan,nan,nan,rf,nan,nan,f1_score,0.5,2026-05-26,3014082027
0.0,plants_ny_2017,9,rf,nan,nan,nan,rf,nan,nan,f1_score,0.5,2026-05-26,3952596364
0.0,plants_ny_2017,9,rf,nan,nan,nan,rf,nan,nan,f1_score,0.5,2026-05-26,3712512348
0.0,plants_ny_2017,9,rf,nan,nan,nan,rf,nan,nan,f1_score,0.5,2026-05-26,3061623404
0.0,plants_ny_2017,9,rf,nan,nan,nan,rf,nan,nan,f1_score,0.5,2026-05-26,4528169424
0.0,plants_ny_2017,9,rf,nan,nan,nan,rf,nan,nan,f1_score,0.5,2026-05-26,3333070939
0.0,plants_ny_2017,9,rf,nan,nan,nan,rf,nan,nan,f1_score,0.5,2026-05-26,4950557614
0.0,plants_ny_2017,9,rf,nan,nan,nan,rf,nan,nan,f1_score,0.5,2026-05-26,2873912850
0.0,plants_ny_2017,9,rf,nan,nan,nan,rf,nan,nan,f1_score,0.5,2026-05-26,3117851029
0.0,plants_ny_2017,9,rf,nan,nan,nan,rf,nan,nan,f1_score,0.5,2026-05-26,2873955778
0.0,plants_ny_2017,9,rf,nan,nan,nan,rf,nan,nan,f1_score,0.5,2026-05-26,3079533130
0.0,plants_ny_2017,9,rf,nan,nan,nan,rf,nan,nan,f1_score,0.5,2026-05-26,2252044867
0.0,plants_ny_2017,9,rf,nan,nan,nan,rf,nan,nan,f1_score,0.5,2026-05-26,2873731714
0.0,plants_ny_2017,9,rf,nan,nan,nan,rf,nan,nan,f1_score,0.5,2026-05-26,3956603466
0.0,plants_ny_2017,9,rf,nan,nan,nan,rf,nan,nan,f1_score,0.5,2026-05-26,2901572505
0.0,plants_ny_2017,9,rf,nan,nan,nan,rf,nan,nan,f1_score,0.5,2026-05-26,3391394377
0.0,plants_ny_2017,9,rf,nan,nan,nan,rf,nan,nan,f1_score,0.5,2026-05-26,2873775491
0.0,plants_ny_2017,9,rf,nan,nan,nan,rf,nan,nan,f1_score,0.5,2026-05-26,2641392339
0.0,plants_ny_2017,9,rf,nan,nan,nan,rf,nan,nan,f1_score,0.5,2026-05-26,2856800484
0.0,plants_ny_2017,9,rf,nan,nan,nan,rf,nan,nan,f1_score,0.5,2026-05-26,2963952417
0.0,plants_ny_2017,9,rf,nan,nan,nan,rf,nan,nan,f1_score,0.5,2026-05-26,2873717827
0.0,plants_ny_2017,9,rf,nan,nan,nan,rf,nan,nan,f1_score,0.5,2026-05-26,5230931328
0.0,plants_ny_2017,9,rf,nan,nan,nan,rf,nan,nan,f1_score,0.5,2026-05-26,5062453921
0.0,plants_ny_2017,9,rf,nan,nan,nan,rf,nan,nan,f1_score,0.5,2026-05-26,4952346032
0.0,plants_ny_2017,9,rf,nan,nan,nan,rf,nan,nan,f1_score,0.5,2026-05-26,3953935990
0.0,plants_ny_2017,9,rf,nan,nan,nan,rf,nan,nan,f1_score,0.5,2026-05-26,2814058717
0.0,plants_ny_2017,9,rf,nan,nan,nan,rf,nan,nan,f1_score,0.5,2026-05-26,2862326007
0.0,plants_ny_2017,9,rf,nan,nan,nan,rf,nan,nan,f1_score,0.5,2026-05-26,4535774445
0.0,plants_ny_2017,9,rf,nan,nan,nan,rf,nan,nan,f1_score,0.5,2026-05-26,2596238191
0.0,plants_ny_2017,9,rf,nan,nan,nan,rf,nan,nan,f1_score,0.5,2026-05-26,3785026340
0.0,plants_ny_2017,9,rf,nan,nan,nan,rf,nan,nan,f1_score,0.5,2026-05-26,2252042327
0.0,plants_ny_2017,9,rf,nan,nan,nan,rf,nan,nan,f1_score,0.5,2026-05-26,2252044288
0.0,plants_ny_2017,9,rf,nan,nan,nan,rf,nan,nan,f1_score,0.5,2026-05-26,2641529211
0.0,plants_ny_2017,9,rf,nan,nan,nan,rf,nan,nan,f1_score,0.5,2026-05-26,2856846457
0.0,plants_ny_2017,9,rf,nan,nan,nan,rf,nan,nan,f1_score,0.5,2026-05-26,3455221280
0.0,plants_ny_2017,9,rf,nan,nan,nan,rf,nan,nan,f1_score,0.5,2026-05-26,2883164424
0.0,plants_ny_2017,9,rf,nan,nan,nan,rf,nan,nan,f1_score,0.5,2026-05-26,2641413278
0.0,plants_ny_2017,9,rf,nan,nan,nan,rf,nan,nan,f1_score,0.5,2026-05-26,2864865797
0.0,plants_ny_2017,9,rf,nan,nan,nan,rf,nan,nan,f1_score,0.5,2026-05-26,2873970909
0.0,plants_ny_2017,9,rf,nan,nan,nan,rf,nan,nan,f1_score,0.5,2026-05-26,2873903604
0.0,plants_ny_2017,9,rf,nan,nan,nan,rf,nan,nan,f1_score,0.5,2026-05-26,2873978641
0.0,plants_ny_2017,9,rf,nan,nan,nan,rf,nan,nan,f1_score,0.5,2026-05-26,2873780643
0.0,plants_ny_2017,9,rf,nan,nan,nan,rf,nan,nan,f1_score,0.5,2026-05-26,3044862036
0.0,plants_ny_2017,9,rf,nan,nan,nan,rf,nan,nan,f1_score,0.5,2026-05-26,2429558347
0.0,plants_ny_2017,9,rf,nan,nan,nan,rf,nan,nan,f1_score,0.5,2026-05-26,2873750737
0.0,plants_ny_2017,9,rf,nan,nan,nan,rf,nan,nan,f1_score,0.5,2026-05-26,2873896057
0.0,plants_ny_2017,9,rf,nan,nan,nan,rf,nan,nan,f1_score,0.5,2026-05-26,2634423128
0.0,plants_ny_2017,9,rf,nan,nan,nan,rf,nan,nan,f1_score,0.5,2026-05-26,2283173429
0.0,plants_ny_2017,9,rf,nan,nan,nan,rf,nan,nan,f1_score,0.5,2026-05-26,3955271575
0.0,plants_ny_2017,9,rf,nan,nan,nan,rf,nan,nan,f1_score,0.5,2026-05-26,3881779021
0.0,plants_ny_2017,9,rf,nan,nan,nan,rf,nan,nan,f1_score,0.5,2026-05-26,2641449396
0.0,plants_ny_2017,9,rf,nan,nan,nan,rf,nan,nan,f1_score,0.5,2026-05-26,5062478881
0.0,plants_ny_2017,9,rf,nan,nan,nan,rf,nan,nan,f1_score,0.5,2026-05-26,3415594611
0.0,plants_ny_2017,9,rf,nan,nan,nan,rf,nan,nan,f1_score,0.5,2026-05-26,4507766518
0.0,plants_ny_2017,9,rf,nan,nan,nan,rf,nan,nan,f1_score,0.5,2026-05-26,2859960665
0.0,plants_ny_2017,9,rf,nan,nan,nan,rf,nan,nan,f1_score,0.5,2026-05-26,3455202912
0.0,plants_ny_2017,9,rf,nan,nan,nan,rf,nan,nan,f1_score,0.5,2026-05-26,2862492531
0.0,plants_ny_2017,9,rf,nan,nan,nan,rf,nan,nan,f1_score,0.5,2026-05-26,4528135535
0.0,plants_ny_2017,9,rf,nan,nan,nan,rf,nan,nan,f1_score,0.5,2026-05-26,2826413627
0.0,plants_ny_2017,9,rf,nan,nan,nan,rf,nan,nan,f1_score,0.5,2026-05-26,5838304880
0.0,plants_ny_2017,9,rf,nan,nan,nan,rf,nan,nan,f1_score,0.5,2026-05-26,4950049010
0.0,plants_ny_2017,9,rf,nan,nan,nan,rf,nan,nan,f1_score,0.5,2026-05-26,3017997497
0.0,plants_ny_2017,9,rf,nan,nan,nan,rf,nan,nan,f1_score,0.5,2026-05-26,4424166351
0.0,plants_ny_2017,9,rf,nan,nan,nan,rf,nan,nan,f1_score,0.5,2026-05-26,5230829327
0.0,plants_ny_2017,9,rf,nan,nan,nan,rf,nan,nan,f1_score,0.5,2026-05-26,5076770424
0.0,plants_ny_2017,9,rf,nan,nan,nan,rf,nan,nan,f1_score,0.5,2026-05-26,2641528222
0.0,plants_ny_2017,9,rf,nan,nan,nan,rf,nan,nan,f1_score,0.5,2026-05-26,2818568503
0.0,plants_ny_2017,9,rf,nan,nan,nan,rf,nan,nan,f1_score,0.5,2026-05-26,3858226578
0.0,plants_ny_2017,9,rf,nan,nan,nan,rf,nan,nan,f1_score,0.5,2026-05-26,2883168515
0.0,plants_ny_2017,9,rf,nan,nan,nan,rf,nan,nan,f1_score,0.5,2026-05-26,2814052565
0.0,plants_ny_2017,9,rf,nan,nan,nan,rf,nan,nan,f1_score,0.5,2026-05-26,3333122901
0.0,plants_ny_2017,9,rf,nan,nan,nan,rf,nan,nan,f1_score,0.5,2026-05-26,2634377589
0.0,plants_ny_2017,9,rf,nan,nan,nan,rf,nan,nan,f1_score,0.5,2026-05-26,2873834807
0.0,plants_ny_2017,9,rf,nan,nan,nan,rf,nan,nan,f1_score,0.5,2026-05-26,3455402003
0.0,plants_ny_2017,9,rf,nan,nan,nan,rf,nan,nan,f1_score,0.5,2026-05-26,3008453546
0.0,plants_ny_2017,9,rf,nan,nan,nan,rf,nan,nan,f1_score,0.5,2026-05-26,2818834502
0.0,plants_ny_2017,9,rf,nan,nan,nan,rf,nan,nan,f1_score,0.5,2026-05-26,2901604538
0.0,plants_ny_2017,9,rf,nan,nan,nan,rf,nan,nan,f1_score,0.5,2026-05-26,2311400387
0.0,plants_ny_2017,9,rf,nan,nan,nan,rf,nan,nan,f1_score,0.5,2026-05-26,3759093478
0.0,plants_ny_2017,9,rf,nan,nan,nan,rf,nan,nan,f1_score,0.5,2026-05-26,3044760364
0.0,plants_ny_2017,9,rf,nan,nan,nan,rf,nan,nan,f1_score,0.5,2026-05-26,3097289701
0.0,plants_ny_2017,9,rf,nan,nan,nan,rf,nan,nan,f1_score,0.5,2026-05-26,1901045278
0.0,plants_ny_2017,9,rf,nan,nan,nan,rf,nan,nan,f1_score,0.5,2026-05-26,3952322518
0.0,plants_ny_2017,9,rf,nan,nan,nan,rf,nan,nan,f1_score,0.5,2026-05-26,4076242411
0.0,plants_ny_2017,9,rf,nan,nan,nan,rf,nan,nan,f1_score,0.5,2026-05-26,2980991461
0.0,plants_ny_2017,9,rf,nan,nan,nan,rf,nan,nan,f1_score,0.5,2026-05-26,3957501297
0.0,plants_ny_2017,9,rf,nan,nan,nan,rf,nan,nan,f1_score,0.5,2026-05-26,3415512010
0.0,plants_ny_2017,9,rf,nan,nan,nan,rf,nan,nan,f1_score,0.5,2026-05-26,2873904410
0.0,plants_ny_2017,9,rf,nan,nan,nan,rf,nan,nan,f1_score,0.5,2026-05-26,2883174383
0.0,plants_ny_2017,9,rf,nan,nan,nan,rf,nan,nan,f1_score,0.5,2026-05-26,4009738340
0.0,plants_ny_2017,9,rf,nan,nan,nan,rf,nan,nan,f1_score,0.5,2026-05-26,4528135390
0.0,plants_ny_2017,9,rf,nan,nan,nan,rf,nan,nan,f1_score,0.5,2026-05-26,3456320449
0.0,plants_ny_2017,9,rf,nan,nan,nan,rf,nan,nan,f1_score,0.5,2026-05-26,5838356649
0.0,plants_ny_2017,9,rf,nan,nan,nan,rf,nan,nan,f1_score,0.5,2026-05-26,2882955403
0.0,plants_ny_2017,9,rf,nan,nan,nan,rf,nan,nan,f1_score,0.5,2026-05-26,2873888833
0.0,plants_ny_2017,9,rf,nan,nan,nan,rf,nan,nan,f1_score,0.5,2026-05-26,4903941806
0.0,plants_ny_2017,9,rf,nan,nan,nan,rf,nan,nan,f1_score,0.5,2026-05-26,3058857526
0.0,plants_ny_2017,9,rf,nan,nan,nan,rf,nan,nan,f1_score,0.5,2026-05-26,2873937134
0.0,plants_ny_2017,9,rf,nan,nan,nan,rf,nan,nan,f1_score,0.5,2026-05-26,3059050363
0.0,plants_ny_2017,9,rf,nan,nan,nan,rf,nan,nan,f1_score,0.5,2026-05-26,1839208797
0.0,plants_ny_2017,9,rf,nan,nan,nan,rf,nan,nan,f1_score,0.5,2026-05-26,2873772824
0.0,plants_ny_2017,9,rf,nan,nan,nan,rf,nan,nan,f1_score,0.5,2026-05-26,4950057946
0.0,plants_ny_2017,9,rf,nan,nan,nan,rf,nan,nan,f1_score,0.5,2026-05-26,2429558103
0.0,plants_ny_2017,9,rf,nan,nan,nan,rf,nan,nan,f1_score,0.5,2026-05-26,2984441324
0.0,plants_ny_2017,9,rf,nan,nan,nan,rf,nan,nan,f1_score,0.5,2026-05-26,2856690495
0.0,plants_ny_2017,9,rf,nan,nan,nan,rf,nan,nan,f1_score,0.5,2026-05-26,5188141486
0.0,plants_ny_2017,9,rf,nan,nan,nan,rf,nan,nan,f1_score,0.5,2026-05-26,4171155343
0.0,plants_ny_2017,9,rf,nan,nan,nan,rf,nan,nan,f1_score,0.5,2026-05-26,2826366116
0.0,plants_ny_2017,9,rf,nan,nan,nan,rf,nan,nan,f1_score,0.5,2026-05-26,2984444467
0.0,plants_ny_2017,9,rf,nan,nan,nan,rf,nan,nan,f1_score,0.5,2026-05-26,2988411648
0.0,plants_ny_2017,9,rf,nan,nan,nan,rf,nan,nan,f1_score,0.5,2026-05-26,4528140431
0.0,plants_ny_2017,9,rf,nan,nan,nan,rf,nan,nan,f1_score,0.5,2026-05-26,1899791040
0.0,plants_ny_2017,9,rf,nan,nan,nan,rf,nan,nan,f1_score,0.5,2026-05-26,2898511518
0.0,plants_ny_2017,9,rf,nan,nan,nan,rf,nan,nan,f1_score,0.5,2026-05-26,2641500226
0.0,plants_ny_2017,9,rf,nan,nan,nan,rf,nan,nan,f1_score,0.5,2026-05-26,3985757489
0.0,plants_ny_2017,9,rf,nan,nan,nan,rf,nan,nan,f1_score,0.5,2026-05-26,2563454917
0.0,plants_ny_2017,9,rf,nan,nan,nan,rf,nan,nan,f1_score,0.5,2026-05-26,4600016345
0.0,plants_ny_2017,9,rf,nan,nan,nan,rf,nan,nan,f1_score,0.5,2026-05-26,2868092011
0.0,plants_ny_2017,9,rf,nan,nan,nan,rf,nan,nan,f1_score,0.5,2026-05-26,3415631881
0.0,plants_ny_2017,9,rf,nan,nan,nan,rf,nan,nan,f1_score,0.5,2026-05-26,2873912844
0.0,plants_ny_2017,9,rf,nan,nan,nan,rf,nan,nan,f1_score,0.5,2026-05-26,3416029157
0.0,plants_ny_2017,9,rf,nan,nan,nan,rf,nan,nan,f1_score,0.5,2026-05-26,2883073537
0.0,plants_ny_2017,9,rf,nan,nan,nan,rf,nan,nan,f1_score,0.5,2026-05-26,2856841476
0.0,plants_ny_2017,9,rf,nan,nan,nan,rf,nan,nan,f1_score,0.5,2026-05-26,3892401372
0.0,plants_ny_2017,9,rf,nan,nan,nan,rf,nan,nan,f1_score,0.5,2026-05-26,2873960673
0.0,plants_ny_2017,9,rf,nan,nan,nan,rf,nan,nan,f1_score,0.5,2026-05-26,4075609428
0.0,plants_ny_2017,9,rf,nan,nan,nan,rf,nan,nan,f1_score,0.5,2026-05-26,4950170246
0.0,plants_ny_2017,9,rf,nan,nan,nan,rf,nan,nan,f1_score,0.5,2026-05-26,3044606689
0.0,plants_ny_2017,9,rf,nan,nan,nan,rf,nan,nan,f1_score,0.5,2026-05-26,3985994785
0.0,plants_ny_2017,9,rf,nan,nan,nan,rf,nan,nan,f1_score,0.5,2026-05-26,2422941010
0.0,plants_ny_2017,9,rf,nan,nan,nan,rf,nan,nan,f1_score,0.5,2026-05-26,2873810805
0.0,plants_ny_2017,9,rf,nan,nan,nan,rf,nan,nan,f1_score,0.5,2026-05-26,5217319380
0.0,plants_ny_2017,9,rf,nan,nan,nan,rf,nan,nan,f1_score,0.5,2026-05-26,4438661407
0.0,plants_ny_2017,9,rf,nan,nan,nan,rf,nan,nan,f1_score,0.5,2026-05-26,2873895780
0.0,plants_ny_2017,9,rf,nan,nan,nan,rf,nan,nan,f1_score,0.5,2026-05-26,3466093477
0.0,plants_ny_2017,9,rf,nan,nan,nan,rf,nan,nan,f1_score,0.5,2026-05-26,3966527283
0.0,plants_ny_2017,9,rf,nan,nan,nan,rf,nan,nan,f1_score,0.5,2026-05-26,3455307615
0.0,plants_ny_2017,9,rf,nan,nan,nan,rf,nan,nan,f1_score,0.5,2026-05-26,3956541309
0.0,plants_ny_2017,9,rf,nan,nan,nan,rf,nan,nan,f1_score,0.5,2026-05-26,2868343059
0.0,plants_ny_2017,9,rf,nan,nan,nan,rf,nan,nan,f1_score,0.5,2026-05-26,3039390690
0.0,plants_ny_2017,9,rf,nan,nan,nan,rf,nan,nan,f1_score,0.5,2026-05-26,2818707638
0.0,plants_ny_2017,9,rf,nan,nan,nan,rf,nan,nan,f1_score,0.5,2026-05-26,2873906619
0.0,plants_ny_2017,9,rf,nan,nan,nan,rf,nan,nan,f1_score,0.5,2026-05-26,3957719057
0.0,plants_ny_2017,9,rf,nan,nan,nan,rf,nan,nan,f1_score,0.5,2026-05-26,2283174074
0.0,plants_ny_2017,9,rf,nan,nan,nan,rf,nan,nan,f1_score,0.5,2026-05-26,4028601407
0.0,plants_ny_2017,9,rf,nan,nan,nan,rf,nan,nan,f1_score,0.5,2026-05-26,3902137812
0.0,plants_ny_2017,9,rf,nan,nan,nan,rf,nan,nan,f1_score,0.5,2026-05-26,4162026339
0.0,plants_ny_2017,9,rf,nan,nan,nan,rf,nan,nan,f1_score,0.5,2026-05-26,2873880124
0.0,plants_ny_2017,9,rf,nan,nan,nan,rf,nan,nan,f1_score,0.5,2026-05-26,4516623424
0.0,plants_ny_2017,9,rf,nan,nan,nan,rf,nan,nan,f1_score,0.5,2026-05-26,2823343523
0.0,plants_ny_2017,9,rf,nan,nan,nan,rf,nan,nan,f1_score,0.5,2026-05-26,4952784407
0.0,plants_ny_2017,9,rf,nan,nan,nan,rf,nan,nan,f1_score,0.5,2026-05-26,5076767459
0.0,plants_ny_2017,9,rf,nan,nan,nan,rf,nan,nan,f1_score,0.5,2026-05-26,2619976955
0.0,plants_ny_2017,9,rf,nan,nan,nan,rf,nan,nan,f1_score,0.5,2026-05-26,4901966468
0.0,plants_ny_2017,9,rf,nan,nan,nan,rf,nan,nan,f1_score,0.5,2026-05-26,3407985452
0.0,plants_ny_2017,9,rf,nan,nan,nan,rf,nan,nan,f1_score,0.5,2026-05-26,2898475521
0.0,plants_ny_2017,9,rf,nan,nan,nan,rf,nan,nan,f1_score,0.5,2026-05-26,3747029372
0.0,plants_ny_2017,9,rf,nan,nan,nan,rf,nan,nan,f1_score,0.5,2026-05-26,3947649391
0.0,plants_ny_2017,9,rf,nan,nan,nan,rf,nan,nan,f1_score,0.5,2026-05-26,2873787549
0.0,plants_ny_2017,9,rf,nan,nan,nan,rf,nan,nan,f1_score,0.5,2026-05-26,3325559441
0.0,plants_ny_2017,9,rf,nan,nan,nan,rf,nan,nan,f1_score,0.5,2026-05-26,3355007736
0.0,plants_ny_2017,9,rf,nan,nan,nan,rf,nan,nan,f1_score,0.5,2026-05-26,3399416104
0.0,plants_ny_2017,9,rf,nan,nan,nan,rf,nan,nan,f1_score,0.5,2026-05-26,2641400054
0.0,plants_ny_2017,9,rf,nan,nan,nan,rf,nan,nan,f1_score,0.5,2026-05-26,3455396122
0.0,plants_ny_2017,9,rf,nan,nan,nan,rf,nan,nan,f1_score,0.5,2026-05-26,3954454605
0.0,plants_ny_2017,9,rf,nan,nan,nan,rf,nan,nan,f1_score,0.5,2026-05-26,2802779389
0.0,plants_ny_2017,9,rf,nan,nan,nan,rf,nan,nan,f1_score,0.5,2026-05-26,3959396692
0.0,plants_ny_2017,9,rf,nan,nan,nan,rf,nan,nan,f1_score,0.5,2026-05-26,3355818039
0.0,plants_ny_2017,9,rf,nan,nan,nan,rf,nan,nan,f1_score,0.5,2026-05-26,3335416365
0.0,plants_ny_2017,9,rf,nan,nan,nan,rf,nan,nan,f1_score,0.5,2026-05-26,5837795318
0.0,plants_ny_2017,9,rf,nan,nan,nan,rf,nan,nan,f1_score,0.5,2026-05-26,2883092752
0.0,plants_ny_2017,9,rf,nan,nan,nan,rf,nan,nan,f1_score,0.5,2026-05-26,2873759803
0.0,plants_ny_2017,9,rf,nan,nan,nan,rf,nan,nan,f1_score,0.5,2026-05-26,3949158036
0.0,plants_ny_2017,9,rf,nan,nan,nan,rf,nan,nan,f1_score,0.5,2026-05-26,3958291168
0.0,plants_ny_2017,9,rf,nan,nan,nan,rf,nan,nan,f1_score,0.5,2026-05-26,3872911523
0.0,plants_ny_2017,9,rf,nan,nan,nan,rf,nan,nan,f1_score,0.5,2026-05-26,2963809477
0.0,plants_ny_2017,9,rf,nan,nan,nan,rf,nan,nan,f1_score,0.5,2026-05-26,3902076498
0.0,plants_ny_2017,9,rf,nan,nan,nan,rf,nan,nan,f1_score,0.5,2026-05-26,4076241748
0.0,plants_ny_2017,9,rf,nan,nan,nan,rf,nan,nan,f1_score,0.5,2026-05-26,5076743420
0.0,plants_ny_2017,9,rf,nan,nan,nan,rf,nan,nan,f1_score,0.5,2026-05-26,4075733525
0.0,plants_ny_2017,9,rf,nan,nan,nan,rf,nan,nan,f1_score,0.5,2026-05-26,2873867830
0.0,plants_ny_2017,9,rf,nan,nan,nan,rf,nan,nan,f1_score,0.5,2026-05-26,2901594646
0.0,plants_ny_2017,9,rf,nan,nan,nan,rf,nan,nan,f1_score,0.5,2026-05-26,2873937744
0.0,plants_ny_2017,9,rf,nan,nan,nan,rf,nan,nan,f1_score,0.5,2026-05-26,2611348439
0.0,plants_ny_2017,9,rf,nan,nan,nan,rf,nan,nan,f1_score,0.5,2026-05-26,2873835814
0.0,plants_ny_2017,9,rf,nan,nan,nan,rf,nan,nan,f1_score,0.5,2026-05-26,4009795353
0.0,plants_ny_2017,9,rf,nan,nan,nan,rf,nan,nan,f1_score,0.5,2026-05-26,3384237108
0.0,plants_ny_2017,9,rf,nan,nan,nan,rf,nan,nan,f1_score,0.5,2026-05-26,3399123093
0.0,plants_ny_2017,9,rf,nan,nan,nan,rf,nan,nan,f1_score,0.5,2026-05-26,4901798226
0.0,plants_ny_2017,9,rf,nan,nan,nan,rf,nan,nan,f1_score,0.5,2026-05-26,4506244337
0.0,plants_ny_2017,9,rf,nan,nan,nan,rf,nan,nan,f1_score,0.5,2026-05-26,2859934580
0.0,plants_ny_2017,9,rf,nan,nan,nan,rf,nan,nan,f1_score,0.5,2026-05-26,2283175485
0.0,plants_ny_2017,9,rf,nan,nan,nan,rf,nan,nan,f1_score,0.5,2026-05-26,3956600857
0.0,plants_ny_2017,9,rf,nan,nan,nan,rf,nan,nan,f1_score,0.5,2026-05-26,5109386588
0.0,plants_ny_2017,9,rf,nan,nan,nan,rf,nan,nan,f1_score,0.5,2026-05-26,3743262342
0.0,plants_ny_2017,9,rf,nan,nan,nan,rf,nan,nan,f1_score,0.5,2026-05-26,2813968364
0.0,plants_ny_2017,9,rf,nan,nan,nan,rf,nan,nan,f1_score,0.5,2026-05-26,3759101466
0.0,plants_ny_2017,9,rf,nan,nan,nan,rf,nan,nan,f1_score,0.5,2026-05-26,5837934263
0.0,plants_ny_2017,9,rf,nan,nan,nan,rf,nan,nan,f1_score,0.5,2026-05-26,3355338024
0.0,plants_ny_2017,9,rf,nan,nan,nan,rf,nan,nan,f1_score,0.5,2026-05-26,3058917559
0.0,plants_ny_2017,9,rf,nan,nan,nan,rf,nan,nan,f1_score,0.5,2026-05-26,2873809806
0.0,plants_ny_2017,9,rf,nan,nan,nan,rf,nan,nan,f1_score,0.5,2026-05-26,2873792808
0.0,plants_ny_2017,9,rf,nan,nan,nan,rf,nan,nan,f1_score,0.5,2026-05-26,3008467473
0.0,plants_ny_2017,9,rf,nan,nan,nan,rf,nan,nan,f1_score,0.5,2026-05-26,2873882670
0.0,plants_ny_2017,9,rf,nan,nan,nan,rf,nan,nan,f1_score,0.5,2026-05-26,2873870682
0.0,plants_ny_2017,9,rf,nan,nan,nan,rf,nan,nan,f1_score,0.5,2026-05-26,2366090011
0.0,plants_ny_2017,9,rf,nan,nan,nan,rf,nan,nan,f1_score,0.5,2026-05-26,2883148492
0.0,plants_ny_2017,9,rf,nan,nan,nan,rf,nan,nan,f1_score,0.5,2026-05-26,3307433634
0.0,plants_ny_2017,9,rf,nan,nan,nan,rf,nan,nan,f1_score,0.5,2026-05-26,3961028348
0.0,plants_ny_2017,9,rf,nan,nan,nan,rf,nan,nan,f1_score,0.5,2026-05-26,2873715801
0.0,plants_ny_2017,9,rf,nan,nan,nan,rf,nan,nan,f1_score,0.5,2026-05-26,3415419508
0.0,plants_ny_2017,9,rf,nan,nan,nan,rf,nan,nan,f1_score,0.5,2026-05-26,3743130375
0.0,plants_ny_2017,9,rf,nan,nan,nan,rf,nan,nan,f1_score,0.5,2026-05-26,2873756048
0.0,plants_ny_2017,9,rf,nan,nan,nan,rf,nan,nan,f1_score,0.5,2026-05-26,2873875567
0.0,plants_ny_2017,9,rf,nan,nan,nan,rf,nan,nan,f1_score,0.5,2026-05-26,3915462373
0.0,plants_ny_2017,9,rf,nan,nan,nan,rf,nan,nan,f1_score,0.5,2026-05-26,2873949019
0.0,plants_ny_2017,9,rf,nan,nan,nan,rf,nan,nan,f1_score,0.5,2026-05-26,3712543353
0.0,plants_ny_2017,9,rf,nan,nan,nan,rf,nan,nan,f1_score,0.5,2026-05-26,2873760785
0.0,plants_ny_2017,9,rf,nan,nan,nan,rf,nan,nan,f1_score,0.5,2026-05-26,3398646110
0.0,plants_ny_2017,9,rf,nan,nan,nan,rf,nan,nan,f1_score,0.5,2026-05-26,3953949917
0.0,plants_ny_2017,9,rf,nan,nan,nan,rf,nan,nan,f1_score,0.5,2026-05-26,3881573703
0.0,plants_ny_2017,9,rf,nan,nan,nan,rf,nan,nan,f1_score,0.5,2026-05-26,3391686851
0.0,plants_ny_2017,9,rf,nan,nan,nan,rf,nan,nan,f1_score,0.5,2026-05-26,2429301395
0.0,plants_ny_2017,9,rf,nan,nan,nan,rf,nan,nan,f1_score,0.5,2026-05-26,2860143686
0.0,plants_ny_2017,9,rf,nan,nan,nan,rf,nan,nan,f1_score,0.5,2026-05-26,4028825397
0.0,plants_ny_2017,9,rf,nan,nan,nan,rf,nan,nan,f1_score,0.5,2026-05-26,3966548716
0.0,plants_ny_2017,9,rf,nan,nan,nan,rf,nan,nan,f1_score,0.5,2026-05-26,2873811038
0.0,plants_ny_2017,9,rf,nan,nan,nan,rf,nan,nan,f1_score,0.5,2026-05-26,3859031596
0.0,plants_ny_2017,9,rf,nan,nan,nan,rf,nan,nan,f1_score,0.5,2026-05-26,2814243950
0.0,plants_ny_2017,9,rf,nan,nan,nan,rf,nan,nan,f1_score,0.5,2026-05-26,3384385635
0.0,plants_ny_2017,9,rf,nan,nan,nan,rf,nan,nan,f1_score,0.5,2026-05-26,2873794888
0.0,plants_ny_2017,9,rf,nan,nan,nan,rf,nan,nan,f1_score,0.5,2026-05-26,3912090462
0.0,plants_ny_2017,9,rf,nan,nan,nan,rf,nan,nan,f1_score,0.5,2026-05-26,3966415700
0.0,plants_ny_2017,9,rf,nan,nan,nan,rf,nan,nan,f1_score,0.5,2026-05-26,4153542375
0.0,plants_ny_2017,9,rf,nan,nan,nan,rf,nan,nan,f1_score,0.5,2026-05-26,3455803428
0.0,plants_ny_2017,9,rf,nan,nan,nan,rf,nan,nan,f1_score,0.5,2026-05-26,3343816487
0.0,plants_ny_2017,9,rf,nan,nan,nan,rf,nan,nan,f1_score,0.5,2026-05-26,3859558157
0.0,plants_ny_2017,9,rf,nan,nan,nan,rf,nan,nan,f1_score,0.5,2026-05-26,2873762750
0.0,plants_ny_2017,9,rf,nan,nan,nan,rf,nan,nan,f1_score,0.5,2026-05-26,5076752710
0.0,plants_ny_2017,9,rf,nan,nan,nan,rf,nan,nan,f1_score,0.5,2026-05-26,3923227489
0.0,plants_ny_2017,9,rf,nan,nan,nan,rf,nan,nan,f1_score,0.5,2026-05-26,2873891724
0.0,plants_ny_2017,9,rf,nan,nan,nan,rf,nan,nan,f1_score,0.5,2026-05-26,2873845691
0.0,plants_ny_2017,9,rf,nan,nan,nan,rf,nan,nan,f1_score,0.5,2026-05-26,2873976634
0.0,plants_ny_2017,9,rf,nan,nan,nan,rf,nan,nan,f1_score,0.5,2026-05-26,3957953670
0.0,plants_ny_2017,9,rf,nan,nan,nan,rf,nan,nan,f1_score,0.5,2026-05-26,2873843942
0.0,plants_ny_2017,9,rf,nan,nan,nan,rf,nan,nan,f1_score,0.5,2026-05-26,2873972787
0.0,plants_ny_2017,9,rf,nan,nan,nan,rf,nan,nan,f1_score,0.5,2026-05-26,2873845583
0.0,plants_ny_2017,9,rf,nan,nan,nan,rf,nan,nan,f1_score,0.5,2026-05-26,4028790446
0.0,plants_ny_2017,9,rf,nan,nan,nan,rf,nan,nan,f1_score,0.5,2026-05-26,2814197738
0.0,plants_ny_2017,9,rf,nan,nan,nan,rf,nan,nan,f1_score,0.5,2026-05-26,2859938104
0.0,plants_ny_2017,9,rf,nan,nan,nan,rf,nan,nan,f1_score,0.5,2026-05-26,2873869765
0.0,plants_ny_2017,9,rf,nan,nan,nan,rf,nan,nan,f1_score,0.5,2026-05-26,4465400553
0.0,plants_ny_2017,9,rf,nan,nan,nan,rf,nan,nan,f1_score,0.5,2026-05-26,2873731800
0.0,plants_ny_2017,9,rf,nan,nan,nan,rf,nan,nan,f1_score,0.5,2026-05-26,2868348443
0.0,plants_ny_2017,9,rf,nan,nan,nan,rf,nan,nan,f1_score,0.5,2026-05-26,2873847890
0.0,plants_ny_2017,9,rf,nan,nan,nan,rf,nan,nan,f1_score,0.5,2026-05-26,2873882740
0.0,plants_ny_2017,9,rf,nan,nan,nan,rf,nan,nan,f1_score,0.5,2026-05-26,3335449593
0.0,plants_ny_2017,9,rf,nan,nan,nan,rf,nan,nan,f1_score,0.5,2026-05-26,3956272855
0.0,plants_ny_2017,9,rf,nan,nan,nan,rf,nan,nan,f1_score,0.5,2026-05-26,2818771968
0.0,plants_ny_2017,9,rf,nan,nan,nan,rf,nan,nan,f1_score,0.5,2026-05-26,3044782658
0.0,plants_ny_2017,9,rf,nan,nan,nan,rf,nan,nan,f1_score,0.5,2026-05-26,2883073382
0.0,plants_ny_2017,9,rf,nan,nan,nan,rf,nan,nan,f1_score,0.5,2026-05-26,5839982274
0.0,plants_ny_2017,9,rf,nan,nan,nan,rf,nan,nan,f1_score,0.5,2026-05-26,3018000539
0.0,plants_ny_2017,9,rf,nan,nan,nan,rf,nan,nan,f1_score,0.5,2026-05-26,2898530717
0.0,plants_ny_2017,9,rf,nan,nan,nan,rf,nan,nan,f1_score,0.5,2026-05-26,2813897385
0.0,plants_ny_2017,9,rf,nan,nan,nan,rf,nan,nan,f1_score,0.5,2026-05-26,2868368029
0.0,plants_ny_2017,9,rf,nan,nan,nan,rf,nan,nan,f1_score,0.5,2026-05-26,2984459507
0.0,plants_ny_2017,9,rf,nan,nan,nan,rf,nan,nan,f1_score,0.5,2026-05-26,3958764137
0.0,plants_ny_2017,9,rf,nan,nan,nan,rf,nan,nan,f1_score,0.5,2026-05-26,2873938718
0.0,plants_ny_2017,9,rf,nan,nan,nan,rf,nan,nan,f1_score,0.5,2026-05-26,2252020120
0.0,plants_ny_2017,9,rf,nan,nan,nan,rf,nan,nan,f1_score,0.5,2026-05-26,3873186026
0.0,plants_ny_2017,9,rf,nan,nan,nan,rf,nan,nan,f1_score,0.5,2026-05-26,5076744480
0.0,plants_ny_2017,9,rf,nan,nan,nan,rf,nan,nan,f1_score,0.5,2026-05-26,3307475742
0.0,plants_ny_2017,9,rf,nan,nan,nan,rf,nan,nan,f1_score,0.5,2026-05-26,2873897538
0.0,plants_ny_2017,9,rf,nan,nan,nan,rf,nan,nan,f1_score,0.5,2026-05-26,2873833773
0.0,plants_ny_2017,9,rf,nan,nan,nan,rf,nan,nan,f1_score,0.5,2026-05-26,3966601798
0.0,plants_ny_2017,9,rf,nan,nan,nan,rf,nan,nan,f1_score,0.5,2026-05-26,3998172797
0.0,plants_ny_2017,9,rf,nan,nan,nan,rf,nan,nan,f1_score,0.5,2026-05-26,2873953623
0.0,plants_ny_2017,9,rf,nan,nan,nan,rf,nan,nan,f1_score,0.5,2026-05-26,3998788236
0.0,plants_ny_2017,9,rf,nan,nan,nan,rf,nan,nan,f1_score,0.5,2026-05-26,3399148102
0.0,plants_ny_2017,9,rf,nan,nan,nan,rf,nan,nan,f1_score,0.5,2026-05-26,3465934438
0.0,plants_ny_2017,9,rf,nan,nan,nan,rf,nan,nan,f1_score,0.5,2026-05-26,2641601513
0.0,plants_ny_2017,9,rf,nan,nan,nan,rf,nan,nan,f1_score,0.5,2026-05-26,3872943178
0.0,plants_ny_2017,9,rf,nan,nan,nan,rf,nan,nan,f1_score,0.5,2026-05-26,1880482025
0.0,plants_ny_2017,9,rf,nan,nan,nan,rf,nan,nan,f1_score,0.5,2026-05-26,3911975702
0.0,plants_ny_2017,9,rf,nan,nan,nan,rf,nan,nan,f1_score,0.5,2026-05-26,3952568196
0.0,plants_ny_2017,9,rf,nan,nan,nan,rf,nan,nan,f1_score,0.5,2026-05-26,4500474469
0.0,plants_ny_2017,9,rf,nan,nan,nan,rf,nan,nan,f1_score,0.5,2026-05-26,2294441114
0.0,plants_ny_2017,9,rf,nan,nan,nan,rf,nan,nan,f1_score,0.5,2026-05-26,3314209149
0.0,plants_ny_2017,9,rf,nan,nan,nan,rf,nan,nan,f1_score,0.5,2026-05-26,3954712302
0.0,plants_ny_2017,9,rf,nan,nan,nan,rf,nan,nan,f1_score,0.5,2026-05-26,2456498176
0.0,plants_ny_2017,9,rf,nan,nan,nan,rf,nan,nan,f1_score,0.5,2026-05-26,5215697344
0.0,plants_ny_2017,9,rf,nan,nan,nan,rf,nan,nan,f1_score,0.5,2026-05-26,1890049891
0.0,plants_ny_2017,9,rf,nan,nan,nan,rf,nan,nan,f1_score,0.5,2026-05-26,4028706673
0.0,plants_ny_2017,9,rf,nan,nan,nan,rf,nan,nan,f1_score,0.5,2026-05-26,2444994804
0.0,plants_ny_2017,9,rf,nan,nan,nan,rf,nan,nan,f1_score,0.5,2026-05-26,2823067983
0.0,plants_ny_2017,9,rf,nan,nan,nan,rf,nan,nan,f1_score,0.5,2026-05-26,3860071832
0.0,plants_ny_2017,9,rf,nan,nan,nan,rf,nan,nan,f1_score,0.5,2026-05-26,5206075815
0.0,plants_ny_2017,9,rf,nan,nan,nan,rf,nan,nan,f1_score,0.5,2026-05-26,2273244668
0.0,plants_ny_2017,9,rf,nan,nan,nan,rf,nan,nan,f1_score,0.5,2026-05-26,3301858339
0.0,plants_ny_2017,9,rf,nan,nan,nan,rf,nan,nan,f1_score,0.5,2026-05-26,3985777907
0.0,plants_ny_2017,9,rf,nan,nan,nan,rf,nan,nan,f1_score,0.5,2026-05-26,3455890112
0.0,plants_ny_2017,9,rf,nan,nan,nan,rf,nan,nan,f1_score,0.5,2026-05-26,3858296720
0.0,plants_ny_2017,9,rf,nan,nan,nan,rf,nan,nan,f1_score,0.5,2026-05-26,3998454397
0.0,plants_ny_2017,9,rf,nan,nan,nan,rf,nan,nan,f1_score,0.5,2026-05-26,2999158449
0.0,plants_ny_2017,9,rf,nan,nan,nan,rf,nan,nan,f1_score,0.5,2026-05-26,5892635607
0.0,plants_ny_2017,9,rf,nan,nan,nan,rf,nan,nan,f1_score,0.5,2026-05-26,2850746452
0.0,plants_ny_2017,9,rf,nan,nan,nan,rf,nan,nan,f1_score,0.5,2026-05-26,3952152577
0.0,plants_ny_2017,9,rf,nan,nan,nan,rf,nan,nan,f1_score,0.5,2026-05-26,3953473597
0.0,plants_ny_2017,9,rf,nan,nan,nan,rf,nan,nan,f1_score,0.5,2026-05-26,5206026775
0.0,plants_ny_2017,9,rf,nan,nan,nan,rf,nan,nan,f1_score,0.5,2026-05-26,3957891115
0.0,plants_ny_2017,9,rf,nan,nan,nan,rf,nan,nan,f1_score,0.5,2026-05-26,5216051971
0.0,plants_ny_2017,9,rf,nan,nan,nan,rf,nan,nan,f1_score,0.5,2026-05-26,4936228572
0.0,plants_ny_2017,9,rf,nan,nan,nan,rf,nan,nan,f1_score,0.5,2026-05-26,3112297420
0.0,plants_ny_2017,9,rf,nan,nan,nan,rf,nan,nan,f1_score,0.5,2026-05-26,4516179956
0.0,plants_ny_2017,9,rf,nan,nan,nan,rf,nan,nan,f1_score,0.5,2026-05-26,2984494333
0.0,plants_ny_2017,9,rf,nan,nan,nan,rf,nan,nan,f1_score,0.5,2026-05-26,3337447543
0.0,plants_ny_2017,9,rf,nan,nan,nan,rf,nan,nan,f1_score,0.5,2026-05-26,2850983915
0.0,plants_ny_2017,9,rf,nan,nan,nan,rf,nan,nan,f1_score,0.5,2026-05-26,2882951424
0.0,plants_ny_2017,9,rf,nan,nan,nan,rf,nan,nan,f1_score,0.5,2026-05-26,2283207094
0.0,plants_ny_2017,9,rf,nan,nan,nan,rf,nan,nan,f1_score,0.5,2026-05-26,2802876778
0.0,plants_ny_2017,9,rf,nan,nan,nan,rf,nan,nan,f1_score,0.5,2026-05-26,3955199636
0.0,plants_ny_2017,9,rf,nan,nan,nan,rf,nan,nan,f1_score,0.5,2026-05-26,4510033423
0.0,plants_ny_2017,9,rf,nan,nan,nan,rf,nan,nan,f1_score,0.5,2026-05-26,3966630586
0.0,plants_ny_2017,9,rf,nan,nan,nan,rf,nan,nan,f1_score,0.5,2026-05-26,2251949593
0.0,plants_ny_2017,9,rf,nan,nan,nan,rf,nan,nan,f1_score,0.5,2026-05-26,3385021659
0.0,plants_ny_2017,9,rf,nan,nan,nan,rf,nan,nan,f1_score,0.5,2026-05-26,2850560889
0.0,plants_ny_2017,9,rf,nan,nan,nan,rf,nan,nan,f1_score,0.5,2026-05-26,5076755461
0.0,plants_ny_2017,9,rf,nan,nan,nan,rf,nan,nan,f1_score,0.5,2026-05-26,4903951998
0.0,plants_ny_2017,9,rf,nan,nan,nan,rf,nan,nan,f1_score,0.5,2026-05-26,3956261895
0.0,plants_ny_2017,9,rf,nan,nan,nan,rf,nan,nan,f1_score,0.5,2026-05-26,3384960648
0.0,plants_ny_2017,9,rf,nan,nan,nan,rf,nan,nan,f1_score,0.5,2026-05-26,2294629980
0.0,plants_ny_2017,9,rf,nan,nan,nan,rf,nan,nan,f1_score,0.5,2026-05-26,1880481959
0.0,plants_ny_2017,9,rf,nan,nan,nan,rf,nan,nan,f1_score,0.5,2026-05-26,2397474932
0.0,plants_ny_2017,9,rf,nan,nan,nan,rf,nan,nan,f1_score,0.5,2026-05-26,5206085818
0.0,plants_ny_2017,9,rf,nan,nan,nan,rf,nan,nan,f1_score,0.5,2026-05-26,3889099463
0.0,plants_ny_2017,9,rf,nan,nan,nan,rf,nan,nan,f1_score,0.5,2026-05-26,2873946458
0.0,plants_ny_2017,9,rf,nan,nan,nan,rf,nan,nan,f1_score,0.5,2026-05-26,2294456289
0.0,plants_ny_2017,9,rf,nan,nan,nan,rf,nan,nan,f1_score,0.5,2026-05-26,3988506053
0.0,plants_ny_2017,9,rf,nan,nan,nan,rf,nan,nan,f1_score,0.5,2026-05-26,3988438946
0.0,plants_ny_2017,9,rf,nan,nan,nan,rf,nan,nan,f1_score,0.5,2026-05-26,5109340255
0.0,plants_ny_2017,9,rf,nan,nan,nan,rf,nan,nan,f1_score,0.5,2026-05-26,3954086564
0.0,plants_ny_2017,9,rf,nan,nan,nan,rf,nan,nan,f1_score,0.5,2026-05-26,3391663538
0.0,plants_ny_2017,9,rf,nan,nan,nan,rf,nan,nan,f1_score,0.5,2026-05-26,4028603490
0.0,plants_ny_2017,9,rf,nan,nan,nan,rf,nan,nan,f1_score,0.5,2026-05-26,3985639602
0.0,plants_ny_2017,9,rf,nan,nan,nan,rf,nan,nan,f1_score,0.5,2026-05-26,2850624878
0.0,plants_ny_2017,9,rf,nan,nan,nan,rf,nan,nan,f1_score,0.5,2026-05-26,2963886378
0.0,plants_ny_2017,9,rf,nan,nan,nan,rf,nan,nan,f1_score,0.5,2026-05-26,5206794811
0.0,plants_ny_2017,9,rf,nan,nan,nan,rf,nan,nan,f1_score,0.5,2026-05-26,2647923286
0.0,plants_ny_2017,9,rf,nan,nan,nan,rf,nan,nan,f1_score,0.5,2026-05-26,3956820746
0.0,plants_ny_2017,9,rf,nan,nan,nan,rf,nan,nan,f1_score,0.5,2026-05-26,2529254352
0.0,plants_ny_2017,9,rf,nan,nan,nan,rf,nan,nan,f1_score,0.5,2026-05-26,3952465051
0.0,plants_ny_2017,9,rf,nan,nan,nan,rf,nan,nan,f1_score,0.5,2026-05-26,4133840322
0.0,plants_ny_2017,9,rf,nan,nan,nan,rf,nan,nan,f1_score,0.5,2026-05-26,2273243269
0.0,plants_ny_2017,9,rf,nan,nan,nan,rf,nan,nan,f1_score,0.5,2026-05-26,3889235430
0.0,plants_ny_2017,9,rf,nan,nan,nan,rf,nan,nan,f1_score,0.5,2026-05-26,5167264005
0.0,plants_ny_2017,9,rf,nan,nan,nan,rf,nan,nan,f1_score,0.5,2026-05-26,3999143460
0.0,plants_ny_2017,9,rf,nan,nan,nan,rf,nan,nan,f1_score,0.5,2026-05-26,3999024284
0.0,plants_ny_2017,9,rf,nan,nan,nan,rf,nan,nan,f1_score,0.5,2026-05-26,2826476178
0.0,plants_ny_2017,9,rf,nan,nan,nan,rf,nan,nan,f1_score,0.5,2026-05-26,3988450012
0.0,plants_ny_2017,9,rf,nan,nan,nan,rf,nan,nan,f1_score,0.5,2026-05-26,1703220701
0.0,plants_ny_2017,9,rf,nan,nan,nan,rf,nan,nan,f1_score,0.5,2026-05-26,3858191712
0.0,plants_ny_2017,9,rf,nan,nan,nan,rf,nan,nan,f1_score,0.5,2026-05-26,2331906609
0.0,plants_ny_2017,9,rf,nan,nan,nan,rf,nan,nan,f1_score,0.5,2026-05-26,3966541924
0.0,plants_ny_2017,9,rf,nan,nan,nan,rf,nan,nan,f1_score,0.5,2026-05-26,2331905771
0.0,plants_ny_2017,9,rf,nan,nan,nan,rf,nan,nan,f1_score,0.5,2026-05-26,3455710938
0.0,plants_ny_2017,9,rf,nan,nan,nan,rf,nan,nan,f1_score,0.5,2026-05-26,3858260700
0.0,plants_ny_2017,9,rf,nan,nan,nan,rf,nan,nan,f1_score,0.5,2026-05-26,2850982420
0.0,plants_ny_2017,9,rf,nan,nan,nan,rf,nan,nan,f1_score,0.5,2026-05-26,2826322182
0.0,plants_ny_2017,9,rf,nan,nan,nan,rf,nan,nan,f1_score,0.5,2026-05-26,2252006040
0.0,plants_ny_2017,9,rf,nan,nan,nan,rf,nan,nan,f1_score,0.5,2026-05-26,5838183340
0.0,plants_ny_2017,9,rf,nan,nan,nan,rf,nan,nan,f1_score,0.5,2026-05-26,4903806318
0.0,plants_ny_2017,9,rf,nan,nan,nan,rf,nan,nan,f1_score,0.5,2026-05-26,3952758312
0.0,plants_ny_2017,9,rf,nan,nan,nan,rf,nan,nan,f1_score,0.5,2026-05-26,5062519715
0.0,plants_ny_2017,9,rf,nan,nan,nan,rf,nan,nan,f1_score,0.5,2026-05-26,5076743645
0.0,plants_ny_2017,9,rf,nan,nan,nan,rf,nan,nan,f1_score,0.5,2026-05-26,1847571653
0.0,plants_ny_2017,9,rf,nan,nan,nan,rf,nan,nan,f1_score,0.5,2026-05-26,2331902062
0.0,plants_ny_2017,9,rf,nan,nan,nan,rf,nan,nan,f1_score,0.5,2026-05-26,2626507487
0.0,plants_ny_2017,9,rf,nan,nan,nan,rf,nan,nan,f1_score,0.5,2026-05-26,3307490919
0.0,plants_ny_2017,9,rf,nan,nan,nan,rf,nan,nan,f1_score,0.5,2026-05-26,1702455111
0.0,plants_ny_2017,9,rf,nan,nan,nan,rf,nan,nan,f1_score,0.5,2026-05-26,3330509516
0.0,plants_ny_2017,9,rf,nan,nan,nan,rf,nan,nan,f1_score,0.5,2026-05-26,2851267221
0.0,plants_ny_2017,9,rf,nan,nan,nan,rf,nan,nan,f1_score,0.5,2026-05-26,3955062664
0.0,plants_ny_2017,9,rf,nan,nan,nan,rf,nan,nan,f1_score,0.5,2026-05-26,3959103623
0.0,plants_ny_2017,9,rf,nan,nan,nan,rf,nan,nan,f1_score,0.5,2026-05-26,3958711871
0.0,plants_ny_2017,9,rf,nan,nan,nan,rf,nan,nan,f1_score,0.5,2026-05-26,3955963060
0.0,plants_ny_2017,9,rf,nan,nan,nan,rf,nan,nan,f1_score,0.5,2026-05-26,4165572336
0.0,plants_ny_2017,9,rf,nan,nan,nan,rf,nan,nan,f1_score,0.5,2026-05-26,4516238767
0.0,plants_ny_2017,9,rf,nan,nan,nan,rf,nan,nan,f1_score,0.5,2026-05-26,3954408350
0.0,plants_ny_2017,9,rf,nan,nan,nan,rf,nan,nan,f1_score,0.5,2026-05-26,2242945012
0.0,plants_ny_2017,9,rf,nan,nan,nan,rf,nan,nan,f1_score,0.5,2026-05-26,2244324762
0.0,plants_ny_2017,9,rf,nan,nan,nan,rf,nan,nan,f1_score,0.5,2026-05-26,2999095479
0.0,plants_ny_2017,9,rf,nan,nan,nan,rf,nan,nan,f1_score,0.5,2026-05-26,3112562432
0.0,plants_ny_2017,9,rf,nan,nan,nan,rf,nan,nan,f1_score,0.5,2026-05-26,3986014599
0.0,plants_ny_2017,9,rf,nan,nan,nan,rf,nan,nan,f1_score,0.5,2026-05-26,2826336226
0.0,plants_ny_2017,9,rf,nan,nan,nan,rf,nan,nan,f1_score,0.5,2026-05-26,3998819510
0.0,plants_ny_2017,9,rf,nan,nan,nan,rf,nan,nan,f1_score,0.5,2026-05-26,2826527240
0.0,plants_ny_2017,9,rf,nan,nan,nan,rf,nan,nan,f1_score,0.5,2026-05-26,1946197139
0.0,plants_ny_2017,9,rf,nan,nan,nan,rf,nan,nan,f1_score,0.5,2026-05-26,2579245673
0.0,plants_ny_2017,9,rf,nan,nan,nan,rf,nan,nan,f1_score,0.5,2026-05-26,5206597745
0.0,plants_ny_2017,9,rf,nan,nan,nan,rf,nan,nan,f1_score,0.5,2026-05-26,3952058740
0.0,plants_ny_2017,9,rf,nan,nan,nan,rf,nan,nan,f1_score,0.5,2026-05-26,5167838372
0.0,plants_ny_2017,9,rf,nan,nan,nan,rf,nan,nan,f1_score,0.5,2026-05-26,2850951898
0.0,plants_ny_2017,9,rf,nan,nan,nan,rf,nan,nan,f1_score,0.5,2026-05-26,5206786818
0.0,plants_ny_2017,9,rf,nan,nan,nan,rf,nan,nan,f1_score,0.5,2026-05-26,3988526495
0.0,plants_ny_2017,9,rf,nan,nan,nan,rf,nan,nan,f1_score,0.5,2026-05-26,2429400568
0.0,plants_ny_2017,9,rf,nan,nan,nan,rf,nan,nan,f1_score,0.5,2026-05-26,2445045500
0.0,plants_ny_2017,9,rf,nan,nan,nan,rf,nan,nan,f1_score,0.5,2026-05-26,3947656948
0.0,plants_ny_2017,9,rf,nan,nan,nan,rf,nan,nan,f1_score,0.5,2026-05-26,2573819303
0.0,plants_ny_2017,9,rf,nan,nan,nan,rf,nan,nan,f1_score,0.5,2026-05-26,5206763749
0.0,plants_ny_2017,9,rf,nan,nan,nan,rf,nan,nan,f1_score,0.5,2026-05-26,2429254392
0.0,plants_ny_2017,9,rf,nan,nan,nan,rf,nan,nan,f1_score,0.5,2026-05-26,2856726552
0.0,plants_ny_2017,9,rf,nan,nan,nan,rf,nan,nan,f1_score,0.5,2026-05-26,5892358968
0.0,plants_ny_2017,9,rf,nan,nan,nan,rf,nan,nan,f1_score,0.5,2026-05-26,3415799574
0.0,plants_ny_2017,9,rf,nan,nan,nan,rf,nan,nan,f1_score,0.5,2026-05-26,3889092408
0.0,plants_ny_2017,9,rf,nan,nan,nan,rf,nan,nan,f1_score,0.5,2026-05-26,5206037765
0.0,plants_ny_2017,9,rf,nan,nan,nan,rf,nan,nan,f1_score,0.5,2026-05-26,4018230352
0.0,plants_ny_2017,9,rf,nan,nan,nan,rf,nan,nan,f1_score,0.5,2026-05-26,4936877158
0.0,plants_ny_2017,9,rf,nan,nan,nan,rf,nan,nan,f1_score,0.5,2026-05-26,3873692856
0.0,plants_ny_2017,9,rf,nan,nan,nan,rf,nan,nan,f1_score,0.5,2026-05-26,2283208117
0.0,plants_ny_2017,9,rf,nan,nan,nan,rf,nan,nan,f1_score,0.5,2026-05-26,2999097453
0.0,plants_ny_2017,9,rf,nan,nan,nan,rf,nan,nan,f1_score,0.5,2026-05-26,4006648321
0.0,plants_ny_2017,9,rf,nan,nan,nan,rf,nan,nan,f1_score,0.5,2026-05-26,1323002489
0.0,plants_ny_2017,9,rf,nan,nan,nan,rf,nan,nan,f1_score,0.5,2026-05-26,1890049882
0.0,plants_ny_2017,9,rf,nan,nan,nan,rf,nan,nan,f1_score,0.5,2026-05-26,2860188469
0.0,plants_ny_2017,9,rf,nan,nan,nan,rf,nan,nan,f1_score,0.5,2026-05-26,3468973492
0.0,plants_ny_2017,9,rf,nan,nan,nan,rf,nan,nan,f1_score,0.5,2026-05-26,4075767508
0.0,plants_ny_2017,9,rf,nan,nan,nan,rf,nan,nan,f1_score,0.5,2026-05-26,5062489753
0.0,plants_ny_2017,9,rf,nan,nan,nan,rf,nan,nan,f1_score,0.5,2026-05-26,3892341745
0.0,plants_ny_2017,9,rf,nan,nan,nan,rf,nan,nan,f1_score,0.5,2026-05-26,4028768670
0.0,plants_ny_2017,9,rf,nan,nan,nan,rf,nan,nan,f1_score,0.5,2026-05-26,3902101951
0.0,plants_ny_2017,9,rf,nan,nan,nan,rf,nan,nan,f1_score,0.5,2026-05-26,3881580337
0.0,plants_ny_2017,9,rf,nan,nan,nan,rf,nan,nan,f1_score,0.5,2026-05-26,6179466513
0.0,plants_ny_2017,9,rf,nan,nan,nan,rf,nan,nan,f1_score,0.5,2026-05-26,1831093445
0.0,plants_ny_2017,9,rf,nan,nan,nan,rf,nan,nan,f1_score,0.5,2026-05-26,3947594371
0.0,plants_ny_2017,9,rf,nan,nan,nan,rf,nan,nan,f1_score,0.5,2026-05-26,3468838434
0.0,plants_ny_2017,9,rf,nan,nan,nan,rf,nan,nan,f1_score,0.5,2026-05-26,3314298641
0.0,plants_ny_2017,9,rf,nan,nan,nan,rf,nan,nan,f1_score,0.5,2026-05-26,5292182099
0.0,plants_ny_2017,9,rf,nan,nan,nan,rf,nan,nan,f1_score,0.5,2026-05-26,3384075334
0.0,plants_ny_2017,9,rf,nan,nan,nan,rf,nan,nan,f1_score,0.5,2026-05-26,5167006785
0.0,plants_ny_2017,9,rf,nan,nan,nan,rf,nan,nan,f1_score,0.5,2026-05-26,3398704659
0.0,plants_ny_2017,9,rf,nan,nan,nan,rf,nan,nan,f1_score,0.5,2026-05-26,5892870268
0.0,plants_ny_2017,9,rf,nan,nan,nan,rf,nan,nan,f1_score,0.5,2026-05-26,3031812251
0.0,plants_ny_2017,9,rf,nan,nan,nan,rf,nan,nan,f1_score,0.5,2026-05-26,3859323776
0.0,plants_ny_2017,9,rf,nan,nan,nan,rf,nan,nan,f1_score,0.5,2026-05-26,3764258303
0.0,plants_ny_2017,9,rf,nan,nan,nan,rf,nan,nan,f1_score,0.5,2026-05-26,3747064330
0.0,plants_ny_2017,9,rf,nan,nan,nan,rf,nan,nan,f1_score,0.5,2026-05-26,3031877681
0.0,plants_ny_2017,9,rf,nan,nan,nan,rf,nan,nan,f1_score,0.5,2026-05-26,4075737498
0.0,plants_ny_2017,9,rf,nan,nan,nan,rf,nan,nan,f1_score,0.5,2026-05-26,2465105264
0.0,plants_ny_2017,9,rf,nan,nan,nan,rf,nan,nan,f1_score,0.5,2026-05-26,3031839284
0.0,plants_ny_2017,9,rf,nan,nan,nan,rf,nan,nan,f1_score,0.5,2026-05-26,1831093605
0.0,plants_ny_2017,9,rf,nan,nan,nan,rf,nan,nan,f1_score,0.5,2026-05-26,2873846598
0.0,plants_ny_2017,9,rf,nan,nan,nan,rf,nan,nan,f1_score,0.5,2026-05-26,3408102446
0.0,plants_ny_2017,9,rf,nan,nan,nan,rf,nan,nan,f1_score,0.5,2026-05-26,3958298862
0.0,plants_ny_2017,9,rf,nan,nan,nan,rf,nan,nan,f1_score,0.5,2026-05-26,3986019573
0.0,plants_ny_2017,9,rf,nan,nan,nan,rf,nan,nan,f1_score,0.5,2026-05-26,3998332570
0.0,plants_ny_2017,9,rf,nan,nan,nan,rf,nan,nan,f1_score,0.5,2026-05-26,3958178116
0.0,plants_ny_2017,9,rf,nan,nan,nan,rf,nan,nan,f1_score,0.5,2026-05-26,4527933340
0.0,plants_ny_2017,9,rf,nan,nan,nan,rf,nan,nan,f1_score,0.5,2026-05-26,2988663527
0.0,plants_ny_2017,9,rf,nan,nan,nan,rf,nan,nan,f1_score,0.5,2026-05-26,2862326535
0.0,plants_ny_2017,9,rf,nan,nan,nan,rf,nan,nan,f1_score,0.5,2026-05-26,2331875493
0.0,plants_ny_2017,9,rf,nan,nan,nan,rf,nan,nan,f1_score,0.5,2026-05-26,3314148675
0.0,plants_ny_2017,9,rf,nan,nan,nan,rf,nan,nan,f1_score,0.5,2026-05-26,4165833985
0.0,plants_ny_2017,9,rf,nan,nan,nan,rf,nan,nan,f1_score,0.5,2026-05-26,3031817268
0.0,plants_ny_2017,9,rf,nan,nan,nan,rf,nan,nan,f1_score,0.5,2026-05-26,2596128990
0.0,plants_ny_2017,9,rf,nan,nan,nan,rf,nan,nan,f1_score,0.5,2026-05-26,5889583746
0.0,plants_ny_2017,9,rf,nan,nan,nan,rf,nan,nan,f1_score,0.5,2026-05-26,3947607321
0.0,plants_ny_2017,9,rf,nan,nan,nan,rf,nan,nan,f1_score,0.5,2026-05-26,5206547795
0.0,plants_ny_2017,9,rf,nan,nan,nan,rf,nan,nan,f1_score,0.5,2026-05-26,3465894448
0.0,plants_ny_2017,9,rf,nan,nan,nan,rf,nan,nan,f1_score,0.5,2026-05-26,3764288313
0.0,plants_ny_2017,9,rf,nan,nan,nan,rf,nan,nan,f1_score,0.5,2026-05-26,2265800113
0.0,plants_ny_2017,9,rf,nan,nan,nan,rf,nan,nan,f1_score,0.5,2026-05-26,3743273375
0.0,plants_ny_2017,9,rf,nan,nan,nan,rf,nan,nan,f1_score,0.5,2026-05-26,2988722538
0.0,plants_ny_2017,9,rf,nan,nan,nan,rf,nan,nan,f1_score,0.5,2026-05-26,3903279292
0.0,plants_ny_2017,9,rf,nan,nan,nan,rf,nan,nan,f1_score,0.5,2026-05-26,3314228657
0.0,plants_ny_2017,9,rf,nan,nan,nan,rf,nan,nan,f1_score,0.5,2026-05-26,3118335335
0.0,plants_ny_2017,9,rf,nan,nan,nan,rf,nan,nan,f1_score,0.5,2026-05-26,3858373576
0.0,plants_ny_2017,9,rf,nan,nan,nan,rf,nan,nan,f1_score,0.5,2026-05-26,2813872814
0.0,plants_ny_2017,9,rf,nan,nan,nan,rf,nan,nan,f1_score,0.5,2026-05-26,3956841112
0.0,plants_ny_2017,9,rf,nan,nan,nan,rf,nan,nan,f1_score,0.5,2026-05-26,2814236431
0.0,plants_ny_2017,9,rf,nan,nan,nan,rf,nan,nan,f1_score,0.5,2026-05-26,5904061337
0.0,plants_ny_2017,9,rf,nan,nan,nan,rf,nan,nan,f1_score,0.5,2026-05-26,2984409464
0.0,plants_ny_2017,9,rf,nan,nan,nan,rf,nan,nan,f1_score,0.5,2026-05-26,4438800417
0.0,plants_ny_2017,9,rf,nan,nan,nan,rf,nan,nan,f1_score,0.5,2026-05-26,4436374470
0.0,plants_ny_2017,9,rf,nan,nan,nan,rf,nan,nan,f1_score,0.5,2026-05-26,3398768617
0.0,plants_ny_2017,9,rf,nan,nan,nan,rf,nan,nan,f1_score,0.5,2026-05-26,3881671325
0.0,plants_ny_2017,9,rf,nan,nan,nan,rf,nan,nan,f1_score,0.5,2026-05-26,1806323552
0.0,plants_ny_2017,9,rf,nan,nan,nan,rf,nan,nan,f1_score,0.5,2026-05-26,6163211752
0.0,plants_ny_2017,9,rf,nan,nan,nan,rf,nan,nan,f1_score,0.5,2026-05-26,2860164446
0.0,plants_ny_2017,9,rf,nan,nan,nan,rf,nan,nan,f1_score,0.5,2026-05-26,4535606664
0.0,plants_ny_2017,9,rf,nan,nan,nan,rf,nan,nan,f1_score,0.5,2026-05-26,4535610640
0.0,plants_ny_2017,9,rf,nan,nan,nan,rf,nan,nan,f1_score,0.5,2026-05-26,2862305528
0.0,plants_ny_2017,9,rf,nan,nan,nan,rf,nan,nan,f1_score,0.5,2026-05-26,3384407051
0.0,plants_ny_2017,9,rf,nan,nan,nan,rf,nan,nan,f1_score,0.5,2026-05-26,5076716560
0.0,plants_ny_2017,9,rf,nan,nan,nan,rf,nan,nan,f1_score,0.5,2026-05-26,2366102304
0.0,plants_ny_2017,9,rf,nan,nan,nan,rf,nan,nan,f1_score,0.5,2026-05-26,3384956196
0.0,plants_ny_2017,9,rf,nan,nan,nan,rf,nan,nan,f1_score,0.5,2026-05-26,4438933334
0.0,plants_ny_2017,9,rf,nan,nan,nan,rf,nan,nan,f1_score,0.5,2026-05-26,2366102056
0.0,plants_ny_2017,9,rf,nan,nan,nan,rf,nan,nan,f1_score,0.5,2026-05-26,1831123029
0.0,plants_ny_2017,9,rf,nan,nan,nan,rf,nan,nan,f1_score,0.5,2026-05-26,4527917366
0.0,plants_ny_2017,9,rf,nan,nan,nan,rf,nan,nan,f1_score,0.5,2026-05-26,3953418942
0.0,plants_ny_2017,9,rf,nan,nan,nan,rf,nan,nan,f1_score,0.5,2026-05-26,4516551263
0.0,plants_ny_2017,9,rf,nan,nan,nan,rf,nan,nan,f1_score,0.5,2026-05-26,3314192836
0.0,plants_ny_2017,9,rf,nan,nan,nan,rf,nan,nan,f1_score,0.5,2026-05-26,1847571692
0.0,plants_ny_2017,9,rf,nan,nan,nan,rf,nan,nan,f1_score,0.5,2026-05-26,2366102375
0.0,plants_ny_2017,9,rf,nan,nan,nan,rf,nan,nan,f1_score,0.5,2026-05-26,2856582462
0.0,plants_ny_2017,9,rf,nan,nan,nan,rf,nan,nan,f1_score,0.5,2026-05-26,3456474903
0.0,plants_ny_2017,9,rf,nan,nan,nan,rf,nan,nan,f1_score,0.5,2026-05-26,3953993774
0.0,plants_ny_2017,9,rf,nan,nan,nan,rf,nan,nan,f1_score,0.5,2026-05-26,2366102325
0.0,plants_ny_2017,9,rf,nan,nan,nan,rf,nan,nan,f1_score,0.5,2026-05-26,2610999401
0.0,plants_ny_2017,9,rf,nan,nan,nan,rf,nan,nan,f1_score,0.5,2026-05-26,2422879029
0.0,plants_ny_2017,9,rf,nan,nan,nan,rf,nan,nan,f1_score,0.5,2026-05-26,2273245263
0.0,plants_ny_2017,9,rf,nan,nan,nan,rf,nan,nan,f1_score,0.5,2026-05-26,3954087427
0.0,plants_ny_2017,9,rf,nan,nan,nan,rf,nan,nan,f1_score,0.5,2026-05-26,3956028423
0.0,plants_ny_2017,9,rf,nan,nan,nan,rf,nan,nan,f1_score,0.5,2026-05-26,5230022335
0.0,plants_ny_2017,9,rf,nan,nan,nan,rf,nan,nan,f1_score,0.5,2026-05-26,2273245607
0.0,plants_ny_2017,9,rf,nan,nan,nan,rf,nan,nan,f1_score,0.5,2026-05-26,3335537626
0.0,plants_ny_2017,9,rf,nan,nan,nan,rf,nan,nan,f1_score,0.5,2026-05-26,3955325862
0.0,plants_ny_2017,9,rf,nan,nan,nan,rf,nan,nan,f1_score,0.5,2026-05-26,1640032272
0.0,plants_ny_2017,9,rf,nan,nan,nan,rf,nan,nan,f1_score,0.5,2026-05-26,4919695441
0.0,plants_ny_2017,9,rf,nan,nan,nan,rf,nan,nan,f1_score,0.5,2026-05-26,3314507821
0.0,plants_ny_2017,9,rf,nan,nan,nan,rf,nan,nan,f1_score,0.5,2026-05-26,1913166464
0.0,plants_ny_2017,9,rf,nan,nan,nan,rf,nan,nan,f1_score,0.5,2026-05-26,1847571703
0.0,plants_ny_2017,9,rf,nan,nan,nan,rf,nan,nan,f1_score,0.5,2026-05-26,4424498483
0.0,plants_ny_2017,9,rf,nan,nan,nan,rf,nan,nan,f1_score,0.5,2026-05-26,3468882478
0.0,plants_ny_2017,9,rf,nan,nan,nan,rf,nan,nan,f1_score,0.5,2026-05-26,3998095402
0.0,plants_ny_2017,9,rf,nan,nan,nan,rf,nan,nan,f1_score,0.5,2026-05-26,3468661354
0.0,plants_ny_2017,9,rf,nan,nan,nan,rf,nan,nan,f1_score,0.5,2026-05-26,3985686877
0.0,plants_ny_2017,9,rf,nan,nan,nan,rf,nan,nan,f1_score,0.5,2026-05-26,3314213835
0.0,plants_ny_2017,9,rf,nan,nan,nan,rf,nan,nan,f1_score,0.5,2026-05-26,4138198587
0.0,plants_ny_2017,9,rf,nan,nan,nan,rf,nan,nan,f1_score,0.5,2026-05-26,4440722445
0.0,plants_ny_2017,9,rf,nan,nan,nan,rf,nan,nan,f1_score,0.5,2026-05-26,1571063491
0.0,plants_ny_2017,9,rf,nan,nan,nan,rf,nan,nan,f1_score,0.5,2026-05-26,4424156416
0.0,plants_ny_2017,9,rf,nan,nan,nan,rf,nan,nan,f1_score,0.5,2026-05-26,3860807563
0.0,plants_ny_2017,9,rf,nan,nan,nan,rf,nan,nan,f1_score,0.5,2026-05-26,2873786330
0.0,plants_ny_2017,9,rf,nan,nan,nan,rf,nan,nan,f1_score,0.5,2026-05-26,4600031316
0.0,plants_ny_2017,9,rf,nan,nan,nan,rf,nan,nan,f1_score,0.5,2026-05-26,5932336593
0.0,plants_ny_2017,9,rf,nan,nan,nan,rf,nan,nan,f1_score,0.5,2026-05-26,2460058351
0.0,plants_ny_2017,9,rf,nan,nan,nan,rf,nan,nan,f1_score,0.5,2026-05-26,5109250257
0.0,plants_ny_2017,9,rf,nan,nan,nan,rf,nan,nan,f1_score,0.5,2026-05-26,3858894025
0.0,plants_ny_2017,9,rf,nan,nan,nan,rf,nan,nan,f1_score,0.5,2026-05-26,2460059372
0.0,plants_ny_2017,9,rf,nan,nan,nan,rf,nan,nan,f1_score,0.5,2026-05-26,2460025056
0.0,plants_ny_2017,9,rf,nan,nan,nan,rf,nan,nan,f1_score,0.5,2026-05-26,1850905464
0.0,plants_ny_2017,9,rf,nan,nan,nan,rf,nan,nan,f1_score,0.5,2026-05-26,2873808408
0.0,plants_ny_2017,9,rf,nan,nan,nan,rf,nan,nan,f1_score,0.5,2026-05-26,3881751330
0.0,plants_ny_2017,9,rf,nan,nan,nan,rf,nan,nan,f1_score,0.5,2026-05-26,1850905463
0.0,plants_ny_2017,9,rf,nan,nan,nan,rf,nan,nan,f1_score,0.5,2026-05-26,1847617730
0.0,plants_ny_2017,9,rf,nan,nan,nan,rf,nan,nan,f1_score,0.5,2026-05-26,2294627388
0.0,plants_ny_2017,9,rf,nan,nan,nan,rf,nan,nan,f1_score,0.5,2026-05-26,3998790721
0.0,plants_ny_2017,9,rf,nan,nan,nan,rf,nan,nan,f1_score,0.5,2026-05-26,5076743440
0.0,plants_ny_2017,9,rf,nan,nan,nan,rf,nan,nan,f1_score,0.5,2026-05-26,2460005050
0.0,plants_ny_2017,9,rf,nan,nan,nan,rf,nan,nan,f1_score,0.5,2026-05-26,1848759520
0.0,plants_ny_2017,9,rf,nan,nan,nan,rf,nan,nan,f1_score,0.5,2026-05-26,2873756732
0.0,plants_ny_2017,9,rf,nan,nan,nan,rf,nan,nan,f1_score,0.5,2026-05-26,3355044864
0.0,plants_ny_2017,9,rf,nan,nan,nan,rf,nan,nan,f1_score,0.5,2026-05-26,5076732394
0.0,plants_ny_2017,9,rf,nan,nan,nan,rf,nan,nan,f1_score,0.5,2026-05-26,1847617754
0.0,plants_ny_2017,9,rf,nan,nan,nan,rf,nan,nan,f1_score,0.5,2026-05-26,2981085499
0.0,plants_ny_2017,9,rf,nan,nan,nan,rf,nan,nan,f1_score,0.5,2026-05-26,4009712471
0.0,plants_ny_2017,9,rf,nan,nan,nan,rf,nan,nan,f1_score,0.5,2026-05-26,3881832410
0.0,plants_ny_2017,9,rf,nan,nan,nan,rf,nan,nan,f1_score,0.5,2026-05-26,2460078564
0.0,plants_ny_2017,9,rf,nan,nan,nan,rf,nan,nan,f1_score,0.5,2026-05-26,4982066692
0.0,plants_ny_2017,9,rf,nan,nan,nan,rf,nan,nan,f1_score,0.5,2026-05-26,3986154534
0.0,plants_ny_2017,9,rf,nan,nan,nan,rf,nan,nan,f1_score,0.5,2026-05-26,3764396665
0.0,plants_ny_2017,9,rf,nan,nan,nan,rf,nan,nan,f1_score,0.5,2026-05-26,3881873468
0.0,plants_ny_2017,9,rf,nan,nan,nan,rf,nan,nan,f1_score,0.5,2026-05-26,3881556433
0.0,plants_ny_2017,9,rf,nan,nan,nan,rf,nan,nan,f1_score,0.5,2026-05-26,5076726370
0.0,plants_ny_2017,9,rf,nan,nan,nan,rf,nan,nan,f1_score,0.5,2026-05-26,5831041257
