"genus","species","pa","ny","total","pa.pc","ny.pc"
"Abelmoschus","Abelmoschus esculentus",6,7,13,46.1538461538462,53.8461538461538
"Abies","Abies balsamea",18,363,381,4.7244094488189,95.2755905511811
"Abies","Abies concolor",1,19,20,5,95
"Abutilon","Abutilon theophrasti",500,472,972,51.440329218107,48.559670781893
"Acalypha","Acalypha gracilens",1,3,4,25,75
"Acalypha","Acalypha rhomboidea",48,288,336,14.2857142857143,85.7142857142857
"Acalypha","Acalypha virginica",202,170,372,54.3010752688172,45.6989247311828
"Acalypha","Acalypha wilkesiana",1,0,1,100,0
"Acanthus","Acanthus mollis",3,0,3,100,0
"Acer","Acer campestre",27,32,59,45.7627118644068,54.2372881355932
"Acer","Acer freemanii",14,32,46,30.4347826086957,69.5652173913043
"Acer","Acer negundo",964,1554,2518,38.2843526608419,61.7156473391581
"Acer","Acer nigrum",42,26,68,61.7647058823529,38.2352941176471
"Acer","Acer palmatum",70,180,250,28,72
"Acer","Acer pensylvanicum",336,745,1081,31.0823311748381,68.9176688251619
"Acer","Acer pictum",1,0,1,100,0
"Acer","Acer platanoides",904,1397,2301,39.2872664059105,60.7127335940895
"Acer","Acer pseudoplatanus",77,276,353,21.8130311614731,78.1869688385269
"Acer","Acer rubrum",850,1327,2177,39.0445567294442,60.9554432705558
"Acer","Acer saccharinum",488,448,936,52.1367521367521,47.8632478632479
"Acer","Acer saccharum",355,533,888,39.9774774774775,60.0225225225225
"Acer","Acer spicatum",39,140,179,21.7877094972067,78.2122905027933
"Acer","Acer tataricum",19,33,52,36.5384615384615,63.4615384615385
"Achillea","Achillea filipendulina",6,23,29,20.6896551724138,79.3103448275862
"Achillea","Achillea millefolium",948,1109,2057,46.0865337870685,53.9134662129315
"Achillea","Achillea ptarmica",6,15,21,28.5714285714286,71.4285714285714
"Aconitum","Aconitum napellus",1,3,4,25,75
"Aconitum","Aconitum uncinatum",3,0,3,100,0
"Acorus","Acorus calamus",10,16,26,38.4615384615385,61.5384615384615
"Actaea","Actaea pachypoda",214,643,857,24.9708284714119,75.0291715285881
"Actaea","Actaea podocarpa",1,0,1,100,0
"Actaea","Actaea racemosa",250,115,365,68.4931506849315,31.5068493150685
"Actaea","Actaea rubra",14,197,211,6.63507109004739,93.3649289099526
"Actinidia","Actinidia arguta",7,9,16,43.75,56.25
"Adiantum","Adiantum pedatum",244,336,580,42.0689655172414,57.9310344827586
"Adlumia","Adlumia fungosa",7,5,12,58.3333333333333,41.6666666666667
"Aegopodium","Aegopodium podagraria",465,566,1031,45.101842870999,54.898157129001
"Aesculus","Aesculus flava",18,44,62,29.0322580645161,70.9677419354839
"Aesculus","Aesculus glabra",32,58,90,35.5555555555556,64.4444444444444
"Aesculus","Aesculus hippocastanum",56,258,314,17.8343949044586,82.1656050955414
"Aesculus","Aesculus parviflora",63,202,265,23.7735849056604,76.2264150943396
"Aesculus","Aesculus pavia",37,26,63,58.7301587301587,41.2698412698413
"Aethusa","Aethusa cynapium",9,0,9,100,0
"Agalinis","Agalinis purpurea",37,23,60,61.6666666666667,38.3333333333333
"Agalinis","Agalinis tenuifolia",5,31,36,13.8888888888889,86.1111111111111
"Agastache","Agastache foeniculum",29,55,84,34.5238095238095,65.4761904761905
"Agastache","Agastache nepetoides",20,9,29,68.9655172413793,31.0344827586207
"Agastache","Agastache scrophulariifolia",1,2,3,33.3333333333333,66.6666666666667
"Ageratina","Ageratina altissima",2053,8519,10572,19.4192205826712,80.5807794173288
"Ageratina","Ageratina aromatica",26,6,32,81.25,18.75
"Agrimonia","Agrimonia gryposepala",8,21,29,27.5862068965517,72.4137931034483
"Agrimonia","Agrimonia parviflora",117,35,152,76.9736842105263,23.0263157894737
"Agrimonia","Agrimonia rostellata",1,1,2,50,50
"Agrostemma","Agrostemma githago",4,1,5,80,20
"Agrostis","Agrostis gigantea",2,3,5,40,60
"Agrostis","Agrostis perennans",6,2,8,75,25
"Ailanthus","Ailanthus altissima",1319,4421,5740,22.9790940766551,77.0209059233449
"Ajania","Ajania pacifica",1,0,1,100,0
"Ajuga","Ajuga genevensis",2,3,5,40,60
"Ajuga","Ajuga reptans",657,658,1315,49.9619771863118,50.0380228136882
"Akebia","Akebia quinata",79,73,152,51.9736842105263,48.0263157894737
"Albizia","Albizia julibrissin",243,268,511,47.5538160469667,52.4461839530333
"Alcea","Alcea rosea",18,36,54,33.3333333333333,66.6666666666667
"Alchemilla","Alchemilla mollis",4,4,8,50,50
"Alisma","Alisma subcordatum",28,10,38,73.6842105263158,26.3157894736842
"Alkekengi","Alkekengi officinarum",9,30,39,23.0769230769231,76.9230769230769
"Alliaria","Alliaria petiolata",4453,5803,10256,43.4184867394696,56.5815132605304
"Allium","Allium canadense",27,17,44,61.3636363636364,38.6363636363636
"Allium","Allium cernuum",28,14,42,66.6666666666667,33.3333333333333
"Allium","Allium moly",1,1,2,50,50
"Allium","Allium multibulbosum",1,0,1,100,0
"Allium","Allium oleraceum",5,0,5,100,0
"Allium","Allium schoenoprasum",30,53,83,36.144578313253,63.855421686747
"Allium","Allium tricoccum",45,68,113,39.8230088495575,60.1769911504425
"Allium","Allium tuberosum",41,67,108,37.962962962963,62.037037037037
"Allium","Allium vineale",305,637,942,32.3779193205945,67.6220806794055
"Alnus","Alnus glutinosa",30,80,110,27.2727272727273,72.7272727272727
"Alnus","Alnus incana",10,35,45,22.2222222222222,77.7777777777778
"Alnus","Alnus serrulata",16,20,36,44.4444444444444,55.5555555555556
"Alopecurus","Alopecurus aequalis",1,0,1,100,0
"Alopecurus","Alopecurus carolinianus",1,0,1,100,0
"Alopecurus","Alopecurus pratensis",2,4,6,33.3333333333333,66.6666666666667
"Althaea","Althaea officinalis",12,15,27,44.4444444444444,55.5555555555556
"Amaranthus","Amaranthus albus",6,10,16,37.5,62.5
"Amaranthus","Amaranthus blitum",24,192,216,11.1111111111111,88.8888888888889
"Amaranthus","Amaranthus cannabinus",1,8,9,11.1111111111111,88.8888888888889
"Amaranthus","Amaranthus caudatus",3,5,8,37.5,62.5
"Amaranthus","Amaranthus cruentus",5,78,83,6.02409638554217,93.9759036144578
"Amaranthus","Amaranthus emarginatus",1,0,1,100,0
"Amaranthus","Amaranthus hybridus",2,6,8,25,75
"Amaranthus","Amaranthus retroflexus",15,29,44,34.0909090909091,65.9090909090909
"Amaranthus","Amaranthus spinosus",8,5,13,61.5384615384615,38.4615384615385
"Amauropelta","Amauropelta noveboracensis",369,453,822,44.8905109489051,55.1094890510949
"Ambrosia","Ambrosia artemisiifolia",793,1105,1898,41.7808219178082,58.2191780821918
"Ambrosia","Ambrosia psilostachya",2,0,2,100,0
"Ambrosia","Ambrosia trifida",367,242,609,60.2627257799672,39.7372742200328
"Amelanchier","Amelanchier arborea",23,99,122,18.8524590163934,81.1475409836066
"Amelanchier","Amelanchier canadensis",3,17,20,15,85
"Amelanchier","Amelanchier laevis",2,14,16,12.5,87.5
"Amianthium","Amianthium muscitoxicum",104,0,104,100,0
"Ammannia","Ammannia coccinea",4,1,5,80,20
"Amorpha","Amorpha fruticosa",95,308,403,23.5732009925558,76.4267990074442
"Ampelopsis","Ampelopsis glandulosa",440,2904,3344,13.1578947368421,86.8421052631579
"Amphicarpaea","Amphicarpaea bracteata",293,358,651,45.0076804915515,54.9923195084485
"Amsonia","Amsonia tabernaemontana",50,55,105,47.6190476190476,52.3809523809524
"Anaphalis","Anaphalis margaritacea",82,167,249,32.9317269076305,67.0682730923695
"Anchistea","Anchistea virginica",2,18,20,10,90
"Andersonglossum","Andersonglossum virginianum",14,0,14,100,0
"Andromeda","Andromeda polifolia",6,51,57,10.5263157894737,89.4736842105263
"Andropogon","Andropogon gerardi",81,98,179,45.2513966480447,54.7486033519553
"Andropogon","Andropogon virginicus",69,20,89,77.5280898876404,22.4719101123596
"Anemonastrum","Anemonastrum canadense",63,230,293,21.5017064846416,78.4982935153584
"Anemone","Anemone blanda",20,41,61,32.7868852459016,67.2131147540984
"Anemone","Anemone nemorosa",7,14,21,33.3333333333333,66.6666666666667
"Anemone","Anemone quinquefolia",254,328,582,43.6426116838488,56.3573883161512
"Anemone","Anemone ranunculoides",1,6,7,14.2857142857143,85.7142857142857
"Anemone","Anemone sylvestris",1,9,10,10,90
"Anemone","Anemone virginiana",106,204,310,34.1935483870968,65.8064516129032
"Aneura","Aneura pinguis",4,0,4,100,0
"Angelica","Angelica atropurpurea",37,140,177,20.9039548022599,79.0960451977401
"Angelica","Angelica triquinata",4,0,4,100,0
"Angelica","Angelica venenosa",5,1,6,83.3333333333333,16.6666666666667
"Anisocampium","Anisocampium niponicum",21,29,50,42,58
"Antennaria","Antennaria howellii",3,10,13,23.0769230769231,76.9230769230769
"Antennaria","Antennaria neglecta",14,15,29,48.2758620689655,51.7241379310345
"Antennaria","Antennaria plantaginifolia",13,12,25,52,48
"Anthemis","Anthemis cotula",3,5,8,37.5,62.5
"Anthoxanthum","Anthoxanthum odoratum",119,92,211,56.3981042654028,43.6018957345972
"Anthriscus","Anthriscus caucalis",2,6,8,25,75
"Anthriscus","Anthriscus sylvestris",89,155,244,36.4754098360656,63.5245901639344
"Antirrhinum","Antirrhinum majus",26,13,39,66.6666666666667,33.3333333333333
"Aphanochaete","Aphanochaete repens",1,0,1,100,0
"Aphyllon","Aphyllon uniflorum",62,44,106,58.4905660377358,41.5094339622642
"Apios","Apios americana",83,294,377,22.0159151193634,77.9840848806366
"Aplectrum","Aplectrum hyemale",108,0,108,100,0
"Apocynum","Apocynum androsaemifolium",63,342,405,15.5555555555556,84.4444444444444
"Apocynum","Apocynum cannabinum",1367,1354,2721,50.2388827636898,49.7611172363102
"Apocynum","Apocynum floribundum",3,6,9,33.3333333333333,66.6666666666667
"Aquilegia","Aquilegia canadensis",334,767,1101,30.3360581289737,69.6639418710263
"Aquilegia","Aquilegia coerulea",1,4,5,20,80
"Aquilegia","Aquilegia vulgaris",49,60,109,44.954128440367,55.045871559633
"Arabidopsis","Arabidopsis lyrata",42,26,68,61.7647058823529,38.2352941176471
"Arabidopsis","Arabidopsis thaliana",33,113,146,22.6027397260274,77.3972602739726
"Aralia","Aralia elata",283,485,768,36.8489583333333,63.1510416666667
"Aralia","Aralia hispida",13,43,56,23.2142857142857,76.7857142857143
"Aralia","Aralia nudicaulis",360,726,1086,33.1491712707182,66.8508287292818
"Aralia","Aralia racemosa",138,255,393,35.1145038167939,64.8854961832061
"Aralia","Aralia spinosa",66,2,68,97.0588235294118,2.94117647058824
"Arceuthobium","Arceuthobium pusillum",1,2,3,33.3333333333333,66.6666666666667
"Arctium","Arctium lappa",168,268,436,38.5321100917431,61.4678899082569
"Arctium","Arctium minus",226,373,599,37.7295492487479,62.2704507512521
"Arenaria","Arenaria serpyllifolia",27,21,48,56.25,43.75
"Arisaema","Arisaema dracontium",28,9,37,75.6756756756757,24.3243243243243
"Arisaema","Arisaema pusillum",5,0,5,100,0
"Arisaema","Arisaema stewardsonii",7,19,26,26.9230769230769,73.0769230769231
"Arisaema","Arisaema triphyllum",1155,1188,2343,49.2957746478873,50.7042253521127
"Aristida","Aristida dichotoma",3,1,4,75,25
"Aristida","Aristida longespica",2,3,5,40,60
"Aristida","Aristida purpurascens",11,0,11,100,0
"Armeria","Armeria maritima",4,0,4,100,0
"Armoracia","Armoracia rusticana",29,45,74,39.1891891891892,60.8108108108108
"Arnoglossum","Arnoglossum atriplicifolium",9,0,9,100,0
"Aronia","Aronia arbutifolia",8,48,56,14.2857142857143,85.7142857142857
"Aronia","Aronia melanocarpa",55,159,214,25.7009345794393,74.2990654205608
"Aronia","Aronia prunifolia",2,3,5,40,60
"Arrhenatherum","Arrhenatherum elatius",8,17,25,32,68
"Artemisia","Artemisia abrotanum",1,0,1,100,0
"Artemisia","Artemisia absinthium",4,12,16,25,75
"Artemisia","Artemisia annua",174,306,480,36.25,63.75
"Artemisia","Artemisia ludoviciana",6,32,38,15.7894736842105,84.2105263157895
"Artemisia","Artemisia stelleriana",2,71,73,2.73972602739726,97.2602739726027
"Artemisia","Artemisia vulgaris",1500,11089,12589,11.9151640320915,88.0848359679085
"Arthraxon","Arthraxon hispidus",64,2,66,96.969696969697,3.03030303030303
"Arum","Arum italicum",51,340,391,13.0434782608696,86.9565217391304
"Aruncus","Aruncus dioicus",43,11,54,79.6296296296296,20.3703703703704
"Arundinaria","Arundinaria gigantea",3,0,3,100,0
"Asarum","Asarum canadense",84,38,122,68.8524590163934,31.1475409836066
"Asarum","Asarum europaeum",6,11,17,35.2941176470588,64.7058823529412
"Asclepias","Asclepias curassavica",1,2,3,33.3333333333333,66.6666666666667
"Asclepias","Asclepias exaltata",116,44,160,72.5,27.5
"Asclepias","Asclepias incarnata",474,958,1432,33.1005586592179,66.8994413407821
"Asclepias","Asclepias purpurascens",42,24,66,63.6363636363636,36.3636363636364
"Asclepias","Asclepias quadrifolia",30,16,46,65.2173913043478,34.7826086956522
"Asclepias","Asclepias syriaca",1742,4806,6548,26.6035430665852,73.3964569334148
"Asclepias","Asclepias tuberosa",750,1130,1880,39.8936170212766,60.1063829787234
"Asclepias","Asclepias variegata",2,0,2,100,0
"Asclepias","Asclepias verticillata",32,12,44,72.7272727272727,27.2727272727273
"Asclepias","Asclepias viridiflora",22,1,23,95.6521739130435,4.34782608695652
"Asimina","Asimina triloba",473,32,505,93.6633663366337,6.33663366336634
"Asparagus","Asparagus officinalis",33,73,106,31.1320754716981,68.8679245283019
"Asplenium","Asplenium bradleyi",3,0,3,100,0
"Asplenium","Asplenium montanum",23,0,23,100,0
"Asplenium","Asplenium platyneuron",335,714,1049,31.9351763584366,68.0648236415634
"Asplenium","Asplenium rhizophyllum",50,58,108,46.2962962962963,53.7037037037037
"Asplenium","Asplenium ruta-muraria",1,7,8,12.5,87.5
"Asplenium","Asplenium trichomanes",81,229,310,26.1290322580645,73.8709677419355
"Asplenium","Asplenium trudellii",3,0,3,100,0
"Aster","Aster tataricus",3,4,7,42.8571428571429,57.1428571428571
"Astilbe","Astilbe japonica",3,135,138,2.17391304347826,97.8260869565217
"Athyrium","Athyrium angustum",73,252,325,22.4615384615385,77.5384615384615
"Athyrium","Athyrium asplenioides",24,5,29,82.7586206896552,17.2413793103448
"Atocion","Atocion armeria",48,46,94,51.063829787234,48.936170212766
"Atrichum","Atrichum angustatum",8,33,41,19.5121951219512,80.4878048780488
"Atrichum","Atrichum crispum",1,2,3,33.3333333333333,66.6666666666667
"Atrichum","Atrichum undulatum",3,9,12,25,75
"Atriplex","Atriplex patula",1,8,9,11.1111111111111,88.8888888888889
"Atriplex","Atriplex prostrata",1,23,24,4.16666666666667,95.8333333333333
"Aucuba","Aucuba japonica",11,16,27,40.7407407407407,59.2592592592593
"Aulacomnium","Aulacomnium palustre",1,7,8,12.5,87.5
"Aureolaria","Aureolaria flava",2,8,10,20,80
"Aureolaria","Aureolaria grandiflora",1,0,1,100,0
"Aureolaria","Aureolaria levigata",1,0,1,100,0
"Aureolaria","Aureolaria pedicularia",3,8,11,27.2727272727273,72.7272727272727
"Aureolaria","Aureolaria virginica",56,7,63,88.8888888888889,11.1111111111111
"Aurinia","Aurinia saxatilis",1,1,2,50,50
"Avena","Avena sativa",10,9,19,52.6315789473684,47.3684210526316
"Avenella","Avenella flexuosa",2,9,11,18.1818181818182,81.8181818181818
"Azolla","Azolla caroliniana",6,2,8,75,25
"Baccharis","Baccharis halimifolia",40,1484,1524,2.6246719160105,97.3753280839895
"Ballota","Ballota nigra",4,0,4,100,0
"Bambusa","Bambusa vulgaris",1,0,1,100,0
"Bambusina","Bambusina borreri",1,0,1,100,0
"Bangia","Bangia atropurpurea",1,0,1,100,0
"Baptisia","Baptisia alba",3,3,6,50,50
"Baptisia","Baptisia australis",103,151,254,40.5511811023622,59.4488188976378
"Baptisia","Baptisia tinctoria",151,55,206,73.3009708737864,26.6990291262136
"Barbarea","Barbarea verna",6,9,15,40,60
"Barbarea","Barbarea vulgaris",408,216,624,65.3846153846154,34.6153846153846
"Bartonia","Bartonia paniculata",2,1,3,66.6666666666667,33.3333333333333
"Bartonia","Bartonia virginica",20,11,31,64.5161290322581,35.4838709677419
"Bartramia","Bartramia ithyphylla",7,27,34,20.5882352941176,79.4117647058823
"Bassia","Bassia scoparia",3,57,60,5,95
"Bazzania","Bazzania trilobata",34,71,105,32.3809523809524,67.6190476190476
"Begonia","Begonia grandis",3,0,3,100,0
"Bellis","Bellis perennis",71,340,411,17.2749391727494,82.7250608272506
"Berberis","Berberis julianae",5,53,58,8.62068965517241,91.3793103448276
"Berberis","Berberis ottawensis",1,4,5,20,80
"Berberis","Berberis thunbergii",1816,1757,3573,50.8256367198433,49.1743632801567
"Berberis","Berberis vulgaris",1,109,110,0.909090909090909,99.0909090909091
"Berteroa","Berteroa incana",5,205,210,2.38095238095238,97.6190476190476
"Beta","Beta vulgaris",18,34,52,34.6153846153846,65.3846153846154
"Betula","Betula alleghaniensis",171,473,644,26.5527950310559,73.4472049689441
"Betula","Betula lenta",225,360,585,38.4615384615385,61.5384615384615
"Betula","Betula nigra",208,144,352,59.0909090909091,40.9090909090909
"Betula","Betula papyrifera",17,113,130,13.0769230769231,86.9230769230769
"Betula","Betula pendula",6,12,18,33.3333333333333,66.6666666666667
"Betula","Betula populifolia",154,256,410,37.5609756097561,62.4390243902439
"Bidens","Bidens aristosa",8,1,9,88.8888888888889,11.1111111111111
"Bidens","Bidens bipinnata",120,77,197,60.9137055837563,39.0862944162437
"Bidens","Bidens cernua",31,52,83,37.3493975903614,62.6506024096386
"Bidens","Bidens connata",19,38,57,33.3333333333333,66.6666666666667
"Bidens","Bidens frondosa",89,131,220,40.4545454545455,59.5454545454545
"Bidens","Bidens laevis",4,7,11,36.3636363636364,63.6363636363636
"Bidens","Bidens polylepis",8,2,10,80,20
"Bidens","Bidens vulgata",2,15,17,11.7647058823529,88.2352941176471
"Bignonia","Bignonia capreolata",2,0,2,100,0
"Blasia","Blasia pusilla",1,1,2,50,50
"Blephilia","Blephilia ciliata",4,3,7,57.1428571428571,42.8571428571429
"Blephilia","Blephilia hirsuta",31,1,32,96.875,3.125
"Boehmeria","Boehmeria cylindrica",102,72,174,58.6206896551724,41.3793103448276
"Bolboschoenus","Bolboschoenus fluviatilis",2,3,5,40,60
"Boltonia","Boltonia asteroides",6,4,10,60,40
"Borago","Borago officinalis",22,80,102,21.5686274509804,78.4313725490196
"Borodinia","Borodinia burkii",5,0,5,100,0
"Borodinia","Borodinia canadensis",2,2,4,50,50
"Borodinia","Borodinia dentata",1,0,1,100,0
"Borodinia","Borodinia laevigata",82,35,117,70.0854700854701,29.9145299145299
"Botrychium","Botrychium matricariifolium",1,8,9,11.1111111111111,88.8888888888889
"Botrypus","Botrypus virginianus",133,61,194,68.5567010309278,31.4432989690722
"Bouteloua","Bouteloua curtipendula",6,17,23,26.0869565217391,73.9130434782609
"Brachyelytrum","Brachyelytrum aristosum",1,1,2,50,50
"Brachyelytrum","Brachyelytrum erectum",5,2,7,71.4285714285714,28.5714285714286
"Brachypodium","Brachypodium sylvaticum",1,11,12,8.33333333333333,91.6666666666667
"Brachythecium","Brachythecium campestre",1,0,1,100,0
"Brasenia","Brasenia schreberi",68,125,193,35.2331606217617,64.7668393782383
"Brassica","Brassica juncea",2,2,4,50,50
"Brassica","Brassica napus",3,4,7,42.8571428571429,57.1428571428571
"Brassica","Brassica oleracea",80,81,161,49.6894409937888,50.3105590062112
"Brassica","Brassica rapa",25,7,32,78.125,21.875
"Brickellia","Brickellia eupatorioides",3,0,3,100,0
"Bromus","Bromus catharticus",1,3,4,25,75
"Bromus","Bromus commutatus",1,1,2,50,50
"Bromus","Bromus inermis",41,94,135,30.3703703703704,69.6296296296296
"Bromus","Bromus japonicus",1,6,7,14.2857142857143,85.7142857142857
"Bromus","Bromus pubescens",2,0,2,100,0
"Bromus","Bromus sterilis",7,2,9,77.7777777777778,22.2222222222222
"Bromus","Bromus tectorum",15,124,139,10.7913669064748,89.2086330935252
"Broussonetia","Broussonetia papyrifera",274,270,544,50.3676470588235,49.6323529411765
"Brunnera","Brunnera macrophylla",47,238,285,16.4912280701754,83.5087719298246
"Bryoandersonia","Bryoandersonia illecebra",27,16,43,62.7906976744186,37.2093023255814
"Bryum","Bryum argenteum",35,129,164,21.3414634146341,78.6585365853659
"Buddleja","Buddleja davidii",190,257,447,42.5055928411633,57.4944071588367
"Buglossoides","Buglossoides arvensis",14,2,16,87.5,12.5
"Bulbostylis","Bulbostylis capillaris",1,4,5,20,80
"Butomus","Butomus umbellatus",14,114,128,10.9375,89.0625
"Cabomba","Cabomba caroliniana",11,26,37,29.7297297297297,70.2702702702703
"Cakile","Cakile edentula",2,113,115,1.73913043478261,98.2608695652174
"Calamagrostis","Calamagrostis canadensis",1,3,4,25,75
"Calendula","Calendula officinalis",12,12,24,50,50
"Calepina","Calepina irregularis",1,0,1,100,0
"Calla","Calla palustris",19,60,79,24.0506329113924,75.9493670886076
"Callianthe","Callianthe megapotamica",1,0,1,100,0
"Callianthe","Callianthe picta",1,0,1,100,0
"Callicarpa","Callicarpa dichotoma",11,23,34,32.3529411764706,67.6470588235294
"Callicladium","Callicladium haldaneanum",9,16,25,36,64
"Callicladium","Callicladium imponens",115,152,267,43.0711610486891,56.9288389513109
"Calliergon","Calliergon cordifolium",1,0,1,100,0
"Calliergonella","Calliergonella lindbergii",1,7,8,12.5,87.5
"Callitriche","Callitriche heterophylla",2,0,2,100,0
"Callitriche","Callitriche stagnalis",9,2,11,81.8181818181818,18.1818181818182
"Calluna","Calluna vulgaris",1,1,2,50,50
"Calopogon","Calopogon tuberosus",11,48,59,18.6440677966102,81.3559322033898
"Caltha","Caltha palustris",203,507,710,28.5915492957746,71.4084507042254
"Calycanthus","Calycanthus floridus",197,119,316,62.3417721518987,37.6582278481013
"Calystegia","Calystegia sepium",133,417,550,24.1818181818182,75.8181818181818
"Calystegia","Calystegia silvatica",14,4,18,77.7777777777778,22.2222222222222
"Calystegia","Calystegia spithamaea",7,12,19,36.8421052631579,63.1578947368421
"Camassia","Camassia scilloides",3,0,3,100,0
"Campanula","Campanula glomerata",103,126,229,44.9781659388646,55.0218340611354
"Campanula","Campanula intercedens",10,98,108,9.25925925925926,90.7407407407407
"Campanula","Campanula persicifolia",6,19,25,24,76
"Campanula","Campanula poscharskyana",5,6,11,45.4545454545455,54.5454545454545
"Campanula","Campanula punctata",10,8,18,55.5555555555556,44.4444444444444
"Campanula","Campanula rapunculoides",52,291,343,15.1603498542274,84.8396501457726
"Campanula","Campanula trachelium",2,13,15,13.3333333333333,86.6666666666667
"Campanulastrum","Campanulastrum americanum",128,5,133,96.2406015037594,3.7593984962406
"Campsis","Campsis radicans",291,432,723,40.2489626556017,59.7510373443983
"Canna","Canna indica",1,0,1,100,0
"Capnoides","Capnoides sempervirens",42,143,185,22.7027027027027,77.2972972972973
"Capsella","Capsella bursa-pastoris",121,884,1005,12.0398009950249,87.9601990049751
"Cardamine","Cardamine angustata",43,0,43,100,0
"Cardamine","Cardamine bulbosa",93,13,106,87.7358490566038,12.2641509433962
"Cardamine","Cardamine concatenata",791,392,1183,66.8639053254438,33.1360946745562
"Cardamine","Cardamine diphylla",256,327,583,43.9108061749571,56.0891938250429
"Cardamine","Cardamine douglassii",41,25,66,62.1212121212121,37.8787878787879
"Cardamine","Cardamine flexuosa",3,0,3,100,0
"Cardamine","Cardamine hirsuta",472,498,970,48.659793814433,51.340206185567
"Cardamine","Cardamine impatiens",613,254,867,70.7035755478662,29.2964244521338
"Cardamine","Cardamine maxima",2,4,6,33.3333333333333,66.6666666666667
"Cardamine","Cardamine occulta",6,64,70,8.57142857142857,91.4285714285714
"Cardamine","Cardamine parviflora",7,1,8,87.5,12.5
"Cardamine","Cardamine pensylvanica",57,34,91,62.6373626373626,37.3626373626374
"Cardamine","Cardamine pratensis",46,125,171,26.9005847953216,73.0994152046784
"Cardamine","Cardamine rotundifolia",6,0,6,100,0
"Carduus","Carduus acanthoides",56,14,70,80,20
"Carduus","Carduus nutans",146,29,175,83.4285714285714,16.5714285714286
"Carex","Carex aggregata",1,0,1,100,0
"Carex","Carex alata",2,1,3,66.6666666666667,33.3333333333333
"Carex","Carex albursina",1,12,13,7.69230769230769,92.3076923076923
"Carex","Carex amphibola",3,6,9,33.3333333333333,66.6666666666667
"Carex","Carex annectens",1,7,8,12.5,87.5
"Carex","Carex arctata",1,2,3,33.3333333333333,66.6666666666667
"Carex","Carex baileyi",6,1,7,85.7142857142857,14.2857142857143
"Carex","Carex blanda",4,27,31,12.9032258064516,87.0967741935484
"Carex","Carex bromoides",2,5,7,28.5714285714286,71.4285714285714
"Carex","Carex bushii",6,6,12,50,50
"Carex","Carex canescens",1,7,8,12.5,87.5
"Carex","Carex cephalophora",1,6,7,14.2857142857143,85.7142857142857
"Carex","Carex communis",2,6,8,25,75
"Carex","Carex comosa",11,54,65,16.9230769230769,83.0769230769231
"Carex","Carex crinita",11,16,27,40.7407407407407,59.2592592592593
"Carex","Carex cristatella",2,9,11,18.1818181818182,81.8181818181818
"Carex","Carex davisii",6,3,9,66.6666666666667,33.3333333333333
"Carex","Carex debilis",3,4,7,42.8571428571429,57.1428571428571
"Carex","Carex folliculata",25,22,47,53.1914893617021,46.8085106382979
"Carex","Carex frankii",11,6,17,64.7058823529412,35.2941176470588
"Carex","Carex glaucodea",11,2,13,84.6153846153846,15.3846153846154
"Carex","Carex gracillima",1,19,20,5,95
"Carex","Carex granularis",8,19,27,29.6296296296296,70.3703703703704
"Carex","Carex grayi",90,72,162,55.5555555555556,44.4444444444444
"Carex","Carex gynandra",5,11,16,31.25,68.75
"Carex","Carex hirsutella",5,2,7,71.4285714285714,28.5714285714286
"Carex","Carex hirtifolia",1,4,5,20,80
"Carex","Carex hystericina",3,23,26,11.5384615384615,88.4615384615385
"Carex","Carex intumescens",62,134,196,31.6326530612245,68.3673469387755
"Carex","Carex jamesii",3,6,9,33.3333333333333,66.6666666666667
"Carex","Carex lacustris",3,8,11,27.2727272727273,72.7272727272727
"Carex","Carex laevivaginata",1,5,6,16.6666666666667,83.3333333333333
"Carex","Carex laxiculmis",1,6,7,14.2857142857143,85.7142857142857
"Carex","Carex laxiflora",3,2,5,60,40
"Carex","Carex leavenworthii",1,0,1,100,0
"Carex","Carex leptalea",2,10,12,16.6666666666667,83.3333333333333
"Carex","Carex lucorum",1,1,2,50,50
"Carex","Carex lupulina",15,30,45,33.3333333333333,66.6666666666667
"Carex","Carex lurida",123,212,335,36.7164179104478,63.2835820895522
"Carex","Carex molesta",1,1,2,50,50
"Carex","Carex pedunculata",1,18,19,5.26315789473684,94.7368421052632
"Carex","Carex pellita",1,6,7,14.2857142857143,85.7142857142857
"Carex","Carex pensylvanica",8,63,71,11.2676056338028,88.7323943661972
"Carex","Carex plantaginea",23,158,181,12.707182320442,87.292817679558
"Carex","Carex platyphylla",5,119,124,4.03225806451613,95.9677419354839
"Carex","Carex prasina",3,5,8,37.5,62.5
"Carex","Carex radiata",1,7,8,12.5,87.5
"Carex","Carex richardsonii",1,0,1,100,0
"Carex","Carex scabrata",10,9,19,52.6315789473684,47.3684210526316
"Carex","Carex scoparia",2,11,13,15.3846153846154,84.6153846153846
"Carex","Carex seorsa",1,4,5,20,80
"Carex","Carex shortiana",2,1,3,66.6666666666667,33.3333333333333
"Carex","Carex sparganioides",1,6,7,14.2857142857143,85.7142857142857
"Carex","Carex squarrosa",24,18,42,57.1428571428571,42.8571428571429
"Carex","Carex stipata",11,29,40,27.5,72.5
"Carex","Carex stricta",7,41,48,14.5833333333333,85.4166666666667
"Carex","Carex swanii",19,39,58,32.7586206896552,67.2413793103448
"Carex","Carex tonsa",4,4,8,50,50
"Carex","Carex torta",5,8,13,38.4615384615385,61.5384615384615
"Carex","Carex trichocarpa",6,6,12,50,50
"Carex","Carex umbellata",3,2,5,60,40
"Carex","Carex utriculata",4,16,20,20,80
"Carex","Carex virescens",5,1,6,83.3333333333333,16.6666666666667
"Carex","Carex vulpinoidea",32,59,91,35.1648351648352,64.8351648351648
"Carlina","Carlina vulgaris",2,9,11,18.1818181818182,81.8181818181818
"Carpinus","Carpinus caroliniana",233,342,575,40.5217391304348,59.4782608695652
"Carthamus","Carthamus tinctorius",1,7,8,12.5,87.5
"Carya","Carya alba",43,74,117,36.7521367521367,63.2478632478633
"Carya","Carya cordiformis",144,246,390,36.9230769230769,63.0769230769231
"Carya","Carya glabra",87,150,237,36.7088607594937,63.2911392405063
"Carya","Carya laciniosa",8,5,13,61.5384615384615,38.4615384615385
"Carya","Carya ovata",280,342,622,45.016077170418,54.983922829582
"Castanea","Castanea dentata",291,362,653,44.5635528330781,55.4364471669219
"Castanea","Castanea mollissima",31,20,51,60.7843137254902,39.2156862745098
"Castanea","Castanea pumila",1,0,1,100,0
"Castanea","Castanea sativa",6,5,11,54.5454545454545,45.4545454545455
"Castilleja","Castilleja coccinea",1,4,5,20,80
"Catalpa","Catalpa bignonioides",4,14,18,22.2222222222222,77.7777777777778
"Catalpa","Catalpa speciosa",193,319,512,37.6953125,62.3046875
"Catharanthus","Catharanthus roseus",2,2,4,50,50
"Caulophyllum","Caulophyllum giganteum",65,182,247,26.3157894736842,73.6842105263158
"Caulophyllum","Caulophyllum thalictroides",170,199,369,46.070460704607,53.929539295393
"Ceanothus","Ceanothus americanus",73,103,176,41.4772727272727,58.5227272727273
"Celastrus","Celastrus orbiculatus",954,2117,3071,31.0647997394985,68.9352002605015
"Celastrus","Celastrus scandens",47,89,136,34.5588235294118,65.4411764705882
"Celosia","Celosia argentea",17,25,42,40.4761904761905,59.5238095238095
"Celtis","Celtis occidentalis",243,342,585,41.5384615384615,58.4615384615385
"Celtis","Celtis tenuifolia",2,0,2,100,0
"Cenchrus","Cenchrus alopecuroides",36,22,58,62.0689655172414,37.9310344827586
"Cenchrus","Cenchrus spinifex",1,1,2,50,50
"Centaurea","Centaurea australis",3,3,6,50,50
"Centaurea","Centaurea cyanus",140,67,207,67.6328502415459,32.3671497584541
"Centaurea","Centaurea jacea",7,50,57,12.280701754386,87.719298245614
"Centaurea","Centaurea montana",9,17,26,34.6153846153846,65.3846153846154
"Centaurea","Centaurea nigra",1,0,1,100,0
"Centaurea","Centaurea nigrescens",6,17,23,26.0869565217391,73.9130434782609
"Centaurea","Centaurea stoebe",170,287,457,37.199124726477,62.800875273523
"Centaurium","Centaurium pulchellum",16,9,25,64,36
"Cephalanthus","Cephalanthus occidentalis",382,762,1144,33.3916083916084,66.6083916083916
"Cephalotaxus","Cephalotaxus harringtonia",2,35,37,5.4054054054054,94.5945945945946
"Cerastium","Cerastium arvense",6,8,14,42.8571428571429,57.1428571428571
"Cerastium","Cerastium fontanum",40,52,92,43.4782608695652,56.5217391304348
"Cerastium","Cerastium glomeratum",20,24,44,45.4545454545455,54.5454545454545
"Cerastium","Cerastium tomentosum",12,17,29,41.3793103448276,58.6206896551724
"Cerastium","Cerastium velutinum",46,2,48,95.8333333333333,4.16666666666667
"Ceratodon","Ceratodon purpureus",4,12,16,25,75
"Ceratophyllum","Ceratophyllum demersum",30,87,117,25.6410256410256,74.3589743589744
"Ceratostigma","Ceratostigma plumbaginoides",2,0,2,100,0
"Cercidiphyllum","Cercidiphyllum japonicum",35,53,88,39.7727272727273,60.2272727272727
"Cercis","Cercis canadensis",948,796,1744,54.3577981651376,45.6422018348624
"Chaenomeles","Chaenomeles japonica",10,13,23,43.4782608695652,56.5217391304348
"Chaenomeles","Chaenomeles speciosa",29,13,42,69.047619047619,30.952380952381
"Chaenorhinum","Chaenorhinum minus",17,29,46,36.9565217391304,63.0434782608696
"Chaerophyllum","Chaerophyllum bulbosum",1,0,1,100,0
"Chaerophyllum","Chaerophyllum procumbens",11,0,11,100,0
"Chaerophyllum","Chaerophyllum temulum",3,0,3,100,0
"Chaiturus","Chaiturus marrubiastrum",5,4,9,55.5555555555556,44.4444444444444
"Chamaecrista","Chamaecrista fasciculata",258,245,503,51.2922465208747,48.7077534791253
"Chamaecrista","Chamaecrista nictitans",15,19,34,44.1176470588235,55.8823529411765
"Chamaecyparis","Chamaecyparis thyoides",1,61,62,1.61290322580645,98.3870967741936
"Chamaedaphne","Chamaedaphne calyculata",39,162,201,19.4029850746269,80.5970149253731
"Chamaelirium","Chamaelirium luteum",15,0,15,100,0
"Chamaenerion","Chamaenerion angustifolium",5,55,60,8.33333333333333,91.6666666666667
"Chara","Chara vulgaris",1,5,6,16.6666666666667,83.3333333333333
"Chasmanthium","Chasmanthium latifolium",125,133,258,48.4496124031008,51.5503875968992
"Chelidonium","Chelidonium majus",1003,1614,2617,38.326327856324,61.673672143676
"Chelone","Chelone glabra",265,589,854,31.0304449648712,68.9695550351288
"Chelone","Chelone lyonii",37,22,59,62.7118644067797,37.2881355932203
"Chenopodiastrum","Chenopodiastrum simplex",1,2,3,33.3333333333333,66.6666666666667
"Chenopodium","Chenopodium album",143,981,1124,12.7224199288256,87.2775800711744
"Chenopodium","Chenopodium ficifolium",6,28,34,17.6470588235294,82.3529411764706
"Chimaphila","Chimaphila maculata",739,813,1552,47.6159793814433,52.3840206185567
"Chimaphila","Chimaphila umbellata",6,76,82,7.31707317073171,92.6829268292683
"Chionanthus","Chionanthus retusus",1,0,1,100,0
"Chionanthus","Chionanthus virginicus",118,98,216,54.6296296296296,45.3703703703704
"Chlorangiella","Chlorangiella pygmaea",1,0,1,100,0
"Chloris","Chloris virgata",1,0,1,100,0
"Chondrilla","Chondrilla juncea",1,3,4,25,75
"Chrysogonum","Chrysogonum virginianum",21,23,44,47.7272727272727,52.2727272727273
"Chrysosplenium","Chrysosplenium americanum",76,52,128,59.375,40.625
"Cichorium","Cichorium intybus",1080,1840,2920,36.986301369863,63.013698630137
"Cicuta","Cicuta bulbifera",4,17,21,19.047619047619,80.952380952381
"Cicuta","Cicuta maculata",43,59,102,42.156862745098,57.843137254902
"Cinna","Cinna arundinacea",25,14,39,64.1025641025641,35.8974358974359
"Circaea","Circaea alpina",9,12,21,42.8571428571429,57.1428571428571
"Circaea","Circaea canadensis",319,339,658,48.4802431610942,51.5197568389058
"Cirsium","Cirsium altissimum",3,0,3,100,0
"Cirsium","Cirsium arvense",973,895,1868,52.0877944325482,47.9122055674518
"Cirsium","Cirsium discolor",113,67,180,62.7777777777778,37.2222222222222
"Cirsium","Cirsium muticum",48,11,59,81.3559322033898,18.6440677966102
"Cirsium","Cirsium pumilum",14,18,32,43.75,56.25
"Cirsium","Cirsium vulgare",569,1327,1896,30.0105485232068,69.9894514767932
"Citrullus","Citrullus lanatus",48,34,82,58.5365853658537,41.4634146341463
"Citrus","Citrus trifoliata",45,21,66,68.1818181818182,31.8181818181818
"Cladrastis","Cladrastis kentukea",8,55,63,12.6984126984127,87.3015873015873
"Claopodium","Claopodium rostratum",2,10,12,16.6666666666667,83.3333333333333
"Claytonia","Claytonia caroliniana",217,300,517,41.972920696325,58.027079303675
"Claytonia","Claytonia perfoliata",2,1,3,66.6666666666667,33.3333333333333
"Claytonia","Claytonia virginica",1575,399,1974,79.7872340425532,20.2127659574468
"Claytosmunda","Claytosmunda claytoniana",247,390,637,38.7755102040816,61.2244897959184
"Clematis","Clematis flammula",1,2,3,33.3333333333333,66.6666666666667
"Clematis","Clematis terniflora",284,339,623,45.5858747993579,54.4141252006421
"Clematis","Clematis viorna",1,0,1,100,0
"Clematis","Clematis virginiana",279,335,614,45.4397394136808,54.5602605863192
"Clerodendrum","Clerodendrum trichotomum",7,5,12,58.3333333333333,41.6666666666667
"Clethra","Clethra alnifolia",183,818,1001,18.2817182817183,81.7182817182817
"Climacium","Climacium americanum",22,18,40,55,45
"Climacium","Climacium dendroides",1,2,3,33.3333333333333,66.6666666666667
"Clinopodium","Clinopodium vulgare",498,600,1098,45.3551912568306,54.6448087431694
"Clintonia","Clintonia borealis",45,394,439,10.250569476082,89.749430523918
"Clintonia","Clintonia umbellulata",24,1,25,96,4
"Closterium","Closterium aciculare",1,0,1,100,0
"Closterium","Closterium moniliferum",1,0,1,100,0
"Cochliasanthus","Cochliasanthus caracalla",1,0,1,100,0
"Coelastrum","Coelastrum cambricum",1,0,1,100,0
"Coincya","Coincya monensis",3,0,3,100,0
"Colchicum","Colchicum autumnale",3,12,15,20,80
"Coleataenia","Coleataenia anceps",4,2,6,66.6666666666667,33.3333333333333
"Coleataenia","Coleataenia rigidula",2,2,4,50,50
"Coleus","Coleus scutellarioides",1,2,3,33.3333333333333,66.6666666666667
"Collinsia","Collinsia verna",43,0,43,100,0
"Collinsonia","Collinsonia canadensis",286,197,483,59.2132505175983,40.7867494824017
"Colutea","Colutea arborescens",1,9,10,10,90
"Comandra","Comandra umbellata",27,49,76,35.5263157894737,64.4736842105263
"Comarum","Comarum palustre",2,58,60,3.33333333333333,96.6666666666667
"Commelina","Commelina communis",553,957,1510,36.6225165562914,63.3774834437086
"Commelina","Commelina erecta",2,0,2,100,0
"Comptonia","Comptonia peregrina",301,540,841,35.7907253269917,64.2092746730083
"Conium","Conium maculatum",478,39,517,92.4564796905222,7.54352030947776
"Conocephalum","Conocephalum salebrosum",100,117,217,46.0829493087558,53.9170506912442
"Conoclinium","Conoclinium coelestinum",362,204,566,63.9575971731449,36.0424028268551
"Conopholis","Conopholis americana",471,363,834,56.4748201438849,43.5251798561151
"Convallaria","Convallaria majalis",250,436,686,36.4431486880466,63.5568513119534
"Convolvulus","Convolvulus arvensis",94,356,450,20.8888888888889,79.1111111111111
"Convolvulus","Convolvulus tricolor",2,0,2,100,0
"Coptis","Coptis trifolia",93,231,324,28.7037037037037,71.2962962962963
"Corallorhiza","Corallorhiza maculata",3,12,15,20,80
"Corallorhiza","Corallorhiza odontorhiza",6,0,6,100,0
"Coreopsis","Coreopsis grandiflora",7,7,14,50,50
"Coreopsis","Coreopsis lanceolata",58,84,142,40.8450704225352,59.1549295774648
"Coreopsis","Coreopsis tinctoria",66,76,142,46.4788732394366,53.5211267605634
"Coreopsis","Coreopsis tripteris",67,2,69,97.1014492753623,2.89855072463768
"Coreopsis","Coreopsis verticillata",57,121,178,32.0224719101124,67.9775280898876
"Coriandrum","Coriandrum sativum",6,8,14,42.8571428571429,57.1428571428571
"Cornus","Cornus alternifolia",102,123,225,45.3333333333333,54.6666666666667
"Cornus","Cornus amomum",130,240,370,35.1351351351351,64.8648648648649
"Cornus","Cornus canadensis",29,483,512,5.6640625,94.3359375
"Cornus","Cornus drummondii",2,2,4,50,50
"Cornus","Cornus florida",731,512,1243,58.8093322606597,41.1906677393403
"Cornus","Cornus kousa",33,221,254,12.992125984252,87.007874015748
"Cornus","Cornus mas",75,173,248,30.241935483871,69.758064516129
"Cornus","Cornus obliqua",1,1,2,50,50
"Cornus","Cornus officinalis",1,3,4,25,75
"Cornus","Cornus racemosa",32,180,212,15.0943396226415,84.9056603773585
"Cornus","Cornus rugosa",1,38,39,2.56410256410256,97.4358974358974
"Cornus","Cornus sanguinea",6,0,6,100,0
"Cornus","Cornus sericea",48,161,209,22.9665071770335,77.0334928229665
"Coronilla","Coronilla varia",1159,1002,2161,53.6325775104118,46.3674224895882
"Cortaderia","Cortaderia selloana",1,1,2,50,50
"Corydalis","Corydalis cheilanthifolia",5,50,55,9.09090909090909,90.9090909090909
"Corydalis","Corydalis flavula",182,6,188,96.8085106382979,3.19148936170213
"Corydalis","Corydalis incisa",134,95,229,58.5152838427948,41.4847161572052
"Corydalis","Corydalis solida",1,44,45,2.22222222222222,97.7777777777778
"Corylus","Corylus americana",62,72,134,46.2686567164179,53.7313432835821
"Corylus","Corylus avellana",1,3,4,25,75
"Corylus","Corylus cornuta",14,47,61,22.9508196721311,77.0491803278689
"Coryphopteris","Coryphopteris simulata",2,0,2,100,0
"Cosmos","Cosmos bipinnatus",151,149,300,50.3333333333333,49.6666666666667
"Cosmos","Cosmos sulphureus",104,121,225,46.2222222222222,53.7777777777778
"Cotinus","Cotinus coggygria",4,323,327,1.22324159021407,98.7767584097859
"Cotinus","Cotinus obovatus",1,0,1,100,0
"Cotoneaster","Cotoneaster divaricatus",1,2,3,33.3333333333333,66.6666666666667
"Cotoneaster","Cotoneaster horizontalis",1,6,7,14.2857142857143,85.7142857142857
"Crataegus","Crataegus coccinea",1,1,2,50,50
"Crataegus","Crataegus crus-galli",9,7,16,56.25,43.75
"Crataegus","Crataegus marshallii",1,7,8,12.5,87.5
"Crataegus","Crataegus mollis",2,11,13,15.3846153846154,84.6153846153846
"Crataegus","Crataegus monogyna",8,17,25,32,68
"Crataegus","Crataegus pennsylvanica",1,0,1,100,0
"Crataegus","Crataegus phaenopyrum",13,8,21,61.9047619047619,38.0952380952381
"Crataegus","Crataegus pruinosa",3,3,6,50,50
"Crataegus","Crataegus punctata",13,21,34,38.2352941176471,61.7647058823529
"Crataegus","Crataegus schuettei",1,0,1,100,0
"Crataegus","Crataegus succulenta",1,0,1,100,0
"Crepis","Crepis biennis",1,0,1,100,0
"Crocanthemum","Crocanthemum canadense",1,44,45,2.22222222222222,97.7777777777778
"Crocosmia","Crocosmia crocosmiiflora",2,1,3,66.6666666666667,33.3333333333333
"Crocus","Crocus chrysanthus",1,4,5,20,80
"Crocus","Crocus kotschyanus",1,0,1,100,0
"Crocus","Crocus nivalis",1,4,5,20,80
"Crocus","Crocus speciosus",1,2,3,33.3333333333333,66.6666666666667
"Crocus","Crocus tommasinianus",16,42,58,27.5862068965517,72.4137931034483
"Crocus","Crocus vernus",1,2,3,33.3333333333333,66.6666666666667
"Crotalaria","Crotalaria sagittalis",1,0,1,100,0
"Croton","Croton glandulosus",2,9,11,18.1818181818182,81.8181818181818
"Cruciata","Cruciata pedemontana",3,3,6,50,50
"Cryptotaenia","Cryptotaenia canadensis",243,103,346,70.2312138728324,29.7687861271676
"Cubelium","Cubelium concolor",7,18,25,28,72
"Cucumis","Cucumis melo",6,13,19,31.578947368421,68.421052631579
"Cucumis","Cucumis sativus",78,101,179,43.5754189944134,56.4245810055866
"Cucurbita","Cucurbita maxima",9,7,16,56.25,43.75
"Cucurbita","Cucurbita moschata",4,2,6,66.6666666666667,33.3333333333333
"Cucurbita","Cucurbita pepo",21,39,60,35,65
"Cunila","Cunila origanoides",36,7,43,83.7209302325581,16.2790697674419
"Cunninghamia","Cunninghamia lanceolata",1,0,1,100,0
"Cuphea","Cuphea viscosissima",22,1,23,95.6521739130435,4.34782608695652
"Cuscuta","Cuscuta campestris",9,4,13,69.2307692307692,30.7692307692308
"Cuscuta","Cuscuta gronovii",12,15,27,44.4444444444444,55.5555555555556
"Cyclospermum","Cyclospermum leptophyllum",1,3,4,25,75
"Cydonia","Cydonia oblonga",6,31,37,16.2162162162162,83.7837837837838
"Cymbalaria","Cymbalaria muralis",192,140,332,57.8313253012048,42.1686746987952
"Cynanchum","Cynanchum laeve",5,6,11,45.4545454545455,54.5454545454545
"Cynodon","Cynodon dactylon",11,17,28,39.2857142857143,60.7142857142857
"Cynoglossum","Cynoglossum amabile",17,24,41,41.4634146341463,58.5365853658537
"Cynoglossum","Cynoglossum officinale",7,5,12,58.3333333333333,41.6666666666667
"Cyperus","Cyperus bipartitus",6,20,26,23.0769230769231,76.9230769230769
"Cyperus","Cyperus brevifolioides",1,10,11,9.09090909090909,90.9090909090909
"Cyperus","Cyperus brevifolius",3,2,5,60,40
"Cyperus","Cyperus dentatus",1,9,10,10,90
"Cyperus","Cyperus difformis",2,4,6,33.3333333333333,66.6666666666667
"Cyperus","Cyperus echinatus",2,9,11,18.1818181818182,81.8181818181818
"Cyperus","Cyperus erythrorhizos",2,8,10,20,80
"Cyperus","Cyperus esculentus",76,75,151,50.3311258278146,49.6688741721854
"Cyperus","Cyperus flavescens",4,4,8,50,50
"Cyperus","Cyperus iria",1,21,22,4.54545454545455,95.4545454545455
"Cyperus","Cyperus microiria",1,9,10,10,90
"Cyperus","Cyperus odoratus",4,19,23,17.3913043478261,82.6086956521739
"Cyperus","Cyperus squarrosus",1,8,9,11.1111111111111,88.8888888888889
"Cyperus","Cyperus strigosus",63,63,126,50,50
"Cypripedium","Cypripedium acaule",295,637,932,31.6523605150215,68.3476394849785
"Cypripedium","Cypripedium parviflorum",4,7,11,36.3636363636364,63.6363636363636
"Cypripedium","Cypripedium reginae",1,0,1,100,0
"Cyrtomium","Cyrtomium falcatum",1,2,3,33.3333333333333,66.6666666666667
"Cyrtomium","Cyrtomium fortunei",5,3,8,62.5,37.5
"Cyrtosia","Cyrtosia septentrionalis",1,0,1,100,0
"Cystopteris","Cystopteris bulbifera",3,87,90,3.33333333333333,96.6666666666667
"Cystopteris","Cystopteris fragilis",1,3,4,25,75
"Cystopteris","Cystopteris protrusa",7,0,7,100,0
"Cystopteris","Cystopteris tenuis",6,14,20,30,70
"Cytisus","Cytisus scoparius",1,10,11,9.09090909090909,90.9090909090909
"Dactylis","Dactylis glomerata",276,560,836,33.0143540669856,66.9856459330144
"Dalibarda","Dalibarda repens",48,85,133,36.0902255639098,63.9097744360902
"Danthonia","Danthonia compressa",10,3,13,76.9230769230769,23.0769230769231
"Danthonia","Danthonia sericea",1,0,1,100,0
"Danthonia","Danthonia spicata",39,64,103,37.8640776699029,62.1359223300971
"Dasiphora","Dasiphora fruticosa",95,180,275,34.5454545454545,65.4545454545455
"Datura","Datura innoxia",2,5,7,28.5714285714286,71.4285714285714
"Datura","Datura metel",2,1,3,66.6666666666667,33.3333333333333
"Datura","Datura stramonium",231,462,693,33.3333333333333,66.6666666666667
"Datura","Datura wrightii",15,38,53,28.3018867924528,71.6981132075472
"Daucus","Daucus carota",1129,1924,3053,36.9800196528005,63.0199803471995
"Decodon","Decodon verticillatus",47,147,194,24.2268041237113,75.7731958762887
"Delphinium","Delphinium ajacis",34,7,41,82.9268292682927,17.0731707317073
"Delphinium","Delphinium tricorne",103,0,103,100,0
"Dendrolycopodium","Dendrolycopodium dendroideum",31,65,96,32.2916666666667,67.7083333333333
"Dendrolycopodium","Dendrolycopodium hickeyi",7,8,15,46.6666666666667,53.3333333333333
"Dendrolycopodium","Dendrolycopodium obscurum",149,78,227,65.6387665198238,34.3612334801762
"Deparia","Deparia acrostichoides",110,34,144,76.3888888888889,23.6111111111111
"Deschampsia","Deschampsia cespitosa",3,1,4,75,25
"Desmanthus","Desmanthus illinoensis",4,0,4,100,0
"Desmidium","Desmidium swartzii",1,0,1,100,0
"Desmodium","Desmodium canadense",58,143,201,28.8557213930348,71.1442786069652
"Desmodium","Desmodium canescens",7,6,13,53.8461538461538,46.1538461538462
"Desmodium","Desmodium glabellum",24,5,29,82.7586206896552,17.2413793103448
"Desmodium","Desmodium marilandicum",5,22,27,18.5185185185185,81.4814814814815
"Desmodium","Desmodium nuttallii",1,0,1,100,0
"Desmodium","Desmodium paniculatum",87,90,177,49.1525423728814,50.8474576271186
"Desmodium","Desmodium perplexum",4,6,10,40,60
"Desmodium","Desmodium rotundifolium",8,6,14,57.1428571428571,42.8571428571429
"Deutzia","Deutzia crenata",19,4,23,82.6086956521739,17.3913043478261
"Deutzia","Deutzia scabra",19,21,40,47.5,52.5
"Dianthera","Dianthera americana",61,16,77,79.2207792207792,20.7792207792208
"Dianthus","Dianthus armeria",460,609,1069,43.0308699719364,56.9691300280636
"Dianthus","Dianthus barbatus",181,211,392,46.1734693877551,53.8265306122449
"Dianthus","Dianthus deltoides",3,77,80,3.75,96.25
"Dianthus","Dianthus plumarius",1,0,1,100,0
"Diarrhena","Diarrhena americana",1,0,1,100,0
"Dicentra","Dicentra canadensis",149,69,218,68.348623853211,31.651376146789
"Dicentra","Dicentra cucullaria",515,308,823,62.5759416767922,37.4240583232078
"Dicentra","Dicentra eximia",5,29,34,14.7058823529412,85.2941176470588
"Dichanthelium","Dichanthelium boscii",14,4,18,77.7777777777778,22.2222222222222
"Dichanthelium","Dichanthelium clandestinum",201,135,336,59.8214285714286,40.1785714285714
"Dichanthelium","Dichanthelium columbianum",1,2,3,33.3333333333333,66.6666666666667
"Dichanthelium","Dichanthelium commutatum",1,1,2,50,50
"Dichanthelium","Dichanthelium depauperatum",7,7,14,50,50
"Dichanthelium","Dichanthelium dichotomum",2,3,5,40,60
"Dichanthelium","Dichanthelium lanuginosum",3,1,4,75,25
"Dichanthelium","Dichanthelium latifolium",3,4,7,42.8571428571429,57.1428571428571
"Dichanthelium","Dichanthelium laxiflorum",1,0,1,100,0
"Dichanthelium","Dichanthelium linearifolium",2,6,8,25,75
"Dichanthelium","Dichanthelium microcarpon",5,1,6,83.3333333333333,16.6666666666667
"Dichanthelium","Dichanthelium scoparium",1,0,1,100,0
"Dichanthelium","Dichanthelium scribnerianum",1,4,5,20,80
"Dicranum","Dicranum scoparium",9,19,28,32.1428571428571,67.8571428571429
"Dictyosphaerium","Dictyosphaerium ehrenbergianum",1,0,1,100,0
"Diervilla","Diervilla lonicera",62,195,257,24.124513618677,75.875486381323
"Digitalis","Digitalis grandiflora",23,33,56,41.0714285714286,58.9285714285714
"Digitalis","Digitalis lanata",7,1,8,87.5,12.5
"Digitalis","Digitalis lutea",3,7,10,30,70
"Digitalis","Digitalis purpurea",143,140,283,50.530035335689,49.469964664311
"Digitaria","Digitaria ciliaris",1,3,4,25,75
"Digitaria","Digitaria ischaemum",2,8,10,20,80
"Digitaria","Digitaria sanguinalis",4,23,27,14.8148148148148,85.1851851851852
"Dioscorea","Dioscorea polystachya",20,33,53,37.7358490566038,62.2641509433962
"Dioscorea","Dioscorea quaternata",1,0,1,100,0
"Dioscorea","Dioscorea villosa",239,71,310,77.0967741935484,22.9032258064516
"Diospyros","Diospyros virginiana",101,52,153,66.0130718954248,33.9869281045752
"Diphasiastrum","Diphasiastrum digitatum",357,210,567,62.962962962963,37.037037037037
"Diphasiastrum","Diphasiastrum tristachyum",1,11,12,8.33333333333333,91.6666666666667
"Diplophyllum","Diplophyllum apiculatum",1,1,2,50,50
"Diplotaxis","Diplotaxis tenuifolia",2,12,14,14.2857142857143,85.7142857142857
"Dipsacus","Dipsacus fullonum",685,488,1173,58.3972719522592,41.6027280477408
"Dipsacus","Dipsacus laciniatus",105,155,260,40.3846153846154,59.6153846153846
"Dirca","Dirca palustris",16,50,66,24.2424242424242,75.7575757575758
"Distichlis","Distichlis spicata",1,42,43,2.32558139534884,97.6744186046512
"Dodecatheon","Dodecatheon amethystinum",2,0,2,100,0
"Dodecatheon","Dodecatheon meadia",30,22,52,57.6923076923077,42.3076923076923
"Doellingeria","Doellingeria infirma",2,0,2,100,0
"Doellingeria","Doellingeria umbellata",60,117,177,33.8983050847458,66.1016949152542
"Draba","Draba verna",107,219,326,32.8220858895706,67.1779141104294
"Dracunculus","Dracunculus vulgaris",2,0,2,100,0
"Drosera","Drosera filiformis",2,0,2,100,0
"Drosera","Drosera intermedia",13,60,73,17.8082191780822,82.1917808219178
"Drosera","Drosera rotundifolia",78,176,254,30.7086614173228,69.2913385826772
"Drymocallis","Drymocallis arguta",1,17,18,5.55555555555556,94.4444444444444
"Dryopteris","Dryopteris boottii",1,2,3,33.3333333333333,66.6666666666667
"Dryopteris","Dryopteris carthusiana",151,82,233,64.8068669527897,35.1931330472103
"Dryopteris","Dryopteris clintoniana",1,8,9,11.1111111111111,88.8888888888889
"Dryopteris","Dryopteris cristata",23,37,60,38.3333333333333,61.6666666666667
"Dryopteris","Dryopteris erythrosora",13,37,50,26,74
"Dryopteris","Dryopteris goldieana",13,48,61,21.3114754098361,78.6885245901639
"Dryopteris","Dryopteris intermedia",589,610,1199,49.1242702251877,50.8757297748123
"Dryopteris","Dryopteris marginalis",321,489,810,39.6296296296296,60.3703703703704
"Dryopteris","Dryopteris triploidea",1,0,1,100,0
"Dulichium","Dulichium arundinaceum",53,79,132,40.1515151515151,59.8484848484849
"Dysphania","Dysphania ambrosioides",25,310,335,7.46268656716418,92.5373134328358
"Dysphania","Dysphania atriplicifolia",2,35,37,5.4054054054054,94.5945945945946
"Dysphania","Dysphania pumilio",35,438,473,7.39957716701903,92.600422832981
"Dyssodia","Dyssodia papposa",20,8,28,71.4285714285714,28.5714285714286
"Echinacea","Echinacea pallida",1,6,7,14.2857142857143,85.7142857142857
"Echinacea","Echinacea purpurea",185,173,358,51.6759776536313,48.3240223463687
"Echinochloa","Echinochloa crus-galli",30,114,144,20.8333333333333,79.1666666666667
"Echinochloa","Echinochloa muricata",2,4,6,33.3333333333333,66.6666666666667
"Echinocystis","Echinocystis lobata",158,430,588,26.8707482993197,73.1292517006803
"Echium","Echium vulgare",118,264,382,30.8900523560209,69.109947643979
"Eclipta","Eclipta prostrata",62,108,170,36.4705882352941,63.5294117647059
"Elaeagnus","Elaeagnus pungens",3,0,3,100,0
"Elaeagnus","Elaeagnus umbellata",990,1365,2355,42.0382165605096,57.9617834394904
"Eleocharis","Eleocharis acicularis",2,5,7,28.5714285714286,71.4285714285714
"Eleocharis","Eleocharis obtusa",4,9,13,30.7692307692308,69.2307692307692
"Eleocharis","Eleocharis palustris",1,1,2,50,50
"Eleocharis","Eleocharis tenuis",1,1,2,50,50
"Elephantopus","Elephantopus carolinianus",20,0,20,100,0
"Eleusine","Eleusine indica",71,283,354,20.0564971751412,79.9435028248588
"Eleutherococcus","Eleutherococcus sieboldianus",43,76,119,36.1344537815126,63.8655462184874
"Ellisia","Ellisia nyctelea",5,0,5,100,0
"Elodea","Elodea canadensis",21,50,71,29.5774647887324,70.4225352112676
"Elodea","Elodea nuttallii",2,3,5,40,60
"Elsholtzia","Elsholtzia ciliata",7,17,24,29.1666666666667,70.8333333333333
"Elymus","Elymus canadensis",4,19,23,17.3913043478261,82.6086956521739
"Elymus","Elymus hystrix",125,145,270,46.2962962962963,53.7037037037037
"Elymus","Elymus repens",8,7,15,53.3333333333333,46.6666666666667
"Elymus","Elymus riparius",7,5,12,58.3333333333333,41.6666666666667
"Elymus","Elymus villosus",3,3,6,50,50
"Elymus","Elymus virginicus",16,36,52,30.7692307692308,69.2307692307692
"Endodeca","Endodeca serpentaria",19,1,20,95,5
"Enemion","Enemion biternatum",6,0,6,100,0
"Entodon","Entodon seductrix",36,86,122,29.5081967213115,70.4918032786885
"Epifagus","Epifagus virginiana",208,276,484,42.9752066115703,57.0247933884297
"Epigaea","Epigaea repens",161,247,408,39.4607843137255,60.5392156862745
"Epilobium","Epilobium ciliatum",7,12,19,36.8421052631579,63.1578947368421
"Epilobium","Epilobium coloratum",83,50,133,62.406015037594,37.593984962406
"Epilobium","Epilobium hirsutum",29,44,73,39.7260273972603,60.2739726027397
"Epilobium","Epilobium parviflorum",3,11,14,21.4285714285714,78.5714285714286
"Epimedium","Epimedium versicolor",3,2,5,60,40
"Epipactis","Epipactis helleborine",184,609,793,23.203026481715,76.796973518285
"Equisetum","Equisetum arvense",185,341,526,35.171102661597,64.828897338403
"Equisetum","Equisetum hyemale",26,82,108,24.0740740740741,75.9259259259259
"Equisetum","Equisetum praealtum",22,82,104,21.1538461538462,78.8461538461538
"Equisetum","Equisetum sylvaticum",7,44,51,13.7254901960784,86.2745098039216
"Eragrostis","Eragrostis capillaris",1,0,1,100,0
"Eragrostis","Eragrostis cilianensis",1,5,6,16.6666666666667,83.3333333333333
"Eragrostis","Eragrostis hypnoides",3,2,5,60,40
"Eragrostis","Eragrostis minor",1,1,2,50,50
"Eragrostis","Eragrostis pectinacea",1,2,3,33.3333333333333,66.6666666666667
"Eragrostis","Eragrostis spectabilis",10,19,29,34.4827586206897,65.5172413793103
"Eranthis","Eranthis hyemalis",272,258,530,51.3207547169811,48.6792452830189
"Erechtites","Erechtites hieraciifolius",1284,1234,2518,50.9928514694202,49.0071485305798
"Erigenia","Erigenia bulbosa",33,0,33,100,0
"Erigeron","Erigeron annuus",62,296,358,17.3184357541899,82.68156424581
"Erigeron","Erigeron canadensis",257,953,1210,21.2396694214876,78.7603305785124
"Erigeron","Erigeron philadelphicus",601,489,1090,55.1376146788991,44.8623853211009
"Erigeron","Erigeron pulchellus",34,69,103,33.0097087378641,66.9902912621359
"Erigeron","Erigeron strigosus",69,149,218,31.651376146789,68.348623853211
"Eriocapitella","Eriocapitella hupehensis",2,0,2,100,0
"Eriocaulon","Eriocaulon aquaticum",2,53,55,3.63636363636364,96.3636363636364
"Eriophorum","Eriophorum virginicum",61,84,145,42.0689655172414,57.9310344827586
"Eriophorum","Eriophorum viridicarinatum",1,8,9,11.1111111111111,88.8888888888889
"Erodium","Erodium cicutarium",58,191,249,23.293172690763,76.7068273092369
"Eruca","Eruca vesicaria",7,4,11,63.6363636363636,36.3636363636364
"Eryngium","Eryngium yuccifolium",30,32,62,48.3870967741936,51.6129032258064
"Erysimum","Erysimum capitatum",2,1,3,66.6666666666667,33.3333333333333
"Erysimum","Erysimum cheiranthoides",1,24,25,4,96
"Erysimum","Erysimum cheiri",2,1,3,66.6666666666667,33.3333333333333
"Erysimum","Erysimum repandum",1,0,1,100,0
"Erythranthe","Erythranthe guttata",1,1,2,50,50
"Erythronium","Erythronium albidum",33,20,53,62.2641509433962,37.7358490566038
"Erythronium","Erythronium americanum",1076,1515,2591,41.5283674257044,58.4716325742956
"Eschscholzia","Eschscholzia californica",9,50,59,15.2542372881356,84.7457627118644
"Euastrum","Euastrum verrucosum",1,0,1,100,0
"Eubotrys","Eubotrys racemosa",1,21,22,4.54545454545455,95.4545454545455
"Euonymus","Euonymus alatus",1153,1387,2540,45.3937007874016,54.6062992125984
"Euonymus","Euonymus americanus",58,1,59,98.3050847457627,1.69491525423729
"Euonymus","Euonymus atropurpureus",46,2,48,95.8333333333333,4.16666666666667
"Euonymus","Euonymus europaeus",10,24,34,29.4117647058824,70.5882352941177
"Euonymus","Euonymus fortunei",388,923,1311,29.5957284515637,70.4042715484363
"Euonymus","Euonymus japonicus",6,69,75,8,92
"Euonymus","Euonymus obovatus",10,8,18,55.5555555555556,44.4444444444444
"Eupatorium","Eupatorium album",1,1,2,50,50
"Eupatorium","Eupatorium altissimum",23,26,49,46.9387755102041,53.0612244897959
"Eupatorium","Eupatorium cannabinum",1,3,4,25,75
"Eupatorium","Eupatorium capillifolium",8,3,11,72.7272727272727,27.2727272727273
"Eupatorium","Eupatorium godfreyanum",1,0,1,100,0
"Eupatorium","Eupatorium hyssopifolium",14,47,61,22.9508196721311,77.0491803278689
"Eupatorium","Eupatorium perfoliatum",466,641,1107,42.0957542908762,57.9042457091238
"Eupatorium","Eupatorium pilosum",5,12,17,29.4117647058824,70.5882352941177
"Eupatorium","Eupatorium rotundifolium",5,0,5,100,0
"Eupatorium","Eupatorium serotinum",420,278,698,60.1719197707736,39.8280802292264
"Eupatorium","Eupatorium sessilifolium",7,6,13,53.8461538461538,46.1538461538462
"Eupatorium","Eupatorium torreyanum",4,6,10,40,60
"Eupatorium","Eupatorium truncatum",1,1,2,50,50
"Euphorbia","Euphorbia amygdaloides",2,10,12,16.6666666666667,83.3333333333333
"Euphorbia","Euphorbia corollata",47,15,62,75.8064516129032,24.1935483870968
"Euphorbia","Euphorbia cyparissias",147,294,441,33.3333333333333,66.6666666666667
"Euphorbia","Euphorbia davidii",1,6,7,14.2857142857143,85.7142857142857
"Euphorbia","Euphorbia dentata",4,8,12,33.3333333333333,66.6666666666667
"Euphorbia","Euphorbia epithymoides",1,6,7,14.2857142857143,85.7142857142857
"Euphorbia","Euphorbia esula",1,1,2,50,50
"Euphorbia","Euphorbia helioscopia",8,9,17,47.0588235294118,52.9411764705882
"Euphorbia","Euphorbia heterophylla",1,1,2,50,50
"Euphorbia","Euphorbia humistrata",3,0,3,100,0
"Euphorbia","Euphorbia hypericifolia",4,16,20,20,80
"Euphorbia","Euphorbia lathyris",63,13,76,82.8947368421053,17.1052631578947
"Euphorbia","Euphorbia maculata",200,636,836,23.9234449760766,76.0765550239234
"Euphorbia","Euphorbia marginata",28,23,51,54.9019607843137,45.0980392156863
"Euphorbia","Euphorbia nutans",52,50,102,50.9803921568627,49.0196078431373
"Euphorbia","Euphorbia oblongata",1,2,3,33.3333333333333,66.6666666666667
"Euphorbia","Euphorbia ophthalmica",2,12,14,14.2857142857143,85.7142857142857
"Euphorbia","Euphorbia palustris",1,0,1,100,0
"Euphorbia","Euphorbia peplus",39,104,143,27.2727272727273,72.7272727272727
"Euphorbia","Euphorbia polygonifolia",3,65,68,4.41176470588235,95.5882352941177
"Euphorbia","Euphorbia prostrata",5,0,5,100,0
"Euphorbia","Euphorbia serpens",2,6,8,25,75
"Euphorbia","Euphorbia spathulata",1,0,1,100,0
"Eurybia","Eurybia divaricata",327,607,934,35.0107066381156,64.9892933618844
"Eurybia","Eurybia macrophylla",36,60,96,37.5,62.5
"Eurybia","Eurybia schreberi",20,11,31,64.5161290322581,35.4838709677419
"Euthamia","Euthamia graminifolia",470,417,887,52.9875986471251,47.0124013528749
"Eutrochium","Eutrochium dubium",4,21,25,16,84
"Eutrochium","Eutrochium fistulosum",183,30,213,85.9154929577465,14.0845070422535
"Eutrochium","Eutrochium maculatum",55,291,346,15.8959537572254,84.1040462427746
"Eutrochium","Eutrochium purpureum",68,45,113,60.1769911504425,39.8230088495575
"Exochorda","Exochorda racemosa",1,1,2,50,50
"Facelis","Facelis retusa",1,0,1,100,0
"Fagopyrum","Fagopyrum esculentum",19,26,45,42.2222222222222,57.7777777777778
"Fagus","Fagus grandifolia",1512,2168,3680,41.0869565217391,58.9130434782609
"Fagus","Fagus sylvatica",17,229,246,6.91056910569106,93.089430894309
"Fallopia","Fallopia convolvulus",14,48,62,22.5806451612903,77.4193548387097
"Fallopia","Fallopia dumetorum",1,3,4,25,75
"Fallopia","Fallopia scandens",133,144,277,48.014440433213,51.985559566787
"Fatoua","Fatoua villosa",25,182,207,12.0772946859903,87.9227053140097
"Festuca","Festuca subverticillata",5,3,8,62.5,37.5
"Ficaria","Ficaria verna",1424,4410,5834,24.4086390126843,75.5913609873157
"Filipendula","Filipendula rubra",27,43,70,38.5714285714286,61.4285714285714
"Filipendula","Filipendula ulmaria",1,67,68,1.47058823529412,98.5294117647059
"Filipendula","Filipendula vulgaris",1,4,5,20,80
"Fimbristylis","Fimbristylis autumnalis",1,0,1,100,0
"Fissidens","Fissidens bryoides",1,0,1,100,0
"Fissidens","Fissidens fontanus",2,2,4,50,50
"Floerkea","Floerkea proserpinacoides",123,9,132,93.1818181818182,6.81818181818182
"Foeniculum","Foeniculum vulgare",8,41,49,16.3265306122449,83.6734693877551
"Fontinalis","Fontinalis antipyretica",2,6,8,25,75
"Fontinalis","Fontinalis novae-angliae",1,0,1,100,0
"Forsstroemia","Forsstroemia trichomitria",2,1,3,66.6666666666667,33.3333333333333
"Forsythia","Forsythia intermedia",60,100,160,37.5,62.5
"Fothergilla","Fothergilla gardenii",3,0,3,100,0
"Fragaria","Fragaria ananassa",1,18,19,5.26315789473684,94.7368421052632
"Fragaria","Fragaria vesca",54,92,146,36.986301369863,63.013698630137
"Fragaria","Fragaria virginiana",92,274,366,25.1366120218579,74.8633879781421
"Frangula","Frangula alnus",224,360,584,38.3561643835616,61.6438356164384
"Frasera","Frasera caroliniensis",5,2,7,71.4285714285714,28.5714285714286
"Fraxinus","Fraxinus americana",78,232,310,25.1612903225806,74.8387096774194
"Fraxinus","Fraxinus nigra",12,26,38,31.578947368421,68.421052631579
"Fraxinus","Fraxinus pennsylvanica",47,169,216,21.7592592592593,78.2407407407407
"Froelichia","Froelichia gracilis",2,28,30,6.66666666666667,93.3333333333333
"Frullania","Frullania eboracensis",37,31,68,54.4117647058824,45.5882352941176
"Fumaria","Fumaria officinalis",1,0,1,100,0
"Funaria","Funaria hygrometrica",7,13,20,35,65
"Gaillardia","Gaillardia pulchella",19,59,78,24.3589743589744,75.6410256410256
"Galanthus","Galanthus elwesii",25,83,108,23.1481481481481,76.8518518518518
"Galanthus","Galanthus nivalis",308,250,558,55.1971326164875,44.8028673835125
"Galanthus","Galanthus woronowii",2,3,5,40,60
"Galearis","Galearis spectabilis",104,3,107,97.196261682243,2.80373831775701
"Galega","Galega officinalis",8,4,12,66.6666666666667,33.3333333333333
"Galeopsis","Galeopsis bifida",6,6,12,50,50
"Galeopsis","Galeopsis tetrahit",4,39,43,9.30232558139535,90.6976744186046
"Galinsoga","Galinsoga parviflora",11,64,75,14.6666666666667,85.3333333333333
"Galinsoga","Galinsoga quadriradiata",247,527,774,31.9121447028424,68.0878552971576
"Galium","Galium album",2,12,14,14.2857142857143,85.7142857142857
"Galium","Galium aparine",660,893,1553,42.498390212492,57.501609787508
"Galium","Galium asprellum",4,3,7,57.1428571428571,42.8571428571429
"Galium","Galium boreale",4,8,12,33.3333333333333,66.6666666666667
"Galium","Galium circaezans",50,24,74,67.5675675675676,32.4324324324324
"Galium","Galium concinnum",2,0,2,100,0
"Galium","Galium lanceolatum",7,3,10,70,30
"Galium","Galium latifolium",4,0,4,100,0
"Galium","Galium mollugo",153,144,297,51.5151515151515,48.4848484848485
"Galium","Galium obtusum",1,2,3,33.3333333333333,66.6666666666667
"Galium","Galium odoratum",90,264,354,25.4237288135593,74.5762711864407
"Galium","Galium palustre",6,17,23,26.0869565217391,73.9130434782609
"Galium","Galium pilosum",5,2,7,71.4285714285714,28.5714285714286
"Galium","Galium tinctorium",4,3,7,57.1428571428571,42.8571428571429
"Galium","Galium triflorum",105,48,153,68.6274509803922,31.3725490196078
"Gamochaeta","Gamochaeta purpurea",1,1,2,50,50
"Gaultheria","Gaultheria hispidula",2,88,90,2.22222222222222,97.7777777777778
"Gaultheria","Gaultheria procumbens",346,597,943,36.6914103923648,63.3085896076352
"Gaylussacia","Gaylussacia baccata",31,258,289,10.7266435986159,89.2733564013841
"Gaylussacia","Gaylussacia brachycera",3,0,3,100,0
"Gaylussacia","Gaylussacia frondosa",7,21,28,25,75
"Gentiana","Gentiana andrewsii",30,14,44,68.1818181818182,31.8181818181818
"Gentiana","Gentiana clausa",61,40,101,60.3960396039604,39.6039603960396
"Gentiana","Gentiana linearis",15,140,155,9.67741935483871,90.3225806451613
"Gentiana","Gentiana saponaria",1,0,1,100,0
"Gentianopsis","Gentianopsis crinita",10,33,43,23.2558139534884,76.7441860465116
"Geranium","Geranium carolinianum",55,82,137,40.1459854014599,59.8540145985401
"Geranium","Geranium columbinum",1,0,1,100,0
"Geranium","Geranium dissectum",12,12,24,50,50
"Geranium","Geranium lucidum",1,1,2,50,50
"Geranium","Geranium macrorrhizum",2,30,32,6.25,93.75
"Geranium","Geranium maculatum",930,1229,2159,43.0754979157017,56.9245020842983
"Geranium","Geranium molle",15,6,21,71.4285714285714,28.5714285714286
"Geranium","Geranium pratense",1,3,4,25,75
"Geranium","Geranium pusillum",6,23,29,20.6896551724138,79.3103448275862
"Geranium","Geranium robertianum",129,802,931,13.8560687432868,86.1439312567132
"Geranium","Geranium rotundifolium",1,0,1,100,0
"Geranium","Geranium sanguineum",162,225,387,41.8604651162791,58.1395348837209
"Geranium","Geranium sibiricum",7,8,15,46.6666666666667,53.3333333333333
"Geranium","Geranium thunbergii",5,10,15,33.3333333333333,66.6666666666667
"Geum","Geum aleppicum",6,9,15,40,60
"Geum","Geum canadense",452,626,1078,41.9294990723562,58.0705009276438
"Geum","Geum fragarioides",42,99,141,29.7872340425532,70.2127659574468
"Geum","Geum laciniatum",46,49,95,48.4210526315789,51.5789473684211
"Geum","Geum rivale",3,49,52,5.76923076923077,94.2307692307692
"Geum","Geum ternatum",2,4,6,33.3333333333333,66.6666666666667
"Geum","Geum urbanum",4,50,54,7.40740740740741,92.5925925925926
"Geum","Geum vernum",35,18,53,66.0377358490566,33.9622641509434
"Gillenia","Gillenia trifoliata",28,11,39,71.7948717948718,28.2051282051282
"Ginkgo","Ginkgo biloba",9,49,58,15.5172413793103,84.4827586206897
"Gladiolus","Gladiolus hortulanus",1,0,1,100,0
"Glechoma","Glechoma hederacea",2832,2425,5257,53.8710291040517,46.1289708959483
"Gleditsia","Gleditsia triacanthos",593,806,1399,42.3874195854182,57.6125804145818
"Glyceria","Glyceria melicaria",1,2,3,33.3333333333333,66.6666666666667
"Glyceria","Glyceria septentrionalis",2,0,2,100,0
"Glyceria","Glyceria striata",5,10,15,33.3333333333333,66.6666666666667
"Gnaphalium","Gnaphalium uliginosum",6,17,23,26.0869565217391,73.9130434782609
"Gomphrena","Gomphrena globosa",18,32,50,36,64
"Gonatozygon","Gonatozygon brebissonii",1,0,1,100,0
"Goodyera","Goodyera pubescens",285,69,354,80.5084745762712,19.4915254237288
"Gratiola","Gratiola lutea",4,14,18,22.2222222222222,77.7777777777778
"Gratiola","Gratiola neglecta",8,8,16,50,50
"Greeneochloa","Greeneochloa coarctata",8,0,8,100,0
"Gymnocarpium","Gymnocarpium dryopteris",3,71,74,4.05405405405405,95.945945945946
"Gymnocladus","Gymnocladus dioicus",147,57,204,72.0588235294118,27.9411764705882
"Gypsophila","Gypsophila elegans",10,8,18,55.5555555555556,44.4444444444444
"Gypsophila","Gypsophila vaccaria",5,0,5,100,0
"Hackelia","Hackelia virginiana",376,169,545,68.9908256880734,31.0091743119266
"Halesia","Halesia carolina",10,13,23,43.4782608695652,56.5217391304348
"Halesia","Halesia tetraptera",1,1,2,50,50
"Hamamelis","Hamamelis virginiana",799,1004,1803,44.3150305047144,55.6849694952856
"Hasteola","Hasteola suaveolens",4,0,4,100,0
"Hedeoma","Hedeoma pulegioides",26,24,50,52,48
"Hedera","Hedera helix",365,1765,2130,17.1361502347418,82.8638497652582
"Hedwigia","Hedwigia ciliata",11,56,67,16.4179104477612,83.5820895522388
"Helenium","Helenium amarum",1,0,1,100,0
"Helenium","Helenium autumnale",165,107,272,60.6617647058824,39.3382352941176
"Helenium","Helenium flexuosum",22,25,47,46.8085106382979,53.1914893617021
"Helianthus","Helianthus angustifolius",1,0,1,100,0
"Helianthus","Helianthus annuus",63,93,156,40.3846153846154,59.6153846153846
"Helianthus","Helianthus decapetalus",21,9,30,70,30
"Helianthus","Helianthus divaricatus",31,60,91,34.0659340659341,65.9340659340659
"Helianthus","Helianthus giganteus",6,3,9,66.6666666666667,33.3333333333333
"Helianthus","Helianthus laetiflorus",1,0,1,100,0
"Helianthus","Helianthus maximiliani",6,6,12,50,50
"Helianthus","Helianthus strumosus",7,2,9,77.7777777777778,22.2222222222222
"Helianthus","Helianthus tuberosus",21,41,62,33.8709677419355,66.1290322580645
"Heliopsis","Heliopsis helianthoides",106,94,200,53,47
"Helleborus","Helleborus foetidus",3,9,12,25,75
"Helleborus","Helleborus hybridus",2,0,2,100,0
"Helleborus","Helleborus orientalis",14,0,14,100,0
"Helleborus","Helleborus viridis",7,4,11,63.6363636363636,36.3636363636364
"Hemerocallis","Hemerocallis fulva",246,336,582,42.2680412371134,57.7319587628866
"Hemerocallis","Hemerocallis lilioasphodelus",45,64,109,41.2844036697248,58.7155963302752
"Hepatica","Hepatica acutiloba",214,308,522,40.9961685823755,59.0038314176245
"Hepatica","Hepatica americana",269,230,499,53.9078156312625,46.0921843687375
"Heptacodium","Heptacodium miconioides",3,3,6,50,50
"Heracleum","Heracleum maximum",110,88,198,55.5555555555556,44.4444444444444
"Hesperis","Hesperis matronalis",1646,1147,2793,58.9330469029717,41.0669530970283
"Heteranthera","Heteranthera dubia",17,19,36,47.2222222222222,52.7777777777778
"Heteranthera","Heteranthera reniformis",9,2,11,81.8181818181818,18.1818181818182
"Heterotheca","Heterotheca subaxillaris",7,36,43,16.2790697674419,83.7209302325581
"Heuchera","Heuchera alba",2,0,2,100,0
"Heuchera","Heuchera americana",47,7,54,87.037037037037,12.962962962963
"Heuchera","Heuchera villosa",5,8,13,38.4615384615385,61.5384615384615
"Hexasepalum","Hexasepalum teres",9,40,49,18.3673469387755,81.6326530612245
"Hibiscus","Hibiscus coccineus",11,0,11,100,0
"Hibiscus","Hibiscus laevis",17,0,17,100,0
"Hibiscus","Hibiscus moscheutos",254,498,752,33.7765957446809,66.2234042553192
"Hibiscus","Hibiscus sabdariffa",1,0,1,100,0
"Hibiscus","Hibiscus syriacus",939,1095,2034,46.165191740413,53.834808259587
"Hibiscus","Hibiscus trionum",296,114,410,72.1951219512195,27.8048780487805
"Hieracium","Hieracium lachenalii",1,7,8,12.5,87.5
"Hieracium","Hieracium paniculatum",20,34,54,37.037037037037,62.962962962963
"Hieracium","Hieracium scabrum",6,7,13,46.1538461538462,53.8461538461538
"Hieracium","Hieracium venosum",151,131,282,53.5460992907801,46.4539007092199
"Hirschfeldia","Hirschfeldia incana",1,0,1,100,0
"Holcus","Holcus lanatus",44,33,77,57.1428571428571,42.8571428571429
"Holosteum","Holosteum umbellatum",3,6,9,33.3333333333333,66.6666666666667
"Homalosorus","Homalosorus pycnocarpos",20,33,53,37.7358490566038,62.2641509433962
"Hordeum","Hordeum jubatum",8,27,35,22.8571428571429,77.1428571428571
"Hordeum","Hordeum vulgare",6,2,8,75,25
"Hosta","Hosta plantaginea",250,7,257,97.2762645914397,2.72373540856031
"Hosta","Hosta ventricosa",3,0,3,100,0
"Houstonia","Houstonia caerulea",657,323,980,67.0408163265306,32.9591836734694
"Houstonia","Houstonia longifolia",16,14,30,53.3333333333333,46.6666666666667
"Houstonia","Houstonia purpurea",1,0,1,100,0
"Houstonia","Houstonia serpyllifolia",1,0,1,100,0
"Houttuynia","Houttuynia cordata",73,271,344,21.2209302325581,78.7790697674419
"Humulus","Humulus lupulus",37,46,83,44.578313253012,55.421686746988
"Humulus","Humulus scandens",317,241,558,56.8100358422939,43.1899641577061
"Huperzia","Huperzia lucidula",160,204,364,43.956043956044,56.043956043956
"Hyacinthoides","Hyacinthoides hispanica",30,43,73,41.0958904109589,58.9041095890411
"Hyacinthoides","Hyacinthoides massartiana",1,18,19,5.26315789473684,94.7368421052632
"Hyacinthoides","Hyacinthoides non-scripta",2,4,6,33.3333333333333,66.6666666666667
"Hyacinthus","Hyacinthus orientalis",101,49,150,67.3333333333333,32.6666666666667
"Hydrangea","Hydrangea arborescens",244,146,390,62.5641025641026,37.4358974358974
"Hydrangea","Hydrangea paniculata",126,195,321,39.2523364485981,60.7476635514019
"Hydrangea","Hydrangea petiolaris",1,3,4,25,75
"Hydrangea","Hydrangea quercifolia",1,19,20,5,95
"Hydrastis","Hydrastis canadensis",16,9,25,64,36
"Hydrilla","Hydrilla verticillata",23,2,25,92,8
"Hydrocharis","Hydrocharis morsus-ranae",21,74,95,22.1052631578947,77.8947368421053
"Hydrocotyle","Hydrocotyle americana",26,33,59,44.0677966101695,55.9322033898305
"Hydrocotyle","Hydrocotyle batrachium",2,0,2,100,0
"Hydrocotyle","Hydrocotyle ranunculoides",5,0,5,100,0
"Hydrocotyle","Hydrocotyle sibthorpioides",13,125,138,9.42028985507246,90.5797101449275
"Hydrodictyon","Hydrodictyon reticulatum",3,3,6,50,50
"Hydrophyllum","Hydrophyllum appendiculatum",49,1,50,98,2
"Hydrophyllum","Hydrophyllum canadense",88,61,149,59.0604026845638,40.9395973154362
"Hydrophyllum","Hydrophyllum virginianum",367,248,615,59.6747967479675,40.3252032520325
"Hylocomiadelphus","Hylocomiadelphus triquetrus",2,26,28,7.14285714285714,92.8571428571429
"Hylocomium","Hylocomium splendens",5,51,56,8.92857142857143,91.0714285714286
"Hylodesmum","Hylodesmum glutinosum",59,229,288,20.4861111111111,79.5138888888889
"Hylodesmum","Hylodesmum nudiflorum",50,51,101,49.5049504950495,50.4950495049505
"Hylotelephium","Hylotelephium spectabile",6,2,8,75,25
"Hylotelephium","Hylotelephium telephium",14,65,79,17.7215189873418,82.2784810126582
"Hypericum","Hypericum ascyron",6,2,8,75,25
"Hypericum","Hypericum calycinum",1,1,2,50,50
"Hypericum","Hypericum canadense",8,13,21,38.0952380952381,61.9047619047619
"Hypericum","Hypericum dissimulatum",1,0,1,100,0
"Hypericum","Hypericum ellipticum",1,14,15,6.66666666666667,93.3333333333333
"Hypericum","Hypericum gentianoides",16,42,58,27.5862068965517,72.4137931034483
"Hypericum","Hypericum hypericoides",27,1,28,96.4285714285714,3.57142857142857
"Hypericum","Hypericum mutilum",18,25,43,41.8604651162791,58.1395348837209
"Hypericum","Hypericum perforatum",88,240,328,26.8292682926829,73.1707317073171
"Hypericum","Hypericum prolificum",38,19,57,66.6666666666667,33.3333333333333
"Hypericum","Hypericum punctatum",49,38,87,56.3218390804598,43.6781609195402
"Hypnum","Hypnum cupressiforme",1,5,6,16.6666666666667,83.3333333333333
"Hypochaeris","Hypochaeris radicata",15,62,77,19.4805194805195,80.5194805194805
"Hypopitys","Hypopitys monotropa",45,149,194,23.1958762886598,76.8041237113402
"Hypoxis","Hypoxis hirsuta",92,92,184,50,50
"Iberis","Iberis umbellata",1,19,20,5,95
"Ilex","Ilex aquifolium",3,5,8,37.5,62.5
"Ilex","Ilex cornuta",3,3,6,50,50
"Ilex","Ilex crenata",81,301,382,21.2041884816754,78.7958115183246
"Ilex","Ilex glabra",17,134,151,11.2582781456954,88.7417218543046
"Ilex","Ilex montana",48,11,59,81.3559322033898,18.6440677966102
"Ilex","Ilex mucronata",13,90,103,12.621359223301,87.378640776699
"Ilex","Ilex opaca",728,691,1419,51.3037350246653,48.6962649753347
"Ilex","Ilex verticillata",288,304,592,48.6486486486486,51.3513513513514
"Impatiens","Impatiens balfourii",3,14,17,17.6470588235294,82.3529411764706
"Impatiens","Impatiens balsamina",5,28,33,15.1515151515152,84.8484848484848
"Impatiens","Impatiens capensis",1504,2347,3851,39.0547909633861,60.9452090366139
"Impatiens","Impatiens pallida",523,618,1141,45.8369851007888,54.1630148992112
"Impatiens","Impatiens walleriana",3,0,3,100,0
"Inula","Inula helenium",29,136,165,17.5757575757576,82.4242424242424
"Ionactis","Ionactis linariifolia",24,29,53,45.2830188679245,54.7169811320755
"Ipheion","Ipheion uniflorum",18,46,64,28.125,71.875
"Ipomoea","Ipomoea alba",6,7,13,46.1538461538462,53.8461538461538
"Ipomoea","Ipomoea batatas",3,3,6,50,50
"Ipomoea","Ipomoea coccinea",3,1,4,75,25
"Ipomoea","Ipomoea hederacea",59,106,165,35.7575757575758,64.2424242424242
"Ipomoea","Ipomoea indica",1,1,2,50,50
"Ipomoea","Ipomoea lacunosa",19,21,40,47.5,52.5
"Ipomoea","Ipomoea pandurata",55,1,56,98.2142857142857,1.78571428571429
"Ipomoea","Ipomoea purpurea",109,223,332,32.8313253012048,67.1686746987952
"Ipomoea","Ipomoea quamoclit",10,3,13,76.9230769230769,23.0769230769231
"Ipomoea","Ipomoea tricolor",3,3,6,50,50
"Iris","Iris cristata",5,7,12,41.6666666666667,58.3333333333333
"Iris","Iris domestica",37,38,75,49.3333333333333,50.6666666666667
"Iris","Iris ensata",4,0,4,100,0
"Iris","Iris hollandica",1,0,1,100,0
"Iris","Iris hybrida",11,6,17,64.7058823529412,35.2941176470588
"Iris","Iris pseudacorus",271,422,693,39.1053391053391,60.8946608946609
"Iris","Iris sanguinea",13,16,29,44.8275862068966,55.1724137931034
"Iris","Iris sibirica",9,6,15,60,40
"Iris","Iris versicolor",73,228,301,24.2524916943522,75.7475083056478
"Iris","Iris virginica",7,0,7,100,0
"Isotrema","Isotrema macrophyllum",3,9,12,25,75
"Isotrema","Isotrema tomentosum",1,0,1,100,0
"Isotria","Isotria verticillata",14,0,14,100,0
"Itea","Itea virginica",8,20,28,28.5714285714286,71.4285714285714
"Jacobaea","Jacobaea maritima",2,3,5,40,60
"Jasminum","Jasminum nudiflorum",1,23,24,4.16666666666667,95.8333333333333
"Jeffersonia","Jeffersonia diphylla",67,51,118,56.7796610169492,43.2203389830508
"Jochenia","Jochenia pallescens",1,0,1,100,0
"Juglans","Juglans cinerea",86,74,160,53.75,46.25
"Juglans","Juglans nigra",805,550,1355,59.409594095941,40.590405904059
"Juglans","Juglans regia",4,1,5,80,20
"Juncus","Juncus acuminatus",1,0,1,100,0
"Juncus","Juncus dudleyi",1,2,3,33.3333333333333,66.6666666666667
"Juncus","Juncus effusus",39,59,98,39.7959183673469,60.2040816326531
"Juncus","Juncus tenuis",27,43,70,38.5714285714286,61.4285714285714
"Juncus","Juncus torreyi",1,0,1,100,0
"Juniperus","Juniperus communis",9,80,89,10.1123595505618,89.8876404494382
"Juniperus","Juniperus virginiana",435,1399,1834,23.7186477644493,76.2813522355507
"Kalmia","Kalmia angustifolia",130,264,394,32.994923857868,67.005076142132
"Kalmia","Kalmia latifolia",1037,965,2002,51.7982017982018,48.2017982017982
"Kalmia","Kalmia polifolia",3,40,43,6.97674418604651,93.0232558139535
"Kalopanax","Kalopanax septemlobus",27,17,44,61.3636363636364,38.6363636363636
"Kellochloa","Kellochloa verrucosa",1,0,1,100,0
"Kerria","Kerria japonica",51,83,134,38.0597014925373,61.9402985074627
"Kickxia","Kickxia elatine",7,2,9,77.7777777777778,22.2222222222222
"Knautia","Knautia arvensis",1,17,18,5.55555555555556,94.4444444444444
"Kniphofia","Kniphofia uvaria",3,0,3,100,0
"Koelreuteria","Koelreuteria bipinnata",1,0,1,100,0
"Koelreuteria","Koelreuteria paniculata",45,158,203,22.1674876847291,77.8325123152709
"Kolkwitzia","Kolkwitzia amabilis",18,16,34,52.9411764705882,47.0588235294118
"Kosteletzkya","Kosteletzkya pentacarpos",2,1,3,66.6666666666667,33.3333333333333
"Krigia","Krigia biflora",32,14,46,69.5652173913043,30.4347826086957
"Krigia","Krigia virginica",6,33,39,15.3846153846154,84.6153846153846
"Kummerowia","Kummerowia stipulacea",5,2,7,71.4285714285714,28.5714285714286
"Kummerowia","Kummerowia striata",29,21,50,58,42
"Lactuca","Lactuca biennis",48,71,119,40.3361344537815,59.6638655462185
"Lactuca","Lactuca canadensis",39,56,95,41.0526315789474,58.9473684210526
"Lactuca","Lactuca floridana",18,8,26,69.2307692307692,30.7692307692308
"Lactuca","Lactuca hirsuta",1,1,2,50,50
"Lactuca","Lactuca saligna",15,3,18,83.3333333333333,16.6666666666667
"Lactuca","Lactuca sativa",43,60,103,41.747572815534,58.252427184466
"Lactuca","Lactuca serriola",172,629,801,21.4731585518102,78.5268414481898
"Lagenaria","Lagenaria siceraria",7,10,17,41.1764705882353,58.8235294117647
"Lamium","Lamium amplexicaule",263,678,941,27.9489904357067,72.0510095642933
"Lamium","Lamium galeobdolon",427,178,605,70.5785123966942,29.4214876033058
"Lamium","Lamium maculatum",69,59,128,53.90625,46.09375
"Lamium","Lamium purpureum",1744,2112,3856,45.2282157676349,54.7717842323651
"Lamprocapnos","Lamprocapnos spectabilis",98,141,239,41.0041841004184,58.9958158995816
"Laportea","Laportea canadensis",260,237,497,52.3138832997988,47.6861167002012
"Lapsana","Lapsana communis",175,414,589,29.7113752122241,70.2886247877759
"Larix","Larix decidua",5,16,21,23.8095238095238,76.1904761904762
"Larix","Larix laricina",26,165,191,13.6125654450262,86.3874345549738
"Lathyrus","Lathyrus latifolius",208,304,512,40.625,59.375
"Lathyrus","Lathyrus oleraceus",6,16,22,27.2727272727273,72.7272727272727
"Lathyrus","Lathyrus sylvestris",45,69,114,39.4736842105263,60.5263157894737
"Lathyrus","Lathyrus tuberosus",1,6,7,14.2857142857143,85.7142857142857
"Lathyrus","Lathyrus venosus",3,0,3,100,0
"Lavandula","Lavandula angustifolia",1,0,1,100,0
"Leersia","Leersia oryzoides",11,31,42,26.1904761904762,73.8095238095238
"Leersia","Leersia virginica",15,16,31,48.3870967741936,51.6129032258064
"Lemna","Lemna minor",51,91,142,35.9154929577465,64.0845070422535
"Lemna","Lemna trisulca",6,14,20,30,70
"Leonurus","Leonurus cardiaca",336,1066,1402,23.9657631954351,76.0342368045649
"Leonurus","Leonurus japonicus",1,1,2,50,50
"Lepidium","Lepidium campestre",75,71,146,51.3698630136986,48.6301369863014
"Lepidium","Lepidium densiflorum",1,11,12,8.33333333333333,91.6666666666667
"Lepidium","Lepidium didymum",14,146,160,8.75,91.25
"Lepidium","Lepidium draba",1,5,6,16.6666666666667,83.3333333333333
"Lepidium","Lepidium ruderale",1,1,2,50,50
"Lepidium","Lepidium virginicum",43,309,352,12.2159090909091,87.7840909090909
"Leptodictyum","Leptodictyum riparium",1,1,2,50,50
"Lespedeza","Lespedeza bicolor",21,12,33,63.6363636363636,36.3636363636364
"Lespedeza","Lespedeza capitata",58,176,234,24.7863247863248,75.2136752136752
"Lespedeza","Lespedeza cuneata",109,69,178,61.2359550561798,38.7640449438202
"Lespedeza","Lespedeza hirta",21,60,81,25.9259259259259,74.0740740740741
"Lespedeza","Lespedeza procumbens",4,20,24,16.6666666666667,83.3333333333333
"Lespedeza","Lespedeza repens",6,2,8,75,25
"Lespedeza","Lespedeza thunbergii",2,0,2,100,0
"Lespedeza","Lespedeza violacea",9,24,33,27.2727272727273,72.7272727272727
"Lespedeza","Lespedeza virginica",20,44,64,31.25,68.75
"Leucanthemum","Leucanthemum maximum",4,10,14,28.5714285714286,71.4285714285714
"Leucanthemum","Leucanthemum vulgare",500,629,1129,44.2869796279894,55.7130203720106
"Leucobryum","Leucobryum albidum",2,1,3,66.6666666666667,33.3333333333333
"Leucobryum","Leucobryum glaucum",39,66,105,37.1428571428571,62.8571428571429
"Leucojum","Leucojum aestivum",45,59,104,43.2692307692308,56.7307692307692
"Leucojum","Leucojum vernum",1,0,1,100,0
"Leucospora","Leucospora multifida",2,6,8,25,75
"Leucothoe","Leucothoe fontanesiana",4,43,47,8.51063829787234,91.4893617021277
"Liatris","Liatris spicata",59,28,87,67.816091954023,32.183908045977
"Ligularia","Ligularia dentata",3,0,3,100,0
"Ligustrum","Ligustrum japonicum",1,0,1,100,0
"Ligustrum","Ligustrum obtusifolium",681,398,1079,63.1139944392956,36.8860055607044
"Ligustrum","Ligustrum ovalifolium",12,74,86,13.953488372093,86.046511627907
"Ligustrum","Ligustrum sinense",5,5,10,50,50
"Ligustrum","Ligustrum vulgare",23,41,64,35.9375,64.0625
"Lilium","Lilium canadense",55,89,144,38.1944444444444,61.8055555555556
"Lilium","Lilium candidum",11,0,11,100,0
"Lilium","Lilium lancifolium",47,41,88,53.4090909090909,46.5909090909091
"Lilium","Lilium philadelphicum",27,67,94,28.7234042553191,71.2765957446808
"Lilium","Lilium superbum",91,17,108,84.2592592592593,15.7407407407407
"Linaria","Linaria maroccana",7,1,8,87.5,12.5
"Linaria","Linaria vulgaris",494,866,1360,36.3235294117647,63.6764705882353
"Lindera","Lindera benzoin",1351,1251,2602,51.9215987701768,48.0784012298232
"Lindernia","Lindernia dubia",32,54,86,37.2093023255814,62.7906976744186
"Linum","Linum grandiflorum",14,12,26,53.8461538461538,46.1538461538462
"Linum","Linum perenne",2,3,5,40,60
"Linum","Linum usitatissimum",3,2,5,60,40
"Liparis","Liparis liliifolia",3,0,3,100,0
"Liquidambar","Liquidambar styraciflua",611,1050,1661,36.7850692354004,63.2149307645996
"Liriodendron","Liriodendron tulipifera",1927,1546,3473,55.485171321624,44.514828678376
"Liriope","Liriope muscari",8,23,31,25.8064516129032,74.1935483870968
"Liriope","Liriope spicata",8,0,8,100,0
"Lithospermum","Lithospermum canescens",2,0,2,100,0
"Lithospermum","Lithospermum latifolium",3,2,5,60,40
"Lobelia","Lobelia cardinalis",470,560,1030,45.631067961165,54.368932038835
"Lobelia","Lobelia erinus",1,1,2,50,50
"Lobelia","Lobelia inflata",476,439,915,52.0218579234973,47.9781420765027
"Lobelia","Lobelia siphilitica",676,608,1284,52.6479750778816,47.3520249221184
"Lobelia","Lobelia speciosa",1,0,1,100,0
"Lobelia","Lobelia spicata",43,36,79,54.4303797468354,45.5696202531646
"Lobularia","Lobularia maritima",79,94,173,45.6647398843931,54.3352601156069
"Lolium","Lolium arundinaceum",31,7,38,81.578947368421,18.421052631579
"Lolium","Lolium boucheanum",2,5,7,28.5714285714286,71.4285714285714
"Lolium","Lolium perenne",7,42,49,14.2857142857143,85.7142857142857
"Lonicera","Lonicera bella",6,10,16,37.5,62.5
"Lonicera","Lonicera canadensis",16,104,120,13.3333333333333,86.6666666666667
"Lonicera","Lonicera dioica",21,67,88,23.8636363636364,76.1363636363636
"Lonicera","Lonicera fragrantissima",29,47,76,38.1578947368421,61.8421052631579
"Lonicera","Lonicera japonica",905,1083,1988,45.523138832998,54.476861167002
"Lonicera","Lonicera maackii",1484,569,2053,72.2844617632733,27.7155382367267
"Lonicera","Lonicera morrowii",125,169,294,42.5170068027211,57.4829931972789
"Lonicera","Lonicera sempervirens",53,41,94,56.3829787234043,43.6170212765957
"Lonicera","Lonicera tatarica",10,27,37,27.027027027027,72.972972972973
"Lophocolea","Lophocolea heterophylla",6,9,15,40,60
"Lorinseria","Lorinseria areolata",26,79,105,24.7619047619048,75.2380952380952
"Lotus","Lotus corniculatus",600,1320,1920,31.25,68.75
"Lotus","Lotus pedunculatus",1,0,1,100,0
"Lotus","Lotus tenuis",10,130,140,7.14285714285714,92.8571428571429
"Ludwigia","Ludwigia alternifolia",62,15,77,80.5194805194805,19.4805194805195
"Ludwigia","Ludwigia palustris",13,49,62,20.9677419354839,79.0322580645161
"Ludwigia","Ludwigia peploides",26,16,42,61.9047619047619,38.0952380952381
"Lunaria","Lunaria annua",128,188,316,40.5063291139241,59.493670886076
"Lunularia","Lunularia cruciata",10,6,16,62.5,37.5
"Lupinus","Lupinus polyphyllus",19,61,80,23.75,76.25
"Luzula","Luzula acuminata",20,24,44,45.4545454545455,54.5454545454545
"Luzula","Luzula echinata",1,2,3,33.3333333333333,66.6666666666667
"Luzula","Luzula multiflora",4,24,28,14.2857142857143,85.7142857142857
"Lycium","Lycium barbarum",7,31,38,18.421052631579,81.578947368421
"Lycopodiella","Lycopodiella alopecuroides",1,0,1,100,0
"Lycopodiella","Lycopodiella inundata",3,12,15,20,80
"Lycopodium","Lycopodium clavatum",83,126,209,39.7129186602871,60.2870813397129
"Lycopus","Lycopus americanus",10,27,37,27.027027027027,72.972972972973
"Lycopus","Lycopus europaeus",11,53,64,17.1875,82.8125
"Lycopus","Lycopus uniflorus",21,36,57,36.8421052631579,63.1578947368421
"Lycopus","Lycopus virginicus",6,5,11,54.5454545454545,45.4545454545455
"Lycoris","Lycoris squamigera",36,14,50,72,28
"Lygodium","Lygodium palmatum",23,0,23,100,0
"Lyonia","Lyonia ligustrina",52,43,95,54.7368421052632,45.2631578947368
"Lyonia","Lyonia mariana",1,28,29,3.44827586206897,96.551724137931
"Lysimachia","Lysimachia arvensis",222,189,411,54.014598540146,45.985401459854
"Lysimachia","Lysimachia borealis",174,442,616,28.2467532467532,71.7532467532468
"Lysimachia","Lysimachia ciliata",308,422,730,42.1917808219178,57.8082191780822
"Lysimachia","Lysimachia clethroides",231,241,472,48.9406779661017,51.0593220338983
"Lysimachia","Lysimachia hybrida",1,4,5,20,80
"Lysimachia","Lysimachia lanceolata",3,1,4,75,25
"Lysimachia","Lysimachia nummularia",429,655,1084,39.5756457564576,60.4243542435424
"Lysimachia","Lysimachia punctata",84,124,208,40.3846153846154,59.6153846153846
"Lysimachia","Lysimachia quadrifolia",196,395,591,33.1641285956007,66.8358714043993
"Lysimachia","Lysimachia terrestris",32,138,170,18.8235294117647,81.1764705882353
"Lysimachia","Lysimachia thyrsiflora",4,27,31,12.9032258064516,87.0967741935484
"Lysimachia","Lysimachia vulgaris",27,36,63,42.8571428571429,57.1428571428571
"Lythrum","Lythrum hyssopifolia",2,1,3,66.6666666666667,33.3333333333333
"Lythrum","Lythrum salicaria",691,1499,2190,31.5525114155251,68.4474885844749
"Macleaya","Macleaya cordata",49,50,99,49.4949494949495,50.5050505050505
"Maclura","Maclura pomifera",280,244,524,53.4351145038168,46.5648854961832
"Magnolia","Magnolia acuminata",187,98,285,65.6140350877193,34.3859649122807
"Magnolia","Magnolia kobus",5,1,6,83.3333333333333,16.6666666666667
"Magnolia","Magnolia macrophylla",19,89,108,17.5925925925926,82.4074074074074
"Magnolia","Magnolia tripetala",231,74,305,75.7377049180328,24.2622950819672
"Magnolia","Magnolia virginiana",107,78,185,57.8378378378378,42.1621621621622
"Mahonia","Mahonia aquifolium",28,40,68,41.1764705882353,58.8235294117647
"Mahonia","Mahonia bealei",103,81,184,55.9782608695652,44.0217391304348
"Maianthemum","Maianthemum canadense",573,1180,1753,32.686822589846,67.313177410154
"Maianthemum","Maianthemum racemosum",774,1236,2010,38.5074626865672,61.4925373134328
"Maianthemum","Maianthemum stellatum",19,90,109,17.4311926605505,82.5688073394495
"Maianthemum","Maianthemum trifolium",1,13,14,7.14285714285714,92.8571428571429
"Malus","Malus angustifolia",2,0,2,100,0
"Malus","Malus baccata",3,11,14,21.4285714285714,78.5714285714286
"Malus","Malus coronaria",10,6,16,62.5,37.5
"Malus","Malus domestica",44,59,103,42.7184466019417,57.2815533980583
"Malus","Malus floribunda",1,7,8,12.5,87.5
"Malus","Malus toringo",3,21,24,12.5,87.5
"Malva","Malva alcea",3,11,14,21.4285714285714,78.5714285714286
"Malva","Malva moschata",28,60,88,31.8181818181818,68.1818181818182
"Malva","Malva neglecta",74,450,524,14.1221374045802,85.8778625954198
"Malva","Malva parviflora",2,2,4,50,50
"Malva","Malva pusilla",6,1,7,85.7142857142857,14.2857142857143
"Malva","Malva sylvestris",16,14,30,53.3333333333333,46.6666666666667
"Malva","Malva trimestris",7,3,10,70,30
"Marchantia","Marchantia polymorpha",95,237,332,28.6144578313253,71.3855421686747
"Marrubium","Marrubium vulgare",9,1,10,90,10
"Marshallia","Marshallia pulchra",5,0,5,100,0
"Matricaria","Matricaria chamomilla",7,5,12,58.3333333333333,41.6666666666667
"Matricaria","Matricaria discoidea",113,376,489,23.1083844580777,76.8916155419223
"Matteuccia","Matteuccia struthiopteris",395,484,879,44.9374288964733,55.0625711035267
"Mazus","Mazus miquelii",12,15,27,44.4444444444444,55.5555555555556
"Mazus","Mazus pumilus",78,343,421,18.5273159144893,81.4726840855107
"Medeola","Medeola virginiana",405,347,752,53.8563829787234,46.1436170212766
"Medicago","Medicago lupulina",284,622,906,31.3465783664459,68.6534216335541
"Medicago","Medicago sativa",36,90,126,28.5714285714286,71.4285714285714
"Melampyrum","Melampyrum lineare",71,140,211,33.6492890995261,66.3507109004739
"Melanthium","Melanthium hybridum",29,0,29,100,0
"Melanthium","Melanthium virginicum",5,0,5,100,0
"Melilotus","Melilotus albus",221,520,741,29.8245614035088,70.1754385964912
"Melilotus","Melilotus officinalis",234,296,530,44.1509433962264,55.8490566037736
"Melissa","Melissa officinalis",282,341,623,45.2648475120385,54.7351524879615
"Menispermum","Menispermum canadense",139,217,356,39.0449438202247,60.9550561797753
"Mentha","Mentha aquatica",18,3,21,85.7142857142857,14.2857142857143
"Mentha","Mentha arvensis",9,18,27,33.3333333333333,66.6666666666667
"Mentha","Mentha canadensis",8,28,36,22.2222222222222,77.7777777777778
"Mentha","Mentha piperita",9,23,32,28.125,71.875
"Mentha","Mentha spicata",18,23,41,43.9024390243902,56.0975609756098
"Mentha","Mentha suaveolens",10,8,18,55.5555555555556,44.4444444444444
"Menyanthes","Menyanthes trifoliata",3,27,30,10,90
"Mertensia","Mertensia virginica",798,487,1285,62.1011673151751,37.8988326848249
"Metasequoia","Metasequoia glyptostroboides",7,2,9,77.7777777777778,22.2222222222222
"Metzgeria","Metzgeria furcata",1,2,3,33.3333333333333,66.6666666666667
"Micranthes","Micranthes micranthidifolia",37,0,37,100,0
"Micranthes","Micranthes pensylvanica",27,45,72,37.5,62.5
"Micranthes","Micranthes virginiensis",276,256,532,51.8796992481203,48.1203007518797
"Microstegium","Microstegium vimineum",815,366,1181,69.0093141405588,30.9906858594412
"Mikania","Mikania scandens",22,60,82,26.8292682926829,73.1707317073171
"Milium","Milium effusum",3,0,3,100,0
"Mimulus","Mimulus alatus",33,24,57,57.8947368421053,42.1052631578947
"Mimulus","Mimulus ringens",411,248,659,62.3672230652504,37.6327769347496
"Mirabilis","Mirabilis albida",1,0,1,100,0
"Mirabilis","Mirabilis jalapa",56,130,186,30.1075268817204,69.8924731182796
"Mirabilis","Mirabilis nyctaginea",23,203,226,10.1769911504425,89.8230088495575
"Miscanthus","Miscanthus sinensis",85,57,142,59.8591549295775,40.1408450704225
"Mitchella","Mitchella repens",776,1128,1904,40.7563025210084,59.2436974789916
"Mitella","Mitella diphylla",150,149,299,50.1672240802676,49.8327759197324
"Mnium","Mnium hornum",1,3,4,25,75
"Moehringia","Moehringia lateriflora",1,12,13,7.69230769230769,92.3076923076923
"Mollugo","Mollugo verticillata",100,296,396,25.2525252525253,74.7474747474748
"Moluccella","Moluccella laevis",1,1,2,50,50
"Monarda","Monarda citriodora",2,3,5,40,60
"Monarda","Monarda clinopodia",27,0,27,100,0
"Monarda","Monarda didyma",394,310,704,55.9659090909091,44.0340909090909
"Monarda","Monarda fistulosa",597,754,1351,44.1894892672095,55.8105107327905
"Monarda","Monarda media",2,0,2,100,0
"Monarda","Monarda punctata",32,150,182,17.5824175824176,82.4175824175824
"Mononeuria","Mononeuria patula",2,0,2,100,0
"Monotropa","Monotropa uniflora",998,1450,2448,40.7679738562092,59.2320261437908
"Morella","Morella pensylvanica",13,493,506,2.56916996047431,97.4308300395257
"Morus","Morus alba",161,964,1125,14.3111111111111,85.6888888888889
"Morus","Morus indica",1,28,29,3.44827586206897,96.551724137931
"Morus","Morus nigra",1,1,2,50,50
"Morus","Morus rubra",32,42,74,43.2432432432432,56.7567567567568
"Muhlenbergia","Muhlenbergia capillaris",1,4,5,20,80
"Muhlenbergia","Muhlenbergia schreberi",12,21,33,36.3636363636364,63.6363636363636
"Muhlenbergia","Muhlenbergia tenuiflora",1,1,2,50,50
"Mummenhoffia","Mummenhoffia alliacea",254,77,331,76.7371601208459,23.2628398791541
"Muscari","Muscari armeniacum",11,13,24,45.8333333333333,54.1666666666667
"Muscari","Muscari botryoides",66,36,102,64.7058823529412,35.2941176470588
"Muscari","Muscari neglectum",13,29,42,30.952380952381,69.047619047619
"Mycelis","Mycelis muralis",8,78,86,9.30232558139535,90.6976744186046
"Myosotis","Myosotis arvensis",12,19,31,38.7096774193548,61.2903225806452
"Myosotis","Myosotis discolor",1,8,9,11.1111111111111,88.8888888888889
"Myosotis","Myosotis laxa",3,3,6,50,50
"Myosotis","Myosotis macrosperma",1,0,1,100,0
"Myosotis","Myosotis scorpioides",86,105,191,45.0261780104712,54.9738219895288
"Myosotis","Myosotis stricta",9,71,80,11.25,88.75
"Myosotis","Myosotis sylvatica",9,33,42,21.4285714285714,78.5714285714286
"Myosotis","Myosotis verna",3,2,5,60,40
"Myrica","Myrica gale",2,50,52,3.84615384615385,96.1538461538462
"Myriophyllum","Myriophyllum aquaticum",8,30,38,21.0526315789474,78.9473684210526
"Myriophyllum","Myriophyllum humile",1,2,3,33.3333333333333,66.6666666666667
"Myriophyllum","Myriophyllum sibiricum",2,3,5,40,60
"Myriophyllum","Myriophyllum spicatum",50,60,110,45.4545454545455,54.5454545454545
"Myriopteris","Myriopteris lanosa",6,0,6,100,0
"Myrrhis","Myrrhis odorata",2,2,4,50,50
"Nabalus","Nabalus albus",6,12,18,33.3333333333333,66.6666666666667
"Nabalus","Nabalus altissima",27,24,51,52.9411764705882,47.0588235294118
"Nabalus","Nabalus crepidineus",18,0,18,100,0
"Nabalus","Nabalus serpentarius",10,1,11,90.9090909090909,9.09090909090909
"Nabalus","Nabalus trifoliolatus",4,16,20,20,80
"Najas","Najas minor",10,12,22,45.4545454545455,54.5454545454545
"Nandina","Nandina domestica",4,6,10,40,60
"Narcissus","Narcissus medioluteus",1,0,1,100,0
"Narcissus","Narcissus poeticus",32,40,72,44.4444444444444,55.5555555555556
"Narcissus","Narcissus pseudonarcissus",32,31,63,50.7936507936508,49.2063492063492
"Nasturtium","Nasturtium officinale",67,66,133,50.3759398496241,49.6240601503759
"Neckera","Neckera pennata",2,18,20,10,90
"Neillia","Neillia incisa",2,7,9,22.2222222222222,77.7777777777778
"Nelumbo","Nelumbo lutea",37,4,41,90.2439024390244,9.75609756097561
"Nelumbo","Nelumbo nucifera",2,15,17,11.7647058823529,88.2352941176471
"Nemophila","Nemophila maculata",5,2,7,71.4285714285714,28.5714285714286
"Neottia","Neottia ovata",1,0,1,100,0
"Nepeta","Nepeta cataria",224,225,449,49.8886414253898,50.1113585746102
"Netrium","Netrium digitus",1,1,2,50,50
"Nicandra","Nicandra physalodes",3,2,5,60,40
"Nicotiana","Nicotiana rustica",1,0,1,100,0
"Nicotiana","Nicotiana sanderi",1,1,2,50,50
"Nicotiana","Nicotiana sylvestris",5,49,54,9.25925925925926,90.7407407407407
"Nigella","Nigella damascena",33,21,54,61.1111111111111,38.8888888888889
"Nipponanthemum","Nipponanthemum nipponicum",18,205,223,8.07174887892377,91.9282511210762
"Noccaea","Noccaea perfoliata",18,2,20,90,10
"Notothylas","Notothylas orbicularis",1,1,2,50,50
"Nowellia","Nowellia curvifolia",8,14,22,36.3636363636364,63.6363636363636
"Nuphar","Nuphar advena",60,96,156,38.4615384615385,61.5384615384615
"Nuphar","Nuphar variegata",3,57,60,5,95
"Nuttallanthus","Nuttallanthus canadensis",24,152,176,13.6363636363636,86.3636363636364
"Nymphaea","Nymphaea odorata",165,424,589,28.0135823429542,71.9864176570458
"Nymphoides","Nymphoides peltata",6,32,38,15.7894736842105,84.2105263157895
"Nyssa","Nyssa sylvatica",381,242,623,61.1556982343499,38.8443017656501
"Obolaria","Obolaria virginica",62,0,62,100,0
"Oclemena","Oclemena acuminata",91,212,303,30.03300330033,69.96699669967
"Oenanthe","Oenanthe javanica",4,1,5,80,20
"Oenothera","Oenothera argillicola",39,0,39,100,0
"Oenothera","Oenothera biennis",281,675,956,29.3933054393305,70.6066945606695
"Oenothera","Oenothera fruticosa",21,215,236,8.89830508474576,91.1016949152542
"Oenothera","Oenothera gaura",55,15,70,78.5714285714286,21.4285714285714
"Oenothera","Oenothera laciniata",2,9,11,18.1818181818182,81.8181818181818
"Oenothera","Oenothera lindheimeri",1,9,10,10,90
"Oenothera","Oenothera parviflora",7,14,21,33.3333333333333,66.6666666666667
"Oenothera","Oenothera perennis",7,4,11,63.6363636363636,36.3636363636364
"Oenothera","Oenothera pilosella",2,2,4,50,50
"Oenothera","Oenothera speciosa",23,20,43,53.4883720930233,46.5116279069767
"Oenothera","Oenothera tetragona",5,0,5,100,0
"Onoclea","Onoclea sensibilis",1772,2438,4210,42.0902612826603,57.9097387173397
"Onopordum","Onopordum acanthium",4,8,12,33.3333333333333,66.6666666666667
"Oophila","Oophila amblystomatis",1,6,7,14.2857142857143,85.7142857142857
"Ophioglossum","Ophioglossum vulgatum",9,0,9,100,0
"Opuntia","Opuntia humifusa",5,231,236,2.11864406779661,97.8813559322034
"Opuntia","Opuntia macrorhiza",1,1,2,50,50
"Origanum","Origanum vulgare",8,54,62,12.9032258064516,87.0967741935484
"Ornithogalum","Ornithogalum nutans",59,30,89,66.2921348314607,33.7078651685393
"Ornithogalum","Ornithogalum umbellatum",864,660,1524,56.6929133858268,43.3070866141732
"Orontium","Orontium aquaticum",29,6,35,82.8571428571429,17.1428571428571
"Orthodicranum","Orthodicranum flagellare",1,2,3,33.3333333333333,66.6666666666667
"Orthodicranum","Orthodicranum montanum",2,7,9,22.2222222222222,77.7777777777778
"Orthotrichum","Orthotrichum anomalum",1,5,6,16.6666666666667,83.3333333333333
"Oryzopsis","Oryzopsis asperifolia",1,12,13,7.69230769230769,92.3076923076923
"Osmanthus","Osmanthus heterophyllus",2,12,14,14.2857142857143,85.7142857142857
"Osmorhiza","Osmorhiza claytonii",81,37,118,68.6440677966102,31.3559322033898
"Osmorhiza","Osmorhiza longistylis",212,17,229,92.5764192139738,7.4235807860262
"Osmunda","Osmunda spectabilis",128,369,497,25.7545271629779,74.2454728370221
"Osmundastrum","Osmundastrum cinnamomeum",283,531,814,34.7665847665848,65.2334152334152
"Ostrya","Ostrya virginiana",95,371,466,20.3862660944206,79.6137339055794
"Oxalis","Oxalis colorea",1,0,1,100,0
"Oxalis","Oxalis corniculata",80,192,272,29.4117647058824,70.5882352941177
"Oxalis","Oxalis debilis",5,2,7,71.4285714285714,28.5714285714286
"Oxalis","Oxalis dillenii",21,107,128,16.40625,83.59375
"Oxalis","Oxalis grandis",3,0,3,100,0
"Oxalis","Oxalis montana",93,175,268,34.7014925373134,65.2985074626866
"Oxalis","Oxalis stricta",78,258,336,23.2142857142857,76.7857142857143
"Oxalis","Oxalis triangularis",1,0,1,100,0
"Oxalis","Oxalis violacea",62,1,63,98.4126984126984,1.58730158730159
"Oxybasis","Oxybasis glauca",4,27,31,12.9032258064516,87.0967741935484
"Oxydendrum","Oxydendrum arboreum",14,23,37,37.8378378378378,62.1621621621622
"Oxypolis","Oxypolis rigidior",4,0,4,100,0
"Pachysandra","Pachysandra procumbens",21,15,36,58.3333333333333,41.6666666666667
"Pachysandra","Pachysandra terminalis",290,754,1044,27.7777777777778,72.2222222222222
"Packera","Packera anonyma",32,0,32,100,0
"Packera","Packera aurea",365,102,467,78.1584582441113,21.8415417558887
"Packera","Packera glabella",38,0,38,100,0
"Packera","Packera obovata",40,12,52,76.9230769230769,23.0769230769231
"Pallavicinia","Pallavicinia lyellii",21,17,38,55.2631578947368,44.7368421052632
"Palustricodon","Palustricodon aparinoides",6,21,27,22.2222222222222,77.7777777777778
"Panax","Panax quinquefolius",6,4,10,60,40
"Panax","Panax trifolius",315,143,458,68.7772925764192,31.2227074235808
"Panicum","Panicum capillare",9,15,24,37.5,62.5
"Panicum","Panicum dichotomiflorum",15,21,36,41.6666666666667,58.3333333333333
"Panicum","Panicum gattingeri",1,1,2,50,50
"Panicum","Panicum miliaceum",1,9,10,10,90
"Panicum","Panicum philadelphicum",1,6,7,14.2857142857143,85.7142857142857
"Panicum","Panicum virgatum",40,74,114,35.0877192982456,64.9122807017544
"Papaver","Papaver dubium",7,2,9,77.7777777777778,22.2222222222222
"Papaver","Papaver orientale",45,65,110,40.9090909090909,59.0909090909091
"Papaver","Papaver rhoeas",11,9,20,55,45
"Papaver","Papaver somniferum",26,39,65,40,60
"Parietaria","Parietaria pensylvanica",34,333,367,9.26430517711172,90.7356948228883
"Parogonum","Parogonum ciliinode",5,5,10,50,50
"Paronychia","Paronychia canadensis",10,6,16,62.5,37.5
"Paronychia","Paronychia fastigiata",2,0,2,100,0
"Parthenium","Parthenium integrifolium",6,30,36,16.6666666666667,83.3333333333333
"Parthenocissus","Parthenocissus inserta",32,55,87,36.7816091954023,63.2183908045977
"Parthenocissus","Parthenocissus quinquefolia",1530,2040,3570,42.8571428571429,57.1428571428571
"Parthenocissus","Parthenocissus tricuspidata",112,698,810,13.8271604938272,86.1728395061728
"Paspalum","Paspalum laeve",1,5,6,16.6666666666667,83.3333333333333
"Paspalum","Paspalum notatum",2,0,2,100,0
"Paspalum","Paspalum pubiflorum",2,0,2,100,0
"Passiflora","Passiflora incarnata",34,20,54,62.962962962963,37.037037037037
"Pastinaca","Pastinaca sativa",81,363,444,18.2432432432432,81.7567567567568
"Paulownia","Paulownia tomentosa",685,1620,2305,29.7180043383948,70.2819956616052
"Pediastrum","Pediastrum duplex",5,3,8,62.5,37.5
"Pedicularis","Pedicularis canadensis",76,114,190,40,60
"Pedicularis","Pedicularis lanceolata",2,5,7,28.5714285714286,71.4285714285714
"Pellaea","Pellaea atropurpurea",99,804,903,10.9634551495017,89.0365448504983
"Pellaea","Pellaea glabella",19,68,87,21.8390804597701,78.1609195402299
"Pellia","Pellia epiphylla",6,6,12,50,50
"Peltandra","Peltandra virginica",75,211,286,26.2237762237762,73.7762237762238
"Penstemon","Penstemon calycosus",2,0,2,100,0
"Penstemon","Penstemon digitalis",386,376,762,50.6561679790026,49.3438320209974
"Penstemon","Penstemon hirsutus",42,70,112,37.5,62.5
"Penstemon","Penstemon laevigatus",1,0,1,100,0
"Pentaglottis","Pentaglottis sempervirens",1,1,2,50,50
"Penthorum","Penthorum sedoides",70,90,160,43.75,56.25
"Perilla","Perilla frutescens",437,193,630,69.3650793650794,30.6349206349206
"Persicaria","Persicaria amphibia",25,92,117,21.3675213675214,78.6324786324786
"Persicaria","Persicaria arifolia",59,78,137,43.0656934306569,56.9343065693431
"Persicaria","Persicaria extremiorientalis",5,92,97,5.15463917525773,94.8453608247423
"Persicaria","Persicaria filiformis",20,40,60,33.3333333333333,66.6666666666667
"Persicaria","Persicaria hydropiper",19,32,51,37.2549019607843,62.7450980392157
"Persicaria","Persicaria hydropiperoides",3,19,22,13.6363636363636,86.3636363636364
"Persicaria","Persicaria lapathifolia",45,71,116,38.7931034482759,61.2068965517241
"Persicaria","Persicaria longiseta",711,960,1671,42.5493716337522,57.4506283662478
"Persicaria","Persicaria maculosa",38,105,143,26.5734265734266,73.4265734265734
"Persicaria","Persicaria orientalis",9,4,13,69.2307692307692,30.7692307692308
"Persicaria","Persicaria pensylvanica",37,36,73,50.6849315068493,49.3150684931507
"Persicaria","Persicaria perfoliata",827,390,1217,67.9539852095316,32.0460147904684
"Persicaria","Persicaria posumbu",22,1,23,95.6521739130435,4.34782608695652
"Persicaria","Persicaria punctata",26,16,42,61.9047619047619,38.0952380952381
"Persicaria","Persicaria robustior",1,0,1,100,0
"Persicaria","Persicaria sagittata",294,203,497,59.1549295774648,40.8450704225352
"Persicaria","Persicaria virginiana",844,2509,3353,25.1714882195049,74.8285117804951
"Petasites","Petasites hybridus",5,11,16,31.25,68.75
"Petasites","Petasites japonicus",16,27,43,37.2093023255814,62.7906976744186
"Petrorhagia","Petrorhagia prolifera",11,1,12,91.6666666666667,8.33333333333333
"Petrosedum","Petrosedum rupestre",9,11,20,45,55
"Petroselinum","Petroselinum crispum",2,4,6,33.3333333333333,66.6666666666667
"Petunia","Petunia atkinsiana",13,16,29,44.8275862068966,55.1724137931034
"Phacelia","Phacelia bipinnatifida",8,0,8,100,0
"Phacelia","Phacelia dubia",6,0,6,100,0
"Phacelia","Phacelia purshii",20,0,20,100,0
"Phacelia","Phacelia tanacetifolia",2,4,6,33.3333333333333,66.6666666666667
"Phalaris","Phalaris arundinacea",88,75,163,53.9877300613497,46.0122699386503
"Phedimus","Phedimus ellacombeanus",3,1,4,75,25
"Phedimus","Phedimus hybridus",1,0,1,100,0
"Phedimus","Phedimus spurius",11,28,39,28.2051282051282,71.7948717948718
"Phegopteris","Phegopteris connectilis",19,93,112,16.9642857142857,83.0357142857143
"Phegopteris","Phegopteris decursive-pinnata",2,0,2,100,0
"Phegopteris","Phegopteris hexagonoptera",80,26,106,75.4716981132076,24.5283018867925
"Phellodendron","Phellodendron amurense",63,75,138,45.6521739130435,54.3478260869565
"Philadelphus","Philadelphus coronarius",99,105,204,48.5294117647059,51.4705882352941
"Philadelphus","Philadelphus pubescens",1,1,2,50,50
"Phleum","Phleum pratense",116,163,279,41.5770609318996,58.4229390681004
"Phlox","Phlox divaricata",435,127,562,77.4021352313167,22.5978647686833
"Phlox","Phlox drummondii",1,1,2,50,50
"Phlox","Phlox maculata",26,1,27,96.2962962962963,3.7037037037037
"Phlox","Phlox paniculata",331,227,558,59.3189964157706,40.6810035842294
"Phlox","Phlox stolonifera",43,14,57,75.4385964912281,24.5614035087719
"Phlox","Phlox subulata",81,226,307,26.3843648208469,73.6156351791531
"Photinia","Photinia fraseri",1,0,1,100,0
"Phragmites","Phragmites australis",276,2554,2830,9.75265017667845,90.2473498233216
"Phryma","Phryma leptostachya",52,99,151,34.4370860927152,65.5629139072848
"Phyla","Phyla lanceolata",5,0,5,100,0
"Phyllanthus","Phyllanthus urinaria",1,16,17,5.88235294117647,94.1176470588235
"Phyllostachys","Phyllostachys aurea",3,5,8,37.5,62.5
"Phyllostachys","Phyllostachys aureosulcata",12,16,28,42.8571428571429,57.1428571428571
"Physalis","Physalis grisea",5,15,20,25,75
"Physalis","Physalis heterophylla",25,63,88,28.4090909090909,71.5909090909091
"Physalis","Physalis longifolia",135,41,176,76.7045454545455,23.2954545454545
"Physalis","Physalis philadelphica",2,10,12,16.6666666666667,83.3333333333333
"Physcomitrium","Physcomitrium pyriforme",23,20,43,53.4883720930233,46.5116279069767
"Physematium","Physematium obtusum",58,1196,1254,4.62519936204147,95.3748006379585
"Physocarpus","Physocarpus opulifolius",236,208,444,53.1531531531532,46.8468468468468
"Physostegia","Physostegia virginiana",151,166,317,47.6340694006309,52.3659305993691
"Phytolacca","Phytolacca americana",2509,3800,6309,39.7685845617372,60.2314154382628
"Picea","Picea abies",201,663,864,23.2638888888889,76.7361111111111
"Picea","Picea glauca",5,31,36,13.8888888888889,86.1111111111111
"Picea","Picea mariana",6,29,35,17.1428571428571,82.8571428571429
"Picea","Picea pungens",4,154,158,2.53164556962025,97.4683544303797
"Picea","Picea rubens",11,61,72,15.2777777777778,84.7222222222222
"Picris","Picris hieracioides",2,59,61,3.27868852459016,96.7213114754098
"Pieris","Pieris japonica",33,35,68,48.5294117647059,51.4705882352941
"Pilea","Pilea microphylla",1,1,2,50,50
"Pilea","Pilea pumila",609,561,1170,52.051282051282,47.948717948718
"Pilosella","Pilosella aurantiaca",178,411,589,30.2207130730051,69.7792869269949
"Pilosella","Pilosella caespitosa",35,30,65,53.8461538461538,46.1538461538462
"Pilosella","Pilosella flagellaris",1,0,1,100,0
"Pilosella","Pilosella officinarum",35,25,60,58.3333333333333,41.6666666666667
"Pilosella","Pilosella piloselloides",3,7,10,30,70
"Pimpinella","Pimpinella saxifraga",3,0,3,100,0
"Pinellia","Pinellia pedatisecta",2,1,3,66.6666666666667,33.3333333333333
"Pinellia","Pinellia ternata",34,78,112,30.3571428571429,69.6428571428571
"Pinus","Pinus banksiana",8,31,39,20.5128205128205,79.4871794871795
"Pinus","Pinus echinata",2,2,4,50,50
"Pinus","Pinus pungens",27,0,27,100,0
"Pinus","Pinus resinosa",28,146,174,16.0919540229885,83.9080459770115
"Pinus","Pinus rigida",176,1307,1483,11.8678354686446,88.1321645313554
"Pinus","Pinus strobus",1288,3942,5230,24.6271510516252,75.3728489483748
"Pinus","Pinus sylvestris",15,108,123,12.1951219512195,87.8048780487805
"Pinus","Pinus taeda",1,0,1,100,0
"Pinus","Pinus virginiana",73,11,84,86.9047619047619,13.0952380952381
"Pistacia","Pistacia chinensis",1,0,1,100,0
"Pistia","Pistia stratiotes",4,5,9,44.4444444444444,55.5555555555556
"Plagiochila","Plagiochila porelloides",1,12,13,7.69230769230769,92.3076923076923
"Plagiomnium","Plagiomnium ciliare",2,7,9,22.2222222222222,77.7777777777778
"Plagiomnium","Plagiomnium cuspidatum",36,79,115,31.304347826087,68.695652173913
"Plantago","Plantago aristata",7,27,34,20.5882352941176,79.4117647058823
"Plantago","Plantago lanceolata",513,1410,1923,26.6770670826833,73.3229329173167
"Plantago","Plantago major",110,484,594,18.5185185185185,81.4814814814815
"Plantago","Plantago rugelii",94,563,657,14.3074581430746,85.6925418569254
"Plantago","Plantago virginica",11,2,13,84.6153846153846,15.3846153846154
"Platanthera","Platanthera bicolor",3,0,3,100,0
"Platanthera","Platanthera ciliaris",1,0,1,100,0
"Platanus","Platanus hispanica",8,10,18,44.4444444444444,55.5555555555556
"Platanus","Platanus occidentalis",739,610,1349,54.7813194959229,45.2186805040771
"Platycodon","Platycodon grandiflorus",29,8,37,78.3783783783784,21.6216216216216
"Platygyrium","Platygyrium repens",2,5,7,28.5714285714286,71.4285714285714
"Pleurozium","Pleurozium schreberi",5,33,38,13.1578947368421,86.8421052631579
"Pluchea","Pluchea odorata",5,78,83,6.02409638554217,93.9759036144578
"Plumbago","Plumbago auriculata",1,0,1,100,0
"Poa","Poa alsodes",1,1,2,50,50
"Poa","Poa annua",55,71,126,43.6507936507937,56.3492063492063
"Poa","Poa bulbosa",3,88,91,3.2967032967033,96.7032967032967
"Poa","Poa compressa",1,7,8,12.5,87.5
"Poa","Poa cuspidata",1,0,1,100,0
"Poa","Poa pratensis",15,21,36,41.6666666666667,58.3333333333333
"Poa","Poa trivialis",2,2,4,50,50
"Podophyllum","Podophyllum peltatum",2661,1790,4451,59.7843181307571,40.2156818692429
"Podostemum","Podostemum ceratophyllum",3,1,4,75,25
"Pogonatum","Pogonatum pensilvanicum",3,5,8,37.5,62.5
"Pogonia","Pogonia ophioglossoides",2,59,61,3.27868852459016,96.7213114754098
"Pohlia","Pohlia nutans",1,4,5,20,80
"Polanisia","Polanisia dodecandra",2,13,15,13.3333333333333,86.6666666666667
"Polemonium","Polemonium reptans",361,35,396,91.1616161616162,8.83838383838384
"Polygala","Polygala sanguinea",1,3,4,25,75
"Polygala","Polygala senega",1,20,21,4.76190476190476,95.2380952380952
"Polygaloides","Polygaloides paucifolia",174,220,394,44.1624365482233,55.8375634517767
"Polygonatum","Polygonatum biflorum",96,80,176,54.5454545454545,45.4545454545455
"Polygonatum","Polygonatum multiflorum",1,8,9,11.1111111111111,88.8888888888889
"Polygonatum","Polygonatum pubescens",184,160,344,53.4883720930233,46.5116279069767
"Polygonum","Polygonum aviculare",63,265,328,19.2073170731707,80.7926829268293
"Polygonum","Polygonum ramosissimum",1,4,5,20,80
"Polygonum","Polygonum tenue",14,8,22,63.6363636363636,36.3636363636364
"Polymnia","Polymnia canadensis",16,71,87,18.3908045977011,81.6091954022989
"Polypodium","Polypodium appalachianum",9,13,22,40.9090909090909,59.0909090909091
"Polypodium","Polypodium virginianum",118,167,285,41.4035087719298,58.5964912280702
"Polystichum","Polystichum acrostichoides",1347,1377,2724,49.4493392070485,50.5506607929515
"Polytrichum","Polytrichum commune",27,39,66,40.9090909090909,59.0909090909091
"Polytrichum","Polytrichum juniperinum",8,13,21,38.0952380952381,61.9047619047619
"Polytrichum","Polytrichum ohioense",1,2,3,33.3333333333333,66.6666666666667
"Polytrichum","Polytrichum piliferum",11,38,49,22.4489795918367,77.5510204081633
"Polytrichum","Polytrichum strictum",1,0,1,100,0
"Pontederia","Pontederia cordata",240,547,787,30.4955527318933,69.5044472681067
"Pontederia","Pontederia crassipes",11,4,15,73.3333333333333,26.6666666666667
"Populus","Populus alba",10,98,108,9.25925925925926,90.7407407407407
"Populus","Populus balsamifera",2,5,7,28.5714285714286,71.4285714285714
"Populus","Populus deltoides",73,564,637,11.4599686028257,88.5400313971743
"Populus","Populus grandidentata",134,270,404,33.1683168316832,66.8316831683168
"Populus","Populus jackii",1,1,2,50,50
"Populus","Populus nigra",1,1,2,50,50
"Populus","Populus tremuloides",158,344,502,31.4741035856574,68.5258964143426
"Porella","Porella platyphylla",1,20,21,4.76190476190476,95.2380952380952
"Portulaca","Portulaca grandiflora",9,11,20,45,55
"Portulaca","Portulaca oleracea",335,637,972,34.4650205761317,65.5349794238683
"Portulaca","Portulaca umbraticola",5,1,6,83.3333333333333,16.6666666666667
"Potamogeton","Potamogeton amplifolius",7,27,34,20.5882352941176,79.4117647058823
"Potamogeton","Potamogeton crispus",51,62,113,45.1327433628319,54.8672566371681
"Potamogeton","Potamogeton diversifolius",1,0,1,100,0
"Potamogeton","Potamogeton epihydrus",1,28,29,3.44827586206897,96.551724137931
"Potamogeton","Potamogeton foliosus",1,3,4,25,75
"Potamogeton","Potamogeton illinoensis",4,3,7,57.1428571428571,42.8571428571429
"Potamogeton","Potamogeton natans",3,31,34,8.82352941176471,91.1764705882353
"Potamogeton","Potamogeton nodosus",4,6,10,40,60
"Potamogeton","Potamogeton perfoliatus",2,12,14,14.2857142857143,85.7142857142857
"Potamogeton","Potamogeton richardsonii",4,13,17,23.5294117647059,76.4705882352941
"Potamogeton","Potamogeton robbinsii",7,9,16,43.75,56.25
"Potamogeton","Potamogeton zosteriformis",2,4,6,33.3333333333333,66.6666666666667
"Potentilla","Potentilla argentea",16,155,171,9.35672514619883,90.6432748538012
"Potentilla","Potentilla canadensis",64,67,131,48.8549618320611,51.1450381679389
"Potentilla","Potentilla indica",924,1170,2094,44.1260744985673,55.8739255014327
"Potentilla","Potentilla norvegica",70,119,189,37.037037037037,62.962962962963
"Potentilla","Potentilla recta",315,582,897,35.1170568561873,64.8829431438127
"Potentilla","Potentilla reptans",3,6,9,33.3333333333333,66.6666666666667
"Potentilla","Potentilla simplex",106,102,208,50.9615384615385,49.0384615384615
"Potentilla","Potentilla wallichiana",3,20,23,13.0434782608696,86.9565217391304
"Pourthiaea","Pourthiaea villosa",94,42,136,69.1176470588235,30.8823529411765
"Primula","Primula japonica",19,13,32,59.375,40.625
"Primula","Primula veris",1,18,19,5.26315789473684,94.7368421052632
"Prosartes","Prosartes lanuginosa",27,12,39,69.2307692307692,30.7692307692308
"Proserpinaca","Proserpinaca palustris",5,9,14,35.7142857142857,64.2857142857143
"Prunella","Prunella vulgaris",1062,1475,2537,41.8604651162791,58.1395348837209
"Prunus","Prunus americana",4,2,6,66.6666666666667,33.3333333333333
"Prunus","Prunus armeniaca",9,1,10,90,10
"Prunus","Prunus avium",56,76,132,42.4242424242424,57.5757575757576
"Prunus","Prunus cerasifera",62,82,144,43.0555555555556,56.9444444444444
"Prunus","Prunus cerasus",3,2,5,60,40
"Prunus","Prunus laurocerasus",7,86,93,7.52688172043011,92.4731182795699
"Prunus","Prunus mahaleb",10,23,33,30.3030303030303,69.6969696969697
"Prunus","Prunus padus",16,31,47,34.0425531914894,65.9574468085106
"Prunus","Prunus pensylvanica",9,34,43,20.9302325581395,79.0697674418605
"Prunus","Prunus persica",89,84,173,51.4450867052023,48.5549132947977
"Prunus","Prunus serotina",554,2003,2557,21.6660148611654,78.3339851388346
"Prunus","Prunus subhirtella",3,1,4,75,25
"Prunus","Prunus tomentosa",1,11,12,8.33333333333333,91.6666666666667
"Prunus","Prunus virginiana",66,211,277,23.826714801444,76.173285198556
"Pseudanomodon","Pseudanomodon attenuatus",27,32,59,45.7627118644068,54.2372881355932
"Pseudofumaria","Pseudofumaria alba",2,4,6,33.3333333333333,66.6666666666667
"Pseudofumaria","Pseudofumaria lutea",20,52,72,27.7777777777778,72.2222222222222
"Pseudognaphalium","Pseudognaphalium obtusifolium",58,113,171,33.9181286549708,66.0818713450292
"Pseudopediastrum","Pseudopediastrum boryanum",2,2,4,50,50
"Pseudosasa","Pseudosasa japonica",1,1,2,50,50
"Ptelea","Ptelea trifoliata",11,29,40,27.5,72.5
"Pteridium","Pteridium aquilinum",296,507,803,36.8617683686177,63.1382316313823
"Pteris","Pteris parkeri",1,0,1,100,0
"Pterocarya","Pterocarya stenoptera",7,0,7,100,0
"Ptilidium","Ptilidium pulcherrimum",6,14,20,30,70
"Ptilium","Ptilium crista-castrensis",1,47,48,2.08333333333333,97.9166666666667
"Ptychomitrium","Ptychomitrium incurvum",1,1,2,50,50
"Pueraria","Pueraria montana",28,13,41,68.2926829268293,31.7073170731707
"Pulmonaria","Pulmonaria obscura",1,0,1,100,0
"Pulmonaria","Pulmonaria officinalis",21,17,38,55.2631578947368,44.7368421052632
"Pulmonaria","Pulmonaria saccharata",2,50,52,3.84615384615385,96.1538461538462
"Pulsatilla","Pulsatilla vulgaris",1,1,2,50,50
"Puschkinia","Puschkinia scilloides",20,43,63,31.7460317460317,68.2539682539683
"Pycnanthemum","Pycnanthemum incanum",10,7,17,58.8235294117647,41.1764705882353
"Pycnanthemum","Pycnanthemum muticum",97,133,230,42.1739130434783,57.8260869565217
"Pycnanthemum","Pycnanthemum tenuifolium",93,125,218,42.6605504587156,57.3394495412844
"Pycnanthemum","Pycnanthemum verticillatum",3,5,8,37.5,62.5
"Pycnanthemum","Pycnanthemum virginianum",60,34,94,63.8297872340426,36.1702127659574
"Pyracantha","Pyracantha coccinea",4,8,12,33.3333333333333,66.6666666666667
"Pyrola","Pyrola americana",10,483,493,2.02839756592292,97.9716024340771
"Pyrola","Pyrola elliptica",53,159,212,25,75
"Pyrularia","Pyrularia pubera",7,1,8,87.5,12.5
"Pyrus","Pyrus calleryana",261,203,464,56.25,43.75
"Pyrus","Pyrus communis",30,32,62,48.3870967741936,51.6129032258064
"Quercus","Quercus acutissima",13,4,17,76.4705882352941,23.5294117647059
"Quercus","Quercus alba",436,775,1211,36.0033030553262,63.9966969446738
"Quercus","Quercus bicolor",65,107,172,37.7906976744186,62.2093023255814
"Quercus","Quercus cerris",1,14,15,6.66666666666667,93.3333333333333
"Quercus","Quercus coccinea",63,52,115,54.7826086956522,45.2173913043478
"Quercus","Quercus falcata",6,0,6,100,0
"Quercus","Quercus ilicifolia",80,201,281,28.4697508896797,71.5302491103203
"Quercus","Quercus imbricaria",75,9,84,89.2857142857143,10.7142857142857
"Quercus","Quercus macrocarpa",30,72,102,29.4117647058824,70.5882352941177
"Quercus","Quercus marilandica",23,49,72,31.9444444444444,68.0555555555556
"Quercus","Quercus michauxii",1,4,5,20,80
"Quercus","Quercus montana",272,286,558,48.7455197132617,51.2544802867383
"Quercus","Quercus muehlenbergii",17,52,69,24.6376811594203,75.3623188405797
"Quercus","Quercus nigra",4,0,4,100,0
"Quercus","Quercus palustris",158,211,369,42.8184281842818,57.1815718157182
"Quercus","Quercus phellos",38,7,45,84.4444444444444,15.5555555555556
"Quercus","Quercus prinoides",10,40,50,20,80
"Quercus","Quercus robur",8,14,22,36.3636363636364,63.6363636363636
"Quercus","Quercus rubra",415,546,961,43.1841831425598,56.8158168574402
"Quercus","Quercus stellata",35,82,117,29.9145299145299,70.0854700854701
"Quercus","Quercus velutina",117,293,410,28.5365853658537,71.4634146341463
"Rabelera","Rabelera holostea",1,13,14,7.14285714285714,92.8571428571429
"Radula","Radula complanata",2,38,40,5,95
"Ranunculus","Ranunculus abortivus",326,211,537,60.707635009311,39.292364990689
"Ranunculus","Ranunculus acris",22,173,195,11.2820512820513,88.7179487179487
"Ranunculus","Ranunculus allegheniensis",1,0,1,100,0
"Ranunculus","Ranunculus ambigens",1,0,1,100,0
"Ranunculus","Ranunculus bulbosus",82,84,166,49.3975903614458,50.6024096385542
"Ranunculus","Ranunculus flabellaris",1,6,7,14.2857142857143,85.7142857142857
"Ranunculus","Ranunculus hispidus",3,10,13,23.0769230769231,76.9230769230769
"Ranunculus","Ranunculus lingua",2,0,2,100,0
"Ranunculus","Ranunculus micranthus",2,0,2,100,0
"Ranunculus","Ranunculus pusillus",1,0,1,100,0
"Ranunculus","Ranunculus recurvatus",198,150,348,56.8965517241379,43.1034482758621
"Ranunculus","Ranunculus repens",83,103,186,44.6236559139785,55.3763440860215
"Ranunculus","Ranunculus sardous",1,1,2,50,50
"Ranunculus","Ranunculus sceleratus",34,81,115,29.5652173913043,70.4347826086957
"Ranunculus","Ranunculus septentrionalis",1,0,1,100,0
"Raphanus","Raphanus raphanistrum",11,21,32,34.375,65.625
"Raphanus","Raphanus sativus",1,1,2,50,50
"Ratibida","Ratibida columnifera",14,9,23,60.8695652173913,39.1304347826087
"Ratibida","Ratibida pinnata",35,42,77,45.4545454545455,54.5454545454545
"Reboulia","Reboulia hemisphaerica",3,9,12,25,75
"Reseda","Reseda lutea",1,3,4,25,75
"Reynoutria","Reynoutria bohemica",11,17,28,39.2857142857143,60.7142857142857
"Reynoutria","Reynoutria japonica",1026,1828,2854,35.9495444989488,64.0504555010512
"Reynoutria","Reynoutria sachalinensis",50,53,103,48.5436893203884,51.4563106796116
"Rhamnus","Rhamnus cathartica",295,2545,2840,10.387323943662,89.612676056338
"Rhamnus","Rhamnus virgata",2,1,3,66.6666666666667,33.3333333333333
"Rheum","Rheum rhabarbarum",5,3,8,62.5,37.5
"Rhexia","Rhexia virginica",9,18,27,33.3333333333333,66.6666666666667
"Rhizomnium","Rhizomnium punctatum",4,5,9,44.4444444444444,55.5555555555556
"Rhodobryum","Rhodobryum ontariense",16,55,71,22.5352112676056,77.4647887323944
"Rhododendron","Rhododendron arborescens",6,0,6,100,0
"Rhododendron","Rhododendron calendulaceum",17,20,37,45.9459459459459,54.0540540540541
"Rhododendron","Rhododendron canadense",22,5,27,81.4814814814815,18.5185185185185
"Rhododendron","Rhododendron catawbiense",1,0,1,100,0
"Rhododendron","Rhododendron groenlandicum",1,126,127,0.78740157480315,99.2125984251968
"Rhododendron","Rhododendron maximum",622,205,827,75.2116082224909,24.7883917775091
"Rhododendron","Rhododendron periclymenoides",118,68,186,63.4408602150538,36.5591397849462
"Rhododendron","Rhododendron pilosum",1,0,1,100,0
"Rhododendron","Rhododendron roseum",10,48,58,17.2413793103448,82.7586206896552
"Rhododendron","Rhododendron viscosum",8,54,62,12.9032258064516,87.0967741935484
"Rhodotypos","Rhodotypos scandens",486,595,1081,44.9583718778908,55.0416281221092
"Rhus","Rhus aromatica",91,268,359,25.3481894150418,74.6518105849582
"Rhus","Rhus copallina",80,679,759,10.5401844532279,89.4598155467721
"Rhus","Rhus glabra",97,481,578,16.7820069204152,83.2179930795848
"Rhus","Rhus typhina",1070,1932,3002,35.6429047301799,64.3570952698201
"Rhynchospora","Rhynchospora alba",7,11,18,38.8888888888889,61.1111111111111
"Rhynchospora","Rhynchospora capitellata",11,7,18,61.1111111111111,38.8888888888889
"Rhynchostegium","Rhynchostegium riparioides",1,0,1,100,0
"Rhynchostegium","Rhynchostegium serrulatum",2,2,4,50,50
"Rhytidium","Rhytidium rugosum",1,2,3,33.3333333333333,66.6666666666667
"Ribes","Ribes americanum",5,29,34,14.7058823529412,85.2941176470588
"Ribes","Ribes aureum",1,2,3,33.3333333333333,66.6666666666667
"Ribes","Ribes cynosbati",9,38,47,19.1489361702128,80.8510638297872
"Ribes","Ribes glandulosum",8,13,21,38.0952380952381,61.9047619047619
"Ribes","Ribes hirtellum",1,1,2,50,50
"Ribes","Ribes missouriense",2,2,4,50,50
"Ribes","Ribes rotundifolium",4,1,5,80,20
"Ribes","Ribes rubrum",15,24,39,38.4615384615385,61.5384615384615
"Ribes","Ribes triste",3,7,10,30,70
"Ribes","Ribes uva-crispa",3,6,9,33.3333333333333,66.6666666666667
"Riccia","Riccia beyrichiana",1,1,2,50,50
"Riccia","Riccia fluitans",2,8,10,20,80
"Ricciocarpos","Ricciocarpos natans",7,8,15,46.6666666666667,53.3333333333333
"Ricinus","Ricinus communis",13,87,100,13,87
"Ripariosida","Ripariosida hermaphrodita",1,0,1,100,0
"Robinia","Robinia hispida",15,25,40,37.5,62.5
"Robinia","Robinia pseudoacacia",766,1672,2438,31.4191960623462,68.5808039376538
"Roemeria","Roemeria argemone",1,0,1,100,0
"Rorippa","Rorippa palustris",7,60,67,10.4477611940299,89.5522388059701
"Rorippa","Rorippa sylvestris",24,13,37,64.8648648648649,35.1351351351351
"Rosa","Rosa acicularis",1,2,3,33.3333333333333,66.6666666666667
"Rosa","Rosa canina",35,55,90,38.8888888888889,61.1111111111111
"Rosa","Rosa carolina",76,57,133,57.1428571428571,42.8571428571429
"Rosa","Rosa gallica",2,5,7,28.5714285714286,71.4285714285714
"Rosa","Rosa luciae",1,8,9,11.1111111111111,88.8888888888889
"Rosa","Rosa multiflora",2082,2893,4975,41.8492462311558,58.1507537688442
"Rosa","Rosa palustris",66,108,174,37.9310344827586,62.0689655172414
"Rosa","Rosa rubiginosa",1,1,2,50,50
"Rosa","Rosa rugosa",61,758,819,7.44810744810745,92.5518925518925
"Rosa","Rosa setigera",23,13,36,63.8888888888889,36.1111111111111
"Rosa","Rosa virginiana",6,11,17,35.2941176470588,64.7058823529412
"Rotala","Rotala ramosior",4,0,4,100,0
"Rubus","Rubus allegheniensis",43,61,104,41.3461538461538,58.6538461538462
"Rubus","Rubus caesius",3,37,40,7.5,92.5
"Rubus","Rubus canadensis",3,0,3,100,0
"Rubus","Rubus cuneifolius",1,0,1,100,0
"Rubus","Rubus densissimus",1,0,1,100,0
"Rubus","Rubus flagellaris",43,25,68,63.2352941176471,36.7647058823529
"Rubus","Rubus hispidus",35,76,111,31.5315315315315,68.4684684684685
"Rubus","Rubus idaeus",22,105,127,17.3228346456693,82.6771653543307
"Rubus","Rubus illecebrosus",7,0,7,100,0
"Rubus","Rubus invisus",1,0,1,100,0
"Rubus","Rubus laciniatus",34,114,148,22.972972972973,77.027027027027
"Rubus","Rubus occidentalis",860,1177,2037,42.2189494354443,57.7810505645557
"Rubus","Rubus odoratus",442,1137,1579,27.9924002533249,72.0075997466751
"Rubus","Rubus parvifolius",1,0,1,100,0
"Rubus","Rubus pascuus",1,2,3,33.3333333333333,66.6666666666667
"Rubus","Rubus pensilvanicus",11,8,19,57.8947368421053,42.1052631578947
"Rubus","Rubus phoenicolasius",2636,2235,4871,54.1161979059741,45.8838020940259
"Rubus","Rubus pubescens",8,67,75,10.6666666666667,89.3333333333333
"Rubus","Rubus recurvicaulis",1,0,1,100,0
"Rudbeckia","Rudbeckia amplexicaulis",3,0,3,100,0
"Rudbeckia","Rudbeckia fulgida",50,111,161,31.055900621118,68.944099378882
"Rudbeckia","Rudbeckia hirta",372,654,1026,36.2573099415205,63.7426900584795
"Rudbeckia","Rudbeckia laciniata",429,344,773,55.4980595084088,44.5019404915912
"Rudbeckia","Rudbeckia maxima",9,3,12,75,25
"Rudbeckia","Rudbeckia subtomentosa",1,17,18,5.55555555555556,94.4444444444444
"Rudbeckia","Rudbeckia triloba",293,339,632,46.3607594936709,53.6392405063291
"Ruellia","Ruellia humilis",34,6,40,85,15
"Ruellia","Ruellia strepens",2,0,2,100,0
"Rumex","Rumex acetosella",76,191,267,28.4644194756554,71.5355805243446
"Rumex","Rumex conglomeratus",1,0,1,100,0
"Rumex","Rumex crispus",202,390,592,34.1216216216216,65.8783783783784
"Rumex","Rumex longifolius",1,1,2,50,50
"Rumex","Rumex obtusifolius",290,535,825,35.1515151515151,64.8484848484848
"Rumex","Rumex patientia",2,15,17,11.7647058823529,88.2352941176471
"Rumex","Rumex sanguineus",25,3,28,89.2857142857143,10.7142857142857
"Rumex","Rumex verticillatus",3,6,9,33.3333333333333,66.6666666666667
"Ruta","Ruta graveolens",8,11,19,42.1052631578947,57.8947368421053
"Sabatia","Sabatia angularis",73,0,73,100,0
"Sabulina","Sabulina michauxii",33,2,35,94.2857142857143,5.71428571428571
"Sagina","Sagina procumbens",8,64,72,11.1111111111111,88.8888888888889
"Sagittaria","Sagittaria australis",4,0,4,100,0
"Sagittaria","Sagittaria latifolia",122,203,325,37.5384615384615,62.4615384615385
"Sagittaria","Sagittaria platyphylla",2,0,2,100,0
"Sagittaria","Sagittaria rigida",4,1,5,80,20
"Salix","Salix aurita",1,0,1,100,0
"Salix","Salix babylonica",4,11,15,26.6666666666667,73.3333333333333
"Salix","Salix discolor",19,39,58,32.7586206896552,67.2413793103448
"Salix","Salix eriocephala",2,16,18,11.1111111111111,88.8888888888889
"Salix","Salix integra",2,3,5,40,60
"Salix","Salix interior",14,20,34,41.1764705882353,58.8235294117647
"Salix","Salix nigra",18,28,46,39.1304347826087,60.8695652173913
"Salix","Salix pendulina",4,8,12,33.3333333333333,66.6666666666667
"Salix","Salix purpurea",1,19,20,5,95
"Salvia","Salvia coccinea",1,3,4,25,75
"Salvia","Salvia glutinosa",1,4,5,20,80
"Salvia","Salvia lyrata",46,4,50,92,8
"Salvia","Salvia officinalis",53,60,113,46.9026548672566,53.0973451327434
"Salvia","Salvia pratensis",3,2,5,60,40
"Salvia","Salvia sclarea",7,0,7,100,0
"Salvia","Salvia verticillata",3,10,13,23.0769230769231,76.9230769230769
"Sambucus","Sambucus canadensis",378,491,869,43.4982738780207,56.5017261219793
"Sambucus","Sambucus javanica",1,0,1,100,0
"Sambucus","Sambucus racemosa",160,284,444,36.036036036036,63.963963963964
"Sanguinaria","Sanguinaria canadensis",1085,1192,2277,47.6504172156346,52.3495827843654
"Sanguisorba","Sanguisorba canadensis",11,29,40,27.5,72.5
"Sanguisorba","Sanguisorba officinalis",2,0,2,100,0
"Sanicula","Sanicula canadensis",21,22,43,48.8372093023256,51.1627906976744
"Sanicula","Sanicula marilandica",1,2,3,33.3333333333333,66.6666666666667
"Sanicula","Sanicula odorata",48,12,60,80,20
"Sanicula","Sanicula trifoliata",1,4,5,20,80
"Saponaria","Saponaria ocymoides",3,1,4,75,25
"Saponaria","Saponaria officinalis",293,713,1006,29.1252485089463,70.8747514910537
"Sarracenia","Sarracenia purpurea",2,12,14,14.2857142857143,85.7142857142857
"Sassafras","Sassafras albidum",1369,1701,3070,44.5928338762215,55.4071661237785
"Sauromatum","Sauromatum venosum",1,0,1,100,0
"Saururus","Saururus cernuus",116,124,240,48.3333333333333,51.6666666666667
"Saxifraga","Saxifraga stolonifera",2,1,3,66.6666666666667,33.3333333333333
"Scapania","Scapania undulata",1,1,2,50,50
"Sceptridium","Sceptridium biternatum",1,0,1,100,0
"Sceptridium","Sceptridium dissectum",77,47,124,62.0967741935484,37.9032258064516
"Sceptridium","Sceptridium oneidense",1,3,4,25,75
"Schistidium","Schistidium rivulare",1,0,1,100,0
"Schizachyrium","Schizachyrium scoparium",47,113,160,29.375,70.625
"Schoenoplectiella","Schoenoplectiella mucronata",2,1,3,66.6666666666667,33.3333333333333
"Schoenoplectus","Schoenoplectus pungens",5,22,27,18.5185185185185,81.4814814814815
"Schoenoplectus","Schoenoplectus tabernaemontani",14,28,42,33.3333333333333,66.6666666666667
"Scilla","Scilla forbesii",8,20,28,28.5714285714286,71.4285714285714
"Scilla","Scilla luciliae",4,46,50,8,92
"Scilla","Scilla mischtschenkoana",2,9,11,18.1818181818182,81.8181818181818
"Scilla","Scilla sardensis",1,6,7,14.2857142857143,85.7142857142857
"Scilla","Scilla siberica",130,303,433,30.0230946882217,69.9769053117783
"Scirpus","Scirpus atrovirens",12,30,42,28.5714285714286,71.4285714285714
"Scirpus","Scirpus cyperinus",82,102,184,44.5652173913044,55.4347826086956
"Scirpus","Scirpus microcarpus",1,7,8,12.5,87.5
"Scirpus","Scirpus pedicellatus",1,2,3,33.3333333333333,66.6666666666667
"Scirpus","Scirpus pendulus",1,11,12,8.33333333333333,91.6666666666667
"Scirpus","Scirpus polyphyllus",1,3,4,25,75
"Scleranthus","Scleranthus annuus",15,58,73,20.5479452054795,79.4520547945205
"Scleria","Scleria pauciflora",8,0,8,100,0
"Sclerochloa","Sclerochloa dura",2,1,3,66.6666666666667,33.3333333333333
"Scorzoneroides","Scorzoneroides autumnalis",7,15,22,31.8181818181818,68.1818181818182
"Scrophularia","Scrophularia lanceolata",3,4,7,42.8571428571429,57.1428571428571
"Scrophularia","Scrophularia marilandica",40,8,48,83.3333333333333,16.6666666666667
"Scrophularia","Scrophularia nodosa",1,2,3,33.3333333333333,66.6666666666667
"Scutellaria","Scutellaria elliptica",28,0,28,100,0
"Scutellaria","Scutellaria galericulata",19,100,119,15.9663865546218,84.0336134453782
"Scutellaria","Scutellaria incana",90,31,121,74.3801652892562,25.6198347107438
"Scutellaria","Scutellaria integrifolia",30,0,30,100,0
"Scutellaria","Scutellaria lateriflora",48,100,148,32.4324324324324,67.5675675675676
"Scutellaria","Scutellaria nervosa",3,0,3,100,0
"Scutellaria","Scutellaria ovata",2,0,2,100,0
"Scutellaria","Scutellaria parvula",2,3,5,40,60
"Scutellaria","Scutellaria serrata",4,1,5,80,20
"Secale","Secale cereale",10,4,14,71.4285714285714,28.5714285714286
"Sedum","Sedum acre",48,142,190,25.2631578947368,74.7368421052632
"Sedum","Sedum album",20,62,82,24.390243902439,75.609756097561
"Sedum","Sedum mexicanum",1,0,1,100,0
"Sedum","Sedum sarmentosum",309,405,714,43.2773109243698,56.7226890756302
"Sedum","Sedum sexangulare",14,48,62,22.5806451612903,77.4193548387097
"Sedum","Sedum ternatum",325,41,366,88.7978142076503,11.2021857923497
"Selaginella","Selaginella apoda",17,13,30,56.6666666666667,43.3333333333333
"Selaginella","Selaginella rupestris",4,13,17,23.5294117647059,76.4705882352941
"Senecio","Senecio viscosus",3,1,4,75,25
"Senecio","Senecio vulgaris",364,738,1102,33.0308529945554,66.9691470054446
"Senna","Senna hebecarpa",77,24,101,76.2376237623762,23.7623762376238
"Senna","Senna marilandica",7,5,12,58.3333333333333,41.6666666666667
"Senna","Senna obtusifolia",6,2,8,75,25
"Sericocarpus","Sericocarpus asteroides",2,11,13,15.3846153846154,84.6153846153846
"Setaria","Setaria faberi",103,144,247,41.7004048582996,58.2995951417004
"Setaria","Setaria italica",1,2,3,33.3333333333333,66.6666666666667
"Setaria","Setaria parviflora",1,2,3,33.3333333333333,66.6666666666667
"Setaria","Setaria pumila",119,148,267,44.5692883895131,55.4307116104869
"Setaria","Setaria viridis",22,158,180,12.2222222222222,87.7777777777778
"Sherardia","Sherardia arvensis",15,10,25,60,40
"Sibbaldia","Sibbaldia tridentata",1,94,95,1.05263157894737,98.9473684210526
"Sicyos","Sicyos angulatus",224,169,393,56.9974554707379,43.0025445292621
"Sida","Sida spinosa",14,2,16,87.5,12.5
"Silene","Silene antirrhina",7,19,26,26.9230769230769,73.0769230769231
"Silene","Silene caroliniana",28,31,59,47.4576271186441,52.5423728813559
"Silene","Silene chalcedonica",4,4,8,50,50
"Silene","Silene coronaria",53,125,178,29.7752808988764,70.2247191011236
"Silene","Silene flos-cuculi",25,287,312,8.01282051282051,91.9871794871795
"Silene","Silene hampeana",1,4,5,20,80
"Silene","Silene latifolia",464,688,1152,40.2777777777778,59.7222222222222
"Silene","Silene nivea",1,0,1,100,0
"Silene","Silene noctiflora",3,0,3,100,0
"Silene","Silene regia",1,1,2,50,50
"Silene","Silene stellata",58,31,89,65.1685393258427,34.8314606741573
"Silene","Silene virginica",94,0,94,100,0
"Silene","Silene vulgaris",175,613,788,22.2081218274112,77.7918781725888
"Silphium","Silphium asteriscus",6,0,6,100,0
"Silphium","Silphium laciniatum",5,0,5,100,0
"Silphium","Silphium perfoliatum",154,162,316,48.7341772151899,51.2658227848101
"Silybum","Silybum marianum",4,3,7,57.1428571428571,42.8571428571429
"Sinapis","Sinapis alba",1,1,2,50,50
"Sisymbrium","Sisymbrium altissimum",1,1,2,50,50
"Sisymbrium","Sisymbrium officinale",15,44,59,25.4237288135593,74.5762711864407
"Sisyrinchium","Sisyrinchium angustifolium",51,48,99,51.5151515151515,48.4848484848485
"Sisyrinchium","Sisyrinchium atlanticum",2,3,5,40,60
"Sisyrinchium","Sisyrinchium montanum",4,13,17,23.5294117647059,76.4705882352941
"Sisyrinchium","Sisyrinchium mucronatum",2,1,3,66.6666666666667,33.3333333333333
"Sitobolium","Sitobolium punctilobum",625,529,1154,54.159445407279,45.840554592721
"Sium","Sium suave",8,30,38,21.0526315789474,78.9473684210526
"Smallanthus","Smallanthus uvedalia",9,0,9,100,0
"Smilax","Smilax glauca",85,152,237,35.8649789029536,64.1350210970464
"Smilax","Smilax herbacea",60,72,132,45.4545454545455,54.5454545454545
"Smilax","Smilax pulverulenta",6,1,7,85.7142857142857,14.2857142857143
"Smilax","Smilax rotundifolia",223,549,772,28.8860103626943,71.1139896373057
"Smilax","Smilax tamnoides",47,24,71,66.1971830985916,33.8028169014084
"Solanum","Solanum aethiopicum",1,0,1,100,0
"Solanum","Solanum americanum",6,6,12,50,50
"Solanum","Solanum angustifolium",10,58,68,14.7058823529412,85.2941176470588
"Solanum","Solanum carolinense",935,1246,2181,42.8702430077946,57.1297569922054
"Solanum","Solanum dulcamara",1109,2172,3281,33.8006705272783,66.1993294727217
"Solanum","Solanum emulans",142,151,293,48.4641638225256,51.5358361774744
"Solanum","Solanum lycopersicum",35,300,335,10.4477611940299,89.5522388059701
"Solanum","Solanum melongena",2,1,3,66.6666666666667,33.3333333333333
"Solanum","Solanum nigrum",5,249,254,1.96850393700787,98.0314960629921
"Solanum","Solanum sarrachoides",2,12,14,14.2857142857143,85.7142857142857
"Solanum","Solanum tuberosum",14,34,48,29.1666666666667,70.8333333333333
"Solanum","Solanum villosum",2,0,2,100,0
"Solidago","Solidago altissima",128,95,223,57.3991031390135,42.6008968609865
"Solidago","Solidago arguta",6,11,17,35.2941176470588,64.7058823529412
"Solidago","Solidago bicolor",124,192,316,39.2405063291139,60.7594936708861
"Solidago","Solidago caesia",328,583,911,36.0043907793633,63.9956092206367
"Solidago","Solidago canadensis",62,81,143,43.3566433566434,56.6433566433566
"Solidago","Solidago curtisii",1,0,1,100,0
"Solidago","Solidago flexicaulis",185,327,512,36.1328125,63.8671875
"Solidago","Solidago gigantea",71,84,155,45.8064516129032,54.1935483870968
"Solidago","Solidago hispida",2,2,4,50,50
"Solidago","Solidago juncea",69,132,201,34.3283582089552,65.6716417910448
"Solidago","Solidago nemoralis",45,71,116,38.7931034482759,61.2068965517241
"Solidago","Solidago odora",9,39,48,18.75,81.25
"Solidago","Solidago patula",10,35,45,22.2222222222222,77.7777777777778
"Solidago","Solidago puberula",11,13,24,45.8333333333333,54.1666666666667
"Solidago","Solidago racemosa",3,0,3,100,0
"Solidago","Solidago rigida",6,26,32,18.75,81.25
"Solidago","Solidago rugosa",257,380,637,40.3453689167975,59.6546310832025
"Solidago","Solidago sempervirens",6,1079,1085,0.552995391705069,99.4470046082949
"Solidago","Solidago speciosa",3,62,65,4.61538461538461,95.3846153846154
"Solidago","Solidago squarrosa",1,5,6,16.6666666666667,83.3333333333333
"Solidago","Solidago uliginosa",1,4,5,20,80
"Solidago","Solidago ulmifolia",11,5,16,68.75,31.25
"Sonchus","Sonchus arvensis",3,49,52,5.76923076923077,94.2307692307692
"Sonchus","Sonchus asper",61,111,172,35.4651162790698,64.5348837209302
"Sonchus","Sonchus oleraceus",10,214,224,4.46428571428571,95.5357142857143
"Sorastrum","Sorastrum spinulosum",1,0,1,100,0
"Sorbaria","Sorbaria sorbifolia",14,72,86,16.2790697674419,83.7209302325581
"Sorbus","Sorbus americana",20,47,67,29.8507462686567,70.1492537313433
"Sorbus","Sorbus aucuparia",8,62,70,11.4285714285714,88.5714285714286
"Sorbus","Sorbus decora",1,1,2,50,50
"Sorghastrum","Sorghastrum nutans",134,89,223,60.0896860986547,39.9103139013453
"Sorghum","Sorghum bicolor",27,40,67,40.2985074626866,59.7014925373134
"Sorghum","Sorghum halepense",20,6,26,76.9230769230769,23.0769230769231
"Sparganium","Sparganium americanum",9,22,31,29.0322580645161,70.9677419354839
"Sparganium","Sparganium eurycarpum",12,16,28,42.8571428571429,57.1428571428571
"Spergula","Spergula arvensis",2,0,2,100,0
"Spergularia","Spergularia rubra",2,21,23,8.69565217391304,91.304347826087
"Sphagnum","Sphagnum affine",1,0,1,100,0
"Sphagnum","Sphagnum bartlettianum",1,0,1,100,0
"Sphagnum","Sphagnum capillifolium",2,2,4,50,50
"Sphagnum","Sphagnum centrale",1,1,2,50,50
"Sphagnum","Sphagnum cuspidatum",1,1,2,50,50
"Sphagnum","Sphagnum divinum",2,0,2,100,0
"Sphagnum","Sphagnum fuscum",2,1,3,66.6666666666667,33.3333333333333
"Sphagnum","Sphagnum girgensohnii",2,3,5,40,60
"Sphagnum","Sphagnum palustre",4,4,8,50,50
"Sphagnum","Sphagnum recurvum",2,0,2,100,0
"Sphagnum","Sphagnum rubellum",1,2,3,33.3333333333333,66.6666666666667
"Sphagnum","Sphagnum squarrosum",2,5,7,28.5714285714286,71.4285714285714
"Sphagnum","Sphagnum wulfianum",1,3,4,25,75
"Spinacia","Spinacia oleracea",8,7,15,53.3333333333333,46.6666666666667
"Spinulum","Spinulum annotinum",75,140,215,34.8837209302326,65.1162790697674
"Spiraea","Spiraea alba",220,548,768,28.6458333333333,71.3541666666667
"Spiraea","Spiraea japonica",409,352,761,53.7450722733246,46.2549277266754
"Spiraea","Spiraea prunifolia",15,6,21,71.4285714285714,28.5714285714286
"Spiraea","Spiraea thunbergii",16,15,31,51.6129032258064,48.3870967741936
"Spiraea","Spiraea tomentosa",213,254,467,45.610278372591,54.389721627409
"Spiranthes","Spiranthes arcisepala",35,26,61,57.3770491803279,42.6229508196721
"Spiranthes","Spiranthes cernua",10,7,17,58.8235294117647,41.1764705882353
"Spiranthes","Spiranthes incurva",4,29,33,12.1212121212121,87.8787878787879
"Spiranthes","Spiranthes lacera",16,7,23,69.5652173913043,30.4347826086957
"Spiranthes","Spiranthes ochroleuca",12,21,33,36.3636363636364,63.6363636363636
"Spirodela","Spirodela polyrhiza",19,55,74,25.6756756756757,74.3243243243243
"Sporobolus","Sporobolus heterolepis",12,1,13,92.3076923076923,7.69230769230769
"Sporobolus","Sporobolus michauxianus",8,8,16,50,50
"Stachys","Stachys byzantina",32,78,110,29.0909090909091,70.9090909090909
"Stachys","Stachys cordata",1,0,1,100,0
"Stachys","Stachys hispida",1,4,5,20,80
"Stachys","Stachys palustris",3,4,7,42.8571428571429,57.1428571428571
"Stachys","Stachys pilosa",1,1,2,50,50
"Stachys","Stachys tenuifolia",1,0,1,100,0
"Staphylea","Staphylea trifolia",322,214,536,60.0746268656716,39.9253731343284
"Stauridium","Stauridium tetras",1,0,1,100,0
"Stellaria","Stellaria aquatica",36,51,87,41.3793103448276,58.6206896551724
"Stellaria","Stellaria corei",7,1,8,87.5,12.5
"Stellaria","Stellaria graminea",14,28,42,33.3333333333333,66.6666666666667
"Stellaria","Stellaria longifolia",2,1,3,66.6666666666667,33.3333333333333
"Stellaria","Stellaria media",246,448,694,35.4466858789625,64.5533141210375
"Stellaria","Stellaria neglecta",1,0,1,100,0
"Stellaria","Stellaria pubera",145,4,149,97.3154362416107,2.68456375838926
"Stenanthium","Stenanthium gramineum",8,0,8,100,0
"Streptopus","Streptopus amplexifolius",3,13,16,18.75,81.25
"Streptopus","Streptopus lanceolatus",9,74,83,10.8433734939759,89.1566265060241
"Strophostyles","Strophostyles helvola",36,78,114,31.578947368421,68.421052631579
"Strophostyles","Strophostyles umbellata",12,1,13,92.3076923076923,7.69230769230769
"Stuckenia","Stuckenia pectinata",3,9,12,25,75
"Stylophorum","Stylophorum diphyllum",401,193,594,67.5084175084175,32.4915824915825
"Styphnolobium","Styphnolobium japonicum",30,20,50,60,40
"Styrax","Styrax japonicus",33,23,56,58.9285714285714,41.0714285714286
"Succisa","Succisa pratensis",1,1,2,50,50
"Symphoricarpos","Symphoricarpos albus",10,65,75,13.3333333333333,86.6666666666667
"Symphoricarpos","Symphoricarpos orbiculatus",75,44,119,63.0252100840336,36.9747899159664
"Symphyotrichum","Symphyotrichum ciliatum",2,0,2,100,0
"Symphyotrichum","Symphyotrichum cordifolium",141,266,407,34.6437346437346,65.3562653562654
"Symphyotrichum","Symphyotrichum depauperatum",39,0,39,100,0
"Symphyotrichum","Symphyotrichum dumosum",1,5,6,16.6666666666667,83.3333333333333
"Symphyotrichum","Symphyotrichum ericoides",15,34,49,30.6122448979592,69.3877551020408
"Symphyotrichum","Symphyotrichum laeve",15,95,110,13.6363636363636,86.3636363636364
"Symphyotrichum","Symphyotrichum lanceolatum",38,96,134,28.3582089552239,71.6417910447761
"Symphyotrichum","Symphyotrichum lateriflorum",178,192,370,48.1081081081081,51.8918918918919
"Symphyotrichum","Symphyotrichum novae-angliae",356,894,1250,28.48,71.52
"Symphyotrichum","Symphyotrichum novi-belgii",11,18,29,37.9310344827586,62.0689655172414
"Symphyotrichum","Symphyotrichum oblongifolium",3,3,6,50,50
"Symphyotrichum","Symphyotrichum ontarionis",1,6,7,14.2857142857143,85.7142857142857
"Symphyotrichum","Symphyotrichum oolentangiense",1,5,6,16.6666666666667,83.3333333333333
"Symphyotrichum","Symphyotrichum patens",3,22,25,12,88
"Symphyotrichum","Symphyotrichum phlogifolium",1,0,1,100,0
"Symphyotrichum","Symphyotrichum pilosum",86,62,148,58.1081081081081,41.8918918918919
"Symphyotrichum","Symphyotrichum prenanthoides",41,49,90,45.5555555555556,54.4444444444444
"Symphyotrichum","Symphyotrichum puniceum",32,55,87,36.7816091954023,63.2183908045977
"Symphyotrichum","Symphyotrichum racemosum",10,6,16,62.5,37.5
"Symphyotrichum","Symphyotrichum shortii",33,0,33,100,0
"Symphyotrichum","Symphyotrichum undulatum",7,5,12,58.3333333333333,41.6666666666667
"Symphyotrichum","Symphyotrichum urophyllum",10,17,27,37.037037037037,62.962962962963
"Symphytum","Symphytum caucasicum",3,0,3,100,0
"Symphytum","Symphytum officinale",38,59,97,39.1752577319588,60.8247422680412
"Symplocarpus","Symplocarpus foetidus",1820,2053,3873,46.9919958688355,53.0080041311645
"Symplocos","Symplocos paniculata",11,7,18,61.1111111111111,38.8888888888889
"Syringa","Syringa pubescens",1,2,3,33.3333333333333,66.6666666666667
"Syringa","Syringa reticulata",1,5,6,16.6666666666667,83.3333333333333
"Syringa","Syringa vulgaris",360,428,788,45.6852791878173,54.3147208121827
"Taenidia","Taenidia integerrima",17,24,41,41.4634146341463,58.5365853658537
"Tagetes","Tagetes erecta",8,9,17,47.0588235294118,52.9411764705882
"Tagetes","Tagetes minuta",14,1,15,93.3333333333333,6.66666666666667
"Talinum","Talinum paniculatum",9,36,45,20,80
"Tanacetum","Tanacetum balsamita",1,2,3,33.3333333333333,66.6666666666667
"Tanacetum","Tanacetum parthenium",154,121,275,56,44
"Tanacetum","Tanacetum vulgare",133,228,361,36.8421052631579,63.1578947368421
"Taraxacum","Taraxacum",6,13,19,31.578947368421,68.421052631579
"Taraxacum","Taraxacum erythrospermum",12,16,28,42.8571428571429,57.1428571428571
"Taraxacum","Taraxacum officinale",914,2044,2958,30.8992562542258,69.1007437457742
"Tarenaya","Tarenaya houtteana",79,104,183,43.1693989071038,56.8306010928962
"Tarenaya","Tarenaya spinosa",2,0,2,100,0
"Taxodium","Taxodium distichum",38,86,124,30.6451612903226,69.3548387096774
"Taxus","Taxus baccata",7,23,30,23.3333333333333,76.6666666666667
"Taxus","Taxus canadensis",20,76,96,20.8333333333333,79.1666666666667
"Teilingia","Teilingia granulata",1,0,1,100,0
"Tephrosia","Tephrosia virginiana",4,65,69,5.79710144927536,94.2028985507246
"Tetradesmus","Tetradesmus lagerheimii",1,2,3,33.3333333333333,66.6666666666667
"Tetradium","Tetradium daniellii",14,5,19,73.6842105263158,26.3157894736842
"Tetraphis","Tetraphis pellucida",1,10,11,9.09090909090909,90.9090909090909
"Teucrium","Teucrium canadense",338,188,526,64.2585551330799,35.7414448669202
"Thalictrum","Thalictrum dasycarpum",1,0,1,100,0
"Thalictrum","Thalictrum dioicum",72,156,228,31.578947368421,68.421052631579
"Thalictrum","Thalictrum pubescens",193,280,473,40.8033826638478,59.1966173361522
"Thalictrum","Thalictrum revolutum",1,2,3,33.3333333333333,66.6666666666667
"Thalictrum","Thalictrum thalictroides",493,358,851,57.9318448883666,42.0681551116334
"Thamnobryum","Thamnobryum subserratum",3,4,7,42.8571428571429,57.1428571428571
"Thaspium","Thaspium barbinode",6,0,6,100,0
"Thaspium","Thaspium trifoliatum",1,0,1,100,0
"Thelypteris","Thelypteris palustris",34,118,152,22.3684210526316,77.6315789473684
"Thermopsis","Thermopsis villosa",1,11,12,8.33333333333333,91.6666666666667
"Thlaspi","Thlaspi arvense",179,245,424,42.2169811320755,57.7830188679245
"Thuidium","Thuidium delicatulum",96,119,215,44.6511627906977,55.3488372093023
"Thuja","Thuja occidentalis",69,472,541,12.7541589648799,87.2458410351202
"Thymophylla","Thymophylla tenuiloba",1,0,1,100,0
"Thymus","Thymus pulegioides",4,84,88,4.54545454545455,95.4545454545455
"Tiarella","Tiarella cordifolia",29,35,64,45.3125,54.6875
"Tiarella","Tiarella stolonifera",288,340,628,45.859872611465,54.140127388535
"Tilia","Tilia americana",391,754,1145,34.1484716157205,65.8515283842795
"Tilia","Tilia cordata",9,25,34,26.4705882352941,73.5294117647059
"Tilia","Tilia tomentosa",2,10,12,16.6666666666667,83.3333333333333
"Tipularia","Tipularia discolor",2,0,2,100,0
"Toona","Toona sinensis",10,38,48,20.8333333333333,79.1666666666667
"Torilis","Torilis arvensis",1,0,1,100,0
"Torilis","Torilis japonica",1,9,10,10,90
"Tortula","Tortula muralis",7,21,28,25,75
"Toxicodendron","Toxicodendron radicans",1471,4387,5858,25.1109593717993,74.8890406282007
"Toxicodendron","Toxicodendron rydbergii",3,48,51,5.88235294117647,94.1176470588235
"Toxicodendron","Toxicodendron vernix",30,46,76,39.4736842105263,60.5263157894737
"Tradescantia","Tradescantia ohiensis",12,12,24,50,50
"Tradescantia","Tradescantia subaspera",3,0,3,100,0
"Tradescantia","Tradescantia virginiana",61,52,113,53.9823008849558,46.0176991150442
"Tragopogon","Tragopogon dubius",45,37,82,54.8780487804878,45.1219512195122
"Tragopogon","Tragopogon porrifolius",1,2,3,33.3333333333333,66.6666666666667
"Tragopogon","Tragopogon pratensis",19,38,57,33.3333333333333,66.6666666666667
"Trapa","Trapa natans",13,309,322,4.03726708074534,95.9627329192547
"Trautvetteria","Trautvetteria carolinensis",23,0,23,100,0
"Triadenum","Triadenum fraseri",3,5,8,37.5,62.5
"Triadenum","Triadenum virginicum",8,39,47,17.0212765957447,82.9787234042553
"Trichocolea","Trichocolea tomentella",4,10,14,28.5714285714286,71.4285714285714
"Trichophorum","Trichophorum planifolium",3,7,10,30,70
"Trichostema","Trichostema dichotomum",28,59,87,32.183908045977,67.816091954023
"Tricyrtis","Tricyrtis hirta",1,0,1,100,0
"Tridens","Tridens flavus",92,74,166,55.421686746988,44.578313253012
"Trifolium","Trifolium arvense",17,168,185,9.18918918918919,90.8108108108108
"Trifolium","Trifolium aureum",58,119,177,32.7683615819209,67.2316384180791
"Trifolium","Trifolium campestre",102,69,171,59.6491228070175,40.3508771929825
"Trifolium","Trifolium dubium",58,108,166,34.9397590361446,65.0602409638554
"Trifolium","Trifolium hybridum",89,111,200,44.5,55.5
"Trifolium","Trifolium incarnatum",55,61,116,47.4137931034483,52.5862068965517
"Trifolium","Trifolium pratense",856,1656,2512,34.0764331210191,65.9235668789809
"Trifolium","Trifolium repens",1005,1754,2759,36.4262413918086,63.5737586081914
"Trillium","Trillium cuneatum",58,32,90,64.4444444444444,35.5555555555556
"Trillium","Trillium erectum",571,934,1505,37.9401993355482,62.0598006644518
"Trillium","Trillium grandiflorum",659,619,1278,51.5649452269171,48.4350547730829
"Trillium","Trillium luteum",24,20,44,54.5454545454545,45.4545454545455
"Trillium","Trillium nivale",1,5,6,16.6666666666667,83.3333333333333
"Trillium","Trillium recurvatum",2,3,5,40,60
"Trillium","Trillium sessile",75,0,75,100,0
"Trillium","Trillium sulcatum",1,0,1,100,0
"Trillium","Trillium underwoodii",4,0,4,100,0
"Trillium","Trillium undulatum",230,344,574,40.0696864111498,59.9303135888502
"Triodanis","Triodanis perfoliata",178,204,382,46.5968586387435,53.4031413612565
"Triosteum","Triosteum aurantiacum",12,24,36,33.3333333333333,66.6666666666667
"Triosteum","Triosteum perfoliatum",4,1,5,80,20
"Tripidium","Tripidium ravennae",3,3,6,50,50
"Tripleurospermum","Tripleurospermum inodorum",2,8,10,20,80
"Tripleurospermum","Tripleurospermum maritimum",1,0,1,100,0
"Tripsacum","Tripsacum dactyloides",18,33,51,35.2941176470588,64.7058823529412
"Triticum","Triticum aestivum",45,25,70,64.2857142857143,35.7142857142857
"Tropaeolum","Tropaeolum majus",34,54,88,38.6363636363636,61.3636363636364
"Tsuga","Tsuga canadensis",1140,1406,2546,44.7761194029851,55.2238805970149
"Tulipa","Tulipa clusiana",1,0,1,100,0
"Tulipa","Tulipa gesneriana",1,0,1,100,0
"Tulipa","Tulipa sylvestris",31,20,51,60.7843137254902,39.2156862745098
"Turritis","Turritis glabra",20,110,130,15.3846153846154,84.6153846153846
"Tussilago","Tussilago farfara",872,1047,1919,45.4403335070349,54.5596664929651
"Typha","Typha angustifolia",11,65,76,14.4736842105263,85.5263157894737
"Typha","Typha glauca",3,3,6,50,50
"Typha","Typha latifolia",147,173,320,45.9375,54.0625
"Ulmus","Ulmus alata",1,2,3,33.3333333333333,66.6666666666667
"Ulmus","Ulmus americana",67,160,227,29.5154185022026,70.4845814977974
"Ulmus","Ulmus glabra",2,20,22,9.09090909090909,90.9090909090909
"Ulmus","Ulmus minor",1,7,8,12.5,87.5
"Ulmus","Ulmus parvifolia",3,4,7,42.8571428571429,57.1428571428571
"Ulmus","Ulmus pumila",12,38,50,24,76
"Ulmus","Ulmus rubra",38,23,61,62.2950819672131,37.7049180327869
"Ulota","Ulota crispa",10,35,45,22.2222222222222,77.7777777777778
"Urtica","Urtica dioica",86,71,157,54.7770700636943,45.2229299363057
"Urtica","Urtica gracilis",7,6,13,53.8461538461538,46.1538461538462
"Utricularia","Utricularia cornuta",3,29,32,9.375,90.625
"Utricularia","Utricularia gibba",1,9,10,10,90
"Utricularia","Utricularia inflata",2,9,11,18.1818181818182,81.8181818181818
"Utricularia","Utricularia macrorhiza",15,51,66,22.7272727272727,77.2727272727273
"Utricularia","Utricularia neglecta",3,12,15,20,80
"Utricularia","Utricularia purpurea",2,34,36,5.55555555555556,94.4444444444444
"Uvularia","Uvularia grandiflora",86,109,195,44.1025641025641,55.8974358974359
"Uvularia","Uvularia perfoliata",96,44,140,68.5714285714286,31.4285714285714
"Uvularia","Uvularia puberula",3,0,3,100,0
"Uvularia","Uvularia sessilifolia",181,215,396,45.7070707070707,54.2929292929293
"Vaccinium","Vaccinium angustifolium",21,82,103,20.3883495145631,79.6116504854369
"Vaccinium","Vaccinium corymbosum",49,133,182,26.9230769230769,73.0769230769231
"Vaccinium","Vaccinium macrocarpon",47,73,120,39.1666666666667,60.8333333333333
"Vaccinium","Vaccinium myrtilloides",1,35,36,2.77777777777778,97.2222222222222
"Vaccinium","Vaccinium oxycoccos",4,33,37,10.8108108108108,89.1891891891892
"Vaccinium","Vaccinium pallidum",18,32,50,36,64
"Vaccinium","Vaccinium stamineum",95,87,182,52.1978021978022,47.8021978021978
"Valeriana","Valeriana officinalis",26,115,141,18.4397163120567,81.5602836879433
"Valeriana","Valeriana pauciflora",42,0,42,100,0
"Valerianella","Valerianella chenopodiifolia",1,0,1,100,0
"Valerianella","Valerianella locusta",40,5,45,88.8888888888889,11.1111111111111
"Valerianella","Valerianella umbilicata",2,0,2,100,0
"Vallisneria","Vallisneria americana",11,33,44,25,75
"Veratrum","Veratrum viride",302,424,726,41.5977961432507,58.4022038567493
"Verbascum","Verbascum blattaria",356,337,693,51.3708513708514,48.6291486291486
"Verbascum","Verbascum lychnitis",12,0,12,100,0
"Verbascum","Verbascum nigrum",1,9,10,10,90
"Verbascum","Verbascum phlomoides",5,20,25,20,80
"Verbascum","Verbascum thapsus",1078,1770,2848,37.8511235955056,62.1488764044944
"Verbena","Verbena bonariensis",46,117,163,28.2208588957055,71.7791411042945
"Verbena","Verbena bracteata",3,44,47,6.38297872340426,93.6170212765958
"Verbena","Verbena hastata",434,526,960,45.2083333333333,54.7916666666667
"Verbena","Verbena simplex",7,1,8,87.5,12.5
"Verbena","Verbena stricta",3,19,22,13.6363636363636,86.3636363636364
"Verbena","Verbena urticifolia",386,527,913,42.2782037239869,57.7217962760131
"Verbesina","Verbesina alternifolia",805,89,894,90.0447427293065,9.95525727069351
"Verbesina","Verbesina occidentalis",1,0,1,100,0
"Vernonia","Vernonia gigantea",48,9,57,84.2105263157895,15.7894736842105
"Vernonia","Vernonia noveboracensis",189,89,278,67.9856115107914,32.0143884892086
"Veronica","Veronica americana",15,16,31,48.3870967741936,51.6129032258064
"Veronica","Veronica anagallis-aquatica",25,44,69,36.231884057971,63.768115942029
"Veronica","Veronica arvensis",169,457,626,26.9968051118211,73.0031948881789
"Veronica","Veronica catenata",2,0,2,100,0
"Veronica","Veronica chamaedrys",73,283,356,20.5056179775281,79.4943820224719
"Veronica","Veronica filiformis",96,130,226,42.4778761061947,57.5221238938053
"Veronica","Veronica hederifolia",91,206,297,30.6397306397306,69.3602693602694
"Veronica","Veronica longifolia",2,11,13,15.3846153846154,84.6153846153846
"Veronica","Veronica officinalis",178,356,534,33.3333333333333,66.6666666666667
"Veronica","Veronica peregrina",45,283,328,13.719512195122,86.280487804878
"Veronica","Veronica persica",808,474,1282,63.0265210608424,36.9734789391576
"Veronica","Veronica polita",37,68,105,35.2380952380952,64.7619047619048
"Veronica","Veronica scutellata",4,18,22,18.1818181818182,81.8181818181818
"Veronica","Veronica serpyllifolia",232,266,498,46.5863453815261,53.4136546184739
"Veronica","Veronica sublobata",27,29,56,48.2142857142857,51.7857142857143
"Veronica","Veronica teucrium",1,2,3,33.3333333333333,66.6666666666667
"Veronicastrum","Veronicastrum virginicum",73,40,113,64.6017699115044,35.3982300884956
"Viburnum","Viburnum acerifolium",394,1028,1422,27.7074542897328,72.2925457102672
"Viburnum","Viburnum burkwoodii",2,1,3,66.6666666666667,33.3333333333333
"Viburnum","Viburnum carlesii",10,8,18,55.5555555555556,44.4444444444444
"Viburnum","Viburnum cassinoides",10,180,190,5.26315789473684,94.7368421052632
"Viburnum","Viburnum dentatum",62,131,193,32.1243523316062,67.8756476683938
"Viburnum","Viburnum dilatatum",215,191,406,52.9556650246305,47.0443349753695
"Viburnum","Viburnum lantana",3,23,26,11.5384615384615,88.4615384615385
"Viburnum","Viburnum lantanoides",87,531,618,14.0776699029126,85.9223300970874
"Viburnum","Viburnum lentago",43,230,273,15.7509157509158,84.2490842490842
"Viburnum","Viburnum nudum",1,0,1,100,0
"Viburnum","Viburnum opulus",177,379,556,31.8345323741007,68.1654676258993
"Viburnum","Viburnum plicatum",406,229,635,63.9370078740157,36.0629921259843
"Viburnum","Viburnum prunifolium",372,237,609,61.0837438423645,38.9162561576355
"Viburnum","Viburnum rafinesqueanum",4,24,28,14.2857142857143,85.7142857142857
"Viburnum","Viburnum recognitum",28,48,76,36.8421052631579,63.1578947368421
"Viburnum","Viburnum rhytidophyllum",20,37,57,35.0877192982456,64.9122807017544
"Viburnum","Viburnum setigerum",31,77,108,28.7037037037037,71.2962962962963
"Viburnum","Viburnum sieboldii",187,129,316,59.1772151898734,40.8227848101266
"Viburnum","Viburnum wrightii",1,11,12,8.33333333333333,91.6666666666667
"Vicia","Vicia caroliniana",10,5,15,66.6666666666667,33.3333333333333
"Vicia","Vicia cracca",51,441,492,10.3658536585366,89.6341463414634
"Vicia","Vicia faba",1,1,2,50,50
"Vicia","Vicia grandiflora",5,10,15,33.3333333333333,66.6666666666667
"Vicia","Vicia hirsuta",2,20,22,9.09090909090909,90.9090909090909
"Vicia","Vicia sativa",123,252,375,32.8,67.2
"Vicia","Vicia tetrasperma",17,23,40,42.5,57.5
"Vicia","Vicia villosa",102,136,238,42.8571428571429,57.1428571428571
"Vinca","Vinca major",52,82,134,38.8059701492537,61.1940298507463
"Vinca","Vinca minor",793,1999,2792,28.4025787965616,71.5974212034384
"Vincetoxicum","Vincetoxicum nigrum",15,194,209,7.17703349282297,92.822966507177
"Vincetoxicum","Vincetoxicum rossicum",40,248,288,13.8888888888889,86.1111111111111
"Viola","Viola affinis",7,2,9,77.7777777777778,22.2222222222222
"Viola","Viola appalachiensis",1,0,1,100,0
"Viola","Viola arvensis",42,98,140,30,70
"Viola","Viola blanda",37,26,63,58.7301587301587,41.2698412698413
"Viola","Viola canadensis",79,161,240,32.9166666666667,67.0833333333333
"Viola","Viola cucullata",55,39,94,58.5106382978723,41.4893617021277
"Viola","Viola emarginata",1,0,1,100,0
"Viola","Viola eriocarpa",380,168,548,69.3430656934307,30.6569343065693
"Viola","Viola fimbriatula",11,19,30,36.6666666666667,63.3333333333333
"Viola","Viola hastata",80,0,80,100,0
"Viola","Viola hirsutula",2,0,2,100,0
"Viola","Viola incognita",2,11,13,15.3846153846154,84.6153846153846
"Viola","Viola labradorica",54,56,110,49.0909090909091,50.9090909090909
"Viola","Viola lanceolata",7,7,14,50,50
"Viola","Viola minuscula",10,11,21,47.6190476190476,52.3809523809524
"Viola","Viola odorata",5,69,74,6.75675675675676,93.2432432432432
"Viola","Viola palmata",20,2,22,90.9090909090909,9.09090909090909
"Viola","Viola pedata",31,0,31,100,0
"Viola","Viola primulifolia",17,4,21,80.952380952381,19.047619047619
"Viola","Viola pubescens",27,28,55,49.0909090909091,50.9090909090909
"Viola","Viola rafinesquei",23,7,30,76.6666666666667,23.3333333333333
"Viola","Viola renifolia",3,3,6,50,50
"Viola","Viola rostrata",89,67,156,57.051282051282,42.948717948718
"Viola","Viola rotundifolia",47,59,106,44.3396226415094,55.6603773584906
"Viola","Viola sagittata",37,25,62,59.6774193548387,40.3225806451613
"Viola","Viola sororia",823,1207,2030,40.5418719211823,59.4581280788177
"Viola","Viola striata",225,22,247,91.0931174089069,8.90688259109312
"Viola","Viola tricolor",6,5,11,54.5454545454545,45.4545454545455
"Viola","Viola williamsii",2,11,13,15.3846153846154,84.6153846153846
"Viola","Viola wittrockiana",1,5,6,16.6666666666667,83.3333333333333
"Vitex","Vitex agnus-castus",9,18,27,33.3333333333333,66.6666666666667
"Vitis","Vitis aestivalis",53,115,168,31.547619047619,68.452380952381
"Vitis","Vitis cinerea",2,2,4,50,50
"Vitis","Vitis gmelinii",1,0,1,100,0
"Vitis","Vitis labrusca",13,19,32,40.625,59.375
"Vitis","Vitis riparia",22,102,124,17.741935483871,82.258064516129
"Vitis","Vitis rotundifolia",4,0,4,100,0
"Vitis","Vitis vinifera",2,5,7,28.5714285714286,71.4285714285714
"Vitis","Vitis vulpina",15,12,27,55.5555555555556,44.4444444444444
"Vittaria","Vittaria appalachiana",1,0,1,100,0
"Wisteria","Wisteria floribunda",3,10,13,23.0769230769231,76.9230769230769
"Wisteria","Wisteria frutescens",17,15,32,53.125,46.875
"Wisteria","Wisteria sinensis",12,24,36,33.3333333333333,66.6666666666667
"Wolffia","Wolffia brasiliensis",2,6,8,25,75
"Wolffia","Wolffia columbiana",2,3,5,40,60
"Xanthidium","Xanthidium antilopaeum",1,0,1,100,0
"Xanthidium","Xanthidium cristatum",1,0,1,100,0
"Xanthium","Xanthium strumarium",111,285,396,28.030303030303,71.969696969697
"Xanthorhiza","Xanthorhiza simplicissima",6,15,21,28.5714285714286,71.4285714285714
"Xyris","Xyris difformis",1,3,4,25,75
"Xyris","Xyris montana",1,7,8,12.5,87.5
"Xyris","Xyris torta",4,3,7,57.1428571428571,42.8571428571429
"Youngia","Youngia japonica",4,15,19,21.0526315789474,78.9473684210526
"Yucca","Yucca filamentosa",19,81,100,19,81
"Yucca","Yucca flaccida",1,0,1,100,0
"Zanthoxylum","Zanthoxylum americanum",9,75,84,10.7142857142857,89.2857142857143
"Zanthoxylum","Zanthoxylum simulans",7,5,12,58.3333333333333,41.6666666666667
"Zea","Zea mays",29,24,53,54.7169811320755,45.2830188679245
"Zelkova","Zelkova serrata",4,23,27,14.8148148148148,85.1851851851852
"Zinnia","Zinnia elegans",1,2,3,33.3333333333333,66.6666666666667
"Zizania","Zizania aquatica",6,6,12,50,50
"Zizania","Zizania palustris",2,4,6,33.3333333333333,66.6666666666667
"Zizia","Zizia aptera",13,6,19,68.421052631579,31.578947368421
"Zizia","Zizia aurea",198,207,405,48.8888888888889,51.1111111111111
"Zoysia","Zoysia matrella",1,0,1,100,0
"Abelmoschus","Abelmoschus manihot",0,34,34,0,100
"Abies","Abies firma",0,2,2,0,100
"Abietinella","Abietinella abietina",0,7,7,0,100
"Acalypha","Acalypha australis",0,294,294,0,100
"Acanthus","Acanthus spinosus",0,1,1,0,100
"Acer","Acer tegmentosum",0,1,1,0,100
"Achillea","Achillea distans",0,26,26,0,100
"Actaea","Actaea ludovici",0,4,4,0,100
"Actinotaenium","Actinotaenium curtum",0,1,1,0,100
"Agalinis","Agalinis maritima",0,2,2,0,100
"Agardhiella","Agardhiella subulata",0,42,42,0,100
"Ageratum","Ageratum houstonianum",0,3,3,0,100
"Aglaothamnion","Aglaothamnion halliae",0,1,1,0,100
"Agrimonia","Agrimonia eupatoria",0,1,1,0,100
"Agrimonia","Agrimonia pubescens",0,1,1,0,100
"Agrostis","Agrostis capillaris",0,2,2,0,100
"Agrostis","Agrostis scabra",0,2,2,0,100
"Aira","Aira praecox",0,2,2,0,100
"Aletris","Aletris farinosa",0,2,2,0,100
"Alisma","Alisma gramineum",0,1,1,0,100
"Alisma","Alisma triviale",0,9,9,0,100
"Allium","Allium ampeloprasum",0,2,2,0,100
"Allium","Allium cepa",0,5,5,0,100
"Allium","Allium giganteum",0,1,1,0,100
"Allium","Allium proliferum",0,1,1,0,100
"Allium","Allium sativum",0,3,3,0,100
"Allium","Allium siculum",0,1,1,0,100
"Allium","Allium stellatum",0,1,1,0,100
"Allium","Allium ursinum",0,8,8,0,100
"Alnus","Alnus alnobetula",0,18,18,0,100
"Alternanthera","Alternanthera paronychioides",0,1,1,0,100
"Alyssum","Alyssum alyssoides",0,1,1,0,100
"Amaranthus","Amaranthus viridis",0,9,9,0,100
"Amblystegium","Amblystegium serpens",0,2,2,0,100
"Amelanchier","Amelanchier alnifolia",0,1,1,0,100
"Amelanchier","Amelanchier bartramiana",0,1,1,0,100
"Amelanchier","Amelanchier sanguinea",0,2,2,0,100
"Amelanchier","Amelanchier stolonifera",0,1,1,0,100
"Ampelopsis","Ampelopsis cordata",0,28,28,0,100
"Anacamptodon","Anacamptodon splachnoides",0,4,4,0,100
"Andersonglossum","Andersonglossum boreale",0,1,1,0,100
"Andreaea","Andreaea rupestris",0,3,3,0,100
"Anemone","Anemone apennina",0,1,1,0,100
"Anomodon","Anomodon minor",0,1,1,0,100
"Anomodon","Anomodon viticulosus",0,2,2,0,100
"Anomodontopsis","Anomodontopsis rugelii",0,1,1,0,100
"Antennaria","Antennaria parlinii",0,6,6,0,100
"Anthemis","Anthemis arvensis",0,3,3,0,100
"Anthoxanthum","Anthoxanthum monticola",0,2,2,0,100
"Anthoxanthum","Anthoxanthum nitens",0,3,3,0,100
"Anticlea","Anticlea elegans",0,6,6,0,100
"Aquilegia","Aquilegia chrysantha",0,1,1,0,100
"Arabis","Arabis pycnocarpa",0,3,3,0,100
"Arachis","Arachis hypogaea",0,1,1,0,100
"Arctostaphylos","Arctostaphylos uva-ursi",0,119,119,0,100
"Argemone","Argemone mexicana",0,1,1,0,100
"Argentina","Argentina anserina",0,67,67,0,100
"Aristida","Aristida basiramea",0,2,2,0,100
"Aristida","Aristida oligantha",0,4,4,0,100
"Aristida","Aristida tuberculosa",0,2,2,0,100
"Aristolochia","Aristolochia clematitis",0,19,19,0,100
"Artemisia","Artemisia biennis",0,1,1,0,100
"Artemisia","Artemisia campestris",0,44,44,0,100
"Artemisia","Artemisia dracunculus",0,12,12,0,100
"Arum","Arum maculatum",0,2,2,0,100
"Arundo","Arundo donax",0,1,1,0,100
"Asarina","Asarina procumbens",0,2,2,0,100
"Asclepias","Asclepias amplexicaulis",0,36,36,0,100
"Asplenium","Asplenium ebenoides",0,1,1,0,100
"Asplenium","Asplenium quadrivalens",0,2,2,0,100
"Astragalus","Astragalus canadensis",0,3,3,0,100
"Astrantia","Astrantia major",0,1,1,0,100
"Atrichum","Atrichum altecristatum",0,1,1,0,100
"Atriplex","Atriplex dioica",0,1,1,0,100
"Aubrieta","Aubrieta deltoidea",0,1,1,0,100
"Aulacomnium","Aulacomnium heterostichum",0,1,1,0,100
"Azolla","Azolla cristata",0,3,3,0,100
"Azolla","Azolla filiculoides",0,4,4,0,100
"Baptisia","Baptisia sphaerocarpa",0,2,2,0,100
"Basella","Basella alba",0,1,1,0,100
"Begonia","Begonia cucullata",0,1,1,0,100
"Betula","Betula cordifolia",0,12,12,0,100
"Betula","Betula pumila",0,3,3,0,100
"Bidens","Bidens alba",0,1,1,0,100
"Bidens","Bidens beckii",0,2,2,0,100
"Bidens","Bidens discoidea",0,3,3,0,100
"Bidens","Bidens trichosperma",0,1,1,0,100
"Bidens","Bidens tripartita",0,4,4,0,100
"Bistorta","Bistorta officinalis",0,1,1,0,100
"Boechera","Boechera grahamii",0,4,4,0,100
"Bolboschoenus","Bolboschoenus maritimus",0,1,1,0,100
"Bolboschoenus","Bolboschoenus robustus",0,2,2,0,100
"Botrychium","Botrychium angustisegmentum",0,4,4,0,100
"Bowlesia","Bowlesia incana",0,1,1,0,100
"Brachytheciastrum","Brachytheciastrum velutinum",0,1,1,0,100
"Brachythecium","Brachythecium novae-angliae",0,2,2,0,100
"Brachythecium","Brachythecium rutabulum",0,2,2,0,100
"Brachythecium","Brachythecium salebrosum",0,1,1,0,100
"Brassica","Brassica nigra",0,4,4,0,100
"Briza","Briza media",0,1,1,0,100
"Bromus","Bromus ciliatus",0,3,3,0,100
"Bromus","Bromus diandrus",0,1,1,0,100
"Bromus","Bromus hordeaceus",0,7,7,0,100
"Bromus","Bromus kalmii",0,4,4,0,100
"Bromus","Bromus latiglumis",0,3,3,0,100
"Bromus","Bromus squarrosus",0,1,1,0,100
"Brotherella","Brotherella recurvans",0,2,2,0,100
"Bunias","Bunias orientalis",0,1,1,0,100
"Buxbaumia","Buxbaumia aphylla",0,5,5,0,100
"Buxus","Buxus sempervirens",0,32,32,0,100
"Calamagrostis","Calamagrostis arenaria",0,2,2,0,100
"Calamagrostis","Calamagrostis breviligulata",0,134,134,0,100
"Calamagrostis","Calamagrostis epigejos",0,5,5,0,100
"Calamagrostis","Calamagrostis pickeringii",0,2,2,0,100
"Calendula","Calendula arvensis",0,1,1,0,100
"Callirhoe","Callirhoe involucrata",0,7,7,0,100
"Callitriche","Callitriche palustris",0,4,4,0,100
"Callitriche","Callitriche terrestris",0,2,2,0,100
"Calypogeia","Calypogeia neogaea",0,1,1,0,100
"Campanula","Campanula patula",0,1,1,0,100
"Campsis","Campsis tagliabueana",0,2,2,0,100
"Campylophyllopsis","Campylophyllopsis hispidula",0,1,1,0,100
"Cannabis","Cannabis sativa",0,8,8,0,100
"Caragana","Caragana arborescens",0,9,9,0,100
"Cardamine","Cardamine dentata",0,1,1,0,100
"Cardamine","Cardamine dissecta",0,1,1,0,100
"Cardiospermum","Cardiospermum halicacabum",0,2,2,0,100
"Carex","Carex abscondita",0,2,2,0,100
"Carex","Carex adusta",0,1,1,0,100
"Carex","Carex albicans",0,6,6,0,100
"Carex","Carex alopecoidea",0,3,3,0,100
"Carex","Carex appalachica",0,5,5,0,100
"Carex","Carex arcta",0,1,1,0,100
"Carex","Carex argyrantha",0,3,3,0,100
"Carex","Carex atherodes",0,2,2,0,100
"Carex","Carex atlantica",0,3,3,0,100
"Carex","Carex aurea",0,13,13,0,100
"Carex","Carex backii",0,9,9,0,100
"Carex","Carex barrattii",0,2,2,0,100
"Carex","Carex bigelowii",0,2,2,0,100
"Carex","Carex brevior",0,5,5,0,100
"Carex","Carex brunnescens",0,3,3,0,100
"Carex","Carex buxbaumii",0,5,5,0,100
"Carex","Carex careyana",0,6,6,0,100
"Carex","Carex castanea",0,2,2,0,100
"Carex","Carex cephaloidea",0,1,1,0,100
"Carex","Carex chordorrhiza",0,5,5,0,100
"Carex","Carex collinsii",0,3,3,0,100
"Carex","Carex conoidea",0,6,6,0,100
"Carex","Carex crawei",0,4,4,0,100
"Carex","Carex crawfordii",0,1,1,0,100
"Carex","Carex cumulata",0,2,2,0,100
"Carex","Carex deflexa",0,2,2,0,100
"Carex","Carex deweyana",0,3,3,0,100
"Carex","Carex diandra",0,3,3,0,100
"Carex","Carex digitalis",0,3,3,0,100
"Carex","Carex disperma",0,8,8,0,100
"Carex","Carex eburnea",0,2,2,0,100
"Carex","Carex echinata",0,8,8,0,100
"Carex","Carex exilis",0,4,4,0,100
"Carex","Carex extensa",0,17,17,0,100
"Carex","Carex festucacea",0,1,1,0,100
"Carex","Carex flava",0,30,30,0,100
"Carex","Carex foenea",0,2,2,0,100
"Carex","Carex formosa",0,1,1,0,100
"Carex","Carex gravida",0,1,1,0,100
"Carex","Carex grisea",0,5,5,0,100
"Carex","Carex haydenii",0,2,2,0,100
"Carex","Carex hirta",0,4,4,0,100
"Carex","Carex hitchcockiana",0,3,3,0,100
"Carex","Carex hormathodes",0,1,1,0,100
"Carex","Carex interior",0,9,9,0,100
"Carex","Carex kobomugi",0,7,7,0,100
"Carex","Carex lasiocarpa",0,5,5,0,100
"Carex","Carex leptonervia",0,1,1,0,100
"Carex","Carex limosa",0,6,6,0,100
"Carex","Carex longii",0,14,14,0,100
"Carex","Carex magellanica",0,10,10,0,100
"Carex","Carex merritt-fernaldii",0,2,2,0,100
"Carex","Carex muehlenbergii",0,4,4,0,100
"Carex","Carex muskingumensis",0,8,8,0,100
"Carex","Carex nigromarginata",0,2,2,0,100
"Carex","Carex normalis",0,4,4,0,100
"Carex","Carex novae-angliae",0,3,3,0,100
"Carex","Carex oederi",0,3,3,0,100
"Carex","Carex oligocarpa",0,1,1,0,100
"Carex","Carex oligosperma",0,5,5,0,100
"Carex","Carex ormostachya",0,1,1,0,100
"Carex","Carex pallescens",0,13,13,0,100
"Carex","Carex pauciflora",0,7,7,0,100
"Carex","Carex peckii",0,1,1,0,100
"Carex","Carex prairea",0,1,1,0,100
"Carex","Carex projecta",0,7,7,0,100
"Carex","Carex pseudocyperus",0,8,8,0,100
"Carex","Carex retroflexa",0,1,1,0,100
"Carex","Carex retrorsa",0,9,9,0,100
"Carex","Carex rosea",0,9,9,0,100
"Carex","Carex schweinitzii",0,1,1,0,100
"Carex","Carex scirpoidea",0,7,7,0,100
"Carex","Carex secalina",0,3,3,0,100
"Carex","Carex siccata",0,1,1,0,100
"Carex","Carex silicea",0,7,7,0,100
"Carex","Carex spicata",0,9,9,0,100
"Carex","Carex sprengelii",0,7,7,0,100
"Carex","Carex sylvatica",0,4,4,0,100
"Carex","Carex tenera",0,2,2,0,100
"Carex","Carex tenuiflora",0,1,1,0,100
"Carex","Carex texensis",0,2,2,0,100
"Carex","Carex tribuloides",0,1,1,0,100
"Carex","Carex trisperma",0,11,11,0,100
"Carex","Carex tuckermanii",0,3,3,0,100
"Carex","Carex vesicaria",0,5,5,0,100
"Carex","Carex vestita",0,4,4,0,100
"Carex","Carex willdenowii",0,8,8,0,100
"Carex","Carex woodii",0,1,1,0,100
"Carpinus","Carpinus betulus",0,16,16,0,100
"Carya","Carya ovalis",0,16,16,0,100
"Catalpa","Catalpa ovata",0,1,1,0,100
"Ceanothus","Ceanothus herbaceus",0,5,5,0,100
"Celosia","Celosia spicata",0,2,2,0,100
"Celtis","Celtis sinensis",0,1,1,0,100
"Cenchrus","Cenchrus longispinus",0,12,12,0,100
"Cenchrus","Cenchrus tribuloides",0,16,16,0,100
"Centaurea","Centaurea macrocephala",0,1,1,0,100
"Centaurea","Centaurea moncktonii",0,13,13,0,100
"Centaurea","Centaurea scabiosa",0,1,1,0,100
"Centaurium","Centaurium erythraea",0,15,15,0,100
"Centranthus","Centranthus ruber",0,2,2,0,100
"Cerastium","Cerastium nutans",0,1,1,0,100
"Cerastium","Cerastium pumilum",0,1,1,0,100
"Cerastium","Cerastium semidecandrum",0,1,1,0,100
"Ceratophyllum","Ceratophyllum echinatum",0,6,6,0,100
"Chaenostoma","Chaenostoma cordatum",0,1,1,0,100
"Chaerophyllum","Chaerophyllum tainturieri",0,4,4,0,100
"Chamaecyparis","Chamaecyparis pisifera",0,77,77,0,100
"Chamaemelum","Chamaemelum nobile",0,2,2,0,100
"Chenopodiastrum","Chenopodiastrum hybridum",0,2,2,0,100
"Chenopodium","Chenopodium berlandieri",0,3,3,0,100
"Chenopodium","Chenopodium pratericola",0,1,1,0,100
"Chenopodium","Chenopodium vulvaria",0,1,1,0,100
"Chloris","Chloris verticillata",0,3,3,0,100
"Chondrus","Chondrus crispus",0,28,28,0,100
"Chrysopsis","Chrysopsis mariana",0,20,20,0,100
"Cicer","Cicer arietinum",0,7,7,0,100
"Cinna","Cinna latifolia",0,2,2,0,100
"Cirsium","Cirsium horridulum",0,31,31,0,100
"Cirsium","Cirsium palustre",0,17,17,0,100
"Cladium","Cladium mariscoides",0,9,9,0,100
"Clematis","Clematis jackmanii",0,1,1,0,100
"Clematis","Clematis occidentalis",0,6,6,0,100
"Clematis","Clematis recta",0,1,1,0,100
"Clematis","Clematis vitalba",0,2,2,0,100
"Clematis","Clematis viticella",0,7,7,0,100
"Clinopodium","Clinopodium acinos",0,3,3,0,100
"Closterium","Closterium acerosum",0,1,1,0,100
"Cocos","Cocos nucifera",0,2,2,0,100
"Codium","Codium fragile",0,54,54,0,100
"Coix","Coix lacryma-jobi",0,1,1,0,100
"Corallina","Corallina officinalis",0,1,1,0,100
"Corallorhiza","Corallorhiza trifida",0,4,4,0,100
"Corema","Corema conradii",0,2,2,0,100
"Coreopsis","Coreopsis palmata",0,4,4,0,100
"Coreopsis","Coreopsis rosea",0,6,6,0,100
"Corispermum","Corispermum pallasii",0,3,3,0,100
"Cornus","Cornus alba",0,1,1,0,100
"Corydalis","Corydalis aurea",0,1,1,0,100
"Corylus","Corylus colurna",0,1,1,0,100
"Corynephorus","Corynephorus canescens",0,3,3,0,100
"Crambe","Crambe maritima",0,1,1,0,100
"Crataegus","Crataegus fretalis",0,1,1,0,100
"Crataegus","Crataegus holmesiana",0,2,2,0,100
"Crataegus","Crataegus laevigata",0,1,1,0,100
"Crepis","Crepis capillaris",0,5,5,0,100
"Crepis","Crepis setosa",0,1,1,0,100
"Crocanthemum","Crocanthemum bicknellii",0,3,3,0,100
"Crocanthemum","Crocanthemum propinquum",0,2,2,0,100
"Cryptogramma","Cryptogramma stelleri",0,4,4,0,100
"Cryptomeria","Cryptomeria japonica",0,4,4,0,100
"Cryptotaenia","Cryptotaenia japonica",0,2,2,0,100
"Ctenidium","Ctenidium molluscum",0,2,2,0,100
"Cuphea","Cuphea carthagenensis",0,1,1,0,100
"Cuscuta","Cuscuta cephalanthi",0,1,1,0,100
"Cuscuta","Cuscuta compacta",0,1,1,0,100
"Cuscuta","Cuscuta pentagona",0,9,9,0,100
"Cyperus","Cyperus compressus",0,1,1,0,100
"Cyperus","Cyperus diandrus",0,5,5,0,100
"Cyperus","Cyperus filicinus",0,5,5,0,100
"Cyperus","Cyperus fuscus",0,4,4,0,100
"Cyperus","Cyperus grayi",0,9,9,0,100
"Cyperus","Cyperus houghtonii",0,1,1,0,100
"Cyperus","Cyperus lupulinus",0,15,15,0,100
"Cyperus","Cyperus nipponicus",0,18,18,0,100
"Cyperus","Cyperus papyrus",0,1,1,0,100
"Cyperus","Cyperus pseudovegetus",0,1,1,0,100
"Cyperus","Cyperus retrorsus",0,4,4,0,100
"Cyperus","Cyperus schweinitzii",0,13,13,0,100
"Cyperus","Cyperus subsquarrosus",0,1,1,0,100
"Cystopteris","Cystopteris tennesseensis",0,2,2,0,100
"Dalea","Dalea purpurea",0,1,1,0,100
"Daphne","Daphne mezereum",0,55,55,0,100
"Dasysiphonia","Dasysiphonia japonica",0,1,1,0,100
"Descurainia","Descurainia sophia",0,9,9,0,100
"Desmodium","Desmodium ciliare",0,11,11,0,100
"Deutzia","Deutzia pulchra",0,1,1,0,100
"Dianthus","Dianthus carthusianorum",0,1,1,0,100
"Diapensia","Diapensia lapponica",0,17,17,0,100
"Dichanthelium","Dichanthelium implicatum",0,1,1,0,100
"Dichanthelium","Dichanthelium sphaerocarpon",0,1,1,0,100
"Dichondra","Dichondra argentea",0,1,1,0,100
"Dichondra","Dichondra repens",0,1,1,0,100
"Dicranella","Dicranella heteromalla",0,2,2,0,100
"Dicranum","Dicranum ontariense",0,1,1,0,100
"Dicranum","Dicranum polysetum",0,6,6,0,100
"Dicranum","Dicranum viride",0,4,4,0,100
"Dictamnus","Dictamnus albus",0,7,7,0,100
"Digitaria","Digitaria cognata",0,2,2,0,100
"Dimorphococcus","Dimorphococcus lunatus",0,1,1,0,100
"Diodia","Diodia virginiana",0,2,2,0,100
"Diphyscium","Diphyscium foliosum",0,9,9,0,100
"Diplachne","Diplachne fusca",0,4,4,0,100
"Diplotaxis","Diplotaxis muralis",0,2,2,0,100
"Dittrichia","Dittrichia graveolens",0,5,5,0,100
"Draba","Draba arabisans",0,3,3,0,100
"Dracocephalum","Dracocephalum parviflorum",0,3,3,0,100
"Dryopteris","Dryopteris campyloptera",0,17,17,0,100
"Dryopteris","Dryopteris uliginosa",0,1,1,0,100
"Dysphania","Dysphania botrys",0,3,3,0,100
"Ecballium","Ecballium elaterium",0,1,1,0,100
"Echinochloa","Echinochloa walteri",0,5,5,0,100
"Echinops","Echinops bannaticus",0,1,1,0,100
"Echinops","Echinops exaltatus",0,1,1,0,100
"Echinops","Echinops sphaerocephalus",0,2,2,0,100
"Echium","Echium plantagineum",0,2,2,0,100
"Edrastima","Edrastima uniflora",0,2,2,0,100
"Elaeagnus","Elaeagnus angustifolia",0,29,29,0,100
"Elatine","Elatine minima",0,1,1,0,100
"Eleocharis","Eleocharis compressa",0,1,1,0,100
"Eleocharis","Eleocharis engelmannii",0,4,4,0,100
"Eleocharis","Eleocharis flavescens",0,3,3,0,100
"Eleocharis","Eleocharis intermedia",0,1,1,0,100
"Eleocharis","Eleocharis ovata",0,2,2,0,100
"Eleocharis","Eleocharis robbinsii",0,3,3,0,100
"Elodea","Elodea densa",0,7,7,0,100
"Elymus","Elymus violaceus",0,1,1,0,100
"Empetrum","Empetrum atropurpureum",0,3,3,0,100
"Empetrum","Empetrum nigrum",0,15,15,0,100
"Encalypta","Encalypta procera",0,2,2,0,100
"Enkianthus","Enkianthus campanulatus",0,1,1,0,100
"Entodon","Entodon cladorrhizans",0,4,4,0,100
"Epilobium","Epilobium leptophyllum",0,3,3,0,100
"Epimedium","Epimedium grandiflorum",0,1,1,0,100
"Equisetum","Equisetum fluviatile",0,14,14,0,100
"Equisetum","Equisetum nelsonii",0,1,1,0,100
"Equisetum","Equisetum palustre",0,2,2,0,100
"Equisetum","Equisetum scirpoides",0,14,14,0,100
"Equisetum","Equisetum variegatum",0,17,17,0,100
"Eragrostis","Eragrostis curvula",0,13,13,0,100
"Eragrostis","Eragrostis frankii",0,2,2,0,100
"Eragrostis","Eragrostis hirsuta",0,1,1,0,100
"Eragrostis","Eragrostis pilosa",0,1,1,0,100
"Erigeron","Erigeron bonariensis",0,1,1,0,100
"Erigeron","Erigeron divaricatus",0,1,1,0,100
"Eriophorum","Eriophorum gracile",0,3,3,0,100
"Eriophorum","Eriophorum tenellum",0,3,3,0,100
"Eriophorum","Eriophorum vaginatum",0,20,20,0,100
"Erucastrum","Erucastrum gallicum",0,8,8,0,100
"Eryngium","Eryngium planum",0,1,1,0,100
"Erysimum","Erysimum odoratum",0,1,1,0,100
"Erythranthe","Erythranthe moschata",0,1,1,0,100
"Eucommia","Eucommia ulmoides",0,1,1,0,100
"Euonymus","Euonymus hamiltonianus",0,3,3,0,100
"Eupatorium","Eupatorium subvenosum",0,3,3,0,100
"Euphorbia","Euphorbia characias",0,1,1,0,100
"Euphorbia","Euphorbia graminea",0,5,5,0,100
"Euphorbia","Euphorbia hirta",0,1,1,0,100
"Euphorbia","Euphorbia hyssopifolia",0,6,6,0,100
"Euphorbia","Euphorbia myrsinites",0,6,6,0,100
"Euphorbia","Euphorbia vermiculata",0,15,15,0,100
"Euphorbia","Euphorbia virgata",0,34,34,0,100
"Euphrasia","Euphrasia nemorosa",0,1,1,0,100
"Euphrasia","Euphrasia stricta",0,13,13,0,100
"Eurhynchiastrum","Eurhynchiastrum pulchellum",0,2,2,0,100
"Eurybia","Eurybia spectabilis",0,93,93,0,100
"Euthamia","Euthamia caroliniana",0,9,9,0,100
"Fabronia","Fabronia ciliaris",0,1,1,0,100
"Fallopia","Fallopia baldschuanica",0,4,4,0,100
"Fatsia","Fatsia japonica",0,1,1,0,100
"Festuca","Festuca myuros",0,2,2,0,100
"Festuca","Festuca ovina",0,1,1,0,100
"Ficus","Ficus carica",0,77,77,0,100
"Fissidens","Fissidens bushii",0,1,1,0,100
"Fissidens","Fissidens osmundioides",0,1,1,0,100
"Fissidens","Fissidens taxifolius",0,9,9,0,100
"Fontinalis","Fontinalis hypnoides",0,2,2,0,100
"Forsythia","Forsythia suspensa",0,2,2,0,100
"Forsythia","Forsythia viridissima",0,1,1,0,100
"Fraxinus","Fraxinus excelsior",0,2,2,0,100
"Fraxinus","Fraxinus profunda",0,30,30,0,100
"Frullania","Frullania inflata",0,1,1,0,100
"Fuirena","Fuirena pumila",0,1,1,0,100
"Gaillardia","Gaillardia aristata",0,1,1,0,100
"Galax","Galax urceolata",0,6,6,0,100
"Galium","Galium sylvaticum",0,1,1,0,100
"Galium","Galium trifidum",0,4,4,0,100
"Galium","Galium verum",0,34,34,0,100
"Gamochaeta","Gamochaeta pensylvanica",0,9,9,0,100
"Gentianopsis","Gentianopsis virgata",0,2,2,0,100
"Geocarpon","Geocarpon carolinianum",0,17,17,0,100
"Geocarpon","Geocarpon glabrum",0,2,2,0,100
"Geranium","Geranium bicknellii",0,1,1,0,100
"Geranium","Geranium oxonianum",0,4,4,0,100
"Geranium","Geranium phaeum",0,1,1,0,100
"Geranium","Geranium purpureum",0,3,3,0,100
"Geranium","Geranium wallichianum",0,2,2,0,100
"Gerbera","Gerbera jamesonii",0,2,2,0,100
"Geum","Geum catlingii",0,16,16,0,100
"Geum","Geum cortlandicum",0,2,2,0,100
"Geum","Geum intermedium",0,4,4,0,100
"Geum","Geum macneillii",0,3,3,0,100
"Geum","Geum macrophyllum",0,11,11,0,100
"Geum","Geum triflorum",0,39,39,0,100
"Geum","Geum virginianum",0,2,2,0,100
"Gilia","Gilia capitata",0,2,2,0,100
"Gillenia","Gillenia stipulata",0,6,6,0,100
"Glaucium","Glaucium flavum",0,28,28,0,100
"Glebionis","Glebionis segetum",0,1,1,0,100
"Glyceria","Glyceria borealis",0,1,1,0,100
"Glyceria","Glyceria canadensis",0,9,9,0,100
"Glyceria","Glyceria grandis",0,1,1,0,100
"Gomphrena","Gomphrena pulchella",0,1,1,0,100
"Goodyera","Goodyera repens",0,12,12,0,100
"Goodyera","Goodyera tesselata",0,21,21,0,100
"Gossypium","Gossypium hirsutum",0,1,1,0,100
"Grateloupia","Grateloupia turuturu",0,1,1,0,100
"Gratiola","Gratiola virginiana",0,1,1,0,100
"Grinnellia","Grinnellia americana",0,14,14,0,100
"Gymnocolea","Gymnocolea inflata",0,2,2,0,100
"Gynandropsis","Gynandropsis gynandra",0,1,1,0,100
"Hamamelis","Hamamelis mollis",0,4,4,0,100
"Hamamelis","Hamamelis vernalis",0,1,1,0,100
"Haplocladium","Haplocladium microphyllum",0,1,1,0,100
"Hedeoma","Hedeoma hispida",0,1,1,0,100
"Hedera","Hedera hibernica",0,5,5,0,100
"Helianthus","Helianthus grosseserratus",0,4,4,0,100
"Helianthus","Helianthus hirsutus",0,1,1,0,100
"Helianthus","Helianthus mollis",0,10,10,0,100
"Heliotropium","Heliotropium arborescens",0,2,2,0,100
"Helleborus","Helleborus niger",0,12,12,0,100
"Helodium","Helodium paludosum",0,2,2,0,100
"Heracleum","Heracleum mantegazzianum",0,12,12,0,100
"Heracleum","Heracleum sphondylium",0,4,4,0,100
"Herniaria","Herniaria glabra",0,1,1,0,100
"Herniaria","Herniaria hirsuta",0,1,1,0,100
"Hieracium","Hieracium gronovii",0,1,1,0,100
"Hieracium","Hieracium maculatum",0,2,2,0,100
"Hieracium","Hieracium murorum",0,1,1,0,100
"Hieracium","Hieracium umbellatum",0,4,4,0,100
"Hildenbrandia","Hildenbrandia rubra",0,3,3,0,100
"Hippophae","Hippophae rhamnoides",0,4,4,0,100
"Hippuris","Hippuris vulgaris",0,2,2,0,100
"Homomallium","Homomallium adnatum",0,1,1,0,100
"Honckenya","Honckenya peploides",0,12,12,0,100
"Hordeum","Hordeum murinum",0,14,14,0,100
"Hottonia","Hottonia inflata",0,3,3,0,100
"Houstonia","Houstonia canadensis",0,4,4,0,100
"Houstonia","Houstonia pusilla",0,18,18,0,100
"Hudsonia","Hudsonia ericoides",0,37,37,0,100
"Hudsonia","Hudsonia tomentosa",0,285,285,0,100
"Hydrangea","Hydrangea macrophylla",0,1,1,0,100
"Hydrocharis","Hydrocharis laevigata",0,2,2,0,100
"Hydrocotyle","Hydrocotyle umbellata",0,2,2,0,100
"Hygroamblystegium","Hygroamblystegium varium",0,4,4,0,100
"Hylotelephium","Hylotelephium cauticola",0,1,1,0,100
"Hypericum","Hypericum adpressum",0,13,13,0,100
"Hypericum","Hypericum frondosum",0,2,2,0,100
"Hypericum","Hypericum humifusum",0,1,1,0,100
"Hypericum","Hypericum kalmianum",0,3,3,0,100
"Hypericum","Hypericum majus",0,2,2,0,100
"Iberis","Iberis amara",0,3,3,0,100
"Iberis","Iberis sempervirens",0,3,3,0,100
"Ibicella","Ibicella lutea",0,1,1,0,100
"Idesia","Idesia polycarpa",0,3,3,0,100
"Ilex","Ilex laevigata",0,2,2,0,100
"Ilex","Ilex meserveae",0,2,2,0,100
"Impatiens","Impatiens glandulifera",0,6,6,0,100
"Ipomoea","Ipomoea hederifolia",0,3,3,0,100
"Ipomoea","Ipomoea multifida",0,1,1,0,100
"Ipomoea","Ipomoea nil",0,3,3,0,100
"Iris","Iris germanica",0,7,7,0,100
"Iris","Iris prismatica",0,5,5,0,100
"Iris","Iris reticulata",0,2,2,0,100
"Isatis","Isatis tinctoria",0,1,1,0,100
"Isoetes","Isoetes echinospora",0,7,7,0,100
"Isoetes","Isoetes lacustris",0,1,1,0,100
"Isoetes","Isoetes tuckermanii",0,1,1,0,100
"Isopaches","Isopaches bicrenatus",0,3,3,0,100
"Iva","Iva frutescens",0,394,394,0,100
"Jasione","Jasione montana",0,9,9,0,100
"Juglans","Juglans bixbyi",0,1,1,0,100
"Juncus","Juncus alpinoarticulatus",0,1,1,0,100
"Juncus","Juncus anthelatus",0,1,1,0,100
"Juncus","Juncus articulatus",0,1,1,0,100
"Juncus","Juncus balticus",0,4,4,0,100
"Juncus","Juncus brachycarpus",0,2,2,0,100
"Juncus","Juncus brachycephalus",0,1,1,0,100
"Juncus","Juncus bufonius",0,4,4,0,100
"Juncus","Juncus canadensis",0,9,9,0,100
"Juncus","Juncus compressus",0,2,2,0,100
"Juncus","Juncus dichotomus",0,3,3,0,100
"Juncus","Juncus diffusissimus",0,1,1,0,100
"Juncus","Juncus filiformis",0,1,1,0,100
"Juncus","Juncus gerardi",0,8,8,0,100
"Juncus","Juncus greenei",0,4,4,0,100
"Juncus","Juncus marginatus",0,3,3,0,100
"Juncus","Juncus militaris",0,6,6,0,100
"Juncus","Juncus pelocarpus",0,2,2,0,100
"Juncus","Juncus pylaei",0,1,1,0,100
"Juncus","Juncus secundus",0,1,1,0,100
"Juncus","Juncus tweedyi",0,2,2,0,100
"Juniperus","Juniperus chinensis",0,1,1,0,100
"Juniperus","Juniperus horizontalis",0,12,12,0,100
"Kalmia","Kalmia procumbens",0,1,1,0,100
"Koeleria","Koeleria spicata",0,2,2,0,100
"Kreidion","Kreidion chinensis",0,2,2,0,100
"Kurzia","Kurzia sylvatica",0,1,1,0,100
"Lablab","Lablab purpureus",0,17,17,0,100
"Lacunastrum","Lacunastrum gracillimum",0,1,1,0,100
"Lagerheimia","Lagerheimia ciliata",0,1,1,0,100
"Lagurus","Lagurus ovatus",0,1,1,0,100
"Lamium","Lamium album",0,1,1,0,100
"Lamium","Lamium hybridum",0,56,56,0,100
"Larix","Larix kaempferi",0,2,2,0,100
"Lathyrus","Lathyrus japonicus",0,120,120,0,100
"Lathyrus","Lathyrus ochroleucus",0,4,4,0,100
"Lathyrus","Lathyrus odoratus",0,1,1,0,100
"Lathyrus","Lathyrus palustris",0,4,4,0,100
"Lathyrus","Lathyrus pratensis",0,1,1,0,100
"Lechea","Lechea intermedia",0,4,4,0,100
"Lechea","Lechea maritima",0,30,30,0,100
"Lechea","Lechea minor",0,2,2,0,100
"Lechea","Lechea mucronata",0,9,9,0,100
"Lechea","Lechea pulchella",0,3,3,0,100
"Lemanea","Lemanea fluviatilis",0,1,1,0,100
"Lemna","Lemna aequinoctialis",0,2,2,0,100
"Lemna","Lemna minuta",0,1,1,0,100
"Lemna","Lemna perpusilla",0,1,1,0,100
"Lemna","Lemna turionifera",0,2,2,0,100
"Lemna","Lemna valdiviana",0,1,1,0,100
"Lepidium","Lepidium chalepense",0,1,1,0,100
"Lepidium","Lepidium latifolium",0,7,7,0,100
"Leptobryum","Leptobryum pyriforme",0,1,1,0,100
"Leskea","Leskea gracilescens",0,1,1,0,100
"Lespedeza","Lespedeza nuttallii",0,3,3,0,100
"Lespedeza","Lespedeza stuevei",0,1,1,0,100
"Leucodon","Leucodon julaceus",0,2,2,0,100
"Leucodon","Leucodon sciuroides",0,1,1,0,100
"Leucothoe","Leucothoe axillaris",0,1,1,0,100
"Lewinskya","Lewinskya elegans",0,1,1,0,100
"Lewinskya","Lewinskya sordida",0,1,1,0,100
"Leymus","Leymus arenarius",0,9,9,0,100
"Liatris","Liatris aspera",0,3,3,0,100
"Liatris","Liatris cylindracea",0,2,2,0,100
"Liatris","Liatris pycnostachya",0,3,3,0,100
"Liatris","Liatris scariosa",0,1,1,0,100
"Lilaeopsis","Lilaeopsis chinensis",0,1,1,0,100
"Lilium","Lilium michiganense",0,9,9,0,100
"Limonium","Limonium carolinianum",0,184,184,0,100
"Linnaea","Linnaea borealis",0,49,49,0,100
"Linum","Linum catharticum",0,3,3,0,100
"Linum","Linum medium",0,1,1,0,100
"Linum","Linum striatum",0,1,1,0,100
"Linum","Linum virginianum",0,1,1,0,100
"Lipandra","Lipandra polysperma",0,2,2,0,100
"Liparis","Liparis loeselii",0,7,7,0,100
"Lithospermum","Lithospermum officinale",0,4,4,0,100
"Lobelia","Lobelia dortmanna",0,15,15,0,100
"Lobelia","Lobelia kalmii",0,37,37,0,100
"Lolium","Lolium multiflorum",0,2,2,0,100
"Lolium","Lolium pratense",0,2,2,0,100
"Lonicera","Lonicera gracilipes",0,5,5,0,100
"Lonicera","Lonicera hirsuta",0,14,14,0,100
"Lonicera","Lonicera ligustrina",0,1,1,0,100
"Lonicera","Lonicera oblongifolia",0,2,2,0,100
"Lonicera","Lonicera villosa",0,3,3,0,100
"Lonicera","Lonicera xylosteum",0,3,3,0,100
"Lophocolea","Lophocolea minor",0,2,2,0,100
"Ludwigia","Ludwigia leptocarpa",0,1,1,0,100
"Lupinus","Lupinus perennis",0,91,91,0,100
"Luzula","Luzula campestris",0,1,1,0,100
"Lycopodium","Lycopodium lagopus",0,3,3,0,100
"Lycoris","Lycoris radiata",0,7,7,0,100
"Lysimachia","Lysimachia commixta",0,1,1,0,100
"Lysimachia","Lysimachia japonica",0,3,3,0,100
"Lythrum","Lythrum alatum",0,2,2,0,100
"Magnolia","Magnolia liliiflora",0,1,1,0,100
"Magnolia","Magnolia soulangeana",0,31,31,0,100
"Magnolia","Magnolia stellata",0,3,3,0,100
"Mahonia","Mahonia repens",0,1,1,0,100
"Malaxis","Malaxis unifolia",0,2,2,0,100
"Malus","Malus hupehensis",0,63,63,0,100
"Malus","Malus prunifolia",0,2,2,0,100
"Marchantia","Marchantia quadrata",0,14,14,0,100
"Marsilea","Marsilea quadrifolia",0,10,10,0,100
"Melampodium","Melampodium divaricatum",0,1,1,0,100
"Melianthus","Melianthus major",0,1,1,0,100
"Melilotus","Melilotus altissimus",0,3,3,0,100
"Mentha","Mentha longifolia",0,1,1,0,100
"Mercurialis","Mercurialis perennis",0,1,1,0,100
"Metzgeria","Metzgeria conjugata",0,1,1,0,100
"Micrasterias","Micrasterias radiosa",0,2,2,0,100
"Mitella","Mitella nuda",0,15,15,0,100
"Mnium","Mnium lycopodioides",0,1,1,0,100
"Molinia","Molinia caerulea",0,1,1,0,100
"Momordica","Momordica charantia",0,1,1,0,100
"Moneses","Moneses uniflora",0,7,7,0,100
"Montia","Montia fontana",0,1,1,0,100
"Montia","Montia linearis",0,1,1,0,100
"Morella","Morella cerifera",0,1,1,0,100
"Muhlenbergia","Muhlenbergia asperifolia",0,1,1,0,100
"Muhlenbergia","Muhlenbergia frondosa",0,2,2,0,100
"Muhlenbergia","Muhlenbergia glomerata",0,2,2,0,100
"Muhlenbergia","Muhlenbergia mexicana",0,1,1,0,100
"Muhlenbergia","Muhlenbergia sobolifera",0,1,1,0,100
"Muhlenbergia","Muhlenbergia sylvatica",0,2,2,0,100
"Muhlenbergia","Muhlenbergia uniflora",0,1,1,0,100
"Myosotis","Myosotis ramosissima",0,1,1,0,100
"Myriophyllum","Myriophyllum alterniflorum",0,1,1,0,100
"Myriophyllum","Myriophyllum farwellii",0,1,1,0,100
"Myriophyllum","Myriophyllum heterophyllum",0,6,6,0,100
"Myriophyllum","Myriophyllum pinnatum",0,1,1,0,100
"Myriophyllum","Myriophyllum tenellum",0,6,6,0,100
"Myriophyllum","Myriophyllum verticillatum",0,2,2,0,100
"Najas","Najas flexilis",0,8,8,0,100
"Najas","Najas gracillima",0,3,3,0,100
"Najas","Najas guadalupensis",0,3,3,0,100
"Narcissus","Narcissus bulbocodium",0,5,5,0,100
"Narcissus","Narcissus cyclazetta",0,2,2,0,100
"Narcissus","Narcissus jonquilla",0,1,1,0,100
"Narcissus","Narcissus tazetta",0,1,1,0,100
"Nardus","Nardus stricta",0,1,1,0,100
"Nasturtium","Nasturtium microphyllum",0,1,1,0,100
"Nicotiana","Nicotiana alata",0,1,1,0,100
"Nicotiana","Nicotiana langsdorffii",0,1,1,0,100
"Nicotiana","Nicotiana tabacum",0,1,1,0,100
"Nitellopsis","Nitellopsis obtusa",0,4,4,0,100
"Nuphar","Nuphar microphylla",0,2,2,0,100
"Nymphoides","Nymphoides cordata",0,8,8,0,100
"Oclemena","Oclemena nemoralis",0,7,7,0,100
"Odontites","Odontites vulgaris",0,5,5,0,100
"Odontoschisma","Odontoschisma denudatum",0,1,1,0,100
"Odontoschisma","Odontoschisma sphagni",0,1,1,0,100
"Oenothera","Oenothera flava",0,1,1,0,100
"Oenothera","Oenothera oakesiana",0,2,2,0,100
"Oenothera","Oenothera triloba",0,1,1,0,100
"Opuntia","Opuntia mesacantha",0,1,1,0,100
"Oreojuncus","Oreojuncus trifidus",0,10,10,0,100
"Orthilia","Orthilia secunda",0,21,21,0,100
"Orthotrichum","Orthotrichum diaphanum",0,1,1,0,100
"Orthotrichum","Orthotrichum stellatum",0,8,8,0,100
"Oxalis","Oxalis tetraphylla",0,1,1,0,100
"Packera","Packera paupercula",0,14,14,0,100
"Packera","Packera schweinitziana",0,1,1,0,100
"Paeonia","Paeonia lactiflora",0,23,23,0,100
"Paeonia","Paeonia officinalis",0,1,1,0,100
"Pandorina","Pandorina morum",0,1,1,0,100
"Panicum","Panicum amarum",0,10,10,0,100
"Parnassia","Parnassia glauca",0,29,29,0,100
"Parthenocissus","Parthenocissus henryana",0,1,1,0,100
"Paspalum","Paspalum setaceum",0,14,14,0,100
"Paspalum","Paspalum thunbergii",0,1,1,0,100
"Patis","Patis racemosa",0,6,6,0,100
"Patrinia","Patrinia villosa",0,4,4,0,100
"Penstemon","Penstemon pallidus",0,10,10,0,100
"Periploca","Periploca graeca",0,1,1,0,100
"Persea","Persea americana",0,2,2,0,100
"Persicaria","Persicaria careyi",0,2,2,0,100
"Persicaria","Persicaria minor",0,1,1,0,100
"Persicaria","Persicaria nepalensis",0,10,10,0,100
"Petrorhagia","Petrorhagia saxifraga",0,2,2,0,100
"Phacelia","Phacelia campanularia",0,1,1,0,100
"Phaeoceros","Phaeoceros laevis",0,1,1,0,100
"Phalaris","Phalaris canariensis",0,1,1,0,100
"Phaseolus","Phaseolus coccineus",0,2,2,0,100
"Phaseolus","Phaseolus vulgaris",0,8,8,0,100
"Phedimus","Phedimus aizoon",0,6,6,0,100
"Phedimus","Phedimus kamtschaticus",0,1,1,0,100
"Philadelphus","Philadelphus inodorus",0,1,1,0,100
"Philonotis","Philonotis fontana",0,2,2,0,100
"Phyllanthus","Phyllanthus caroliniensis",0,1,1,0,100
"Phyllanthus","Phyllanthus tenellus",0,3,3,0,100
"Physalis","Physalis angulata",0,2,2,0,100
"Physalis","Physalis peruviana",0,3,3,0,100
"Physcomitrium","Physcomitrium serratum",0,1,1,0,100
"Pilea","Pilea fontana",0,6,6,0,100
"Pilosella","Pilosella floribunda",0,1,1,0,100
"Pinellia","Pinellia tripartita",0,1,1,0,100
"Pinus","Pinus nigra",0,3,3,0,100
"Pinus","Pinus thunbergii",0,26,26,0,100
"Piptatheropsis","Piptatheropsis canadensis",0,1,1,0,100
"Piptochaetium","Piptochaetium avenaceum",0,4,4,0,100
"Pityopsis","Pityopsis falcata",0,85,85,0,100
"Plagiothecium","Plagiothecium cavifolium",0,2,2,0,100
"Plagiothecium","Plagiothecium denticulatum",0,1,1,0,100
"Plagiothecium","Plagiothecium laetum",0,2,2,0,100
"Plantago","Plantago arenaria",0,16,16,0,100
"Plantago","Plantago media",0,1,1,0,100
"Plantago","Plantago pusilla",0,1,1,0,100
"Platanthera","Platanthera aquilonis",0,3,3,0,100
"Platanthera","Platanthera clavellata",0,34,34,0,100
"Platanthera","Platanthera dilatata",0,5,5,0,100
"Platanthera","Platanthera flava",0,7,7,0,100
"Platanthera","Platanthera grandiflora",0,1,1,0,100
"Platanthera","Platanthera huronensis",0,3,3,0,100
"Platanthera","Platanthera lacera",0,20,20,0,100
"Platanthera","Platanthera orbiculata",0,9,9,0,100
"Pleuridium","Pleuridium subulatum",0,1,1,0,100
"Poa","Poa nemoralis",0,2,2,0,100
"Pohlia","Pohlia annotina",0,1,1,0,100
"Polanisia","Polanisia trachysperma",0,2,2,0,100
"Polemonium","Polemonium vanbruntiae",0,1,1,0,100
"Polygonatum","Polygonatum hybridum",0,3,3,0,100
"Polygonella","Polygonella articulata",0,40,40,0,100
"Polygonum","Polygonum achoreum",0,1,1,0,100
"Polygonum","Polygonum arenastrum",0,9,9,0,100
"Polygonum","Polygonum douglasii",0,2,2,0,100
"Polygonum","Polygonum glaucum",0,5,5,0,100
"Polystichum","Polystichum braunii",0,3,3,0,100
"Populus","Populus canescens",0,2,2,0,100
"Populus","Populus heterophylla",0,5,5,0,100
"Populus","Populus rouleauana",0,1,1,0,100
"Potamogeton","Potamogeton alpinus",0,1,1,0,100
"Potamogeton","Potamogeton berchtoldii",0,4,4,0,100
"Potamogeton","Potamogeton bicupulatus",0,1,1,0,100
"Potamogeton","Potamogeton gramineus",0,4,4,0,100
"Potamogeton","Potamogeton hillii",0,2,2,0,100
"Potamogeton","Potamogeton praelongus",0,7,7,0,100
"Potamogeton","Potamogeton pulcher",0,1,1,0,100
"Potamogeton","Potamogeton pusillus",0,5,5,0,100
"Potamogeton","Potamogeton spirillus",0,1,1,0,100
"Potamogeton","Potamogeton vaseyi",0,2,2,0,100
"Potentilla","Potentilla intermedia",0,2,2,0,100
"Potentilla","Potentilla supina",0,2,2,0,100
"Poterium","Poterium sanguisorba",0,26,26,0,100
"Primula","Primula elatior",0,2,2,0,100
"Primula","Primula vulgaris",0,8,8,0,100
"Prunus","Prunus cistena",0,2,2,0,100
"Prunus","Prunus domestica",0,2,2,0,100
"Prunus","Prunus glandulosa",0,2,2,0,100
"Prunus","Prunus jamasakura",0,1,1,0,100
"Prunus","Prunus maritima",0,259,259,0,100
"Prunus","Prunus nigra",0,3,3,0,100
"Prunus","Prunus pumila",0,16,16,0,100
"Prunus","Prunus sargentii",0,2,2,0,100
"Prunus","Prunus speciosa",0,2,2,0,100
"Prunus","Prunus spinosa",0,2,2,0,100
"Prunus","Prunus susquehanae",0,2,2,0,100
"Prunus","Prunus yedoensis",0,2,2,0,100
"Pseudognaphalium","Pseudognaphalium macounii",0,7,7,0,100
"Pseudoscleropodium","Pseudoscleropodium purum",0,1,1,0,100
"Pseudotaxiphyllum","Pseudotaxiphyllum elegans",0,1,1,0,100
"Pseudotsuga","Pseudotsuga menziesii",0,5,5,0,100
"Psilotum","Psilotum nudum",0,1,1,0,100
"Ptilidium","Ptilidium ciliare",0,2,2,0,100
"Ptilimnium","Ptilimnium capillaceum",0,4,4,0,100
"Ptychostomum","Ptychostomum pseudotriquetrum",0,1,1,0,100
"Puccinellia","Puccinellia distans",0,1,1,0,100
"Pylaisia","Pylaisia selwynii",0,1,1,0,100
"Pyrola","Pyrola asarifolia",0,4,4,0,100
"Pyrola","Pyrola chlorantha",0,9,9,0,100
"Pyrola","Pyrola minor",0,1,1,0,100
"Quercus","Quercus bebbiana",0,2,2,0,100
"Quercus","Quercus bushii",0,3,3,0,100
"Quercus","Quercus hawkinsiae",0,2,2,0,100
"Quercus","Quercus runcinata",0,1,1,0,100
"Quercus","Quercus saulii",0,1,1,0,100
"Quercus","Quercus schuettei",0,2,2,0,100
"Quercus","Quercus shumardii",0,1,1,0,100
"Quercus","Quercus stelloides",0,1,1,0,100
"Ranunculus","Ranunculus fascicularis",0,6,6,0,100
"Ranunculus","Ranunculus flammula",0,4,4,0,100
"Ranunculus","Ranunculus longirostris",0,2,2,0,100
"Ranunculus","Ranunculus pensylvanicus",0,3,3,0,100
"Ranunculus","Ranunculus reptans",0,5,5,0,100
"Reynoutria","Reynoutria compacta",0,1,1,0,100
"Rhinanthus","Rhinanthus minor",0,5,5,0,100
"Rhizomnium","Rhizomnium appalachianum",0,1,1,0,100
"Rhododendron","Rhododendron canescens",0,1,1,0,100
"Rhododendron","Rhododendron lapponicum",0,11,11,0,100
"Rhododendron","Rhododendron schlippenbachii",0,3,3,0,100
"Rhus","Rhus chinensis",0,1,1,0,100
"Rhus","Rhus pulvinata",0,4,4,0,100
"Rhynchospora","Rhynchospora fusca",0,1,1,0,100
"Rhynchospora","Rhynchospora macrostachya",0,2,2,0,100
"Rhynchostegium","Rhynchostegium aquaticum",0,1,1,0,100
"Ribes","Ribes lacustre",0,5,5,0,100
"Ribes","Ribes nigrum",0,12,12,0,100
"Riccardia","Riccardia multifida",0,1,1,0,100
"Riccia","Riccia huebeneriana",0,7,7,0,100
"Richardia","Richardia brasiliensis",0,18,18,0,100
"Robinia","Robinia viscosa",0,6,6,0,100
"Rorippa","Rorippa amphibia",0,1,1,0,100
"Rosa","Rosa blanda",0,13,13,0,100
"Rosa","Rosa pendulina",0,3,3,0,100
"Rosa","Rosa spinosissima",0,2,2,0,100
"Rosulabryum","Rosulabryum capillare",0,2,2,0,100
"Rubus","Rubus armeniacus",0,6,6,0,100
"Rubus","Rubus baileyanus",0,1,1,0,100
"Rubus","Rubus multifer",0,3,3,0,100
"Rubus","Rubus neglectus",0,2,2,0,100
"Rubus","Rubus rolfei",0,6,6,0,100
"Rubus","Rubus rosa",0,8,8,0,100
"Rubus","Rubus setosus",0,1,1,0,100
"Rubus","Rubus signatus",0,1,1,0,100
"Rubus","Rubus ulmifolius",0,2,2,0,100
"Rumex","Rumex acetosa",0,1,1,0,100
"Rumex","Rumex altissimus",0,1,1,0,100
"Rumex","Rumex confusus",0,1,1,0,100
"Rumex","Rumex cristatus",0,32,32,0,100
"Rumex","Rumex kerneri",0,2,2,0,100
"Rumex","Rumex pulcher",0,1,1,0,100
"Rumex","Rumex salicifolius",0,1,1,0,100
"Sabatia","Sabatia stellaris",0,2,2,0,100
"Sagina","Sagina japonica",0,42,42,0,100
"Sagittaria","Sagittaria cuneata",0,1,1,0,100
"Sagittaria","Sagittaria engelmanniana",0,1,1,0,100
"Sagittaria","Sagittaria graminea",0,3,3,0,100
"Sagittaria","Sagittaria spongiosus",0,1,1,0,100
"Salicornia","Salicornia ambigua",0,4,4,0,100
"Salicornia","Salicornia perennis",0,2,2,0,100
"Salicornia","Salicornia virginica",0,16,16,0,100
"Salix","Salix alba",0,4,4,0,100
"Salix","Salix amygdaloides",0,2,2,0,100
"Salix","Salix atrocinerea",0,3,3,0,100
"Salix","Salix bebbiana",0,6,6,0,100
"Salix","Salix candida",0,4,4,0,100
"Salix","Salix caprea",0,5,5,0,100
"Salix","Salix cinerea",0,4,4,0,100
"Salix","Salix cordata",0,5,5,0,100
"Salix","Salix fragilis",0,2,2,0,100
"Salix","Salix humilis",0,8,8,0,100
"Salix","Salix pedicellaris",0,5,5,0,100
"Salix","Salix pyrifolia",0,5,5,0,100
"Salix","Salix reichardtii",0,2,2,0,100
"Salix","Salix serissima",0,1,1,0,100
"Salix","Salix uva-ursi",0,14,14,0,100
"Salsola","Salsola kali",0,15,15,0,100
"Salsola","Salsola tragus",0,1,1,0,100
"Salvia","Salvia azurea",0,4,4,0,100
"Salvia","Salvia hispanica",0,2,2,0,100
"Salvia","Salvia microphylla",0,1,1,0,100
"Salvia","Salvia reflexa",0,6,6,0,100
"Salvia","Salvia yangii",0,1,1,0,100
"Salvinia","Salvinia minima",0,2,2,0,100
"Sambucus","Sambucus nigra",0,1,1,0,100
"Samolus","Samolus parviflorus",0,13,13,0,100
"Satureja","Satureja hortensis",0,1,1,0,100
"Saxifraga","Saxifraga aizoides",0,8,8,0,100
"Scabiosa","Scabiosa columbaria",0,1,1,0,100
"Scaevola","Scaevola aemula",0,1,1,0,100
"Scandosorbus","Scandosorbus intermedia",0,1,1,0,100
"Scapania","Scapania nemorea",0,4,4,0,100
"Sceptridium","Sceptridium multifidum",0,4,4,0,100
"Scheuchzeria","Scheuchzeria palustris",0,10,10,0,100
"Schistidium","Schistidium apocarpum",0,1,1,0,100
"Schistostega","Schistostega pennata",0,3,3,0,100
"Schizachne","Schizachne purpurascens",0,7,7,0,100
"Schoenoplectiella","Schoenoplectiella purshiana",0,1,1,0,100
"Schoenoplectiella","Schoenoplectiella smithii",0,1,1,0,100
"Schoenoplectus","Schoenoplectus acutus",0,8,8,0,100
"Schoenoplectus","Schoenoplectus subterminalis",0,2,2,0,100
"Scilla","Scilla bifolia",0,1,1,0,100
"Scirpus","Scirpus atrocinctus",0,1,1,0,100
"Scirpus","Scirpus expansus",0,2,2,0,100
"Scirpus","Scirpus hattorianus",0,6,6,0,100
"Scirpus","Scirpus sylvaticus",0,1,1,0,100
"Sciuro-hypnum","Sciuro-hypnum reflexum",0,1,1,0,100
"Scleria","Scleria triglomerata",0,3,3,0,100
"Scorpidium","Scorpidium scorpioides",0,1,1,0,100
"Sedum","Sedum hispanicum",0,6,6,0,100
"Selenastrum","Selenastrum bibraianum",0,1,1,0,100
"Sericocarpus","Sericocarpus linifolius",0,4,4,0,100
"Sesbania","Sesbania drummondii",0,1,1,0,100
"Setaria","Setaria sphacelata",0,1,1,0,100
"Setaria","Setaria verticillata",0,5,5,0,100
"Shepherdia","Shepherdia canadensis",0,13,13,0,100
"Silene","Silene dioica",0,9,9,0,100
"Silphium","Silphium terebinthinaceum",0,7,7,0,100
"Sisymbrium","Sisymbrium loeselii",0,26,26,0,100
"Sixalix","Sixalix atropurpurea",0,1,1,0,100
"Smilax","Smilax pseudochina",0,1,1,0,100
"Solanum","Solanum nitidibaccatum",0,2,2,0,100
"Solanum","Solanum pseudocapsicum",0,4,4,0,100
"Solenostoma","Solenostoma gracillimum",0,2,2,0,100
"Solidago","Solidago leiocarpa",0,34,34,0,100
"Solidago","Solidago macrophylla",0,10,10,0,100
"Solidago","Solidago ohioensis",0,8,8,0,100
"Solidago","Solidago ptarmicoides",0,5,5,0,100
"Solidago","Solidago randii",0,1,1,0,100
"Sparganium","Sparganium angustifolium",0,4,4,0,100
"Sparganium","Sparganium emersum",0,6,6,0,100
"Sparganium","Sparganium fluctuans",0,9,9,0,100
"Sparganium","Sparganium natans",0,1,1,0,100
"Spergularia","Spergularia canadensis",0,2,2,0,100
"Spergularia","Spergularia marina",0,67,67,0,100
"Spergularia","Spergularia media",0,3,3,0,100
"Sphagnum","Sphagnum fallax",0,1,1,0,100
"Sphagnum","Sphagnum fimbriatum",0,4,4,0,100
"Sphagnum","Sphagnum lescurii",0,1,1,0,100
"Sphagnum","Sphagnum pulchrum",0,1,1,0,100
"Sphagnum","Sphagnum russowii",0,1,1,0,100
"Sphagnum","Sphagnum tenerum",0,1,1,0,100
"Sphenopholis","Sphenopholis intermedia",0,5,5,0,100
"Sphenopholis","Sphenopholis obtusata",0,2,2,0,100
"Spiraea","Spiraea chamaedryfolia",0,1,1,0,100
"Spiraea","Spiraea salicifolia",0,1,1,0,100
"Spiraea","Spiraea trilobata",0,7,7,0,100
"Spiraea","Spiraea vanhouttei",0,6,6,0,100
"Spiranthes","Spiranthes kapnosperia",0,1,1,0,100
"Spiranthes","Spiranthes lucida",0,13,13,0,100
"Spiranthes","Spiranthes magnicamporum",0,3,3,0,100
"Spiranthes","Spiranthes ovalis",0,1,1,0,100
"Spiranthes","Spiranthes romanzoffiana",0,4,4,0,100
"Splachnum","Splachnum ampullaceum",0,3,3,0,100
"Sporobolus","Sporobolus alterniflorus",0,167,167,0,100
"Sporobolus","Sporobolus compositus",0,4,4,0,100
"Sporobolus","Sporobolus cryptandrus",0,6,6,0,100
"Sporobolus","Sporobolus cynosuroides",0,4,4,0,100
"Sporobolus","Sporobolus pumilus",0,38,38,0,100
"Sporobolus","Sporobolus vaginiflorus",0,3,3,0,100
"Stachys","Stachys hyssopifolia",0,3,3,0,100
"Stellaria","Stellaria apetala",0,24,24,0,100
"Stellaria","Stellaria longipes",0,1,1,0,100
"Streptopus","Streptopus oreopolus",0,2,2,0,100
"Styrax","Styrax obassia",0,1,1,0,100
"Suaeda","Suaeda calceoliformis",0,3,3,0,100
"Suaeda","Suaeda maritima",0,10,10,0,100
"Symphyotrichum","Symphyotrichum divaricatum",0,2,2,0,100
"Symphyotrichum","Symphyotrichum firmum",0,6,6,0,100
"Symphyotrichum","Symphyotrichum praealtum",0,5,5,0,100
"Symphyotrichum","Symphyotrichum subulatum",0,38,38,0,100
"Symphyotrichum","Symphyotrichum tradescantii",0,2,2,0,100
"Syntrichia","Syntrichia laevipila",0,2,2,0,100
"Syntrichia","Syntrichia pagorum",0,1,1,0,100
"Syntrichia","Syntrichia papillosa",0,5,5,0,100
"Syntrichia","Syntrichia ruralis",0,13,13,0,100
"Syzygiella","Syzygiella autumnalis",0,3,3,0,100
"Tamarix","Tamarix parviflora",0,2,2,0,100
"Tamarix","Tamarix ramosissima",0,4,4,0,100
"Taxus","Taxus cuspidata",0,8,8,0,100
"Teesdalia","Teesdalia nudicaulis",0,1,1,0,100
"Thalictrum","Thalictrum aquilegiifolium",0,14,14,0,100
"Thalictrum","Thalictrum delavayi",0,1,1,0,100
"Thalictrum","Thalictrum venulosum",0,1,1,0,100
"Thelia","Thelia asprella",0,1,1,0,100
"Thelia","Thelia hirtella",0,2,2,0,100
"Thrincia","Thrincia saxatilis",0,1,1,0,100
"Thunbergia","Thunbergia alata",0,2,2,0,100
"Torreyochloa","Torreyochloa pallida",0,1,1,0,100
"Tortitaenia","Tortitaenia bahusiensis",0,1,1,0,100
"Triantha","Triantha glutinosa",0,2,2,0,100
"Tribulus","Tribulus terrestris",0,3,3,0,100
"Trichophorum","Trichophorum alpinum",0,6,6,0,100
"Trichophorum","Trichophorum cespitosum",0,13,13,0,100
"Trichophorum","Trichophorum clintonii",0,1,1,0,100
"Trifolium","Trifolium fragiferum",0,21,21,0,100
"Trifolium","Trifolium medium",0,1,1,0,100
"Trillium","Trillium cernuum",0,20,20,0,100
"Trillium","Trillium flexipes",0,2,2,0,100
"Triplasis","Triplasis purpurea",0,5,5,0,100
"Triteleia","Triteleia laxa",0,1,1,0,100
"Trollius","Trollius laxus",0,3,3,0,100
"Typha","Typha laxmannii",0,1,1,0,100
"Ulmus","Ulmus thomasii",0,8,8,0,100
"Ulota","Ulota coarctata",0,1,1,0,100
"Ulota","Ulota crispula",0,1,1,0,100
"Ulota","Ulota hutchinsiae",0,2,2,0,100
"Ulva","Ulva intestinalis",0,15,15,0,100
"Ulva","Ulva lactuca",0,78,78,0,100
"Utricularia","Utricularia geminiscapa",0,3,3,0,100
"Utricularia","Utricularia intermedia",0,17,17,0,100
"Utricularia","Utricularia radiata",0,9,9,0,100
"Utricularia","Utricularia resupinata",0,5,5,0,100
"Utricularia","Utricularia striata",0,2,2,0,100
"Vaccinium","Vaccinium boreale",0,2,2,0,100
"Vaccinium","Vaccinium uliginosum",0,54,54,0,100
"Valeriana","Valeriana dioica",0,1,1,0,100
"Verbascum","Verbascum bombyciferum",0,1,1,0,100
"Verbascum","Verbascum densiflorum",0,1,1,0,100
"Verbascum","Verbascum phoeniceum",0,1,1,0,100
"Verbascum","Verbascum semialbum",0,1,1,0,100
"Verbena","Verbena incompta",0,1,1,0,100
"Verbesina","Verbesina helianthoides",0,1,1,0,100
"Veronica","Veronica triphyllos",0,1,1,0,100
"Viburnum","Viburnum edule",0,4,4,0,100
"Viburnum","Viburnum trilobum",0,11,11,0,100
"Viburnum","Viburnum venosum",0,3,3,0,100
"Vicia","Vicia lathyroides",0,1,1,0,100
"Vicia","Vicia lens",0,1,1,0,100
"Vicia","Vicia sepium",0,3,3,0,100
"Vincetoxicum","Vincetoxicum hirundinaria",0,7,7,0,100
"Viola","Viola communis",0,3,3,0,100
"Viola","Viola nephrophylla",0,1,1,0,100
"Viola","Viola patrinii",0,1,1,0,100
"Viola","Viola selkirkii",0,6,6,0,100
"Viola","Viola subsinuata",0,5,5,0,100
"Vitis","Vitis novae-angliae",0,1,1,0,100
"Volvox","Volvox globator",0,1,1,0,100
"Weigela","Weigela florida",0,1,1,0,100
"Weissia","Weissia controversa",0,1,1,0,100
"Wolffia","Wolffia borealis",0,2,2,0,100
"Woodsia","Woodsia ilvensis",0,17,17,0,100
"Xanthium","Xanthium orientale",0,7,7,0,100
"Zannichellia","Zannichellia palustris",0,4,4,0,100
"Zostera","Zostera marina",0,13,13,0,100
