{
"type": "FeatureCollection",
"name": "iverson_pts_naipjoin",
"crs": { "type": "name", "properties": { "name": "urn:ogc:def:crs:EPSG::5070" } },
"features": [
{ "type": "Feature", "properties": { "site": "Alf_Ag17 Jensen", "habitat": "Alf", "Ownership": "Private", "GPS_name": "Ag17 Jensen_alfalfa", "date": "25-JUL-16 12:04:25PM", "notes": "", "order_surveyed": 87, "NWI_classification": "", "Notes_NWI": "", "AREA": 0.004, "PERIMETER": 0.25, "ST": "NY", "QQNAME": "STANLEY NW", "QKEY": "4248450770345", "QUADRANT": "NW", "APFONAME": "4207716", "GNIS": "42077g1", "DY": "42", "MY": "48", "SY": "45", "DX": "077", "MX": "03", "SX": "45", "OLAT": "424845", "OLONG": "0770345", "ArcKey": "4248450770345", "Band": "M4B", "USGSID": "4207716", "Qdrnt": "NW", "UTM": 18, "Res": 1, "SrcImgDate": "20171020", "VerDate": "20171207", "FileName": "m_4207716_nw_18_1_20171020.tif" }, "geometry": { "type": "Point", "coordinates": [ 1526726.724969855044037, 2357629.024113337974995 ] } },
{ "type": "Feature", "properties": { "site": "Alf_Ag18 Wickham", "habitat": "Alf", "Ownership": "Private", "GPS_name": "Ag18_Wickham_aprx", "date": "", "notes": "", "order_surveyed": 92, "NWI_classification": "", "Notes_NWI": "", "AREA": 0.004, "PERIMETER": 0.25, "ST": "NY", "QQNAME": "MONTOUR FALLS NE", "QKEY": "4218450764500", "QUADRANT": "NE", "APFONAME": "4207642", "GNIS": "42076c7", "DY": "42", "MY": "18", "SY": "45", "DX": "076", "MX": "45", "SX": "00", "OLAT": "421845", "OLONG": "0764500", "ArcKey": "4218450764500", "Band": "M4B", "USGSID": "4207642", "Qdrnt": "NE", "UTM": 18, "Res": 1, "SrcImgDate": "20171018", "VerDate": "20171207", "FileName": "m_4207642_ne_18_1_20171018.tif" }, "geometry": { "type": "Point", "coordinates": [ 1564396.883624520385638, 2309206.645040829200298 ] } },
{ "type": "Feature", "properties": { "site": "Alf_Ag19 Mattoon", "habitat": "Alf", "Ownership": "Private", "GPS_name": "Ag19 MATTON", "date": "10-AGO-16 8:20:14AM", "notes": "", "order_surveyed": 95, "NWI_classification": "", "Notes_NWI": "", "AREA": 0.004, "PERIMETER": 0.25, "ST": "NY", "QQNAME": "MORAVIA SW", "QKEY": "4237300762615", "QUADRANT": "SW", "APFONAME": "4207621", "GNIS": "42076f4", "DY": "42", "MY": "37", "SY": "30", "DX": "076", "MX": "26", "SX": "15", "OLAT": "423730", "OLONG": "0762615", "ArcKey": "4237300762615", "Band": "M4B", "USGSID": "4207621", "Qdrnt": "SW", "UTM": 18, "Res": 1, "SrcImgDate": "20171017", "VerDate": "20171207", "FileName": "m_4207621_sw_18_1_20171017.tif" }, "geometry": { "type": "Point", "coordinates": [ 1578584.1375255913008, 2348299.885162344202399 ] } },
{ "type": "Feature", "properties": { "site": "Apple_1 Grismore", "habitat": "Apple", "Ownership": "Private", "GPS_name": "Apple1 Grisamore ", "date": "", "notes": "Mowed pathways, 8\" tall grass. Under apples herbicided. Mostly grass and white clover. Not much in flower.", "order_surveyed": 108, "NWI_classification": "", "Notes_NWI": "", "AREA": 0.004, "PERIMETER": 0.25, "ST": "NY", "QQNAME": "MORAVIA SW", "QKEY": "4237300762615", "QUADRANT": "SW", "APFONAME": "4207621", "GNIS": "42076f4", "DY": "42", "MY": "37", "SY": "30", "DX": "076", "MX": "26", "SX": "15", "OLAT": "423730", "OLONG": "0762615", "ArcKey": "4237300762615", "Band": "M4B", "USGSID": "4207621", "Qdrnt": "SW", "UTM": 18, "Res": 1, "SrcImgDate": "20171017", "VerDate": "20171207", "FileName": "m_4207621_sw_18_1_20171017.tif" }, "geometry": { "type": "Point", "coordinates": [ 1580310.153532010503113, 2347192.613336557056755 ] } },
{ "type": "Feature", "properties": { "site": "Apple_2 Cornell", "habitat": "Apple", "Ownership": "Cornell Farm", "GPS_name": "Apple2 Cornell", "date": "", "notes": "Mowed to 6\", in rows there is a lot of vegetation, especially goldenrod. In alleys mainly grass and quite a few different forbs", "order_surveyed": 109, "NWI_classification": "", "Notes_NWI": "", "AREA": 0.004, "PERIMETER": 0.25, "ST": "NY", "QQNAME": "ITHACA EAST NW", "QKEY": "4226150762615", "QUADRANT": "NW", "APFONAME": "4207637", "GNIS": "42076d4", "DY": "42", "MY": "26", "SY": "15", "DX": "076", "MX": "26", "SX": "15", "OLAT": "422615", "OLONG": "0762615", "ArcKey": "4226150762615", "Band": "M4B", "USGSID": "4207637", "Qdrnt": "NW", "UTM": 18, "Res": 1, "SrcImgDate": "20171004", "VerDate": "20171207", "FileName": "m_4207637_nw_18_1_20171004.tif" }, "geometry": { "type": "Point", "coordinates": [ 1585870.283365091076121, 2324354.866459899116307 ] } },
{ "type": "Feature", "properties": { "site": "Apple_3 Caldwell", "habitat": "Apple", "Ownership": "Private", "GPS_name": "Apple3 Caldwell", "date": "", "notes": "Ecologically managed farm, maybe organic. Thick understory everywhere, mowed to 1 ft. Not a ton in bloom, mainly Queen Anne and galium mollugo.", "order_surveyed": 111, "NWI_classification": "", "Notes_NWI": "", "AREA": 0.004, "PERIMETER": 0.25, "ST": "NY", "QQNAME": "WEST DANBY NE", "QKEY": "4218450763000", "QUADRANT": "NE", "APFONAME": "4207644", "GNIS": "42076c5", "DY": "42", "MY": "18", "SY": "45", "DX": "076", "MX": "30", "SX": "00", "OLAT": "421845", "OLONG": "0763000", "ArcKey": "4218450763000", "Band": "M4B", "USGSID": "4207644", "Qdrnt": "NE", "UTM": 18, "Res": 1, "SrcImgDate": "20171017", "VerDate": "20171207", "FileName": "m_4207644_ne_18_1_20171017.tif" }, "geometry": { "type": "Point", "coordinates": [ 1583862.013351793866605, 2313896.235555382445455 ] } },
{ "type": "Feature", "properties": { "site": "Apple_4 Black Diamond", "habitat": "Apple", "Ownership": "Private", "GPS_name": "Apple4 Merwin", "date": "", "notes": "Well mowed lanes. Less than 4 inches tall. Herbicided underneath the trees, planted 1994,  overall orchard just a couple of acres", "order_surveyed": 118, "NWI_classification": "", "Notes_NWI": "", "AREA": 0.004, "PERIMETER": 0.25, "ST": "NY", "QQNAME": "TRUMANSBURG SE", "QKEY": "4230000763730", "QUADRANT": "SE", "APFONAME": "4207627", "GNIS": "42076e6", "DY": "42", "MY": "30", "SY": "00", "DX": "076", "MX": "37", "SX": "30", "OLAT": "423000", "OLONG": "0763730", "ArcKey": "4230000763730", "Band": "M4B", "USGSID": "4207627", "Qdrnt": "SE", "UTM": 18, "Res": 1, "SrcImgDate": "20171017", "VerDate": "20171207", "FileName": "m_4207627_se_18_1_20171017.tif" }, "geometry": { "type": "Point", "coordinates": [ 1567757.648251195671037, 2332836.391360482666641 ] } },
{ "type": "Feature", "properties": { "site": "Apple_5 RJO Rose Farm", "habitat": "Apple", "Ownership": "Private", "GPS_name": "Apple5 RJO Rose", "date": "", "notes": "Red jacket rose farm. Mainly grass 8\" tall, few flowering plants. Mowed once this year and sprayed under trees.", "order_surveyed": 134, "NWI_classification": "", "Notes_NWI": "", "AREA": 0.004, "PERIMETER": 0.25, "ST": "NY", "QQNAME": "STANLEY SE", "QKEY": "4245000770000", "QUADRANT": "SE", "APFONAME": "4207716", "GNIS": "42077g1", "DY": "42", "MY": "45", "SY": "00", "DX": "077", "MX": "00", "SX": "00", "OLAT": "424500", "OLONG": "0770000", "ArcKey": "4245000770000", "Band": "M4B", "USGSID": "4207716", "Qdrnt": "SE", "UTM": 18, "Res": 1, "SrcImgDate": "20171018", "VerDate": "20171207", "FileName": "m_4207716_se_18_1_20171018.tif" }, "geometry": { "type": "Point", "coordinates": [ 1535073.629070659866557, 2351705.357684698887169 ] } },
{ "type": "Feature", "properties": { "site": "Conifer_For12 Scott", "habitat": "Conifer", "Ownership": "Private", "GPS_name": "For12 SCOTT", "date": "26-MAY-16 2:32:10PM", "notes": "", "order_surveyed": 30, "NWI_classification": "", "Notes_NWI": "", "AREA": 0.004, "PERIMETER": 0.25, "ST": "NY", "QQNAME": "DRYDEN SW", "QKEY": "4222300761845", "QUADRANT": "SW", "APFONAME": "4207638", "GNIS": "42076d3", "DY": "42", "MY": "22", "SY": "30", "DX": "076", "MX": "18", "SX": "45", "OLAT": "422230", "OLONG": "0761845", "ArcKey": "4222300761845", "Band": "M4B", "USGSID": "4207638", "Qdrnt": "SW", "UTM": 18, "Res": 1, "SrcImgDate": "20170925", "VerDate": "20171207", "FileName": "m_4207638_sw_18_1_20170925.tif" }, "geometry": { "type": "Point", "coordinates": [ 1598258.729486655211076, 2322124.591974282637239 ] } },
{ "type": "Feature", "properties": { "site": "Conifer_For15 Frozenocean", "habitat": "Conifer", "Ownership": "State Forest", "GPS_name": "For15 FROZEN", "date": "27-MAY-16 4:27:08PM", "notes": "", "order_surveyed": 34, "NWI_classification": "", "Notes_NWI": "", "AREA": 0.004, "PERIMETER": 0.25, "ST": "NY", "QQNAME": "OWASCO SE", "QKEY": "4245000762230", "QUADRANT": "SE", "APFONAME": "4207613", "GNIS": "42076g4", "DY": "42", "MY": "45", "SY": "00", "DX": "076", "MX": "22", "SX": "30", "OLAT": "424500", "OLONG": "0762230", "ArcKey": "4245000762230", "Band": "M4B", "USGSID": "4207613", "Qdrnt": "SE", "UTM": 18, "Res": 1, "SrcImgDate": "20171017", "VerDate": "20171207", "FileName": "m_4207613_se_18_1_20171017.tif" }, "geometry": { "type": "Point", "coordinates": [ 1582181.435208606533706, 2362524.662106951233 ] } },
{ "type": "Feature", "properties": { "site": "Conifer_For17 FLNF", "habitat": "Conifer", "Ownership": "National Forest", "GPS_name": "For17 FLNF SPC", "date": "30-MAY-16 1:28:04PM", "notes": "", "order_surveyed": 37, "NWI_classification": "", "Notes_NWI": "", "AREA": 0.004, "PERIMETER": 0.25, "ST": "NY", "QQNAME": "BURDETT NE", "QKEY": "4226150764500", "QUADRANT": "NE", "APFONAME": "4207634", "GNIS": "42076d7", "DY": "42", "MY": "26", "SY": "15", "DX": "076", "MX": "45", "SX": "00", "OLAT": "422615", "OLONG": "0764500", "ArcKey": "4226150764500", "Band": "M4B", "USGSID": "4207634", "Qdrnt": "NE", "UTM": 18, "Res": 1, "SrcImgDate": "20171018", "VerDate": "20171207", "FileName": "m_4207634_ne_18_1_20171018.tif" }, "geometry": { "type": "Point", "coordinates": [ 1557627.737042534165084, 2322835.048430192284286 ] } },
{ "type": "Feature", "properties": { "site": "Conifer_For2 Cornell Ponds", "habitat": "Conifer", "Ownership": "Cornell Research Property", "GPS_name": "For2 CORNL PON", "date": " ", "notes": "", "order_surveyed": 17, "NWI_classification": "", "Notes_NWI": "", "AREA": 0.004, "PERIMETER": 0.25, "ST": "NY", "QQNAME": "WEST GROTON SW", "QKEY": "4230000762615", "QUADRANT": "SW", "APFONAME": "4207629", "GNIS": "42076e4", "DY": "42", "MY": "30", "SY": "00", "DX": "076", "MX": "26", "SX": "15", "OLAT": "423000", "OLONG": "0762615", "ArcKey": "4230000762615", "Band": "M4B", "USGSID": "4207629", "Qdrnt": "SW", "UTM": 18, "Res": 1, "SrcImgDate": "20171017", "VerDate": "20171207", "FileName": "m_4207629_sw_18_1_20171017.tif" }, "geometry": { "type": "Point", "coordinates": [ 1584506.089529978111386, 2330885.005669655743986 ] } },
{ "type": "Feature", "properties": { "site": "Conifer_For23 Saltonstall", "habitat": "Conifer", "Ownership": "Private", "GPS_name": "For23 SALTONST", "date": "01-JUN-16 11:21:02AM", "notes": "", "order_surveyed": 43, "NWI_classification": "", "Notes_NWI": "", "AREA": 0.004, "PERIMETER": 0.25, "ST": "NY", "QQNAME": "SHELDRAKE SE", "QKEY": "4237300763730", "QUADRANT": "SE", "APFONAME": "4207619", "GNIS": "42076f6", "DY": "42", "MY": "37", "SY": "30", "DX": "076", "MX": "37", "SX": "30", "OLAT": "423730", "OLONG": "0763730", "ArcKey": "4237300763730", "Band": "M4B", "USGSID": "4207619", "Qdrnt": "SE", "UTM": 18, "Res": 1, "SrcImgDate": "20171017", "VerDate": "20171207", "FileName": "m_4207619_se_18_1_20171017.tif" }, "geometry": { "type": "Point", "coordinates": [ 1566872.916193550685421, 2342108.01334588136524 ] } },
{ "type": "Feature", "properties": { "site": "Conifer_For28 Monkeyrun", "habitat": "Conifer", "Ownership": "Cornell Botanic Gardens", "GPS_name": "For28 Monkeyru", "date": "08-JUN-16 1:21:12PM", "notes": "", "order_surveyed": 49, "NWI_classification": "", "Notes_NWI": "", "AREA": 0.004, "PERIMETER": 0.25, "ST": "NY", "QQNAME": "ITHACA EAST NE", "QKEY": "4226150762230", "QUADRANT": "NE", "APFONAME": "4207637", "GNIS": "42076d4", "DY": "42", "MY": "26", "SY": "15", "DX": "076", "MX": "22", "SX": "30", "OLAT": "422615", "OLONG": "0762230", "ArcKey": "4226150762230", "Band": "M4B", "USGSID": "4207637", "Qdrnt": "NE", "UTM": 18, "Res": 1, "SrcImgDate": "20171017", "VerDate": "20171207", "FileName": "m_4207637_ne_18_1_20171017.tif" }, "geometry": { "type": "Point", "coordinates": [ 1588837.006250039674342, 2327558.749234405346215 ] } },
{ "type": "Feature", "properties": { "site": "Conifer_For33 Lindsay-Parsons", "habitat": "Conifer", "Ownership": "Finger Lakes Land Trust", "GPS_name": "For33 LINDSAY", "date": "15-JUN-16 2:27:33PM", "notes": "", "order_surveyed": 55, "NWI_classification": "", "Notes_NWI": "", "AREA": 0.004, "PERIMETER": 0.25, "ST": "NY", "QQNAME": "WEST DANBY NE", "QKEY": "4218450763000", "QUADRANT": "NE", "APFONAME": "4207644", "GNIS": "42076c5", "DY": "42", "MY": "18", "SY": "45", "DX": "076", "MX": "30", "SX": "00", "OLAT": "421845", "OLONG": "0763000", "ArcKey": "4218450763000", "Band": "M4B", "USGSID": "4207644", "Qdrnt": "NE", "UTM": 18, "Res": 1, "SrcImgDate": "20171017", "VerDate": "20171207", "FileName": "m_4207644_ne_18_1_20171017.tif" }, "geometry": { "type": "Point", "coordinates": [ 1585254.851772285765037, 2309823.35610352223739 ] } },
{ "type": "Feature", "properties": { "site": "Conifer_For34a Danby", "habitat": "Conifer", "Ownership": "State Forest", "GPS_name": "For34a DANBY", "date": "15-JUN-16 3:57:27PM", "notes": "", "order_surveyed": 56, "NWI_classification": "", "Notes_NWI": "", "AREA": 0.004, "PERIMETER": 0.25, "ST": "NY", "QQNAME": "WILLSEYVILLE NW", "QKEY": "4218450762615", "QUADRANT": "NW", "APFONAME": "4207645", "GNIS": "42076c4", "DY": "42", "MY": "18", "SY": "45", "DX": "076", "MX": "26", "SX": "15", "OLAT": "421845", "OLONG": "0762615", "ArcKey": "4218450762615", "Band": "M4B", "USGSID": "4207645", "Qdrnt": "NW", "UTM": 18, "Res": 1, "SrcImgDate": "20171004", "VerDate": "20171207", "FileName": "m_4207645_nw_18_1_20171004.tif" }, "geometry": { "type": "Point", "coordinates": [ 1585744.854941073572263, 2309990.083717428613454 ] } },
{ "type": "Feature", "properties": { "site": "Cover_Ag13 Smith", "habitat": "Cover", "Ownership": "Private", "GPS_name": "Ag13 Smith_wheat  Agriculture ", "date": "17-MAY-16 8:47:55AM", "notes": "", "order_surveyed": 14, "NWI_classification": "", "Notes_NWI": "", "AREA": 0.004, "PERIMETER": 0.25, "ST": "NY", "QQNAME": "SAVANNAH SW", "QKEY": "4300000764845", "QUADRANT": "SW", "APFONAME": "4307658", "GNIS": "43076a7", "DY": "43", "MY": "00", "SY": "00", "DX": "076", "MX": "48", "SX": "45", "OLAT": "430000", "OLONG": "0764845", "ArcKey": "4300000764845", "Band": "M4B", "USGSID": "4307658", "Qdrnt": "SW", "UTM": 18, "Res": 1, "SrcImgDate": "20171018", "VerDate": "20171207", "FileName": "m_4307658_sw_18_1_20171018.tif" }, "geometry": { "type": "Point", "coordinates": [ 1541426.009612091816962, 2381126.603164487984031 ] } },
{ "type": "Feature", "properties": { "site": "Cover_Ag15 Lott", "habitat": "Cover", "Ownership": "Private", "GPS_name": "Ag15 Lott_wheat ", "date": "17-MAY-16 2:49:25PM", "notes": "", "order_surveyed": 16, "NWI_classification": "", "Notes_NWI": "", "AREA": 0.004, "PERIMETER": 0.25, "ST": "NY", "QQNAME": "SENECA FALLS SE", "QKEY": "4252300764500", "QUADRANT": "SE", "APFONAME": "4207602", "GNIS": "42076h7", "DY": "42", "MY": "52", "SY": "30", "DX": "076", "MX": "45", "SX": "00", "OLAT": "425230", "OLONG": "0764500", "ArcKey": "4252300764500", "Band": "M4B", "USGSID": "4207602", "Qdrnt": "SE", "UTM": 18, "Res": 1, "SrcImgDate": "20171018", "VerDate": "20171207", "FileName": "m_4207602_se_18_1_20171018.tif" }, "geometry": { "type": "Point", "coordinates": [ 1550647.076446020975709, 2366329.409126018639654 ] } },
{ "type": "Feature", "properties": { "site": "Cover_Ag16 pecher", "habitat": "Cover", "Ownership": "Private", "GPS_name": "Ag16 Pecher_wheat", "date": "25-MAY-16 10:47:31AM", "notes": "", "order_surveyed": 25, "NWI_classification": "", "Notes_NWI": "", "AREA": 0.004, "PERIMETER": 0.25, "ST": "NY", "QQNAME": "GENOA SW", "QKEY": "4237300763345", "QUADRANT": "SW", "APFONAME": "4207620", "GNIS": "42076f5", "DY": "42", "MY": "37", "SY": "30", "DX": "076", "MX": "33", "SX": "45", "OLAT": "423730", "OLONG": "0763345", "ArcKey": "4237300763345", "Band": "M4B", "USGSID": "4207620", "Qdrnt": "SW", "UTM": 18, "Res": 1, "SrcImgDate": "20171017", "VerDate": "20171207", "FileName": "m_4207620_sw_18_1_20171017.tif" }, "geometry": { "type": "Point", "coordinates": [ 1570533.630192653741688, 2346886.092366223223507 ] } },
{ "type": "Feature", "properties": { "site": "Cover_Ag6 Witmer", "habitat": "Cover", "Ownership": "Private", "GPS_name": "Ag6_Witmer_RyeCover_aprx", "date": " ", "notes": "", "order_surveyed": 7, "NWI_classification": "", "Notes_NWI": "", "AREA": 0.004, "PERIMETER": 0.25, "ST": "NY", "QQNAME": "SKANEATELES SW", "QKEY": "4252300762615", "QUADRANT": "SW", "APFONAME": "4207605", "GNIS": "42076h4", "DY": "42", "MY": "52", "SY": "30", "DX": "076", "MX": "26", "SX": "15", "OLAT": "425230", "OLONG": "0762615", "ArcKey": "4252300762615", "Band": "M4B", "USGSID": "4207605", "Qdrnt": "SW", "UTM": 18, "Res": 1, "SrcImgDate": "20171017", "VerDate": "20171207", "FileName": "m_4207605_sw_18_1_20171017.tif" }, "geometry": { "type": "Point", "coordinates": [ 1574146.677502875449136, 2374841.693069310858846 ] } },
{ "type": "Feature", "properties": { "site": "Cover_Ag9 Freier", "habitat": "Cover", "Ownership": "Private", "GPS_name": "Ag9_Freier_WW", "date": " ", "notes": "", "order_surveyed": 10, "NWI_classification": "", "Notes_NWI": "", "AREA": 0.004, "PERIMETER": 0.25, "ST": "NY", "QQNAME": "GENEVA SOUTH NE", "QKEY": "4248450765230", "QUADRANT": "NE", "APFONAME": "4207609", "GNIS": "42076g8", "DY": "42", "MY": "48", "SY": "45", "DX": "076", "MX": "52", "SX": "30", "OLAT": "424845", "OLONG": "0765230", "ArcKey": "4248450765230", "Band": "M4B", "USGSID": "4207609", "Qdrnt": "NE", "UTM": 18, "Res": 1, "SrcImgDate": "20171018", "VerDate": "20171207", "FileName": "m_4207609_ne_18_1_20171018.tif" }, "geometry": { "type": "Point", "coordinates": [ 1542049.857812146423385, 2361378.067359827458858 ] } },
{ "type": "Feature", "properties": { "site": "Developed_1 Park Place", "habitat": "Developed", "Ownership": "Public Tree Lawn", "GPS_name": "Developed 1 Park", "date": "", "notes": "300 block of park place, west side of street on city easement.mostly lawn, a couple ornamental gardens", "order_surveyed": 107, "NWI_classification": "", "Notes_NWI": "", "AREA": 0.004, "PERIMETER": 0.25, "ST": "NY", "QQNAME": "ITHACA WEST NE", "QKEY": "4226150763000", "QUADRANT": "NE", "APFONAME": "4207636", "GNIS": "42076d5", "DY": "42", "MY": "26", "SY": "15", "DX": "076", "MX": "30", "SX": "00", "OLAT": "422615", "OLONG": "0763000", "ArcKey": "4226150763000", "Band": "M4B", "USGSID": "4207636", "Qdrnt": "NE", "UTM": 18, "Res": 1, "SrcImgDate": "20171017", "VerDate": "20171207", "FileName": "m_4207636_ne_18_1_20171017.tif" }, "geometry": { "type": "Point", "coordinates": [ 1582378.868144542677328, 2323369.956353275105357 ] } },
{ "type": "Feature", "properties": { "site": "Developed_2 Vet", "habitat": "Developed", "Ownership": "Cornell", "GPS_name": "Developed2 Vet", "date": "", "notes": "In middle of parking lot. 40% shade from trees. Recently mowed", "order_surveyed": 110, "NWI_classification": "", "Notes_NWI": "", "AREA": 0.004, "PERIMETER": 0.25, "ST": "NY", "QQNAME": "ITHACA EAST NW", "QKEY": "4226150762615", "QUADRANT": "NW", "APFONAME": "4207637", "GNIS": "42076d4", "DY": "42", "MY": "26", "SY": "15", "DX": "076", "MX": "26", "SX": "15", "OLAT": "422615", "OLONG": "0762615", "ArcKey": "4226150762615", "Band": "M4B", "USGSID": "4207637", "Qdrnt": "NW", "UTM": 18, "Res": 1, "SrcImgDate": "20171004", "VerDate": "20171207", "FileName": "m_4207637_nw_18_1_20171004.tif" }, "geometry": { "type": "Point", "coordinates": [ 1585803.524687637109309, 2324446.073823002167046 ] } },
{ "type": "Feature", "properties": { "site": "Developed_3 Danby", "habitat": "Developed", "Ownership": "Private", "GPS_name": "Developed3 Danby", "date": "", "notes": "Danby fire dept lawn. Mowed short and apparently regularly. Doesn't appear to be herbicided. Lots of dandelion and hawkweed and ground ivy.", "order_surveyed": 112, "NWI_classification": "", "Notes_NWI": "", "AREA": 0.004, "PERIMETER": 0.25, "ST": "NY", "QQNAME": "WILLSEYVILLE NW", "QKEY": "4218450762615", "QUADRANT": "NW", "APFONAME": "4207645", "GNIS": "42076c4", "DY": "42", "MY": "18", "SY": "45", "DX": "076", "MX": "26", "SX": "15", "OLAT": "421845", "OLONG": "0762615", "ArcKey": "4218450762615", "Band": "M4B", "USGSID": "4207645", "Qdrnt": "NW", "UTM": 18, "Res": 1, "SrcImgDate": "20171004", "VerDate": "20171207", "FileName": "m_4207645_nw_18_1_20171004.tif" }, "geometry": { "type": "Point", "coordinates": [ 1586118.934260281734169, 2314357.396119616925716 ] } },
{ "type": "Feature", "properties": { "site": "Developed_4 Sprucewood", "habitat": "Developed", "Ownership": "Private", "GPS_name": "Developed 4 Spruce wood", "date": "", "notes": "Weedy lawn, lots of dandy and other forbs. Mowed short. Lawn in between two apartment buildings. Some sidewalk passing through", "order_surveyed": 126, "NWI_classification": "", "Notes_NWI": "", "AREA": 0.004, "PERIMETER": 0.25, "ST": "NY", "QQNAME": "ITHACA EAST NW", "QKEY": "4226150762615", "QUADRANT": "NW", "APFONAME": "4207637", "GNIS": "42076d4", "DY": "42", "MY": "26", "SY": "15", "DX": "076", "MX": "26", "SX": "15", "OLAT": "422615", "OLONG": "0762615", "ArcKey": "4226150762615", "Band": "M4B", "USGSID": "4207637", "Qdrnt": "NW", "UTM": 18, "Res": 1, "SrcImgDate": "20171004", "VerDate": "20171207", "FileName": "m_4207637_nw_18_1_20171004.tif" }, "geometry": { "type": "Point", "coordinates": [ 1585558.499524431768805, 2327739.277768906205893 ] } },
{ "type": "Feature", "properties": { "site": "Developed_5 First Pres", "habitat": "Developed", "Ownership": "Private", "GPS_name": "Developed 5 First Presbyterian ", "date": "", "notes": "", "order_surveyed": 139, "NWI_classification": "", "Notes_NWI": "", "AREA": 0.004, "PERIMETER": 0.25, "ST": "NY", "QQNAME": "GENOA SW", "QKEY": "4237300763345", "QUADRANT": "SW", "APFONAME": "4207620", "GNIS": "42076f5", "DY": "42", "MY": "37", "SY": "30", "DX": "076", "MX": "33", "SX": "45", "OLAT": "423730", "OLONG": "0763345", "ArcKey": "4237300763345", "Band": "M4B", "USGSID": "4207620", "Qdrnt": "SW", "UTM": 18, "Res": 1, "SrcImgDate": "20171017", "VerDate": "20171207", "FileName": "m_4207620_sw_18_1_20171017.tif" }, "geometry": { "type": "Point", "coordinates": [ 1568514.593722536461428, 2345833.184532288461924 ] } },
{ "type": "Feature", "properties": { "site": "Ditch_1 Johnson St", "habitat": "Ditch", "Ownership": "Roadside ditch", "GPS_name": "", "date": "", "notes": "", "order_surveyed": 101, "NWI_classification": "", "Notes_NWI": "", "AREA": 0.004, "PERIMETER": 0.25, "ST": "NY", "QQNAME": "GROTON SW", "QKEY": "4230000761845", "QUADRANT": "SW", "APFONAME": "4207630", "GNIS": "42076e3", "DY": "42", "MY": "30", "SY": "00", "DX": "076", "MX": "18", "SX": "45", "OLAT": "423000", "OLONG": "0761845", "ArcKey": "4230000761845", "Band": "M4B", "USGSID": "4207630", "Qdrnt": "SW", "UTM": 18, "Res": 1, "SrcImgDate": "20170925", "VerDate": "20171207", "FileName": "m_4207630_sw_18_1_20170925.tif" }, "geometry": { "type": "Point", "coordinates": [ 1594068.526501349173486, 2332347.386126323603094 ] } },
{ "type": "Feature", "properties": { "site": "Ditch_2 Cornell Veg", "habitat": "Ditch", "Ownership": "Roadside ditch", "GPS_name": "", "date": "", "notes": "", "order_surveyed": 102, "NWI_classification": "", "Notes_NWI": "", "AREA": 0.004, "PERIMETER": 0.25, "ST": "NY", "QQNAME": "GROTON SW", "QKEY": "4230000761845", "QUADRANT": "SW", "APFONAME": "4207630", "GNIS": "42076e3", "DY": "42", "MY": "30", "SY": "00", "DX": "076", "MX": "18", "SX": "45", "OLAT": "423000", "OLONG": "0761845", "ArcKey": "4230000761845", "Band": "M4B", "USGSID": "4207630", "Qdrnt": "SW", "UTM": 18, "Res": 1, "SrcImgDate": "20170925", "VerDate": "20171207", "FileName": "m_4207630_sw_18_1_20170925.tif" }, "geometry": { "type": "Point", "coordinates": [ 1594210.861172135453671, 2334705.523317872080952 ] } },
{ "type": "Feature", "properties": { "site": "Ditch_3 Carmen Rd", "habitat": "Ditch", "Ownership": "Roadside ditch", "GPS_name": "Ditch 3 Carmen Rd", "date": "", "notes": "1-2ft high, lots of soncus arvensis, chicory, and birdsfoot trefoil in flower, near soybean field", "order_surveyed": 106, "NWI_classification": "", "Notes_NWI": "", "AREA": 0.004, "PERIMETER": 0.25, "ST": "NY", "QQNAME": "MECKLENBURG NW", "QKEY": "4226150764115", "QUADRANT": "NW", "APFONAME": "4207635", "GNIS": "42076d6", "DY": "42", "MY": "26", "SY": "15", "DX": "076", "MX": "41", "SX": "15", "OLAT": "422615", "OLONG": "0764115", "ArcKey": "4226150764115", "Band": "M4B", "USGSID": "4207635", "Qdrnt": "NW", "UTM": 18, "Res": 1, "SrcImgDate": "20171018", "VerDate": "20171207", "FileName": "m_4207635_nw_18_1_20171018.tif" }, "geometry": { "type": "Point", "coordinates": [ 1566342.379256075713784, 2322377.606580400373787 ] } },
{ "type": "Feature", "properties": { "site": "Ditch_4 Freese", "habitat": "Ditch", "Ownership": "Roadside ditch", "GPS_name": "Ditch 4 Freese", "date": "", "notes": "", "order_surveyed": 127, "NWI_classification": "", "Notes_NWI": "", "AREA": 0.004, "PERIMETER": 0.25, "ST": "NY", "QQNAME": "ITHACA EAST NW", "QKEY": "4226150762615", "QUADRANT": "NW", "APFONAME": "4207637", "GNIS": "42076d4", "DY": "42", "MY": "26", "SY": "15", "DX": "076", "MX": "26", "SX": "15", "OLAT": "422615", "OLONG": "0762615", "ArcKey": "4226150762615", "Band": "M4B", "USGSID": "4207637", "Qdrnt": "NW", "UTM": 18, "Res": 1, "SrcImgDate": "20171004", "VerDate": "20171207", "FileName": "m_4207637_nw_18_1_20171004.tif" }, "geometry": { "type": "Point", "coordinates": [ 1586930.278549917507917, 2326329.086327361408621 ] } },
{ "type": "Feature", "properties": { "site": "Ditch_5 Collins", "habitat": "Ditch", "Ownership": "Roadside ditch", "GPS_name": "Ditch_5 Collins_aprx", "date": "", "notes": "", "order_surveyed": 141, "NWI_classification": "", "Notes_NWI": "", "AREA": 0.004, "PERIMETER": 0.25, "ST": "NY", "QQNAME": "WEST GROTON SW", "QKEY": "4230000762615", "QUADRANT": "SW", "APFONAME": "4207629", "GNIS": "42076e4", "DY": "42", "MY": "30", "SY": "00", "DX": "076", "MX": "26", "SX": "15", "OLAT": "423000", "OLONG": "0762615", "ArcKey": "4230000762615", "Band": "M4B", "USGSID": "4207629", "Qdrnt": "SW", "UTM": 18, "Res": 1, "SrcImgDate": "20171017", "VerDate": "20171207", "FileName": "m_4207629_sw_18_1_20171017.tif" }, "geometry": { "type": "Point", "coordinates": [ 1583812.612103564431891, 2333296.798522694036365 ] } },
{ "type": "Feature", "properties": { "site": "DryOak_For16 FLNF", "habitat": "DryOak", "Ownership": "National Forest", "GPS_name": "For16 FLNF", "date": "30-MAY-16 9:45:57AM", "notes": "", "order_surveyed": 35, "NWI_classification": "", "Notes_NWI": "", "AREA": 0.004, "PERIMETER": 0.25, "ST": "NY", "QQNAME": "BURDETT NE", "QKEY": "4226150764500", "QUADRANT": "NE", "APFONAME": "4207634", "GNIS": "42076d7", "DY": "42", "MY": "26", "SY": "15", "DX": "076", "MX": "45", "SX": "00", "OLAT": "422615", "OLONG": "0764500", "ArcKey": "4226150764500", "Band": "M4B", "USGSID": "4207634", "Qdrnt": "NE", "UTM": 18, "Res": 1, "SrcImgDate": "20171018", "VerDate": "20171207", "FileName": "m_4207634_ne_18_1_20171018.tif" }, "geometry": { "type": "Point", "coordinates": [ 1558463.485997391631827, 2323993.811106047593057 ] } },
{ "type": "Feature", "properties": { "site": "DryOak_For38 Conn. Hill", "habitat": "DryOak", "Ownership": "State Wildlife Management Area", "GPS_name": "For38 CTHILL", "date": "22-JUN-16 11:29:59AM", "notes": "", "order_surveyed": 61, "NWI_classification": "", "Notes_NWI": "", "AREA": 0.004, "PERIMETER": 0.25, "ST": "NY", "QQNAME": "MECKLENBURG SW", "QKEY": "4222300764115", "QUADRANT": "SW", "APFONAME": "4207635", "GNIS": "42076d6", "DY": "42", "MY": "22", "SY": "30", "DX": "076", "MX": "41", "SX": "15", "OLAT": "422230", "OLONG": "0764115", "ArcKey": "4222300764115", "Band": "M4B", "USGSID": "4207635", "Qdrnt": "SW", "UTM": 18, "Res": 1, "SrcImgDate": "20171018", "VerDate": "20171207", "FileName": "m_4207635_sw_18_1_20171018.tif" }, "geometry": { "type": "Point", "coordinates": [ 1568879.380858476040885, 2312943.532178313471377 ] } },
{ "type": "Feature", "properties": { "site": "DryOak_For46 Eldridge", "habitat": "DryOak", "Ownership": "TNC", "GPS_name": "Forest 3", "date": "", "notes": "", "order_surveyed": 142, "NWI_classification": "", "Notes_NWI": "", "AREA": 0.004, "PERIMETER": 0.25, "ST": "NY", "QQNAME": "ITHACA EAST SW", "QKEY": "4222300762615", "QUADRANT": "SW", "APFONAME": "4207637", "GNIS": "42076d4", "DY": "42", "MY": "22", "SY": "30", "DX": "076", "MX": "26", "SX": "15", "OLAT": "422230", "OLONG": "0762615", "ArcKey": "4222300762615", "Band": "M4B", "USGSID": "4207637", "Qdrnt": "SW", "UTM": 18, "Res": 1, "SrcImgDate": "20171004", "VerDate": "20171207", "FileName": "m_4207637_sw_18_1_20171004.tif" }, "geometry": { "type": "Point", "coordinates": [ 1585951.454472914570943, 2319082.286395068280399 ] } },
{ "type": "Feature", "properties": { "site": "DryOak_For47 Baldhill", "habitat": "DryOak", "Ownership": "Cornell Botanic Gardens", "GPS_name": "Forest 4", "date": "", "notes": "", "order_surveyed": 143, "NWI_classification": "", "Notes_NWI": "", "AREA": 0.004, "PERIMETER": 0.25, "ST": "NY", "QQNAME": "SPEEDSVILLE NW", "QKEY": "4218450761845", "QUADRANT": "NW", "APFONAME": "4207646", "GNIS": "42076c3", "DY": "42", "MY": "18", "SY": "45", "DX": "076", "MX": "18", "SX": "45", "OLAT": "421845", "OLONG": "0761845", "ArcKey": "4218450761845", "Band": "M4B", "USGSID": "4207646", "Qdrnt": "NW", "UTM": 18, "Res": 1, "SrcImgDate": "20170925", "VerDate": "20171207", "FileName": "m_4207646_nw_18_1_20170925.tif" }, "geometry": { "type": "Point", "coordinates": [ 1594865.703737893607467, 2315997.167215154040605 ] } },
{ "type": "Feature", "properties": { "site": "DryOak_For48 Shindagin", "habitat": "DryOak", "Ownership": "State Forest", "GPS_name": "Forest 5", "date": "", "notes": "", "order_surveyed": 144, "NWI_classification": "", "Notes_NWI": "", "AREA": 0.004, "PERIMETER": 0.25, "ST": "NY", "QQNAME": "SPEEDSVILLE NW", "QKEY": "4218450761845", "QUADRANT": "NW", "APFONAME": "4207646", "GNIS": "42076c3", "DY": "42", "MY": "18", "SY": "45", "DX": "076", "MX": "18", "SX": "45", "OLAT": "421845", "OLONG": "0761845", "ArcKey": "4218450761845", "Band": "M4B", "USGSID": "4207646", "Qdrnt": "NW", "UTM": 18, "Res": 1, "SrcImgDate": "20170925", "VerDate": "20171207", "FileName": "m_4207646_nw_18_1_20170925.tif" }, "geometry": { "type": "Point", "coordinates": [ 1596554.055757804308087, 2313605.372553010471165 ] } },
{ "type": "Feature", "properties": { "site": "Edge_1 Mcgowan", "habitat": "Edge", "Ownership": "Cornell Botanic Gardens", "GPS_name": "Edge1 McGowan", "date": "", "notes": "", "order_surveyed": 122, "NWI_classification": "", "Notes_NWI": "", "AREA": 0.004, "PERIMETER": 0.25, "ST": "NY", "QQNAME": "ITHACA EAST NW", "QKEY": "4226150762615", "QUADRANT": "NW", "APFONAME": "4207637", "GNIS": "42076d4", "DY": "42", "MY": "26", "SY": "15", "DX": "076", "MX": "26", "SX": "15", "OLAT": "422615", "OLONG": "0762615", "ArcKey": "4226150762615", "Band": "M4B", "USGSID": "4207637", "Qdrnt": "NW", "UTM": 18, "Res": 1, "SrcImgDate": "20171004", "VerDate": "20171207", "FileName": "m_4207637_nw_18_1_20171004.tif" }, "geometry": { "type": "Point", "coordinates": [ 1586738.748538262443617, 2324760.447397611103952 ] } },
{ "type": "Feature", "properties": { "site": "Edge_2 Warren", "habitat": "Edge", "Ownership": "Cornell Botanic Gardens", "GPS_name": "Edge2 Warren", "date": "", "notes": "", "order_surveyed": 123, "NWI_classification": "", "Notes_NWI": "", "AREA": 0.004, "PERIMETER": 0.25, "ST": "NY", "QQNAME": "ITHACA EAST NW", "QKEY": "4226150762615", "QUADRANT": "NW", "APFONAME": "4207637", "GNIS": "42076d4", "DY": "42", "MY": "26", "SY": "15", "DX": "076", "MX": "26", "SX": "15", "OLAT": "422615", "OLONG": "0762615", "ArcKey": "4226150762615", "Band": "M4B", "USGSID": "4207637", "Qdrnt": "NW", "UTM": 18, "Res": 1, "SrcImgDate": "20171004", "VerDate": "20171207", "FileName": "m_4207637_nw_18_1_20171004.tif" }, "geometry": { "type": "Point", "coordinates": [ 1585953.06485109240748, 2326534.594424274750054 ] } },
{ "type": "Feature", "properties": { "site": "Edge_3 Mattoon", "habitat": "Edge", "Ownership": "Private", "GPS_name": "Edge3 Mattoon", "date": "", "notes": "Lots of goldenrod and other species along edge but they quickly drop off after about 3m. Forest relatively mature with large sugar maples and not a ton of understory. This seems to be last I should sample in woods as there are a few spp ", "order_surveyed": 133, "NWI_classification": "", "Notes_NWI": "", "AREA": 0.004, "PERIMETER": 0.25, "ST": "NY", "QQNAME": "MORAVIA SW", "QKEY": "4237300762615", "QUADRANT": "SW", "APFONAME": "4207621", "GNIS": "42076f4", "DY": "42", "MY": "37", "SY": "30", "DX": "076", "MX": "26", "SX": "15", "OLAT": "423730", "OLONG": "0762615", "ArcKey": "4237300762615", "Band": "M4B", "USGSID": "4207621", "Qdrnt": "SW", "UTM": 18, "Res": 1, "SrcImgDate": "20171017", "VerDate": "20171207", "FileName": "m_4207621_sw_18_1_20171017.tif" }, "geometry": { "type": "Point", "coordinates": [ 1580189.356102940859273, 2349266.651623313315213 ] } },
{ "type": "Feature", "properties": { "site": "Edge_4 Dunlop", "habitat": "Edge", "Ownership": "Cornell Botanic Gardens", "GPS_name": "Edge4 Dunlop", "date": "", "notes": "10x25 plot", "order_surveyed": 136, "NWI_classification": "", "Notes_NWI": "", "AREA": 0.004, "PERIMETER": 0.25, "ST": "NY", "QQNAME": "ITHACA EAST SE", "QKEY": "4222300762230", "QUADRANT": "SE", "APFONAME": "4207637", "GNIS": "42076d4", "DY": "42", "MY": "22", "SY": "30", "DX": "076", "MX": "22", "SX": "30", "OLAT": "422230", "OLONG": "0762230", "ArcKey": "4222300762230", "Band": "M4B", "USGSID": "4207637", "Qdrnt": "SE", "UTM": 18, "Res": 1, "SrcImgDate": "20171004", "VerDate": "20171207", "FileName": "m_4207637_se_18_1_20171004.tif" }, "geometry": { "type": "Point", "coordinates": [ 1592062.053450803505257, 2319063.102839821949601 ] } },
{ "type": "Feature", "properties": { "site": "Edge_5 Pecher", "habitat": "Edge", "Ownership": "Private", "GPS_name": "Edge5 Pecher", "date": "", "notes": "", "order_surveyed": 138, "NWI_classification": "", "Notes_NWI": "", "AREA": 0.004, "PERIMETER": 0.25, "ST": "NY", "QQNAME": "GENOA SW", "QKEY": "4237300763345", "QUADRANT": "SW", "APFONAME": "4207620", "GNIS": "42076f5", "DY": "42", "MY": "37", "SY": "30", "DX": "076", "MX": "33", "SX": "45", "OLAT": "423730", "OLONG": "0763345", "ArcKey": "4237300763345", "Band": "M4B", "USGSID": "4207620", "Qdrnt": "SW", "UTM": 18, "Res": 1, "SrcImgDate": "20171017", "VerDate": "20171207", "FileName": "m_4207620_sw_18_1_20171017.tif" }, "geometry": { "type": "Point", "coordinates": [ 1570042.242709081852809, 2346911.531934702303261 ] } },
{ "type": "Feature", "properties": { "site": "Emer_Wet11 Conn Hill", "habitat": "Emer", "Ownership": "State Wildlife Management Area", "GPS_name": "Wet11 CONNHILL", "date": "11-JUL-16 7:30:35AM", "notes": "", "order_surveyed": 73, "NWI_classification": "Freshwater emergent wetland", "Notes_NWI": "", "AREA": 0.004, "PERIMETER": 0.25, "ST": "NY", "QQNAME": "ALPINE NE", "QKEY": "4218450763730", "QUADRANT": "NE", "APFONAME": "4207643", "GNIS": "42076c6", "DY": "42", "MY": "18", "SY": "45", "DX": "076", "MX": "37", "SX": "30", "OLAT": "421845", "OLONG": "0763730", "ArcKey": "4218450763730", "Band": "M4B", "USGSID": "4207643", "Qdrnt": "NE", "UTM": 18, "Res": 1, "SrcImgDate": "20171017", "VerDate": "20171207", "FileName": "m_4207643_ne_18_1_20171017.tif" }, "geometry": { "type": "Point", "coordinates": [ 1572094.190667320974171, 2312919.420734582468867 ] } },
{ "type": "Feature", "properties": { "site": "Emer_Wet13 Conn. Hill", "habitat": "Emer", "Ownership": "State Wildlife Management Area", "GPS_name": "Wet13 CONNHILL", "date": "11-JUL-16 3:25:45PM", "notes": "", "order_surveyed": 75, "NWI_classification": "Freshwater emergent wetland", "Notes_NWI": "", "AREA": 0.004, "PERIMETER": 0.25, "ST": "NY", "QQNAME": "ALPINE NW", "QKEY": "4218450764115", "QUADRANT": "NW", "APFONAME": "4207643", "GNIS": "42076c6", "DY": "42", "MY": "18", "SY": "45", "DX": "076", "MX": "41", "SX": "15", "OLAT": "421845", "OLONG": "0764115", "ArcKey": "4218450764115", "Band": "M4B", "USGSID": "4207643", "Qdrnt": "NW", "UTM": 18, "Res": 1, "SrcImgDate": "20171018", "VerDate": "20171207", "FileName": "m_4207643_nw_18_1_20171018.tif" }, "geometry": { "type": "Point", "coordinates": [ 1567659.812008038163185, 2310960.906887391582131 ] } },
{ "type": "Feature", "properties": { "site": "Emer_Wet15 Owasco flats", "habitat": "Emer", "Ownership": "Preserve (TNC?)", "GPS_name": "Wet15 OWASCA", "date": "12-JUL-16 1:32:36PM", "notes": "", "order_surveyed": 78, "NWI_classification": "Freshwater forested/shrub wetland", "Notes_NWI": "", "AREA": 0.004, "PERIMETER": 0.25, "ST": "NY", "QQNAME": "MORAVIA NW", "QKEY": "4241150762615", "QUADRANT": "NW", "APFONAME": "4207621", "GNIS": "42076f4", "DY": "42", "MY": "41", "SY": "15", "DX": "076", "MX": "26", "SX": "15", "OLAT": "424115", "OLONG": "0762615", "ArcKey": "4241150762615", "Band": "M4B", "USGSID": "4207621", "Qdrnt": "NW", "UTM": 18, "Res": 1, "SrcImgDate": "20171017", "VerDate": "20171207", "FileName": "m_4207621_nw_18_1_20171017.tif" }, "geometry": { "type": "Point", "coordinates": [ 1578630.222648431314155, 2357527.062294936738908 ] } },
{ "type": "Feature", "properties": { "site": "Emer_Wet16 Mazourek", "habitat": "Emer", "Ownership": "Private", "GPS_name": "Wet16 Mazourek", "date": "14-JUL-16 9:50:25AM", "notes": "", "order_surveyed": 80, "NWI_classification": "Freshwater emergent wetland", "Notes_NWI": "", "AREA": 0.004, "PERIMETER": 0.25, "ST": "NY", "QQNAME": "ALPINE NE", "QKEY": "4218450763730", "QUADRANT": "NE", "APFONAME": "4207643", "GNIS": "42076c6", "DY": "42", "MY": "18", "SY": "45", "DX": "076", "MX": "37", "SX": "30", "OLAT": "421845", "OLONG": "0763730", "ArcKey": "4218450763730", "Band": "M4B", "USGSID": "4207643", "Qdrnt": "NE", "UTM": 18, "Res": 1, "SrcImgDate": "20171017", "VerDate": "20171207", "FileName": "m_4207643_ne_18_1_20171017.tif" }, "geometry": { "type": "Point", "coordinates": [ 1574818.767480568960309, 2309607.816871534567326 ] } },
{ "type": "Feature", "properties": { "site": "Emer_Wet19 Park Reserve", "habitat": "Emer", "Ownership": "Finger Lakes Land Trust", "GPS_name": "Wet19 PARKRES", "date": "19-JUL-16 4:57:25PM", "notes": "", "order_surveyed": 85, "NWI_classification": "Freshwater emergent wetland", "Notes_NWI": "", "AREA": 0.004, "PERIMETER": 0.25, "ST": "NY", "QQNAME": "DRYDEN SW", "QKEY": "4222300761845", "QUADRANT": "SW", "APFONAME": "4207638", "GNIS": "42076d3", "DY": "42", "MY": "22", "SY": "30", "DX": "076", "MX": "18", "SX": "45", "OLAT": "422230", "OLONG": "0761845", "ArcKey": "4222300761845", "Band": "M4B", "USGSID": "4207638", "Qdrnt": "SW", "UTM": 18, "Res": 1, "SrcImgDate": "20170925", "VerDate": "20171207", "FileName": "m_4207638_sw_18_1_20170925.tif" }, "geometry": { "type": "Point", "coordinates": [ 1597385.107751842821017, 2325231.644173037260771 ] } },
{ "type": "Feature", "properties": { "site": "Emer_Wet21 Wickham", "habitat": "Emer", "Ownership": "Private", "GPS_name": "", "date": "", "notes": "", "order_surveyed": 94, "NWI_classification": "Freshwater forested/shrub wetland", "Notes_NWI": "", "AREA": 0.004, "PERIMETER": 0.25, "ST": "NY", "QQNAME": "ALPINE NW", "QKEY": "4218450764115", "QUADRANT": "NW", "APFONAME": "4207643", "GNIS": "42076c6", "DY": "42", "MY": "18", "SY": "45", "DX": "076", "MX": "41", "SX": "15", "OLAT": "421845", "OLONG": "0764115", "ArcKey": "4218450764115", "Band": "M4B", "USGSID": "4207643", "Qdrnt": "NW", "UTM": 18, "Res": 1, "SrcImgDate": "20171018", "VerDate": "20171207", "FileName": "m_4207643_nw_18_1_20171018.tif" }, "geometry": { "type": "Point", "coordinates": [ 1565320.902785889338702, 2309835.885059162974358 ] } },
{ "type": "Feature", "properties": { "site": "Emer_Wet22 Cayuga Lake WMA", "habitat": "Emer", "Ownership": "State Wildlife Management Area", "GPS_name": "Wet22 CAYUGWMA", "date": "11-AGO-16 10:37:58AM", "notes": "", "order_surveyed": 100, "NWI_classification": "Freshwater emergent wetland", "Notes_NWI": "", "AREA": 0.004, "PERIMETER": 0.25, "ST": "NY", "QQNAME": "UNION SPRINGS NW", "QKEY": "4248450764115", "QUADRANT": "NW", "APFONAME": "4207611", "GNIS": "42076g6", "DY": "42", "MY": "48", "SY": "45", "DX": "076", "MX": "41", "SX": "15", "OLAT": "424845", "OLONG": "0764115", "ArcKey": "4248450764115", "Band": "M4B", "USGSID": "4207611", "Qdrnt": "NW", "UTM": 18, "Res": 1, "SrcImgDate": "20171018", "VerDate": "20171207", "FileName": "m_4207611_nw_18_1_20171018.tif" }, "geometry": { "type": "Point", "coordinates": [ 1553915.850698249647394, 2365475.492297534830868 ] } },
{ "type": "Feature", "properties": { "site": "Emer_Wet3 FLNF", "habitat": "Emer", "Ownership": "National Forest", "GPS_name": "Wet3 Flnf", "date": "30-MAY-16 12:24:27PM", "notes": "", "order_surveyed": 36, "NWI_classification": "None", "Notes_NWI": "", "AREA": 0.004, "PERIMETER": 0.25, "ST": "NY", "QQNAME": "BURDETT NE", "QKEY": "4226150764500", "QUADRANT": "NE", "APFONAME": "4207634", "GNIS": "42076d7", "DY": "42", "MY": "26", "SY": "15", "DX": "076", "MX": "45", "SX": "00", "OLAT": "422615", "OLONG": "0764500", "ArcKey": "4226150764500", "Band": "M4B", "USGSID": "4207634", "Qdrnt": "NE", "UTM": 18, "Res": 1, "SrcImgDate": "20171018", "VerDate": "20171207", "FileName": "m_4207634_ne_18_1_20171018.tif" }, "geometry": { "type": "Point", "coordinates": [ 1558498.871260626474395, 2323500.890082896221429 ] } },
{ "type": "Feature", "properties": { "site": "Emer_Wet8 Goetchius", "habitat": "Emer", "Ownership": "Finger Lakes Land Trust", "GPS_name": "Wet8 Goetchius", "date": "05-JUL-16 2:30:30PM", "notes": "", "order_surveyed": 68, "NWI_classification": "Freshwater emergent wetland", "Notes_NWI": "", "AREA": 0.004, "PERIMETER": 0.25, "ST": "NY", "QQNAME": "DRYDEN SE", "QKEY": "4222300761500", "QUADRANT": "SE", "APFONAME": "4207638", "GNIS": "42076d3", "DY": "42", "MY": "22", "SY": "30", "DX": "076", "MX": "15", "SX": "00", "OLAT": "422230", "OLONG": "0761500", "ArcKey": "4222300761500", "Band": "M4B", "USGSID": "4207638", "Qdrnt": "SE", "UTM": 18, "Res": 1, "SrcImgDate": "20170925", "VerDate": "20171207", "FileName": "m_4207638_se_18_1_20170925.tif" }, "geometry": { "type": "Point", "coordinates": [ 1600142.03466746606864, 2320161.75693717924878 ] } },
{ "type": "Feature", "properties": { "site": "Emer_Wet9 Ellis Wet", "habitat": "Emer", "Ownership": "Cornell Botanic Gardens", "GPS_name": "Wet9 ELLISWET", "date": "07-JUL-16 10:34:54AM", "notes": "", "order_surveyed": 71, "NWI_classification": "Freshwater forested/shrub wetland", "Notes_NWI": "", "AREA": 0.004, "PERIMETER": 0.25, "ST": "NY", "QQNAME": "ITHACA EAST SE", "QKEY": "4222300762230", "QUADRANT": "SE", "APFONAME": "4207637", "GNIS": "42076d4", "DY": "42", "MY": "22", "SY": "30", "DX": "076", "MX": "22", "SX": "30", "OLAT": "422230", "OLONG": "0762230", "ArcKey": "4222300762230", "Band": "M4B", "USGSID": "4207637", "Qdrnt": "SE", "UTM": 18, "Res": 1, "SrcImgDate": "20171004", "VerDate": "20171207", "FileName": "m_4207637_se_18_1_20171004.tif" }, "geometry": { "type": "Point", "coordinates": [ 1590857.162536656484008, 2324054.730960053391755 ] } },
{ "type": "Feature", "properties": { "site": "Field_1 Power", "habitat": "Field", "Ownership": "Private (Cornell Prof)", "GPS_name": "Field1 Power", "date": "27-JUL-16 7:06:53AM", "notes": "", "order_surveyed": 89, "NWI_classification": "", "Notes_NWI": "", "AREA": 0.004, "PERIMETER": 0.25, "ST": "NY", "QQNAME": "WILLSEYVILLE NW", "QKEY": "4218450762615", "QUADRANT": "NW", "APFONAME": "4207645", "GNIS": "42076c4", "DY": "42", "MY": "18", "SY": "45", "DX": "076", "MX": "26", "SX": "15", "OLAT": "421845", "OLONG": "0762615", "ArcKey": "4218450762615", "Band": "M4B", "USGSID": "4207645", "Qdrnt": "NW", "UTM": 18, "Res": 1, "SrcImgDate": "20171004", "VerDate": "20171207", "FileName": "m_4207645_nw_18_1_20171004.tif" }, "geometry": { "type": "Point", "coordinates": [ 1585396.31609080103226, 2312597.549249504692852 ] } },
{ "type": "Feature", "properties": { "site": "Field_2 Lindsay Parsons", "habitat": "Field", "Ownership": "Finger Lakes Land Trust", "GPS_name": "Field2 LINDSAY", "date": "27-JUL-16 10:33:01AM", "notes": "", "order_surveyed": 90, "NWI_classification": "", "Notes_NWI": "", "AREA": 0.004, "PERIMETER": 0.25, "ST": "NY", "QQNAME": "WEST DANBY SE", "QKEY": "4215000763000", "QUADRANT": "SE", "APFONAME": "4207644", "GNIS": "42076c5", "DY": "42", "MY": "15", "SY": "00", "DX": "076", "MX": "30", "SX": "00", "OLAT": "421500", "OLONG": "0763000", "ArcKey": "4215000763000", "Band": "M4B", "USGSID": "4207644", "Qdrnt": "SE", "UTM": 18, "Res": 1, "SrcImgDate": "20171017", "VerDate": "20171207", "FileName": "m_4207644_se_18_1_20171017.tif" }, "geometry": { "type": "Point", "coordinates": [ 1584222.911573093617335, 2308385.299631133209914 ] } },
{ "type": "Feature", "properties": { "site": "Field_3 Lott", "habitat": "Field", "Ownership": "Private", "GPS_name": "Field3 LOTT", "date": "11-AGO-16 7:35:26AM", "notes": "", "order_surveyed": 99, "NWI_classification": "", "Notes_NWI": "", "AREA": 0.004, "PERIMETER": 0.25, "ST": "NY", "QQNAME": "SENECA FALLS SE", "QKEY": "4252300764500", "QUADRANT": "SE", "APFONAME": "4207602", "GNIS": "42076h7", "DY": "42", "MY": "52", "SY": "30", "DX": "076", "MX": "45", "SX": "00", "OLAT": "425230", "OLONG": "0764500", "ArcKey": "4252300764500", "Band": "M4B", "USGSID": "4207602", "Qdrnt": "SE", "UTM": 18, "Res": 1, "SrcImgDate": "20171018", "VerDate": "20171207", "FileName": "m_4207602_se_18_1_20171018.tif" }, "geometry": { "type": "Point", "coordinates": [ 1550198.000448606675491, 2372104.182124035898596 ] } },
{ "type": "Feature", "properties": { "site": "Field_4 Jasmine", "habitat": "Field", "Ownership": "Private", "GPS_name": "Field4 Jasmine", "date": "", "notes": "Lots of goldenrod, a few honeysuckle filling in, maybe 35 percent cover. Some moist species like carex ", "order_surveyed": 104, "NWI_classification": "", "Notes_NWI": "", "AREA": 0.004, "PERIMETER": 0.25, "ST": "NY", "QQNAME": "MECKLENBURG NW", "QKEY": "4226150764115", "QUADRANT": "NW", "APFONAME": "4207635", "GNIS": "42076d6", "DY": "42", "MY": "26", "SY": "15", "DX": "076", "MX": "41", "SX": "15", "OLAT": "422615", "OLONG": "0764115", "ArcKey": "4226150764115", "Band": "M4B", "USGSID": "4207635", "Qdrnt": "NW", "UTM": 18, "Res": 1, "SrcImgDate": "20171018", "VerDate": "20171207", "FileName": "m_4207635_nw_18_1_20171018.tif" }, "geometry": { "type": "Point", "coordinates": [ 1565940.654427866917104, 2322033.053365221247077 ] } },
{ "type": "Feature", "properties": { "site": "Field_5 McDaniels", "habitat": "Field", "Ownership": "Cornell Botanic Gardens", "GPS_name": "Field5 Mcdaniels", "date": "", "notes": "Thick field, very few shrubs, maybe not mowed for a year or two. Lots of goldenrod, grass and forbs. Canada and tall golds are hammered by some bug. Shrub cover maybe1 %.", "order_surveyed": 124, "NWI_classification": "", "Notes_NWI": "", "AREA": 0.004, "PERIMETER": 0.25, "ST": "NY", "QQNAME": "WEST GROTON SE", "QKEY": "4230000762230", "QUADRANT": "SE", "APFONAME": "4207629", "GNIS": "42076e4", "DY": "42", "MY": "30", "SY": "00", "DX": "076", "MX": "22", "SX": "30", "OLAT": "423000", "OLONG": "0762230", "ArcKey": "4230000762230", "Band": "M4B", "USGSID": "4207629", "Qdrnt": "SE", "UTM": 18, "Res": 1, "SrcImgDate": "20171017", "VerDate": "20171207", "FileName": "m_4207629_se_18_1_20171017.tif" }, "geometry": { "type": "Point", "coordinates": [ 1587229.822784031042829, 2334996.394240082241595 ] } },
{ "type": "Feature", "properties": { "site": "Flood_1 Cuddleback", "habitat": "Flood", "Ownership": "Private", "GPS_name": "Flood1 CUDDEBK", "date": "27-MAY-16 2:32:42PM", "notes": "", "order_surveyed": 33, "NWI_classification": "", "Notes_NWI": "", "AREA": 0.004, "PERIMETER": 0.25, "ST": "NY", "QQNAME": "OWASCO NE", "QKEY": "4248450762230", "QUADRANT": "NE", "APFONAME": "4207613", "GNIS": "42076g4", "DY": "42", "MY": "48", "SY": "45", "DX": "076", "MX": "22", "SX": "30", "OLAT": "424845", "OLONG": "0762230", "ArcKey": "4248450762230", "Band": "M4B", "USGSID": "4207613", "Qdrnt": "NE", "UTM": 18, "Res": 1, "SrcImgDate": "20171017", "VerDate": "20171207", "FileName": "m_4207613_ne_18_1_20171017.tif" }, "geometry": { "type": "Point", "coordinates": [ 1580064.425481927348301, 2368451.177323364187032 ] } },
{ "type": "Feature", "properties": { "site": "Flood_2 Salmon Creek", "habitat": "Flood", "Ownership": "Finger Lakes Land Trust", "GPS_name": "Flood2 SALMONC", "date": "12-JUL-16 7:15:05AM", "notes": "", "order_surveyed": 76, "NWI_classification": "", "Notes_NWI": "", "AREA": 0.004, "PERIMETER": 0.25, "ST": "NY", "QQNAME": "LUDLOWVILLE NE", "QKEY": "4233450763000", "QUADRANT": "NE", "APFONAME": "4207628", "GNIS": "42076e5", "DY": "42", "MY": "33", "SY": "45", "DX": "076", "MX": "30", "SX": "00", "OLAT": "423345", "OLONG": "0763000", "ArcKey": "4233450763000", "Band": "M4B", "USGSID": "4207628", "Qdrnt": "NE", "UTM": 18, "Res": 1, "SrcImgDate": "20171017", "VerDate": "20171207", "FileName": "m_4207628_ne_18_1_20171017.tif" }, "geometry": { "type": "Point", "coordinates": [ 1576232.18296789098531, 2340546.583790304139256 ] } },
{ "type": "Feature", "properties": { "site": "Flood_3 Cayuga Inlet", "habitat": "Flood", "Ownership": "Finger Lakes Land Trust", "GPS_name": "Flood3 CAYUGA", "date": "14-JUL-16 7:01:54AM", "notes": "", "order_surveyed": 79, "NWI_classification": "", "Notes_NWI": "", "AREA": 0.004, "PERIMETER": 0.25, "ST": "NY", "QQNAME": "ITHACA WEST SE", "QKEY": "4222300763000", "QUADRANT": "SE", "APFONAME": "4207636", "GNIS": "42076d5", "DY": "42", "MY": "22", "SY": "30", "DX": "076", "MX": "30", "SX": "00", "OLAT": "422230", "OLONG": "0763000", "ArcKey": "4222300763000", "Band": "M4B", "USGSID": "4207636", "Qdrnt": "SE", "UTM": 18, "Res": 1, "SrcImgDate": "20171017", "VerDate": "20171207", "FileName": "m_4207636_se_18_1_20171017.tif" }, "geometry": { "type": "Point", "coordinates": [ 1580457.080810733838007, 2317598.482667890843004 ] } },
{ "type": "Feature", "properties": { "site": "Flood_4 Etna", "habitat": "Flood", "Ownership": "Finger Lakes Land Trust", "GPS_name": "Flood4ETNA", "date": "18-JUL-16 10:20:19AM", "notes": "", "order_surveyed": 82, "NWI_classification": "", "Notes_NWI": "", "AREA": 0.004, "PERIMETER": 0.25, "ST": "NY", "QQNAME": "ITHACA EAST NE", "QKEY": "4226150762230", "QUADRANT": "NE", "APFONAME": "4207637", "GNIS": "42076d4", "DY": "42", "MY": "26", "SY": "15", "DX": "076", "MX": "22", "SX": "30", "OLAT": "422615", "OLONG": "0762230", "ArcKey": "4226150762230", "Band": "M4B", "USGSID": "4207637", "Qdrnt": "NE", "UTM": 18, "Res": 1, "SrcImgDate": "20171017", "VerDate": "20171207", "FileName": "m_4207637_ne_18_1_20171017.tif" }, "geometry": { "type": "Point", "coordinates": [ 1591424.757452880963683, 2330496.430971588939428 ] } },
{ "type": "Feature", "properties": { "site": "Flood_5 Genung", "habitat": "Flood", "Ownership": "Finger Lakes Land Trust", "GPS_name": "Flood5 GENUNG", "date": "18-JUL-16 3:42:15PM", "notes": "", "order_surveyed": 83, "NWI_classification": "", "Notes_NWI": "", "AREA": 0.004, "PERIMETER": 0.25, "ST": "NY", "QQNAME": "GROTON SW", "QKEY": "4230000761845", "QUADRANT": "SW", "APFONAME": "4207630", "GNIS": "42076e3", "DY": "42", "MY": "30", "SY": "00", "DX": "076", "MX": "18", "SX": "45", "OLAT": "423000", "OLONG": "0761845", "ArcKey": "4230000761845", "Band": "M4B", "USGSID": "4207630", "Qdrnt": "SW", "UTM": 18, "Res": 1, "SrcImgDate": "20170925", "VerDate": "20171207", "FileName": "m_4207630_sw_18_1_20170925.tif" }, "geometry": { "type": "Point", "coordinates": [ 1593131.494856699369848, 2333787.003549098037183 ] } },
{ "type": "Feature", "properties": { "site": "Flood_6 Freese", "habitat": "Flood", "Ownership": "Cornell Botanic Gardens", "GPS_name": "Flood6 Freese", "date": "Elevated apprx 4 ft above river, certainly floods sometimes but not often. Thick privet and honeysuckle in parts. Relatively open understory and dense overstory.", "notes": "", "order_surveyed": 125, "NWI_classification": "", "Notes_NWI": "", "AREA": 0.004, "PERIMETER": 0.25, "ST": "NY", "QQNAME": "ITHACA EAST NW", "QKEY": "4226150762615", "QUADRANT": "NW", "APFONAME": "4207637", "GNIS": "42076d4", "DY": "42", "MY": "26", "SY": "15", "DX": "076", "MX": "26", "SX": "15", "OLAT": "422615", "OLONG": "0762615", "ArcKey": "4226150762615", "Band": "M4B", "USGSID": "4207637", "Qdrnt": "NW", "UTM": 18, "Res": 1, "SrcImgDate": "20171004", "VerDate": "20171207", "FileName": "m_4207637_nw_18_1_20171004.tif" }, "geometry": { "type": "Point", "coordinates": [ 1587268.304544101702049, 2325760.468313796911389 ] } },
{ "type": "Feature", "properties": { "site": "Flood_For25 Lott", "habitat": "Flood", "Ownership": "Private", "GPS_name": "For25 LOTT", "date": "03-JUN-16 12:45:00PM", "notes": "", "order_surveyed": 45, "NWI_classification": "", "Notes_NWI": "", "AREA": 0.004, "PERIMETER": 0.25, "ST": "NY", "QQNAME": "SENECA FALLS SE", "QKEY": "4252300764500", "QUADRANT": "SE", "APFONAME": "4207602", "GNIS": "42076h7", "DY": "42", "MY": "52", "SY": "30", "DX": "076", "MX": "45", "SX": "00", "OLAT": "425230", "OLONG": "0764500", "ArcKey": "4252300764500", "Band": "M4B", "USGSID": "4207602", "Qdrnt": "SE", "UTM": 18, "Res": 1, "SrcImgDate": "20171018", "VerDate": "20171207", "FileName": "m_4207602_se_18_1_20171018.tif" }, "geometry": { "type": "Point", "coordinates": [ 1550316.537912571104243, 2372196.471059236675501 ] } },
{ "type": "Feature", "properties": { "site": "GrassHay_Ag20 Mattoon", "habitat": "GrassHay", "Ownership": "Private", "GPS_name": "Ag20 MATTON", "date": "10-AGO-16 11:31:49AM", "notes": "", "order_surveyed": 96, "NWI_classification": "", "Notes_NWI": "", "AREA": 0.004, "PERIMETER": 0.25, "ST": "NY", "QQNAME": "MORAVIA SW", "QKEY": "4237300762615", "QUADRANT": "SW", "APFONAME": "4207621", "GNIS": "42076f4", "DY": "42", "MY": "37", "SY": "30", "DX": "076", "MX": "26", "SX": "15", "OLAT": "423730", "OLONG": "0762615", "ArcKey": "4237300762615", "Band": "M4B", "USGSID": "4207621", "Qdrnt": "SW", "UTM": 18, "Res": 1, "SrcImgDate": "20171017", "VerDate": "20171207", "FileName": "m_4207621_sw_18_1_20171017.tif" }, "geometry": { "type": "Point", "coordinates": [ 1580322.25537527911365, 2348758.64180380711332 ] } },
{ "type": "Feature", "properties": { "site": "GrassHay_Ag21 Haines", "habitat": "GrassHay", "Ownership": "Private", "GPS_name": "Ag21 HAINES", "date": "10-AGO-16 2:20:19PM", "notes": "", "order_surveyed": 98, "NWI_classification": "", "Notes_NWI": "", "AREA": 0.004, "PERIMETER": 0.25, "ST": "NY", "QQNAME": "SHELDRAKE NE", "QKEY": "4241150763730", "QUADRANT": "NE", "APFONAME": "4207619", "GNIS": "42076f6", "DY": "42", "MY": "41", "SY": "15", "DX": "076", "MX": "37", "SX": "30", "OLAT": "424115", "OLONG": "0763730", "ArcKey": "4241150763730", "Band": "M4B", "USGSID": "4207619", "Qdrnt": "NE", "UTM": 18, "Res": 1, "SrcImgDate": "20171017", "VerDate": "20171207", "FileName": "m_4207619_ne_18_1_20171017.tif" }, "geometry": { "type": "Point", "coordinates": [ 1566346.630933130625635, 2348087.3851652382873 ] } },
{ "type": "Feature", "properties": { "site": "GrassHay_Ag22 Rejman", "habitat": "GrassHay", "Ownership": "Private", "GPS_name": "Ag Rejman", "date": "", "notes": "Thick grass for haylage, almost all perennial rye, they must spray a lot. Green sea. Likely cut3-4x per year. 15\" tall.", "order_surveyed": 116, "NWI_classification": "", "Notes_NWI": "", "AREA": 0.004, "PERIMETER": 0.25, "ST": "NY", "QQNAME": "GENOA NW", "QKEY": "4241150763345", "QUADRANT": "NW", "APFONAME": "4207620", "GNIS": "42076f5", "DY": "42", "MY": "41", "SY": "15", "DX": "076", "MX": "33", "SX": "45", "OLAT": "424115", "OLONG": "0763345", "ArcKey": "4241150763345", "Band": "M4B", "USGSID": "4207620", "Qdrnt": "NW", "UTM": 18, "Res": 1, "SrcImgDate": "20171017", "VerDate": "20171207", "FileName": "m_4207620_nw_18_1_20171017.tif" }, "geometry": { "type": "Point", "coordinates": [ 1570563.688029179116711, 2351363.31535831047222 ] } },
{ "type": "Feature", "properties": { "site": "MesicUpRem_For1 Mcgowan", "habitat": "MesicUpRem", "Ownership": "Cornell Botanic Gardens", "GPS_name": "For1 MCGOWAN", "date": "18-MAY-16 11:35:18AM", "notes": "", "order_surveyed": 1, "NWI_classification": "", "Notes_NWI": "", "AREA": 0.004, "PERIMETER": 0.25, "ST": "NY", "QQNAME": "ITHACA EAST NW", "QKEY": "4226150762615", "QUADRANT": "NW", "APFONAME": "4207637", "GNIS": "42076d4", "DY": "42", "MY": "26", "SY": "15", "DX": "076", "MX": "26", "SX": "15", "OLAT": "422615", "OLONG": "0762615", "ArcKey": "4226150762615", "Band": "M4B", "USGSID": "4207637", "Qdrnt": "NW", "UTM": 18, "Res": 1, "SrcImgDate": "20171004", "VerDate": "20171207", "FileName": "m_4207637_nw_18_1_20171004.tif" }, "geometry": { "type": "Point", "coordinates": [ 1586746.947067429777235, 2324646.86658989964053 ] } },
{ "type": "Feature", "properties": { "site": "MesicUpRem_For10 Warren", "habitat": "MesicUpRem", "Ownership": "Cornell Botanic Gardens", "GPS_name": "For10 Warren", "date": "26-MAY-16 9:17:30AM", "notes": "", "order_surveyed": 28, "NWI_classification": "", "Notes_NWI": "", "AREA": 0.004, "PERIMETER": 0.25, "ST": "NY", "QQNAME": "ITHACA EAST NW", "QKEY": "4226150762615", "QUADRANT": "NW", "APFONAME": "4207637", "GNIS": "42076d4", "DY": "42", "MY": "26", "SY": "15", "DX": "076", "MX": "26", "SX": "15", "OLAT": "422615", "OLONG": "0762615", "ArcKey": "4226150762615", "Band": "M4B", "USGSID": "4207637", "Qdrnt": "NW", "UTM": 18, "Res": 1, "SrcImgDate": "20171004", "VerDate": "20171207", "FileName": "m_4207637_nw_18_1_20171004.tif" }, "geometry": { "type": "Point", "coordinates": [ 1586068.893752157920972, 2326500.914221190381795 ] } },
{ "type": "Feature", "properties": { "site": "MesicUpRem_For13 Scott", "habitat": "MesicUpRem", "Ownership": "Private", "GPS_name": "For13 SCOTT", "date": "26-MAY-16 3:40:56PM", "notes": "", "order_surveyed": 31, "NWI_classification": "", "Notes_NWI": "", "AREA": 0.004, "PERIMETER": 0.25, "ST": "NY", "QQNAME": "DRYDEN SW", "QKEY": "4222300761845", "QUADRANT": "SW", "APFONAME": "4207638", "GNIS": "42076d3", "DY": "42", "MY": "22", "SY": "30", "DX": "076", "MX": "18", "SX": "45", "OLAT": "422230", "OLONG": "0761845", "ArcKey": "4222300761845", "Band": "M4B", "USGSID": "4207638", "Qdrnt": "SW", "UTM": 18, "Res": 1, "SrcImgDate": "20170925", "VerDate": "20171207", "FileName": "m_4207638_sw_18_1_20170925.tif" }, "geometry": { "type": "Point", "coordinates": [ 1597545.316764940973371, 2321623.999495559837669 ] } },
{ "type": "Feature", "properties": { "site": "MesicUpRem_For18 Freier", "habitat": "MesicUpRem", "Ownership": "Private", "GPS_name": "For18 FREIER", "date": "31-MAY-16 8:54:13AM", "notes": "", "order_surveyed": 38, "NWI_classification": "", "Notes_NWI": "", "AREA": 0.004, "PERIMETER": 0.25, "ST": "NY", "QQNAME": "GENEVA SOUTH NE", "QKEY": "4248450765230", "QUADRANT": "NE", "APFONAME": "4207609", "GNIS": "42076g8", "DY": "42", "MY": "48", "SY": "45", "DX": "076", "MX": "52", "SX": "30", "OLAT": "424845", "OLONG": "0765230", "ArcKey": "4248450765230", "Band": "M4B", "USGSID": "4207609", "Qdrnt": "NE", "UTM": 18, "Res": 1, "SrcImgDate": "20171018", "VerDate": "20171207", "FileName": "m_4207609_ne_18_1_20171018.tif" }, "geometry": { "type": "Point", "coordinates": [ 1541976.794951061950997, 2359960.330930155701935 ] } },
{ "type": "Feature", "properties": { "site": "MesicUpRem_For19 Freier", "habitat": "MesicUpRem", "Ownership": "Private", "GPS_name": "For19 FREIER", "date": "31-MAY-16 10:54:58AM", "notes": "", "order_surveyed": 39, "NWI_classification": "", "Notes_NWI": "", "AREA": 0.004, "PERIMETER": 0.25, "ST": "NY", "QQNAME": "GENEVA SOUTH NE", "QKEY": "4248450765230", "QUADRANT": "NE", "APFONAME": "4207609", "GNIS": "42076g8", "DY": "42", "MY": "48", "SY": "45", "DX": "076", "MX": "52", "SX": "30", "OLAT": "424845", "OLONG": "0765230", "ArcKey": "4248450765230", "Band": "M4B", "USGSID": "4207609", "Qdrnt": "NE", "UTM": 18, "Res": 1, "SrcImgDate": "20171018", "VerDate": "20171207", "FileName": "m_4207609_ne_18_1_20171018.tif" }, "geometry": { "type": "Point", "coordinates": [ 1540887.507611576467752, 2358274.00267844228074 ] } },
{ "type": "Feature", "properties": { "site": "MesicUpRem_For21 Shaw", "habitat": "MesicUpRem", "Ownership": "Private", "GPS_name": "For21 SHAW", "date": "01-JUN-16 7:42:09AM", "notes": "", "order_surveyed": 41, "NWI_classification": "", "Notes_NWI": "", "AREA": 0.004, "PERIMETER": 0.25, "ST": "NY", "QQNAME": "GENOA SW", "QKEY": "4237300763345", "QUADRANT": "SW", "APFONAME": "4207620", "GNIS": "42076f5", "DY": "42", "MY": "37", "SY": "30", "DX": "076", "MX": "33", "SX": "45", "OLAT": "423730", "OLONG": "0763345", "ArcKey": "4237300763345", "Band": "M4B", "USGSID": "4207620", "Qdrnt": "SW", "UTM": 18, "Res": 1, "SrcImgDate": "20171017", "VerDate": "20171207", "FileName": "m_4207620_sw_18_1_20171017.tif" }, "geometry": { "type": "Point", "coordinates": [ 1569830.825930642895401, 2344802.171540562529117 ] } },
{ "type": "Feature", "properties": { "site": "MesicUpRem_For22 Shaw", "habitat": "MesicUpRem", "Ownership": "Private", "GPS_name": "For22 SHAW", "date": "01-JUN-16 8:29:47AM", "notes": "", "order_surveyed": 42, "NWI_classification": "", "Notes_NWI": "", "AREA": 0.004, "PERIMETER": 0.25, "ST": "NY", "QQNAME": "GENOA SW", "QKEY": "4237300763345", "QUADRANT": "SW", "APFONAME": "4207620", "GNIS": "42076f5", "DY": "42", "MY": "37", "SY": "30", "DX": "076", "MX": "33", "SX": "45", "OLAT": "423730", "OLONG": "0763345", "ArcKey": "4237300763345", "Band": "M4B", "USGSID": "4207620", "Qdrnt": "SW", "UTM": 18, "Res": 1, "SrcImgDate": "20171017", "VerDate": "20171207", "FileName": "m_4207620_sw_18_1_20171017.tif" }, "geometry": { "type": "Point", "coordinates": [ 1569710.677716977661476, 2344098.302267445251346 ] } },
{ "type": "Feature", "properties": { "site": "MesicUpRem_For26 Lott", "habitat": "MesicUpRem", "Ownership": "Private", "GPS_name": "For26 LOTT", "date": "03-JUN-16 3:52:48PM", "notes": "", "order_surveyed": 46, "NWI_classification": "", "Notes_NWI": "", "AREA": 0.004, "PERIMETER": 0.25, "ST": "NY", "QQNAME": "SENECA FALLS SE", "QKEY": "4252300764500", "QUADRANT": "SE", "APFONAME": "4207602", "GNIS": "42076h7", "DY": "42", "MY": "52", "SY": "30", "DX": "076", "MX": "45", "SX": "00", "OLAT": "425230", "OLONG": "0764500", "ArcKey": "4252300764500", "Band": "M4B", "USGSID": "4207602", "Qdrnt": "SE", "UTM": 18, "Res": 1, "SrcImgDate": "20171018", "VerDate": "20171207", "FileName": "m_4207602_se_18_1_20171018.tif" }, "geometry": { "type": "Point", "coordinates": [ 1550084.809589968295768, 2372123.159053063485771 ] } },
{ "type": "Feature", "properties": { "site": "MesicUpRem_For27 Monkeyrun", "habitat": "MesicUpRem", "Ownership": "Cornell Botanic Gardens", "GPS_name": "For27 MONKEYRU", "date": "08-JUN-16 7:48:38AM", "notes": "", "order_surveyed": 47, "NWI_classification": "", "Notes_NWI": "", "AREA": 0.004, "PERIMETER": 0.25, "ST": "NY", "QQNAME": "ITHACA EAST NW", "QKEY": "4226150762615", "QUADRANT": "NW", "APFONAME": "4207637", "GNIS": "42076d4", "DY": "42", "MY": "26", "SY": "15", "DX": "076", "MX": "26", "SX": "15", "OLAT": "422615", "OLONG": "0762615", "ArcKey": "4226150762615", "Band": "M4B", "USGSID": "4207637", "Qdrnt": "NW", "UTM": 18, "Res": 1, "SrcImgDate": "20171004", "VerDate": "20171207", "FileName": "m_4207637_nw_18_1_20171004.tif" }, "geometry": { "type": "Point", "coordinates": [ 1586655.48735723295249, 2326875.026732271537185 ] } },
{ "type": "Feature", "properties": { "site": "MesicUpRem_For29 Power", "habitat": "MesicUpRem", "Ownership": "Private", "GPS_name": "For29 POWER", "date": "09-JUN-16 8:24:03AM", "notes": "", "order_surveyed": 50, "NWI_classification": "", "Notes_NWI": "", "AREA": 0.004, "PERIMETER": 0.25, "ST": "NY", "QQNAME": "WEST DANBY NE", "QKEY": "4218450763000", "QUADRANT": "NE", "APFONAME": "4207644", "GNIS": "42076c5", "DY": "42", "MY": "18", "SY": "45", "DX": "076", "MX": "30", "SX": "00", "OLAT": "421845", "OLONG": "0763000", "ArcKey": "4218450763000", "Band": "M4B", "USGSID": "4207644", "Qdrnt": "NE", "UTM": 18, "Res": 1, "SrcImgDate": "20171017", "VerDate": "20171207", "FileName": "m_4207644_ne_18_1_20171017.tif" }, "geometry": { "type": "Point", "coordinates": [ 1585067.764427829533815, 2312311.594715548213571 ] } },
{ "type": "Feature", "properties": { "site": "MesicUpRem_For3 Musgrave", "habitat": "MesicUpRem", "Ownership": "Cornell Farm", "GPS_name": "For3 MUSGRAVE", "date": "20-MAY-16 10:16:12AM", "notes": "", "order_surveyed": 18, "NWI_classification": "", "Notes_NWI": "", "AREA": 0.004, "PERIMETER": 0.25, "ST": "NY", "QQNAME": "SHELDRAKE NE", "QKEY": "4241150763730", "QUADRANT": "NE", "APFONAME": "4207619", "GNIS": "42076f6", "DY": "42", "MY": "41", "SY": "15", "DX": "076", "MX": "37", "SX": "30", "OLAT": "424115", "OLONG": "0763730", "ArcKey": "4241150763730", "Band": "M4B", "USGSID": "4207619", "Qdrnt": "NE", "UTM": 18, "Res": 1, "SrcImgDate": "20171017", "VerDate": "20171207", "FileName": "m_4207619_ne_18_1_20171017.tif" }, "geometry": { "type": "Point", "coordinates": [ 1564074.681054179556668, 2352287.037853174842894 ] } },
{ "type": "Feature", "properties": { "site": "MesicUpRem_For32 Lindsay-Pars", "habitat": "MesicUpRem", "Ownership": "Finger Lakes Land Trust", "GPS_name": "For32 LINDSAY", "date": "15-JUN-16 8:51:54AM", "notes": "", "order_surveyed": 54, "NWI_classification": "", "Notes_NWI": "", "AREA": 0.004, "PERIMETER": 0.25, "ST": "NY", "QQNAME": "WEST DANBY SE", "QKEY": "4215000763000", "QUADRANT": "SE", "APFONAME": "4207644", "GNIS": "42076c5", "DY": "42", "MY": "15", "SY": "00", "DX": "076", "MX": "30", "SX": "00", "OLAT": "421500", "OLONG": "0763000", "ArcKey": "4215000763000", "Band": "M4B", "USGSID": "4207644", "Qdrnt": "SE", "UTM": 18, "Res": 1, "SrcImgDate": "20171017", "VerDate": "20171207", "FileName": "m_4207644_se_18_1_20171017.tif" }, "geometry": { "type": "Point", "coordinates": [ 1584729.732884145807475, 2308755.994369553867728 ] } },
{ "type": "Feature", "properties": { "site": "MesicUpRem_For34b Arnot", "habitat": "MesicUpRem", "Ownership": "Cornell Research Property", "GPS_name": "For34b ARNOT", "date": "21-JUN-16 8:44:57AM", "notes": "", "order_surveyed": 57, "NWI_classification": "", "Notes_NWI": "", "AREA": 0.004, "PERIMETER": 0.25, "ST": "NY", "QQNAME": "ALPINE SE", "QKEY": "4215000763730", "QUADRANT": "SE", "APFONAME": "4207643", "GNIS": "42076c6", "DY": "42", "MY": "15", "SY": "00", "DX": "076", "MX": "37", "SX": "30", "OLAT": "421500", "OLONG": "0763730", "ArcKey": "4215000763730", "Band": "M4B", "USGSID": "4207643", "Qdrnt": "SE", "UTM": 18, "Res": 1, "SrcImgDate": "20171017", "VerDate": "20171207", "FileName": "m_4207643_se_18_1_20171017.tif" }, "geometry": { "type": "Point", "coordinates": [ 1575306.171275188913569, 2302773.427953204140067 ] } },
{ "type": "Feature", "properties": { "site": "MesicUpRem_For36 Arnot", "habitat": "MesicUpRem", "Ownership": "Cornell Research Property", "GPS_name": "For36 ARNOT", "date": "21-JUN-16 2:18:25PM", "notes": "", "order_surveyed": 59, "NWI_classification": "", "Notes_NWI": "", "AREA": 0.004, "PERIMETER": 0.25, "ST": "NY", "QQNAME": "ALPINE SE", "QKEY": "4215000763730", "QUADRANT": "SE", "APFONAME": "4207643", "GNIS": "42076c6", "DY": "42", "MY": "15", "SY": "00", "DX": "076", "MX": "37", "SX": "30", "OLAT": "421500", "OLONG": "0763730", "ArcKey": "4215000763730", "Band": "M4B", "USGSID": "4207643", "Qdrnt": "SE", "UTM": 18, "Res": 1, "SrcImgDate": "20171017", "VerDate": "20171207", "FileName": "m_4207643_se_18_1_20171017.tif" }, "geometry": { "type": "Point", "coordinates": [ 1575178.215525682782754, 2301846.989232627209276 ] } },
{ "type": "Feature", "properties": { "site": "MesicUpRem_For4 Musgrave", "habitat": "MesicUpRem", "Ownership": "Cornell Farm", "GPS_name": "For4 MUSGR S", "date": "20-MAY-16 1:38:40PM", "notes": "", "order_surveyed": 19, "NWI_classification": "", "Notes_NWI": "", "AREA": 0.004, "PERIMETER": 0.25, "ST": "NY", "QQNAME": "SHELDRAKE NE", "QKEY": "4241150763730", "QUADRANT": "NE", "APFONAME": "4207619", "GNIS": "42076f6", "DY": "42", "MY": "41", "SY": "15", "DX": "076", "MX": "37", "SX": "30", "OLAT": "424115", "OLONG": "0763730", "ArcKey": "4241150763730", "Band": "M4B", "USGSID": "4207619", "Qdrnt": "NE", "UTM": 18, "Res": 1, "SrcImgDate": "20171017", "VerDate": "20171207", "FileName": "m_4207619_ne_18_1_20171017.tif" }, "geometry": { "type": "Point", "coordinates": [ 1564347.859103398397565, 2351459.856450612191111 ] } },
{ "type": "Feature", "properties": { "site": "MesicUpRem_For40 Kunes", "habitat": "MesicUpRem", "Ownership": "Private", "GPS_name": "For40 KUNES", "date": "27-JUN-16 9:14:13AM", "notes": "", "order_surveyed": 63, "NWI_classification": "", "Notes_NWI": "", "AREA": 0.004, "PERIMETER": 0.25, "ST": "NY", "QQNAME": "PHELPS SW", "QKEY": "4252300770345", "QUADRANT": "SW", "APFONAME": "4207708", "GNIS": "42077h1", "DY": "42", "MY": "52", "SY": "30", "DX": "077", "MX": "03", "SX": "45", "OLAT": "425230", "OLONG": "0770345", "ArcKey": "4252300770345", "Band": "M4B", "USGSID": "4207708", "Qdrnt": "SW", "UTM": 18, "Res": 1, "SrcImgDate": "20171020", "VerDate": "20171207", "FileName": "m_4207708_sw_18_1_20171020.tif" }, "geometry": { "type": "Point", "coordinates": [ 1525327.279377635102719, 2363494.77295156987384 ] } },
{ "type": "Feature", "properties": { "site": "MesicUpRem_For42 Marks", "habitat": "MesicUpRem", "Ownership": "Private (Cornell Prof)", "GPS_name": "For42 MARKS", "date": "06-JUL-16 11:17:14AM", "notes": "", "order_surveyed": 69, "NWI_classification": "", "Notes_NWI": "", "AREA": 0.004, "PERIMETER": 0.25, "ST": "NY", "QQNAME": "SPEEDSVILLE NW", "QKEY": "4218450761845", "QUADRANT": "NW", "APFONAME": "4207646", "GNIS": "42076c3", "DY": "42", "MY": "18", "SY": "45", "DX": "076", "MX": "18", "SX": "45", "OLAT": "421845", "OLONG": "0761845", "ArcKey": "4218450761845", "Band": "M4B", "USGSID": "4207646", "Qdrnt": "NW", "UTM": 18, "Res": 1, "SrcImgDate": "20170925", "VerDate": "20171207", "FileName": "m_4207646_nw_18_1_20170925.tif" }, "geometry": { "type": "Point", "coordinates": [ 1597759.5066531538032, 2318025.065060866065323 ] } },
{ "type": "Feature", "properties": { "site": "MesicUpRem_For43 Marks", "habitat": "MesicUpRem", "Ownership": "Private (Cornell Prof)", "GPS_name": "For43 MARKS", "date": "06-JUL-16 12:17:46PM", "notes": "", "order_surveyed": 70, "NWI_classification": "", "Notes_NWI": "", "AREA": 0.004, "PERIMETER": 0.25, "ST": "NY", "QQNAME": "SPEEDSVILLE NW", "QKEY": "4218450761845", "QUADRANT": "NW", "APFONAME": "4207646", "GNIS": "42076c3", "DY": "42", "MY": "18", "SY": "45", "DX": "076", "MX": "18", "SX": "45", "OLAT": "421845", "OLONG": "0761845", "ArcKey": "4218450761845", "Band": "M4B", "USGSID": "4207646", "Qdrnt": "NW", "UTM": 18, "Res": 1, "SrcImgDate": "20170925", "VerDate": "20171207", "FileName": "m_4207646_nw_18_1_20170925.tif" }, "geometry": { "type": "Point", "coordinates": [ 1597620.781877959845588, 2318029.075831651687622 ] } },
{ "type": "Feature", "properties": { "site": "MesicUpRem_For7 Jones", "habitat": "MesicUpRem", "Ownership": "Private", "GPS_name": "For7 JONES", "date": "23-MAY-16 12:07:42PM", "notes": "", "order_surveyed": 22, "NWI_classification": "", "Notes_NWI": "", "AREA": 0.004, "PERIMETER": 0.25, "ST": "NY", "QQNAME": "LODI NE", "QKEY": "4233450764500", "QUADRANT": "NE", "APFONAME": "4207626", "GNIS": "42076e7", "DY": "42", "MY": "33", "SY": "45", "DX": "076", "MX": "45", "SX": "00", "OLAT": "423345", "OLONG": "0764500", "ArcKey": "4233450764500", "Band": "M4B", "USGSID": "4207626", "Qdrnt": "NE", "UTM": 18, "Res": 1, "SrcImgDate": "20171018", "VerDate": "20171207", "FileName": "m_4207626_ne_18_1_20171018.tif" }, "geometry": { "type": "Point", "coordinates": [ 1559041.191932343877852, 2335687.10005616908893 ] } },
{ "type": "Feature", "properties": { "site": "MesicUpRem_For9 Pecher", "habitat": "MesicUpRem", "Ownership": "Private", "GPS_name": "For9 PECHER", "date": "25-MAY-16 3:01:56PM", "notes": "", "order_surveyed": 27, "NWI_classification": "", "Notes_NWI": "", "AREA": 0.004, "PERIMETER": 0.25, "ST": "NY", "QQNAME": "GENOA SW", "QKEY": "4237300763345", "QUADRANT": "SW", "APFONAME": "4207620", "GNIS": "42076f5", "DY": "42", "MY": "37", "SY": "30", "DX": "076", "MX": "33", "SX": "45", "OLAT": "423730", "OLONG": "0763345", "ArcKey": "4237300763345", "Band": "M4B", "USGSID": "4207620", "Qdrnt": "SW", "UTM": 18, "Res": 1, "SrcImgDate": "20171017", "VerDate": "20171207", "FileName": "m_4207620_sw_18_1_20171017.tif" }, "geometry": { "type": "Point", "coordinates": [ 1571377.535064346389845, 2346822.621142437681556 ] } },
{ "type": "Feature", "properties": { "site": "MesicUpSuc_For11 Scott", "habitat": "MesicUpSuc", "Ownership": "Private", "GPS_name": "For11 SCOTT", "date": "26-MAY-16 11:18:50AM", "notes": "", "order_surveyed": 29, "NWI_classification": "", "Notes_NWI": "", "AREA": 0.004, "PERIMETER": 0.25, "ST": "NY", "QQNAME": "DRYDEN SW", "QKEY": "4222300761845", "QUADRANT": "SW", "APFONAME": "4207638", "GNIS": "42076d3", "DY": "42", "MY": "22", "SY": "30", "DX": "076", "MX": "18", "SX": "45", "OLAT": "422230", "OLONG": "0761845", "ArcKey": "4222300761845", "Band": "M4B", "USGSID": "4207638", "Qdrnt": "SW", "UTM": 18, "Res": 1, "SrcImgDate": "20170925", "VerDate": "20171207", "FileName": "m_4207638_sw_18_1_20170925.tif" }, "geometry": { "type": "Point", "coordinates": [ 1598520.894031390780583, 2322629.360321113839746 ] } },
{ "type": "Feature", "properties": { "site": "MesicUpSuc_For14 Cuddleback", "habitat": "MesicUpSuc", "Ownership": "Private", "GPS_name": "For14 CUDDEBK", "date": "27-MAY-16 12:03:03PM", "notes": "", "order_surveyed": 32, "NWI_classification": "", "Notes_NWI": "", "AREA": 0.004, "PERIMETER": 0.25, "ST": "NY", "QQNAME": "OWASCO NE", "QKEY": "4248450762230", "QUADRANT": "NE", "APFONAME": "4207613", "GNIS": "42076g4", "DY": "42", "MY": "48", "SY": "45", "DX": "076", "MX": "22", "SX": "30", "OLAT": "424845", "OLONG": "0762230", "ArcKey": "4248450762230", "Band": "M4B", "USGSID": "4207613", "Qdrnt": "NE", "UTM": 18, "Res": 1, "SrcImgDate": "20171017", "VerDate": "20171207", "FileName": "m_4207613_ne_18_1_20171017.tif" }, "geometry": { "type": "Point", "coordinates": [ 1579947.708608330227435, 2368007.622313915286213 ] } },
{ "type": "Feature", "properties": { "site": "MesicUpSuc_For30 Power", "habitat": "MesicUpSuc", "Ownership": "Private (Cornell Prof)", "GPS_name": "For30 POWER", "date": "09-JUN-16 3:44:56PM", "notes": "", "order_surveyed": 51, "NWI_classification": "", "Notes_NWI": "", "AREA": 0.004, "PERIMETER": 0.25, "ST": "NY", "QQNAME": "WILLSEYVILLE NW", "QKEY": "4218450762615", "QUADRANT": "NW", "APFONAME": "4207645", "GNIS": "42076c4", "DY": "42", "MY": "18", "SY": "45", "DX": "076", "MX": "26", "SX": "15", "OLAT": "421845", "OLONG": "0762615", "ArcKey": "4218450762615", "Band": "M4B", "USGSID": "4207645", "Qdrnt": "NW", "UTM": 18, "Res": 1, "SrcImgDate": "20171004", "VerDate": "20171207", "FileName": "m_4207645_nw_18_1_20171004.tif" }, "geometry": { "type": "Point", "coordinates": [ 1585236.293011607835069, 2312658.122636364307255 ] } },
{ "type": "Feature", "properties": { "site": "MesicUpSuc_For35 Arnot", "habitat": "MesicUpSuc", "Ownership": "Cornell Research Property", "GPS_name": "For35 ARNOT", "date": "21-JUN-16 11:07:54AM", "notes": "", "order_surveyed": 58, "NWI_classification": "", "Notes_NWI": "", "AREA": 0.004, "PERIMETER": 0.25, "ST": "NY", "QQNAME": "ALPINE SE", "QKEY": "4215000763730", "QUADRANT": "SE", "APFONAME": "4207643", "GNIS": "42076c6", "DY": "42", "MY": "15", "SY": "00", "DX": "076", "MX": "37", "SX": "30", "OLAT": "421500", "OLONG": "0763730", "ArcKey": "4215000763730", "Band": "M4B", "USGSID": "4207643", "Qdrnt": "SE", "UTM": 18, "Res": 1, "SrcImgDate": "20171017", "VerDate": "20171207", "FileName": "m_4207643_se_18_1_20171017.tif" }, "geometry": { "type": "Point", "coordinates": [ 1574020.530655144015327, 2302303.929848860949278 ] } },
{ "type": "Feature", "properties": { "site": "MesicUpSuc_For37 Conn. Hill", "habitat": "MesicUpSuc", "Ownership": "State Wildlife Management Area", "GPS_name": "For37 CTHILL", "date": "22-JUN-16 9:12:33AM", "notes": "", "order_surveyed": 60, "NWI_classification": "", "Notes_NWI": "", "AREA": 0.004, "PERIMETER": 0.25, "ST": "NY", "QQNAME": "ALPINE NE", "QKEY": "4218450763730", "QUADRANT": "NE", "APFONAME": "4207643", "GNIS": "42076c6", "DY": "42", "MY": "18", "SY": "45", "DX": "076", "MX": "37", "SX": "30", "OLAT": "421845", "OLONG": "0763730", "ArcKey": "4218450763730", "Band": "M4B", "USGSID": "4207643", "Qdrnt": "NE", "UTM": 18, "Res": 1, "SrcImgDate": "20171017", "VerDate": "20171207", "FileName": "m_4207643_ne_18_1_20171017.tif" }, "geometry": { "type": "Point", "coordinates": [ 1570525.445305213099346, 2311005.693880585487932 ] } },
{ "type": "Feature", "properties": { "site": "MesicUpSuc_For44 Bishop", "habitat": "MesicUpSuc", "Ownership": "Finger Lakes Land Trust", "GPS_name": "For44 BISHOP", "date": "25-JUL-16 2:28:08PM", "notes": "", "order_surveyed": 88, "NWI_classification": "", "Notes_NWI": "", "AREA": 0.004, "PERIMETER": 0.25, "ST": "NY", "QQNAME": "GENEVA NORTH SE", "QKEY": "4252300765230", "QUADRANT": "SE", "APFONAME": "4207601", "GNIS": "42076h8", "DY": "42", "MY": "52", "SY": "30", "DX": "076", "MX": "52", "SX": "30", "OLAT": "425230", "OLONG": "0765230", "ArcKey": "4252300765230", "Band": "M4B", "USGSID": "4207601", "Qdrnt": "SE", "UTM": 18, "Res": 1, "SrcImgDate": "20171018", "VerDate": "20171207", "FileName": "m_4207601_se_18_1_20171018.tif" }, "geometry": { "type": "Point", "coordinates": [ 1538787.164973537437618, 2363664.463846874423325 ] } },
{ "type": "Feature", "properties": { "site": "MesicUpSuc_For45 FLNF", "habitat": "MesicUpSuc", "Ownership": "National Forest", "GPS_name": "Forest Flnf Burnt Hill", "date": "Relatively young forest, lots of black locust, black cherry and maple. Relatively thick shrub layer but still open understory. Not many forbs, a few sedges.", "notes": "", "order_surveyed": 121, "NWI_classification": "", "Notes_NWI": "", "AREA": 0.004, "PERIMETER": 0.25, "ST": "NY", "QQNAME": "BURDETT NE", "QKEY": "4226150764500", "QUADRANT": "NE", "APFONAME": "4207634", "GNIS": "42076d7", "DY": "42", "MY": "26", "SY": "15", "DX": "076", "MX": "45", "SX": "00", "OLAT": "422615", "OLONG": "0764500", "ArcKey": "4226150764500", "Band": "M4B", "USGSID": "4207634", "Qdrnt": "NE", "UTM": 18, "Res": 1, "SrcImgDate": "20171018", "VerDate": "20171207", "FileName": "m_4207634_ne_18_1_20171018.tif" }, "geometry": { "type": "Point", "coordinates": [ 1557996.050149249378592, 2318277.214096161536872 ] } },
{ "type": "Feature", "properties": { "site": "MesicUpSuc_For5 Manuel", "habitat": "MesicUpSuc", "Ownership": "Private", "GPS_name": "For5 MANUEL", "date": "20-MAY-16 4:23:27PM", "notes": "", "order_surveyed": 20, "NWI_classification": "", "Notes_NWI": "", "AREA": 0.004, "PERIMETER": 0.25, "ST": "NY", "QQNAME": "GENOA NW", "QKEY": "4241150763345", "QUADRANT": "NW", "APFONAME": "4207620", "GNIS": "42076f5", "DY": "42", "MY": "41", "SY": "15", "DX": "076", "MX": "33", "SX": "45", "OLAT": "424115", "OLONG": "0763345", "ArcKey": "4241150763345", "Band": "M4B", "USGSID": "4207620", "Qdrnt": "NW", "UTM": 18, "Res": 1, "SrcImgDate": "20171017", "VerDate": "20171207", "FileName": "m_4207620_nw_18_1_20171017.tif" }, "geometry": { "type": "Point", "coordinates": [ 1570475.918860191246495, 2351523.3398996014148 ] } },
{ "type": "Feature", "properties": { "site": "MesicUpSuc_For6 Jones", "habitat": "MesicUpSuc", "Ownership": "Private", "GPS_name": "For6 JONES", "date": "23-MAY-16 9:29:50AM", "notes": "", "order_surveyed": 21, "NWI_classification": "", "Notes_NWI": "", "AREA": 0.004, "PERIMETER": 0.25, "ST": "NY", "QQNAME": "LODI NE", "QKEY": "4233450764500", "QUADRANT": "NE", "APFONAME": "4207626", "GNIS": "42076e7", "DY": "42", "MY": "33", "SY": "45", "DX": "076", "MX": "45", "SX": "00", "OLAT": "423345", "OLONG": "0764500", "ArcKey": "4233450764500", "Band": "M4B", "USGSID": "4207626", "Qdrnt": "NE", "UTM": 18, "Res": 1, "SrcImgDate": "20171018", "VerDate": "20171207", "FileName": "m_4207626_ne_18_1_20171018.tif" }, "geometry": { "type": "Point", "coordinates": [ 1558768.013437505811453, 2335858.548003297764808 ] } },
{ "type": "Feature", "properties": { "site": "MesicUpSuc_For8 Pecher", "habitat": "MesicUpSuc", "Ownership": "Private", "GPS_name": "For8 PECHER", "date": "25-MAY-16 8:30:04AM", "notes": "", "order_surveyed": 24, "NWI_classification": "", "Notes_NWI": "", "AREA": 0.004, "PERIMETER": 0.25, "ST": "NY", "QQNAME": "GENOA SW", "QKEY": "4237300763345", "QUADRANT": "SW", "APFONAME": "4207620", "GNIS": "42076f5", "DY": "42", "MY": "37", "SY": "30", "DX": "076", "MX": "33", "SX": "45", "OLAT": "423730", "OLONG": "0763345", "ArcKey": "4237300763345", "Band": "M4B", "USGSID": "4207620", "Qdrnt": "SW", "UTM": 18, "Res": 1, "SrcImgDate": "20171017", "VerDate": "20171207", "FileName": "m_4207620_sw_18_1_20171017.tif" }, "geometry": { "type": "Point", "coordinates": [ 1570055.230465996311978, 2347008.893847645726055 ] } },
{ "type": "Feature", "properties": { "site": "Pasture_1 Jensen", "habitat": "Pasture", "Ownership": "Private", "GPS_name": "Pasture1 JENSE", "date": "25-JUL-16 10:50:21AM", "notes": "", "order_surveyed": 86, "NWI_classification": "", "Notes_NWI": "", "AREA": 0.004, "PERIMETER": 0.25, "ST": "NY", "QQNAME": "STANLEY NW", "QKEY": "4248450770345", "QUADRANT": "NW", "APFONAME": "4207716", "GNIS": "42077g1", "DY": "42", "MY": "48", "SY": "45", "DX": "077", "MX": "03", "SX": "45", "OLAT": "424845", "OLONG": "0770345", "ArcKey": "4248450770345", "Band": "M4B", "USGSID": "4207716", "Qdrnt": "NW", "UTM": 18, "Res": 1, "SrcImgDate": "20171020", "VerDate": "20171207", "FileName": "m_4207716_nw_18_1_20171020.tif" }, "geometry": { "type": "Point", "coordinates": [ 1528206.353085558861494, 2357426.660110123455524 ] } },
{ "type": "Feature", "properties": { "site": "Pasture_2 Wickham", "habitat": "Pasture", "Ownership": "Private", "GPS_name": "", "date": "", "notes": "", "order_surveyed": 93, "NWI_classification": "", "Notes_NWI": "", "AREA": 0.004, "PERIMETER": 0.25, "ST": "NY", "QQNAME": "MONTOUR FALLS NE", "QKEY": "4218450764500", "QUADRANT": "NE", "APFONAME": "4207642", "GNIS": "42076c7", "DY": "42", "MY": "18", "SY": "45", "DX": "076", "MX": "45", "SX": "00", "OLAT": "421845", "OLONG": "0764500", "ArcKey": "4218450764500", "Band": "M4B", "USGSID": "4207642", "Qdrnt": "NE", "UTM": 18, "Res": 1, "SrcImgDate": "20171018", "VerDate": "20171207", "FileName": "m_4207642_ne_18_1_20171018.tif" }, "geometry": { "type": "Point", "coordinates": [ 1564514.083331628702581, 2309059.488466310314834 ] } },
{ "type": "Feature", "properties": { "site": "Pasture_3 Haines", "habitat": "Pasture", "Ownership": "Private", "GPS_name": "Pastur3 HAineS", "date": "10-AGO-16 12:44:00PM", "notes": "", "order_surveyed": 97, "NWI_classification": "", "Notes_NWI": "", "AREA": 0.004, "PERIMETER": 0.25, "ST": "NY", "QQNAME": "SHELDRAKE NE", "QKEY": "4241150763730", "QUADRANT": "NE", "APFONAME": "4207619", "GNIS": "42076f6", "DY": "42", "MY": "41", "SY": "15", "DX": "076", "MX": "37", "SX": "30", "OLAT": "424115", "OLONG": "0763730", "ArcKey": "4241150763730", "Band": "M4B", "USGSID": "4207619", "Qdrnt": "NE", "UTM": 18, "Res": 1, "SrcImgDate": "20171017", "VerDate": "20171207", "FileName": "m_4207619_ne_18_1_20171017.tif" }, "geometry": { "type": "Point", "coordinates": [ 1567162.964413050096482, 2348500.087452484760433 ] } },
{ "type": "Feature", "properties": { "site": "Pasture_4 Sherman", "habitat": "Pasture", "Ownership": "Private", "GPS_name": "Pasture4 SHERM", "date": "15-AGO-16 4:01:24PM", "notes": "", "order_surveyed": 103, "NWI_classification": "", "Notes_NWI": "", "AREA": 0.004, "PERIMETER": 0.25, "ST": "NY", "QQNAME": "GROTON SW", "QKEY": "4230000761845", "QUADRANT": "SW", "APFONAME": "4207630", "GNIS": "42076e3", "DY": "42", "MY": "30", "SY": "00", "DX": "076", "MX": "18", "SX": "45", "OLAT": "423000", "OLONG": "0761845", "ArcKey": "4230000761845", "Band": "M4B", "USGSID": "4207630", "Qdrnt": "SW", "UTM": 18, "Res": 1, "SrcImgDate": "20170925", "VerDate": "20171207", "FileName": "m_4207630_sw_18_1_20170925.tif" }, "geometry": { "type": "Point", "coordinates": [ 1594196.68760869349353, 2334647.233307510614395 ] } },
{ "type": "Feature", "properties": { "site": "Pasture_5 Cornell Equine", "habitat": "Pasture", "Ownership": "Cornell Farm", "GPS_name": "Pasture5 Cornell Equine", "date": "", "notes": "", "order_surveyed": 140, "NWI_classification": "", "Notes_NWI": "", "AREA": 0.004, "PERIMETER": 0.25, "ST": "NY", "QQNAME": "ITHACA EAST NW", "QKEY": "4226150762615", "QUADRANT": "NW", "APFONAME": "4207637", "GNIS": "42076d4", "DY": "42", "MY": "26", "SY": "15", "DX": "076", "MX": "26", "SX": "15", "OLAT": "422615", "OLONG": "0762615", "ArcKey": "4226150762615", "Band": "M4B", "USGSID": "4207637", "Qdrnt": "NW", "UTM": 18, "Res": 1, "SrcImgDate": "20171004", "VerDate": "20171207", "FileName": "m_4207637_nw_18_1_20171004.tif" }, "geometry": { "type": "Point", "coordinates": [ 1585753.62139127519913, 2325979.532409335486591 ] } },
{ "type": "Feature", "properties": { "site": "Shrub_Wet10 Ellis Wet", "habitat": "Shrub", "Ownership": "Cornell Botanic Gardens", "GPS_name": "Wet10 ELLISWET", "date": "07-JUL-16 2:39:14PM", "notes": "", "order_surveyed": 72, "NWI_classification": "Freshwater emergent wetland", "Notes_NWI": "", "AREA": 0.004, "PERIMETER": 0.25, "ST": "NY", "QQNAME": "ITHACA EAST SE", "QKEY": "4222300762230", "QUADRANT": "SE", "APFONAME": "4207637", "GNIS": "42076d4", "DY": "42", "MY": "22", "SY": "30", "DX": "076", "MX": "22", "SX": "30", "OLAT": "422230", "OLONG": "0762230", "ArcKey": "4222300762230", "Band": "M4B", "USGSID": "4207637", "Qdrnt": "SE", "UTM": 18, "Res": 1, "SrcImgDate": "20171004", "VerDate": "20171207", "FileName": "m_4207637_se_18_1_20171004.tif" }, "geometry": { "type": "Point", "coordinates": [ 1590912.699385905172676, 2324368.579678485635668 ] } },
{ "type": "Feature", "properties": { "site": "Shrub_Wet12 Conn. Hill", "habitat": "Shrub", "Ownership": "State Wildlife Management Area", "GPS_name": "Wet12 CONNHILL", "date": "11-JUL-16 10:39:23AM", "notes": "", "order_surveyed": 74, "NWI_classification": "None", "Notes_NWI": "close to Freshwater forested wetland", "AREA": 0.004, "PERIMETER": 0.25, "ST": "NY", "QQNAME": "ALPINE NE", "QKEY": "4218450763730", "QUADRANT": "NE", "APFONAME": "4207643", "GNIS": "42076c6", "DY": "42", "MY": "18", "SY": "45", "DX": "076", "MX": "37", "SX": "30", "OLAT": "421845", "OLONG": "0763730", "ArcKey": "4218450763730", "Band": "M4B", "USGSID": "4207643", "Qdrnt": "NE", "UTM": 18, "Res": 1, "SrcImgDate": "20171017", "VerDate": "20171207", "FileName": "m_4207643_ne_18_1_20171017.tif" }, "geometry": { "type": "Point", "coordinates": [ 1570121.784622718812898, 2310560.245206804946065 ] } },
{ "type": "Feature", "properties": { "site": "Shrub_Wet18 Payne", "habitat": "Shrub", "Ownership": "Private", "GPS_name": "Wet18 PAYNE", "date": "19-JUL-16 8:07:53AM", "notes": "", "order_surveyed": 84, "NWI_classification": "Freshwater emergent wetland", "Notes_NWI": "", "AREA": 0.004, "PERIMETER": 0.25, "ST": "NY", "QQNAME": "ITHACA EAST SE", "QKEY": "4222300762230", "QUADRANT": "SE", "APFONAME": "4207637", "GNIS": "42076d4", "DY": "42", "MY": "22", "SY": "30", "DX": "076", "MX": "22", "SX": "30", "OLAT": "422230", "OLONG": "0762230", "ArcKey": "4222300762230", "Band": "M4B", "USGSID": "4207637", "Qdrnt": "SE", "UTM": 18, "Res": 1, "SrcImgDate": "20171004", "VerDate": "20171207", "FileName": "m_4207637_se_18_1_20171004.tif" }, "geometry": { "type": "Point", "coordinates": [ 1592491.871618434786797, 2323199.547210707329214 ] } },
{ "type": "Feature", "properties": { "site": "Shrub_Wet20 Lindsay Parsons", "habitat": "Shrub", "Ownership": "Finger Lakes Land Trust", "GPS_name": "Wet20 LINDSAY", "date": "27-JUL-16 12:56:04PM", "notes": "", "order_surveyed": 91, "NWI_classification": "Freshwater forested/shrub wetland", "Notes_NWI": "", "AREA": 0.004, "PERIMETER": 0.25, "ST": "NY", "QQNAME": "WEST DANBY SE", "QKEY": "4215000763000", "QUADRANT": "SE", "APFONAME": "4207644", "GNIS": "42076c5", "DY": "42", "MY": "15", "SY": "00", "DX": "076", "MX": "30", "SX": "00", "OLAT": "421500", "OLONG": "0763000", "ArcKey": "4215000763000", "Band": "M4B", "USGSID": "4207644", "Qdrnt": "SE", "UTM": 18, "Res": 1, "SrcImgDate": "20171017", "VerDate": "20171207", "FileName": "m_4207644_se_18_1_20171017.tif" }, "geometry": { "type": "Point", "coordinates": [ 1584813.409349331865087, 2308258.297967718914151 ] } },
{ "type": "Feature", "properties": { "site": "Shrub_Wet7 Power", "habitat": "Shrub", "Ownership": "Private", "GPS_name": "Wet7 POWER", "date": "28-JUN-16 7:32:46AM", "notes": "", "order_surveyed": 66, "NWI_classification": "None", "Notes_NWI": "", "AREA": 0.004, "PERIMETER": 0.25, "ST": "NY", "QQNAME": "WILLSEYVILLE NW", "QKEY": "4218450762615", "QUADRANT": "NW", "APFONAME": "4207645", "GNIS": "42076c4", "DY": "42", "MY": "18", "SY": "45", "DX": "076", "MX": "26", "SX": "15", "OLAT": "421845", "OLONG": "0762615", "ArcKey": "4218450762615", "Band": "M4B", "USGSID": "4207645", "Qdrnt": "NW", "UTM": 18, "Res": 1, "SrcImgDate": "20171004", "VerDate": "20171207", "FileName": "m_4207645_nw_18_1_20171004.tif" }, "geometry": { "type": "Point", "coordinates": [ 1585557.729824742302299, 2312732.342474680393934 ] } },
{ "type": "Feature", "properties": { "site": "Shrubland_1 Ellis Hollow", "habitat": "Shrubland", "Ownership": "Finger Lakes Land Trust", "GPS_name": "Shrub1 ELLIS", "date": "05-JUL-16 12:33:06PM", "notes": "", "order_surveyed": 67, "NWI_classification": "", "Notes_NWI": "", "AREA": 0.004, "PERIMETER": 0.25, "ST": "NY", "QQNAME": "ITHACA EAST NE", "QKEY": "4226150762230", "QUADRANT": "NE", "APFONAME": "4207637", "GNIS": "42076d4", "DY": "42", "MY": "26", "SY": "15", "DX": "076", "MX": "22", "SX": "30", "OLAT": "422615", "OLONG": "0762230", "ArcKey": "4226150762230", "Band": "M4B", "USGSID": "4207637", "Qdrnt": "NE", "UTM": 18, "Res": 1, "SrcImgDate": "20171017", "VerDate": "20171207", "FileName": "m_4207637_ne_18_1_20171017.tif" }, "geometry": { "type": "Point", "coordinates": [ 1590090.761198783991858, 2324822.362372935283929 ] } },
{ "type": "Feature", "properties": { "site": "Shrubland_2 Jasmine", "habitat": "Shrubland", "Ownership": "Private", "GPS_name": "Shrub 2 Jasmine", "date": "", "notes": "Thick shrub, honeysuckle and privet, near impenetrable", "order_surveyed": 105, "NWI_classification": "", "Notes_NWI": "", "AREA": 0.004, "PERIMETER": 0.25, "ST": "NY", "QQNAME": "MECKLENBURG NW", "QKEY": "4226150764115", "QUADRANT": "NW", "APFONAME": "4207635", "GNIS": "42076d6", "DY": "42", "MY": "26", "SY": "15", "DX": "076", "MX": "41", "SX": "15", "OLAT": "422615", "OLONG": "0764115", "ArcKey": "4226150764115", "Band": "M4B", "USGSID": "4207635", "Qdrnt": "NW", "UTM": 18, "Res": 1, "SrcImgDate": "20171018", "VerDate": "20171207", "FileName": "m_4207635_nw_18_1_20171018.tif" }, "geometry": { "type": "Point", "coordinates": [ 1566002.542668290669098, 2321954.936738763470203 ] } },
{ "type": "Feature", "properties": { "site": "Shrubland_3 Long Pt State Park", "habitat": "Shrubland", "Ownership": "State park", "GPS_name": "Shrubland3 Longpoint ", "date": "", "notes": "105 degree angle. Thick shrub land, 20-25 yrs ago cut all large trees. Before that was field. Recovering old field. Tons of poison ivy. Understory thick but little leaf litter. Interesting mix of interesting natives like smooth aster and invasive species from old field. Trees are buckthorn, gray dogwood, red cedar, pear. Dry but with bad drainage, so we see some wet species.", "order_surveyed": 115, "NWI_classification": "", "Notes_NWI": "", "AREA": 0.004, "PERIMETER": 0.25, "ST": "NY", "QQNAME": "SHELDRAKE NW", "QKEY": "4241150764115", "QUADRANT": "NW", "APFONAME": "4207619", "GNIS": "42076f6", "DY": "42", "MY": "41", "SY": "15", "DX": "076", "MX": "41", "SX": "15", "OLAT": "424115", "OLONG": "0764115", "ArcKey": "4241150764115", "Band": "M4B", "USGSID": "4207619", "Qdrnt": "NW", "UTM": 18, "Res": 1, "SrcImgDate": "20171018", "VerDate": "20171207", "FileName": "m_4207619_nw_18_1_20171018.tif" }, "geometry": { "type": "Point", "coordinates": [ 1560490.802540334872901, 2350066.883174112066627 ] } },
{ "type": "Feature", "properties": { "site": "Shrubland_4 Blueheron", "habitat": "Shrubland", "Ownership": "Private", "GPS_name": "Shrub4 Blueheron", "date": "", "notes": "Walnut overstory, old pasture, thick successional shrub layer but with a lot of tall forbs. Not impenetrable thicket. Lots of ageratina altissima, hesperis, cryptotaenia can, va creeper.", "order_surveyed": 120, "NWI_classification": "", "Notes_NWI": "", "AREA": 0.004, "PERIMETER": 0.25, "ST": "NY", "QQNAME": "LODI NW", "QKEY": "4233450764845", "QUADRANT": "NW", "APFONAME": "4207626", "GNIS": "42076e7", "DY": "42", "MY": "33", "SY": "45", "DX": "076", "MX": "48", "SX": "45", "OLAT": "423345", "OLONG": "0764845", "ArcKey": "4233450764845", "Band": "M4B", "USGSID": "4207626", "Qdrnt": "NW", "UTM": 18, "Res": 1, "SrcImgDate": "20171018", "VerDate": "20171207", "FileName": "m_4207626_nw_18_1_20171018.tif" }, "geometry": { "type": "Point", "coordinates": [ 1550675.874349437188357, 2335031.376105817966163 ] } },
{ "type": "Feature", "properties": { "site": "Shrubland_5 West Haven", "habitat": "Shrubland", "Ownership": "Private", "GPS_name": "Shrub5 Westhaven", "date": "", "notes": "", "order_surveyed": 128, "NWI_classification": "", "Notes_NWI": "", "AREA": 0.004, "PERIMETER": 0.25, "ST": "NY", "QQNAME": "ITHACA WEST NE", "QKEY": "4226150763000", "QUADRANT": "NE", "APFONAME": "4207636", "GNIS": "42076d5", "DY": "42", "MY": "26", "SY": "15", "DX": "076", "MX": "30", "SX": "00", "OLAT": "422615", "OLONG": "0763000", "ArcKey": "4226150763000", "Band": "M4B", "USGSID": "4207636", "Qdrnt": "NE", "UTM": 18, "Res": 1, "SrcImgDate": "20171017", "VerDate": "20171207", "FileName": "m_4207636_ne_18_1_20171017.tif" }, "geometry": { "type": "Point", "coordinates": [ 1579602.708660697098821, 2323101.210638669785112 ] } },
{ "type": "Feature", "properties": { "site": "Swamp_For20 Freier", "habitat": "Swamp", "Ownership": "Private", "GPS_name": "For20 FREIER", "date": "31-MAY-16 2:01:58PM", "notes": "", "order_surveyed": 40, "NWI_classification": "Freshwater forested/shrub wetland", "Notes_NWI": "", "AREA": 0.004, "PERIMETER": 0.25, "ST": "NY", "QQNAME": "GENEVA SOUTH NE", "QKEY": "4248450765230", "QUADRANT": "NE", "APFONAME": "4207609", "GNIS": "42076g8", "DY": "42", "MY": "48", "SY": "45", "DX": "076", "MX": "52", "SX": "30", "OLAT": "424845", "OLONG": "0765230", "ArcKey": "4248450765230", "Band": "M4B", "USGSID": "4207609", "Qdrnt": "NE", "UTM": 18, "Res": 1, "SrcImgDate": "20171018", "VerDate": "20171207", "FileName": "m_4207609_ne_18_1_20171018.tif" }, "geometry": { "type": "Point", "coordinates": [ 1541778.610572329722345, 2357363.090878325514495 ] } },
{ "type": "Feature", "properties": { "site": "Swamp_For24 Lott", "habitat": "Swamp", "Ownership": "Private", "GPS_name": "for24 LOTT", "date": "03-JUN-16 9:09:42AM", "notes": "", "order_surveyed": 44, "NWI_classification": "None", "Notes_NWI": "", "AREA": 0.004, "PERIMETER": 0.25, "ST": "NY", "QQNAME": "SENECA FALLS SE", "QKEY": "4252300764500", "QUADRANT": "SE", "APFONAME": "4207602", "GNIS": "42076h7", "DY": "42", "MY": "52", "SY": "30", "DX": "076", "MX": "45", "SX": "00", "OLAT": "425230", "OLONG": "0764500", "ArcKey": "4252300764500", "Band": "M4B", "USGSID": "4207602", "Qdrnt": "SE", "UTM": 18, "Res": 1, "SrcImgDate": "20171018", "VerDate": "20171207", "FileName": "m_4207602_se_18_1_20171018.tif" }, "geometry": { "type": "Point", "coordinates": [ 1550872.712316914694384, 2367347.095050679054111 ] } },
{ "type": "Feature", "properties": { "site": "Swamp_For31 Haines", "habitat": "Swamp", "Ownership": "Private", "GPS_name": "For31 HAINES", "date": "13-JUN-16 1:48:27PM", "notes": "", "order_surveyed": 53, "NWI_classification": "None", "Notes_NWI": "but very close to freshwater forested wetland", "AREA": 0.004, "PERIMETER": 0.25, "ST": "NY", "QQNAME": "SHELDRAKE NE", "QKEY": "4241150763730", "QUADRANT": "NE", "APFONAME": "4207619", "GNIS": "42076f6", "DY": "42", "MY": "41", "SY": "15", "DX": "076", "MX": "37", "SX": "30", "OLAT": "424115", "OLONG": "0763730", "ArcKey": "4241150763730", "Band": "M4B", "USGSID": "4207619", "Qdrnt": "NE", "UTM": 18, "Res": 1, "SrcImgDate": "20171017", "VerDate": "20171207", "FileName": "m_4207619_ne_18_1_20171017.tif" }, "geometry": { "type": "Point", "coordinates": [ 1565506.910793238785118, 2348121.380700808949769 ] } },
{ "type": "Feature", "properties": { "site": "Swamp_For39 Conn. Hill", "habitat": "Swamp", "Ownership": "State Wildlife Management Area", "GPS_name": "For39 CTHILL", "date": "22-JUN-16 3:56:28PM", "notes": "", "order_surveyed": 62, "NWI_classification": "None", "Notes_NWI": "", "AREA": 0.004, "PERIMETER": 0.25, "ST": "NY", "QQNAME": "ALPINE NW", "QKEY": "4218450764115", "QUADRANT": "NW", "APFONAME": "4207643", "GNIS": "42076c6", "DY": "42", "MY": "18", "SY": "45", "DX": "076", "MX": "41", "SX": "15", "OLAT": "421845", "OLONG": "0764115", "ArcKey": "4218450764115", "Band": "M4B", "USGSID": "4207643", "Qdrnt": "NW", "UTM": 18, "Res": 1, "SrcImgDate": "20171018", "VerDate": "20171207", "FileName": "m_4207643_nw_18_1_20171018.tif" }, "geometry": { "type": "Point", "coordinates": [ 1569330.541409039869905, 2312799.032882877159864 ] } },
{ "type": "Feature", "properties": { "site": "Swamp_For41 Kunes", "habitat": "Swamp", "Ownership": "Private", "GPS_name": "For41 KUNES", "date": "27-JUN-16 10:59:08AM", "notes": "", "order_surveyed": 64, "NWI_classification": "Freshwater forested/shrub wetland", "Notes_NWI": "", "AREA": 0.004, "PERIMETER": 0.25, "ST": "NY", "QQNAME": "STANLEY NE", "QKEY": "4248450770000", "QUADRANT": "NE", "APFONAME": "4207716", "GNIS": "42077g1", "DY": "42", "MY": "48", "SY": "45", "DX": "077", "MX": "00", "SX": "00", "OLAT": "424845", "OLONG": "0770000", "ArcKey": "4248450770000", "Band": "M4B", "USGSID": "4207716", "Qdrnt": "NE", "UTM": 18, "Res": 1, "SrcImgDate": "20171018", "VerDate": "20171207", "FileName": "m_4207716_ne_18_1_20171018.tif" }, "geometry": { "type": "Point", "coordinates": [ 1528920.45073720975779, 2360719.05321019468829 ] } },
{ "type": "Feature", "properties": { "site": "Swamp_Wet1 Jones", "habitat": "Swamp", "Ownership": "Private", "GPS_name": "Wet1 JONES", "date": "23-MAY-16 2:18:51PM", "notes": "", "order_surveyed": 23, "NWI_classification": "Freshwater forested/shrub wetland", "Notes_NWI": "", "AREA": 0.004, "PERIMETER": 0.25, "ST": "NY", "QQNAME": "LODI NE", "QKEY": "4233450764500", "QUADRANT": "NE", "APFONAME": "4207626", "GNIS": "42076e7", "DY": "42", "MY": "33", "SY": "45", "DX": "076", "MX": "45", "SX": "00", "OLAT": "423345", "OLONG": "0764500", "ArcKey": "4233450764500", "Band": "M4B", "USGSID": "4207626", "Qdrnt": "NE", "UTM": 18, "Res": 1, "SrcImgDate": "20171018", "VerDate": "20171207", "FileName": "m_4207626_ne_18_1_20171018.tif" }, "geometry": { "type": "Point", "coordinates": [ 1559088.718692310620099, 2335718.425018382258713 ] } },
{ "type": "Feature", "properties": { "site": "Swamp_Wet14 Owasco flats", "habitat": "Swamp", "Ownership": "Preserve (TNC?)", "GPS_name": "wet14 owasco", "date": "12-JUL-16 11:35:11AM", "notes": "", "order_surveyed": 77, "NWI_classification": "Freshwater forested/shrub wetland", "Notes_NWI": "", "AREA": 0.004, "PERIMETER": 0.25, "ST": "NY", "QQNAME": "MORAVIA NW", "QKEY": "4241150762615", "QUADRANT": "NW", "APFONAME": "4207621", "GNIS": "42076f4", "DY": "42", "MY": "41", "SY": "15", "DX": "076", "MX": "26", "SX": "15", "OLAT": "424115", "OLONG": "0762615", "ArcKey": "4241150762615", "Band": "M4B", "USGSID": "4207621", "Qdrnt": "NW", "UTM": 18, "Res": 1, "SrcImgDate": "20171017", "VerDate": "20171207", "FileName": "m_4207621_nw_18_1_20171017.tif" }, "geometry": { "type": "Point", "coordinates": [ 1578649.807605047477409, 2357426.350635810755193 ] } },
{ "type": "Feature", "properties": { "site": "Swamp_Wet17 McDaniels", "habitat": "Swamp", "Ownership": "Cornell Botanic Gardens", "GPS_name": "Wet17 MCDANIEL", "date": "18-JUL-16 8:23:28AM", "notes": "", "order_surveyed": 81, "NWI_classification": "None", "Notes_NWI": "", "AREA": 0.004, "PERIMETER": 0.25, "ST": "NY", "QQNAME": "WEST GROTON SE", "QKEY": "4230000762230", "QUADRANT": "SE", "APFONAME": "4207629", "GNIS": "42076e4", "DY": "42", "MY": "30", "SY": "00", "DX": "076", "MX": "22", "SX": "30", "OLAT": "423000", "OLONG": "0762230", "ArcKey": "4230000762230", "Band": "M4B", "USGSID": "4207629", "Qdrnt": "SE", "UTM": 18, "Res": 1, "SrcImgDate": "20171017", "VerDate": "20171207", "FileName": "m_4207629_se_18_1_20171017.tif" }, "geometry": { "type": "Point", "coordinates": [ 1587438.047538961283863, 2334815.909301441162825 ] } },
{ "type": "Feature", "properties": { "site": "Swamp_Wet2 Pecher", "habitat": "Swamp", "Ownership": "Private", "GPS_name": "Wet2 PECHER", "date": "25-MAY-16 12:23:38PM", "notes": "", "order_surveyed": 26, "NWI_classification": "Freshwater forested/shrub wetland", "Notes_NWI": "", "AREA": 0.004, "PERIMETER": 0.25, "ST": "NY", "QQNAME": "GENOA SW", "QKEY": "4237300763345", "QUADRANT": "SW", "APFONAME": "4207620", "GNIS": "42076f5", "DY": "42", "MY": "37", "SY": "30", "DX": "076", "MX": "33", "SX": "45", "OLAT": "423730", "OLONG": "0763345", "ArcKey": "4237300763345", "Band": "M4B", "USGSID": "4207620", "Qdrnt": "SW", "UTM": 18, "Res": 1, "SrcImgDate": "20171017", "VerDate": "20171207", "FileName": "m_4207620_sw_18_1_20171017.tif" }, "geometry": { "type": "Point", "coordinates": [ 1570472.752034067409113, 2346870.286567653063685 ] } },
{ "type": "Feature", "properties": { "site": "Swamp_Wet4 Monkeyrun", "habitat": "Swamp", "Ownership": "Cornell Botanic Gardens", "GPS_name": "Wet4 MONKEYRUN", "date": "08-JUN-16 11:29:43AM", "notes": "", "order_surveyed": 48, "NWI_classification": "None", "Notes_NWI": "", "AREA": 0.004, "PERIMETER": 0.25, "ST": "NY", "QQNAME": "ITHACA EAST NW", "QKEY": "4226150762615", "QUADRANT": "NW", "APFONAME": "4207637", "GNIS": "42076d4", "DY": "42", "MY": "26", "SY": "15", "DX": "076", "MX": "26", "SX": "15", "OLAT": "422615", "OLONG": "0762615", "ArcKey": "4226150762615", "Band": "M4B", "USGSID": "4207637", "Qdrnt": "NW", "UTM": 18, "Res": 1, "SrcImgDate": "20171004", "VerDate": "20171207", "FileName": "m_4207637_nw_18_1_20171004.tif" }, "geometry": { "type": "Point", "coordinates": [ 1586848.796651716344059, 2326907.152752798516303 ] } },
{ "type": "Feature", "properties": { "site": "Swamp_Wet5 Haines", "habitat": "Swamp", "Ownership": "Private", "GPS_name": "Wet5 HAINES", "date": "13-JUN-16 12:15:09PM", "notes": "", "order_surveyed": 52, "NWI_classification": "Freshwater forested/shrub wetland", "Notes_NWI": "", "AREA": 0.004, "PERIMETER": 0.25, "ST": "NY", "QQNAME": "SHELDRAKE NE", "QKEY": "4241150763730", "QUADRANT": "NE", "APFONAME": "4207619", "GNIS": "42076f6", "DY": "42", "MY": "41", "SY": "15", "DX": "076", "MX": "37", "SX": "30", "OLAT": "424115", "OLONG": "0763730", "ArcKey": "4241150763730", "Band": "M4B", "USGSID": "4207619", "Qdrnt": "NE", "UTM": 18, "Res": 1, "SrcImgDate": "20171017", "VerDate": "20171207", "FileName": "m_4207619_ne_18_1_20171017.tif" }, "geometry": { "type": "Point", "coordinates": [ 1565472.410720358602703, 2348001.2772241323255 ] } },
{ "type": "Feature", "properties": { "site": "Swamp_Wet6 Jensen", "habitat": "Swamp", "Ownership": "Private", "GPS_name": "Wet6 JENSEN", "date": "27-JUN-16 1:05:06PM", "notes": "", "order_surveyed": 65, "NWI_classification": "Freshwater forested/shrub wetland", "Notes_NWI": "located close to this habitat but not in it", "AREA": 0.004, "PERIMETER": 0.25, "ST": "NY", "QQNAME": "STANLEY NW", "QKEY": "4248450770345", "QUADRANT": "NW", "APFONAME": "4207716", "GNIS": "42077g1", "DY": "42", "MY": "48", "SY": "45", "DX": "077", "MX": "03", "SX": "45", "OLAT": "424845", "OLONG": "0770345", "ArcKey": "4248450770345", "Band": "M4B", "USGSID": "4207716", "Qdrnt": "NW", "UTM": 18, "Res": 1, "SrcImgDate": "20171020", "VerDate": "20171207", "FileName": "m_4207716_nw_18_1_20171020.tif" }, "geometry": { "type": "Point", "coordinates": [ 1527575.229796567000449, 2357170.83791337814182 ] } },
{ "type": "Feature", "properties": { "site": "Treerow_1 Case", "habitat": "Treerow", "Ownership": "Private", "GPS_name": "Hedgerow1 Case", "date": "", "notes": "Thick shrubs, trees, and forbs. Lots of rocks and logs piled in. Dry, so many plants senesced already. Lots of goldenrod on edges. About 8 to 10 m wide, I measured 5 m wide from east side.50 m long. Did not leave flags but sw corner is start of shrubs north of small gap in treeline", "order_surveyed": 130, "NWI_classification": "", "Notes_NWI": "", "AREA": 0.004, "PERIMETER": 0.25, "ST": "NY", "QQNAME": "GENEVA SOUTH SE", "QKEY": "4245000765230", "QUADRANT": "SE", "APFONAME": "4207609", "GNIS": "42076g8", "DY": "42", "MY": "45", "SY": "00", "DX": "076", "MX": "52", "SX": "30", "OLAT": "424500", "OLONG": "0765230", "ArcKey": "4245000765230", "Band": "M4B", "USGSID": "4207609", "Qdrnt": "SE", "UTM": 18, "Res": 1, "SrcImgDate": "20171018", "VerDate": "20171207", "FileName": "m_4207609_se_18_1_20171018.tif" }, "geometry": { "type": "Point", "coordinates": [ 1544362.069689715979621, 2355360.290046870242804 ] } },
{ "type": "Feature", "properties": { "site": "Treerow_2 RJO rose", "habitat": "Treerow", "Ownership": "Private", "GPS_name": "Hedgerow2 RJO Rose", "date": "", "notes": "Hedgerow in between orchards. 9-10m wide. Lots of buckthorn and alder. Gulley in middle with few plants. Edges with lots of grass, not a ton of forbs but some panicled aster and tall gold. Left flags", "order_surveyed": 131, "NWI_classification": "", "Notes_NWI": "", "AREA": 0.004, "PERIMETER": 0.25, "ST": "NY", "QQNAME": "STANLEY SE", "QKEY": "4245000770000", "QUADRANT": "SE", "APFONAME": "4207716", "GNIS": "42077g1", "DY": "42", "MY": "45", "SY": "00", "DX": "077", "MX": "00", "SX": "00", "OLAT": "424500", "OLONG": "0770000", "ArcKey": "4245000770000", "Band": "M4B", "USGSID": "4207716", "Qdrnt": "SE", "UTM": 18, "Res": 1, "SrcImgDate": "20171018", "VerDate": "20171207", "FileName": "m_4207716_se_18_1_20171018.tif" }, "geometry": { "type": "Point", "coordinates": [ 1535160.292263893876225, 2351629.534076875075698 ] } },
{ "type": "Feature", "properties": { "site": "Treerow_3 Matton", "habitat": "Treerow", "Ownership": "Private", "GPS_name": "Hedgerow3 Mattoon", "date": "", "notes": "11-12m wide between alfalfa and corn. Thick on both sides, a little more open in middle. Conspicuously lots of bird-dispersed trees, like all the prunus spp. Lots of buckthorn and multiflora. Does not appear to be a remnant hedgerow, not many forest understory herbs. Lots of goldenrod on edges.", "order_surveyed": 132, "NWI_classification": "", "Notes_NWI": "", "AREA": 0.004, "PERIMETER": 0.25, "ST": "NY", "QQNAME": "MORAVIA SW", "QKEY": "4237300762615", "QUADRANT": "SW", "APFONAME": "4207621", "GNIS": "42076f4", "DY": "42", "MY": "37", "SY": "30", "DX": "076", "MX": "26", "SX": "15", "OLAT": "423730", "OLONG": "0762615", "ArcKey": "4237300762615", "Band": "M4B", "USGSID": "4207621", "Qdrnt": "SW", "UTM": 18, "Res": 1, "SrcImgDate": "20171017", "VerDate": "20171207", "FileName": "m_4207621_sw_18_1_20171017.tif" }, "geometry": { "type": "Point", "coordinates": [ 1580117.24294824921526, 2348927.49634893797338 ] } },
{ "type": "Feature", "properties": { "site": "Treerow_4 Dunlop", "habitat": "Treerow", "Ownership": "Cornell Botanic Gardens", "GPS_name": "Hedgerow4 Dunlop", "date": "", "notes": "5x50 plot", "order_surveyed": 135, "NWI_classification": "", "Notes_NWI": "", "AREA": 0.004, "PERIMETER": 0.25, "ST": "NY", "QQNAME": "ITHACA EAST SE", "QKEY": "4222300762230", "QUADRANT": "SE", "APFONAME": "4207637", "GNIS": "42076d4", "DY": "42", "MY": "22", "SY": "30", "DX": "076", "MX": "22", "SX": "30", "OLAT": "422230", "OLONG": "0762230", "ArcKey": "4222300762230", "Band": "M4B", "USGSID": "4207637", "Qdrnt": "SE", "UTM": 18, "Res": 1, "SrcImgDate": "20171004", "VerDate": "20171207", "FileName": "m_4207637_se_18_1_20171004.tif" }, "geometry": { "type": "Point", "coordinates": [ 1592254.100356013979763, 2318884.647652735468 ] } },
{ "type": "Feature", "properties": { "site": "Treerow_5 Pecher", "habitat": "Treerow", "Ownership": "Private", "GPS_name": "Hedgerow5 Pecher", "date": "", "notes": "5x50", "order_surveyed": 137, "NWI_classification": "", "Notes_NWI": "", "AREA": 0.004, "PERIMETER": 0.25, "ST": "NY", "QQNAME": "GENOA SW", "QKEY": "4237300763345", "QUADRANT": "SW", "APFONAME": "4207620", "GNIS": "42076f5", "DY": "42", "MY": "37", "SY": "30", "DX": "076", "MX": "33", "SX": "45", "OLAT": "423730", "OLONG": "0763345", "ArcKey": "4237300763345", "Band": "M4B", "USGSID": "4207620", "Qdrnt": "SW", "UTM": 18, "Res": 1, "SrcImgDate": "20171017", "VerDate": "20171207", "FileName": "m_4207620_sw_18_1_20171017.tif" }, "geometry": { "type": "Point", "coordinates": [ 1569865.576827894197777, 2346670.534213945735246 ] } },
{ "type": "Feature", "properties": { "site": "Veg_1 Church Creek Farms", "habitat": "Veg", "Ownership": "Private", "GPS_name": "Vegetable1 Church", "date": "Small vegetable farm, 100m transect plot crossed raspberries, mowed bean field, grass, and mixed vegetable plot. Lots of tall weeds except where mowed.", "notes": "", "order_surveyed": 113, "NWI_classification": "", "Notes_NWI": "", "AREA": 0.004, "PERIMETER": 0.25, "ST": "NY", "QQNAME": "BURDETT SW", "QKEY": "4222300764845", "QUADRANT": "SW", "APFONAME": "4207634", "GNIS": "42076d7", "DY": "42", "MY": "22", "SY": "30", "DX": "076", "MX": "48", "SX": "45", "OLAT": "422230", "OLONG": "0764845", "ArcKey": "4222300764845", "Band": "M4B", "USGSID": "4207634", "Qdrnt": "SW", "UTM": 18, "Res": 1, "SrcImgDate": "20171018", "VerDate": "20171207", "FileName": "m_4207634_sw_18_1_20171018.tif" }, "geometry": { "type": "Point", "coordinates": [ 1556033.165260057430714, 2314846.543960204347968 ] } },
{ "type": "Feature", "properties": { "site": "Veg_2 Plowbreak", "habitat": "Veg", "Ownership": "Private", "GPS_name": "Vegetable2 Plowbreak", "date": "", "notes": "Transect went across several crops. Large squash fields, only small parch of recently plowed ground. 15m of grass path. Farm has 5 acres in production but 20 total", "order_surveyed": 114, "NWI_classification": "", "Notes_NWI": "", "AREA": 0.004, "PERIMETER": 0.25, "ST": "NY", "QQNAME": "BURDETT NW", "QKEY": "4226150764845", "QUADRANT": "NW", "APFONAME": "4207634", "GNIS": "42076d7", "DY": "42", "MY": "26", "SY": "15", "DX": "076", "MX": "48", "SX": "45", "OLAT": "422615", "OLONG": "0764845", "ArcKey": "4226150764845", "Band": "M4B", "USGSID": "4207634", "Qdrnt": "NW", "UTM": 18, "Res": 1, "SrcImgDate": "20171018", "VerDate": "20171207", "FileName": "m_4207634_nw_18_1_20171018.tif" }, "geometry": { "type": "Point", "coordinates": [ 1555516.847316994331777, 2318774.682460375595838 ] } },
{ "type": "Feature", "properties": { "site": "Veg_3 Silverqueen", "habitat": "Veg", "Ownership": "Private", "GPS_name": "Vegetable3 Silverqueen", "date": "", "notes": "", "order_surveyed": 117, "NWI_classification": "", "Notes_NWI": "", "AREA": 0.004, "PERIMETER": 0.25, "ST": "NY", "QQNAME": "MECKLENBURG NW", "QKEY": "4226150764115", "QUADRANT": "NW", "APFONAME": "4207635", "GNIS": "42076d6", "DY": "42", "MY": "26", "SY": "15", "DX": "076", "MX": "41", "SX": "15", "OLAT": "422615", "OLONG": "0764115", "ArcKey": "4226150764115", "Band": "M4B", "USGSID": "4207635", "Qdrnt": "NW", "UTM": 18, "Res": 1, "SrcImgDate": "20171018", "VerDate": "20171207", "FileName": "m_4207635_nw_18_1_20171018.tif" }, "geometry": { "type": "Point", "coordinates": [ 1563611.948323288466781, 2324790.980963656678796 ] } },
{ "type": "Feature", "properties": { "site": "Veg_4 Blueheron", "habitat": "Veg", "Ownership": "Private", "GPS_name": "Vegetable4 Blueheron", "date": "", "notes": "Well maintained farm, very few weeds in crops. Most of diversity comes from grass strips in between crops. About fifty percent of area is crop and rest grass strips. Strips mowed low, 6-8\". Plot runs100m straight east-west, with origin on east side. Organic.", "order_surveyed": 119, "NWI_classification": "", "Notes_NWI": "", "AREA": 0.004, "PERIMETER": 0.25, "ST": "NY", "QQNAME": "LODI NW", "QKEY": "4233450764845", "QUADRANT": "NW", "APFONAME": "4207626", "GNIS": "42076e7", "DY": "42", "MY": "33", "SY": "45", "DX": "076", "MX": "48", "SX": "45", "OLAT": "423345", "OLONG": "0764845", "ArcKey": "4233450764845", "Band": "M4B", "USGSID": "4207626", "Qdrnt": "NW", "UTM": 18, "Res": 1, "SrcImgDate": "20171018", "VerDate": "20171207", "FileName": "m_4207626_nw_18_1_20171018.tif" }, "geometry": { "type": "Point", "coordinates": [ 1550575.087095621973276, 2335121.797984264325351 ] } },
{ "type": "Feature", "properties": { "site": "Veg_5 West Haven", "habitat": "Veg", "Ownership": "Private", "GPS_name": "Vegetable5 West Haven", "date": "", "notes": "", "order_surveyed": 129, "NWI_classification": "", "Notes_NWI": "", "AREA": 0.004, "PERIMETER": 0.25, "ST": "NY", "QQNAME": "ITHACA WEST NE", "QKEY": "4226150763000", "QUADRANT": "NE", "APFONAME": "4207636", "GNIS": "42076d5", "DY": "42", "MY": "26", "SY": "15", "DX": "076", "MX": "30", "SX": "00", "OLAT": "422615", "OLONG": "0763000", "ArcKey": "4226150763000", "Band": "M4B", "USGSID": "4207636", "Qdrnt": "NE", "UTM": 18, "Res": 1, "SrcImgDate": "20171017", "VerDate": "20171207", "FileName": "m_4207636_ne_18_1_20171017.tif" }, "geometry": { "type": "Point", "coordinates": [ 1579927.547343829413876, 2322951.726836979854852 ] } },
{ "type": "Feature", "properties": { "site": "WinterFallow_Ag1 Mattoon", "habitat": "WinterFallow", "Ownership": "Private", "GPS_name": "Ag1_Mattoon_corn_aprx", "date": " ", "notes": "", "order_surveyed": 2, "NWI_classification": "", "Notes_NWI": "", "AREA": 0.004, "PERIMETER": 0.25, "ST": "NY", "QQNAME": "MORAVIA SW", "QKEY": "4237300762615", "QUADRANT": "SW", "APFONAME": "4207621", "GNIS": "42076f4", "DY": "42", "MY": "37", "SY": "30", "DX": "076", "MX": "26", "SX": "15", "OLAT": "423730", "OLONG": "0762615", "ArcKey": "4237300762615", "Band": "M4B", "USGSID": "4207621", "Qdrnt": "SW", "UTM": 18, "Res": 1, "SrcImgDate": "20171017", "VerDate": "20171207", "FileName": "m_4207621_sw_18_1_20171017.tif" }, "geometry": { "type": "Point", "coordinates": [ 1578561.854615741409361, 2348655.288555468898267 ] } },
{ "type": "Feature", "properties": { "site": "WinterFallow_Ag10 Case", "habitat": "WinterFallow", "Ownership": "Private", "GPS_name": "Ag10_Case_corn_aprx", "date": " ", "notes": "", "order_surveyed": 11, "NWI_classification": "", "Notes_NWI": "", "AREA": 0.004, "PERIMETER": 0.25, "ST": "NY", "QQNAME": "ROMULUS SW", "QKEY": "4245000764845", "QUADRANT": "SW", "APFONAME": "4207610", "GNIS": "42076g7", "DY": "42", "MY": "45", "SY": "00", "DX": "076", "MX": "48", "SX": "45", "OLAT": "424500", "OLONG": "0764845", "ArcKey": "4245000764845", "Band": "M4B", "USGSID": "4207610", "Qdrnt": "SW", "UTM": 18, "Res": 1, "SrcImgDate": "20171018", "VerDate": "20171207", "FileName": "m_4207610_sw_18_1_20171018.tif" }, "geometry": { "type": "Point", "coordinates": [ 1545236.313827387755737, 2355478.954054872039706 ] } },
{ "type": "Feature", "properties": { "site": "WinterFallow_Ag11 Jones", "habitat": "WinterFallow", "Ownership": "Private", "GPS_name": "Ag11 Jones_corn", "date": "13-MAY-16 3:03:52PM", "notes": "", "order_surveyed": 12, "NWI_classification": "", "Notes_NWI": "", "AREA": 0.004, "PERIMETER": 0.25, "ST": "NY", "QQNAME": "LODI NE", "QKEY": "4233450764500", "QUADRANT": "NE", "APFONAME": "4207626", "GNIS": "42076e7", "DY": "42", "MY": "33", "SY": "45", "DX": "076", "MX": "45", "SX": "00", "OLAT": "423345", "OLONG": "0764500", "ArcKey": "4233450764500", "Band": "M4B", "USGSID": "4207626", "Qdrnt": "NE", "UTM": 18, "Res": 1, "SrcImgDate": "20171018", "VerDate": "20171207", "FileName": "m_4207626_ne_18_1_20171018.tif" }, "geometry": { "type": "Point", "coordinates": [ 1557796.202037212904543, 2338157.534571317024529 ] } },
{ "type": "Feature", "properties": { "site": "WinterFallow_Ag12 Cuddleback", "habitat": "WinterFallow", "Ownership": "Private", "GPS_name": "Ag12 Cuddeback_corn", "date": "16-MAY-16 1:55:36PM", "notes": "", "order_surveyed": 13, "NWI_classification": "", "Notes_NWI": "", "AREA": 0.004, "PERIMETER": 0.25, "ST": "NY", "QQNAME": "OWASCO NE", "QKEY": "4248450762230", "QUADRANT": "NE", "APFONAME": "4207613", "GNIS": "42076g4", "DY": "42", "MY": "48", "SY": "45", "DX": "076", "MX": "22", "SX": "30", "OLAT": "424845", "OLONG": "0762230", "ArcKey": "4248450762230", "Band": "M4B", "USGSID": "4207613", "Qdrnt": "NE", "UTM": 18, "Res": 1, "SrcImgDate": "20171017", "VerDate": "20171207", "FileName": "m_4207613_ne_18_1_20171017.tif" }, "geometry": { "type": "Point", "coordinates": [ 1579710.375729801598936, 2369188.685215782839805 ] } },
{ "type": "Feature", "properties": { "site": "WinterFallow_Ag14 Smith", "habitat": "WinterFallow", "Ownership": "Private", "GPS_name": "Ag14 Smith_corn", "date": "17-MAY-16 12:12:40PM", "notes": "", "order_surveyed": 15, "NWI_classification": "", "Notes_NWI": "", "AREA": 0.004, "PERIMETER": 0.25, "ST": "NY", "QQNAME": "LYONS SW", "QKEY": "4300000765615", "QUADRANT": "SW", "APFONAME": "4307657", "GNIS": "43076a8", "DY": "43", "MY": "00", "SY": "00", "DX": "076", "MX": "56", "SX": "15", "OLAT": "430000", "OLONG": "0765615", "ArcKey": "4300000765615", "Band": "M4B", "USGSID": "4307657", "Qdrnt": "SW", "UTM": 18, "Res": 1, "SrcImgDate": "20170927", "VerDate": "20171207", "FileName": "m_4307657_sw_18_1_20170927.tif" }, "geometry": { "type": "Point", "coordinates": [ 1534940.755307127721608, 2379009.065204427577555 ] } },
{ "type": "Feature", "properties": { "site": "WinterFallow_Ag2 Mt. Pleasant", "habitat": "WinterFallow", "Ownership": "Cornell Botanic Gardens", "GPS_name": "Ag2_MtPleasant_wheatstub_aprx", "date": " ", "notes": "", "order_surveyed": 3, "NWI_classification": "", "Notes_NWI": "", "AREA": 0.004, "PERIMETER": 0.25, "ST": "NY", "QQNAME": "ITHACA EAST NE", "QKEY": "4226150762230", "QUADRANT": "NE", "APFONAME": "4207637", "GNIS": "42076d4", "DY": "42", "MY": "26", "SY": "15", "DX": "076", "MX": "22", "SX": "30", "OLAT": "422615", "OLONG": "0762230", "ArcKey": "4226150762230", "Band": "M4B", "USGSID": "4207637", "Qdrnt": "NE", "UTM": 18, "Res": 1, "SrcImgDate": "20171017", "VerDate": "20171207", "FileName": "m_4207637_ne_18_1_20171017.tif" }, "geometry": { "type": "Point", "coordinates": [ 1591571.998338978271931, 2326967.807908703573048 ] } },
{ "type": "Feature", "properties": { "site": "WinterFallow_Ag3 Mekeel", "habitat": "WinterFallow", "Ownership": "Private", "GPS_name": "Ag3_Mekeel_corn_aprx", "date": " ", "notes": "", "order_surveyed": 4, "NWI_classification": "", "Notes_NWI": "", "AREA": 0.004, "PERIMETER": 0.25, "ST": "NY", "QQNAME": "TRUMANSBURG SE", "QKEY": "4230000763730", "QUADRANT": "SE", "APFONAME": "4207627", "GNIS": "42076e6", "DY": "42", "MY": "30", "SY": "00", "DX": "076", "MX": "37", "SX": "30", "OLAT": "423000", "OLONG": "0763730", "ArcKey": "4230000763730", "Band": "M4B", "USGSID": "4207627", "Qdrnt": "SE", "UTM": 18, "Res": 1, "SrcImgDate": "20171017", "VerDate": "20171207", "FileName": "m_4207627_se_18_1_20171017.tif" }, "geometry": { "type": "Point", "coordinates": [ 1570769.925662548746914, 2327619.622257495764643 ] } },
{ "type": "Feature", "properties": { "site": "WinterFallow_Ag4 Carpenter", "habitat": "WinterFallow", "Ownership": "Private", "GPS_name": "Ag4_Carpenter_Soy_aprx", "date": " ", "notes": "", "order_surveyed": 5, "NWI_classification": "", "Notes_NWI": "", "AREA": 0.004, "PERIMETER": 0.25, "ST": "NY", "QQNAME": "DRYDEN NW", "QKEY": "4226150761845", "QUADRANT": "NW", "APFONAME": "4207638", "GNIS": "42076d3", "DY": "42", "MY": "26", "SY": "15", "DX": "076", "MX": "18", "SX": "45", "OLAT": "422615", "OLONG": "0761845", "ArcKey": "4226150761845", "Band": "M4B", "USGSID": "4207638", "Qdrnt": "NW", "UTM": 18, "Res": 1, "SrcImgDate": "20170925", "VerDate": "20171207", "FileName": "m_4207638_nw_18_1_20170925.tif" }, "geometry": { "type": "Point", "coordinates": [ 1595981.569289124337956, 2330654.484191856347024 ] } },
{ "type": "Feature", "properties": { "site": "WinterFallow_Ag5 Witmer", "habitat": "WinterFallow", "Ownership": "Private", "GPS_name": "Ag5_Witmer_Soy_aprx", "date": " ", "notes": "", "order_surveyed": 6, "NWI_classification": "", "Notes_NWI": "", "AREA": 0.004, "PERIMETER": 0.25, "ST": "NY", "QQNAME": "SKANEATELES SW", "QKEY": "4252300762615", "QUADRANT": "SW", "APFONAME": "4207605", "GNIS": "42076h4", "DY": "42", "MY": "52", "SY": "30", "DX": "076", "MX": "26", "SX": "15", "OLAT": "425230", "OLONG": "0762615", "ArcKey": "4252300762615", "Band": "M4B", "USGSID": "4207605", "Qdrnt": "SW", "UTM": 18, "Res": 1, "SrcImgDate": "20171017", "VerDate": "20171207", "FileName": "m_4207605_sw_18_1_20171017.tif" }, "geometry": { "type": "Point", "coordinates": [ 1573130.727988372556865, 2375471.824520802125335 ] } },
{ "type": "Feature", "properties": { "site": "WinterFallow_Ag7 Musgrave", "habitat": "WinterFallow", "Ownership": "Cornell Farm", "GPS_name": "Ag7_Musgrave_Soy_aprx", "date": " ", "notes": "", "order_surveyed": 8, "NWI_classification": "", "Notes_NWI": "", "AREA": 0.004, "PERIMETER": 0.25, "ST": "NY", "QQNAME": "SHELDRAKE NE", "QKEY": "4241150763730", "QUADRANT": "NE", "APFONAME": "4207619", "GNIS": "42076f6", "DY": "42", "MY": "41", "SY": "15", "DX": "076", "MX": "37", "SX": "30", "OLAT": "424115", "OLONG": "0763730", "ArcKey": "4241150763730", "Band": "M4B", "USGSID": "4207619", "Qdrnt": "NE", "UTM": 18, "Res": 1, "SrcImgDate": "20171017", "VerDate": "20171207", "FileName": "m_4207619_ne_18_1_20171017.tif" }, "geometry": { "type": "Point", "coordinates": [ 1563263.74906534072943, 2351337.576882499270141 ] } },
{ "type": "Feature", "properties": { "site": "WinterFallow_Ag8 Freier", "habitat": "WinterFallow", "Ownership": "Private", "GPS_name": "Ag8_Freier_soy_aprx", "date": " ", "notes": "", "order_surveyed": 9, "NWI_classification": "", "Notes_NWI": "", "AREA": 0.004, "PERIMETER": 0.25, "ST": "NY", "QQNAME": "GENEVA SOUTH NE", "QKEY": "4248450765230", "QUADRANT": "NE", "APFONAME": "4207609", "GNIS": "42076g8", "DY": "42", "MY": "48", "SY": "45", "DX": "076", "MX": "52", "SX": "30", "OLAT": "424845", "OLONG": "0765230", "ArcKey": "4248450765230", "Band": "M4B", "USGSID": "4207609", "Qdrnt": "NE", "UTM": 18, "Res": 1, "SrcImgDate": "20171018", "VerDate": "20171207", "FileName": "m_4207609_ne_18_1_20171018.tif" }, "geometry": { "type": "Point", "coordinates": [ 1540647.708825299050659, 2362126.108185573015362 ] } }
]
}
